"comparison_method","instance_name","instance_nusers","instance_alpha","instance_length_constrained","instance_parameter_seed","model_big_m_mode","Solver","param_warmstart","param_branching_rule","Opt_status","Opt","gap","runtime","BNodes","BlCuts","BlCLagCuts","SepaTime","SepaTimeCut","experiment_id","branching_rule","enable_output_logs","instance_availability_budget_count","instance_availability_budget_fraction","instance_base_topology_family","instance_beta","instance_competition_graph_style","instance_competitor_cost_factor","instance_construction_cost","instance_construction_cost_max","instance_construction_cost_min","instance_decision_arcs","instance_instance_type","instance_layered_instance","instance_length_slack","instance_max_cost","instance_max_risk","instance_max_weight","instance_narcs","instance_nnodes","instance_od_pair_mode","instance_topology_family","instance_user_parameter_mode","model_master_variable_count","model_model_type","model_name","model_subproblem_binary_linking_variable_count_total","model_subproblem_first_level_variable_count_total","model_subproblem_method","model_subproblem_second_level_variable_count_total","model_write_solver_instance_files","NSub","parallel_separation","param_mip_solver","param_name","param_parallel_separation","param_print_collected_cuts","param_runtime","param_seed","param_threads_master","param_threads_sub_con","runtime_preprocessingGBC","source_summary","threads_master_used","threads_sub_con_used","time_limit"
"BlC_n_minus_one","sioux_fixed_order_heuristics_layered_sioux_falls_U100_S2_len_LS0.01_CCF1.0_B1.0_shared","100","0.01","true","2","n_minus_one_most_expensive","BlCSolver","true","fixed_linking_order","Optimal","-17622.0","0.0","196.17599987983704","170086","2100",,"12.681445799999999",,"sioux_fixed_order_heuristics_lay__blc_n_minus_one_fixe__gurobi_10min_fixed_o__d581f26be7be","fixed_linking_order","true","76","1.0","sioux_falls","1.0","two_layer","1.0","0","0","0","76","competition","true","0.01","100","100","100","200","48","sampled","layered_sioux_falls","shared","20401","blc","blc_n_minus_one_fixed_order","7600","7600","mip","20000","false","100","false","Gurobi","gurobi_10min_fixed_order_seq8","false","true","600.0","42","8","8",,"benchmark_run\runs\fixed_order_heuristics_gurobi1301_20260821_205724\blc\results\batch_summary.csv","8","8","600.0"
"BlC_n_minus_one","sioux_fixed_order_heuristics_layered_sioux_falls_U100_S2_len_LS0.01_CCF1.0_B1.0_shared","100","0.01","true","2","fixed_network_path","BlCSolver","true","fixed_linking_order","Optimal","-17622.0","0.0","145.73099994659424","111954","2300",,"11.8756469",,"sioux_fixed_order_heuristics_lay__blc_fixed_path_fixed__gurobi_10min_fixed_o__85469d45c66c","fixed_linking_order","true","76","1.0","sioux_falls","1.0","two_layer","1.0","0","0","0","76","competition","true","0.01","100","100","100","200","48","sampled","layered_sioux_falls","shared","20401","blc","blc_fixed_path_fixed_order","7600","7600","mip","20000","false","100","false","Gurobi","gurobi_10min_fixed_order_seq8","false","true","600.0","42","8","8",,"benchmark_run\runs\fixed_order_heuristics_gurobi1301_20260821_205724\blc\results\batch_summary.csv","8","8","600.0"
"BlC_n_minus_one","sioux_fixed_order_heuristics_layered_sioux_falls_U100_S2_len_LS0.01_CCF1.0_B1.0_shared","100","0.01","true","2","fixed_network_path_current_cost","BlCSolver","true","fixed_linking_order","Optimal","-17622.0","0.0","159.84800004959106","155687","2200",,"10.9509217",,"sioux_fixed_order_heuristics_lay__blc_fixed_path_curre__gurobi_10min_fixed_o__188d386c8bf0","fixed_linking_order","true","76","1.0","sioux_falls","1.0","two_layer","1.0","0","0","0","76","competition","true","0.01","100","100","100","200","48","sampled","layered_sioux_falls","shared","20401","blc","blc_fixed_path_current_cost_fixed_order","7600","7600","mip","20000","false","100","false","Gurobi","gurobi_10min_fixed_order_seq8","false","true","600.0","42","8","8",,"benchmark_run\runs\fixed_order_heuristics_gurobi1301_20260821_205724\blc\results\batch_summary.csv","8","8","600.0"
"BlC_n_minus_one","sioux_fixed_order_heuristics_layered_sioux_falls_U100_S2_len_LS0.05_CCF1.0_B1.0_shared","100","0.05","true","2","n_minus_one_most_expensive","BlCSolver","true","fixed_linking_order","Optimal","-19070.0","0.0","49.48799991607666","6474","1200",,"5.5296177",,"sioux_fixed_order_heuristics_lay__blc_n_minus_one_fixe__gurobi_10min_fixed_o__e5595cf49bdf","fixed_linking_order","true","76","1.0","sioux_falls","1.0","two_layer","1.0","0","0","0","76","competition","true","0.05","100","100","100","200","48","sampled","layered_sioux_falls","shared","20401","blc","blc_n_minus_one_fixed_order","7600","7600","mip","20000","false","100","false","Gurobi","gurobi_10min_fixed_order_seq8","false","true","600.0","42","8","8",,"benchmark_run\runs\fixed_order_heuristics_gurobi1301_20260821_205724\blc\results\batch_summary.csv","8","8","600.0"
"BlC_n_minus_one","sioux_fixed_order_heuristics_layered_sioux_falls_U100_S2_len_LS0.05_CCF1.0_B1.0_shared","100","0.05","true","2","fixed_network_path","BlCSolver","true","fixed_linking_order","Optimal","-19070.000008999752","9.824641241573355e-14","64.10599994659424","17577","1600",,"7.3205457",,"sioux_fixed_order_heuristics_lay__blc_fixed_path_fixed__gurobi_10min_fixed_o__1a0e172ed6e5","fixed_linking_order","true","76","1.0","sioux_falls","1.0","two_layer","1.0","0","0","0","76","competition","true","0.05","100","100","100","200","48","sampled","layered_sioux_falls","shared","20401","blc","blc_fixed_path_fixed_order","7600","7600","mip","20000","false","100","false","Gurobi","gurobi_10min_fixed_order_seq8","false","true","600.0","42","8","8",,"benchmark_run\runs\fixed_order_heuristics_gurobi1301_20260821_205724\blc\results\batch_summary.csv","8","8","600.0"
"BlC_n_minus_one","sioux_fixed_order_heuristics_layered_sioux_falls_U100_S2_len_LS0.05_CCF1.0_B1.0_shared","100","0.05","true","2","fixed_network_path_current_cost","BlCSolver","true","fixed_linking_order","Optimal","-19070.0","0.0","44.407999992370605","15717","2300",,"10.261977600000003",,"sioux_fixed_order_heuristics_lay__blc_fixed_path_curre__gurobi_10min_fixed_o__c15659ff06ce","fixed_linking_order","true","76","1.0","sioux_falls","1.0","two_layer","1.0","0","0","0","76","competition","true","0.05","100","100","100","200","48","sampled","layered_sioux_falls","shared","20401","blc","blc_fixed_path_current_cost_fixed_order","7600","7600","mip","20000","false","100","false","Gurobi","gurobi_10min_fixed_order_seq8","false","true","600.0","42","8","8",,"benchmark_run\runs\fixed_order_heuristics_gurobi1301_20260821_205724\blc\results\batch_summary.csv","8","8","600.0"
"BlC_n_minus_one","sioux_fixed_order_heuristics_layered_sioux_falls_U100_S2_len_LS0.1_CCF1.0_B1.0_shared","100","0.1","true","2","n_minus_one_most_expensive","BlCSolver","true","fixed_linking_order","Optimal","-19070.0","0.0","71.22499990463257","41549","1700",,"8.113655300000001",,"sioux_fixed_order_heuristics_lay__blc_n_minus_one_fixe__gurobi_10min_fixed_o__e1602ff659e4","fixed_linking_order","true","76","1.0","sioux_falls","1.0","two_layer","1.0","0","0","0","76","competition","true","0.1","100","100","100","200","48","sampled","layered_sioux_falls","shared","20401","blc","blc_n_minus_one_fixed_order","7600","7600","mip","20000","false","100","false","Gurobi","gurobi_10min_fixed_order_seq8","false","true","600.0","42","8","8",,"benchmark_run\runs\fixed_order_heuristics_gurobi1301_20260821_205724\blc\results\batch_summary.csv","8","8","600.0"
"BlC_n_minus_one","sioux_fixed_order_heuristics_layered_sioux_falls_U100_S2_len_LS0.1_CCF1.0_B1.0_shared","100","0.1","true","2","fixed_network_path","BlCSolver","true","fixed_linking_order","Optimal","-19070.0","0.0","97.06500005722046","48819","2200",,"10.661151900000002",,"sioux_fixed_order_heuristics_lay__blc_fixed_path_fixed__gurobi_10min_fixed_o__12dca372d985","fixed_linking_order","true","76","1.0","sioux_falls","1.0","two_layer","1.0","0","0","0","76","competition","true","0.1","100","100","100","200","48","sampled","layered_sioux_falls","shared","20401","blc","blc_fixed_path_fixed_order","7600","7600","mip","20000","false","100","false","Gurobi","gurobi_10min_fixed_order_seq8","false","true","600.0","42","8","8",,"benchmark_run\runs\fixed_order_heuristics_gurobi1301_20260821_205724\blc\results\batch_summary.csv","8","8","600.0"
"BlC_n_minus_one","sioux_fixed_order_heuristics_layered_sioux_falls_U100_S2_len_LS0.1_CCF1.0_B1.0_shared","100","0.1","true","2","fixed_network_path_current_cost","BlCSolver","true","fixed_linking_order","Optimal","-19070.0","0.0","43.444000005722046","10787","1600",,"8.1562732",,"sioux_fixed_order_heuristics_lay__blc_fixed_path_curre__gurobi_10min_fixed_o__b11be105fb20","fixed_linking_order","true","76","1.0","sioux_falls","1.0","two_layer","1.0","0","0","0","76","competition","true","0.1","100","100","100","200","48","sampled","layered_sioux_falls","shared","20401","blc","blc_fixed_path_current_cost_fixed_order","7600","7600","mip","20000","false","100","false","Gurobi","gurobi_10min_fixed_order_seq8","false","true","600.0","42","8","8",,"benchmark_run\runs\fixed_order_heuristics_gurobi1301_20260821_205724\blc\results\batch_summary.csv","8","8","600.0"
"BlC_n_minus_one","sioux_fixed_order_heuristics_layered_sioux_falls_U100_S2_nolen_LS0.01_CCF1.0_B1.0_shared","100","","false","2","n_minus_one_most_expensive","BlCSolver","true","fixed_linking_order","Optimal","-19070.0","0.0","53.09599995613098","16659","1500",,"7.279682300000001",,"sioux_fixed_order_heuristics_lay__blc_n_minus_one_fixe__gurobi_10min_fixed_o__eb91d3d834fb","fixed_linking_order","true","76","1.0","sioux_falls","1.0","two_layer","1.0","0","0","0","76","competition","true","","100","100","100","200","48","sampled","layered_sioux_falls","shared","20401","blc","blc_n_minus_one_fixed_order","7600","7600","mip","20000","false","100","false","Gurobi","gurobi_10min_fixed_order_seq8","false","true","600.0","42","8","8",,"benchmark_run\runs\fixed_order_heuristics_gurobi1301_20260821_205724\blc\results\batch_summary.csv","8","8","600.0"
"BlC_n_minus_one","sioux_fixed_order_heuristics_layered_sioux_falls_U100_S2_nolen_LS0.01_CCF1.0_B1.0_shared","100","","false","2","fixed_network_path","BlCSolver","true","fixed_linking_order","Optimal","-19070.0","0.0","72.27699995040894","28459","1400",,"6.2361595",,"sioux_fixed_order_heuristics_lay__blc_fixed_path_fixed__gurobi_10min_fixed_o__d1d8f1ad8033","fixed_linking_order","true","76","1.0","sioux_falls","1.0","two_layer","1.0","0","0","0","76","competition","true","","100","100","100","200","48","sampled","layered_sioux_falls","shared","20401","blc","blc_fixed_path_fixed_order","7600","7600","mip","20000","false","100","false","Gurobi","gurobi_10min_fixed_order_seq8","false","true","600.0","42","8","8",,"benchmark_run\runs\fixed_order_heuristics_gurobi1301_20260821_205724\blc\results\batch_summary.csv","8","8","600.0"
"BlC_n_minus_one","sioux_fixed_order_heuristics_layered_sioux_falls_U100_S2_nolen_LS0.01_CCF1.0_B1.0_shared","100","","false","2","fixed_network_path_current_cost","BlCSolver","true","fixed_linking_order","Optimal","-19070.0","0.0","43.27799987792969","8881","2600",,"11.745613800000001",,"sioux_fixed_order_heuristics_lay__blc_fixed_path_curre__gurobi_10min_fixed_o__738c58558dc9","fixed_linking_order","true","76","1.0","sioux_falls","1.0","two_layer","1.0","0","0","0","76","competition","true","","100","100","100","200","48","sampled","layered_sioux_falls","shared","20401","blc","blc_fixed_path_current_cost_fixed_order","7600","7600","mip","20000","false","100","false","Gurobi","gurobi_10min_fixed_order_seq8","false","true","600.0","42","8","8",,"benchmark_run\runs\fixed_order_heuristics_gurobi1301_20260821_205724\blc\results\batch_summary.csv","8","8","600.0"
"BlC_n_minus_one","sioux_fixed_order_heuristics_layered_sioux_falls_U100_S3_len_LS0.01_CCF1.0_B1.0_shared","100","0.01","true","3","n_minus_one_most_expensive","BlCSolver","true","fixed_linking_order","Optimal","-16907.0","0.0","436.18299984931946","422123","2100",,"11.5607832",,"sioux_fixed_order_heuristics_lay__blc_n_minus_one_fixe__gurobi_10min_fixed_o__3dfa496aac56","fixed_linking_order","true","76","1.0","sioux_falls","1.0","two_layer","1.0","0","0","0","76","competition","true","0.01","100","100","100","200","48","sampled","layered_sioux_falls","shared","20401","blc","blc_n_minus_one_fixed_order","7600","7600","mip","20000","false","100","false","Gurobi","gurobi_10min_fixed_order_seq8","false","true","600.0","42","8","8",,"benchmark_run\runs\fixed_order_heuristics_gurobi1301_20260821_205724\blc\results\batch_summary.csv","8","8","600.0"
"BlC_n_minus_one","sioux_fixed_order_heuristics_layered_sioux_falls_U100_S3_len_LS0.01_CCF1.0_B1.0_shared","100","0.01","true","3","fixed_network_path","BlCSolver","true","fixed_linking_order","Optimal","-16907.0","0.0","315.18099999427795","244159","1800",,"12.120341499999999",,"sioux_fixed_order_heuristics_lay__blc_fixed_path_fixed__gurobi_10min_fixed_o__a2eb7118b6c4","fixed_linking_order","true","76","1.0","sioux_falls","1.0","two_layer","1.0","0","0","0","76","competition","true","0.01","100","100","100","200","48","sampled","layered_sioux_falls","shared","20401","blc","blc_fixed_path_fixed_order","7600","7600","mip","20000","false","100","false","Gurobi","gurobi_10min_fixed_order_seq8","false","true","600.0","42","8","8",,"benchmark_run\runs\fixed_order_heuristics_gurobi1301_20260821_205724\blc\results\batch_summary.csv","8","8","600.0"
"BlC_n_minus_one","sioux_fixed_order_heuristics_layered_sioux_falls_U100_S3_len_LS0.01_CCF1.0_B1.0_shared","100","0.01","true","3","fixed_network_path_current_cost","BlCSolver","true","fixed_linking_order","Optimal","-16907.0","0.0","340.9279999732971","294173","2300",,"13.805450200000003",,"sioux_fixed_order_heuristics_lay__blc_fixed_path_curre__gurobi_10min_fixed_o__8e33aaebc9e6","fixed_linking_order","true","76","1.0","sioux_falls","1.0","two_layer","1.0","0","0","0","76","competition","true","0.01","100","100","100","200","48","sampled","layered_sioux_falls","shared","20401","blc","blc_fixed_path_current_cost_fixed_order","7600","7600","mip","20000","false","100","false","Gurobi","gurobi_10min_fixed_order_seq8","false","true","600.0","42","8","8",,"benchmark_run\runs\fixed_order_heuristics_gurobi1301_20260821_205724\blc\results\batch_summary.csv","8","8","600.0"
"BlC_n_minus_one","sioux_fixed_order_heuristics_layered_sioux_falls_U100_S3_len_LS0.05_CCF1.0_B1.0_shared","100","0.05","true","3","n_minus_one_most_expensive","BlCSolver","true","fixed_linking_order","Optimal","-20513.0","0.0","268.393000125885","367247","2900",,"15.1334997",,"sioux_fixed_order_heuristics_lay__blc_n_minus_one_fixe__gurobi_10min_fixed_o__9e5a94b703e9","fixed_linking_order","true","76","1.0","sioux_falls","1.0","two_layer","1.0","0","0","0","76","competition","true","0.05","100","100","100","200","48","sampled","layered_sioux_falls","shared","20401","blc","blc_n_minus_one_fixed_order","7600","7600","mip","20000","false","100","false","Gurobi","gurobi_10min_fixed_order_seq8","false","true","600.0","42","8","8",,"benchmark_run\runs\fixed_order_heuristics_gurobi1301_20260821_205724\blc\results\batch_summary.csv","8","8","600.0"
"BlC_n_minus_one","sioux_fixed_order_heuristics_layered_sioux_falls_U100_S3_len_LS0.05_CCF1.0_B1.0_shared","100","0.05","true","3","fixed_network_path","BlCSolver","true","fixed_linking_order","Optimal","-20513.0","0.0","471.5649998188019","283766","2600",,"12.323646",,"sioux_fixed_order_heuristics_lay__blc_fixed_path_fixed__gurobi_10min_fixed_o__3dd6fa453263","fixed_linking_order","true","76","1.0","sioux_falls","1.0","two_layer","1.0","0","0","0","76","competition","true","0.05","100","100","100","200","48","sampled","layered_sioux_falls","shared","20401","blc","blc_fixed_path_fixed_order","7600","7600","mip","20000","false","100","false","Gurobi","gurobi_10min_fixed_order_seq8","false","true","600.0","42","8","8",,"benchmark_run\runs\fixed_order_heuristics_gurobi1301_20260821_205724\blc\results\batch_summary.csv","8","8","600.0"
"BlC_n_minus_one","sioux_fixed_order_heuristics_layered_sioux_falls_U100_S3_len_LS0.05_CCF1.0_B1.0_shared","100","0.05","true","3","fixed_network_path_current_cost","BlCSolver","true","fixed_linking_order","Timelimit","-20513.0","0.015404865207429435","600.1099998950958","428076","1700",,"9.621580999999999",,"sioux_fixed_order_heuristics_lay__blc_fixed_path_curre__gurobi_10min_fixed_o__67aed89ddaa6","fixed_linking_order","true","76","1.0","sioux_falls","1.0","two_layer","1.0","0","0","0","76","competition","true","0.05","100","100","100","200","48","sampled","layered_sioux_falls","shared","20401","blc","blc_fixed_path_current_cost_fixed_order","7600","7600","mip","20000","false","100","false","Gurobi","gurobi_10min_fixed_order_seq8","false","true","600.0","42","8","8",,"benchmark_run\runs\fixed_order_heuristics_gurobi1301_20260821_205724\blc\results\batch_summary.csv","8","8","600.0"
"BlC_n_minus_one","sioux_fixed_order_heuristics_layered_sioux_falls_U100_S3_len_LS0.1_CCF1.0_B1.0_shared","100","0.1","true","3","n_minus_one_most_expensive","BlCSolver","true","fixed_linking_order","Timelimit","-20647.0","0.10795757252869666","600.1920001506805","171597","3800",,"20.212872399999995",,"sioux_fixed_order_heuristics_lay__blc_n_minus_one_fixe__gurobi_10min_fixed_o__33f446817638","fixed_linking_order","true","76","1.0","sioux_falls","1.0","two_layer","1.0","0","0","0","76","competition","true","0.1","100","100","100","200","48","sampled","layered_sioux_falls","shared","20401","blc","blc_n_minus_one_fixed_order","7600","7600","mip","20000","false","100","false","Gurobi","gurobi_10min_fixed_order_seq8","false","true","600.0","42","8","8",,"benchmark_run\runs\fixed_order_heuristics_gurobi1301_20260821_205724\blc\results\batch_summary.csv","8","8","600.0"
"BlC_n_minus_one","sioux_fixed_order_heuristics_layered_sioux_falls_U100_S3_len_LS0.1_CCF1.0_B1.0_shared","100","0.1","true","3","fixed_network_path","BlCSolver","true","fixed_linking_order","Timelimit","-20647.0","0.05942751973652065","600.1200001239777","433942","3000",,"14.934335500000001",,"sioux_fixed_order_heuristics_lay__blc_fixed_path_fixed__gurobi_10min_fixed_o__b42b7983ea5f","fixed_linking_order","true","76","1.0","sioux_falls","1.0","two_layer","1.0","0","0","0","76","competition","true","0.1","100","100","100","200","48","sampled","layered_sioux_falls","shared","20401","blc","blc_fixed_path_fixed_order","7600","7600","mip","20000","false","100","false","Gurobi","gurobi_10min_fixed_order_seq8","false","true","600.0","42","8","8",,"benchmark_run\runs\fixed_order_heuristics_gurobi1301_20260821_205724\blc\results\batch_summary.csv","8","8","600.0"
"BlC_n_minus_one","sioux_fixed_order_heuristics_layered_sioux_falls_U100_S3_len_LS0.1_CCF1.0_B1.0_shared","100","0.1","true","3","fixed_network_path_current_cost","BlCSolver","true","fixed_linking_order","Optimal","-20647.0","4.843318641933453e-5","323.0149998664856","276297","3300",,"16.9599371",,"sioux_fixed_order_heuristics_lay__blc_fixed_path_curre__gurobi_10min_fixed_o__1b788ee8dac1","fixed_linking_order","true","76","1.0","sioux_falls","1.0","two_layer","1.0","0","0","0","76","competition","true","0.1","100","100","100","200","48","sampled","layered_sioux_falls","shared","20401","blc","blc_fixed_path_current_cost_fixed_order","7600","7600","mip","20000","false","100","false","Gurobi","gurobi_10min_fixed_order_seq8","false","true","600.0","42","8","8",,"benchmark_run\runs\fixed_order_heuristics_gurobi1301_20260821_205724\blc\results\batch_summary.csv","8","8","600.0"
"BlC_n_minus_one","sioux_fixed_order_heuristics_layered_sioux_falls_U100_S3_nolen_LS0.01_CCF1.0_B1.0_shared","100","","false","3","n_minus_one_most_expensive","BlCSolver","true","fixed_linking_order","Timelimit","-20647.0","0.15353320094929046","600.1849999427795","196761","3500",,"17.7877512",,"sioux_fixed_order_heuristics_lay__blc_n_minus_one_fixe__gurobi_10min_fixed_o__afe5b84e40f8","fixed_linking_order","true","76","1.0","sioux_falls","1.0","two_layer","1.0","0","0","0","76","competition","true","","100","100","100","200","48","sampled","layered_sioux_falls","shared","20401","blc","blc_n_minus_one_fixed_order","7600","7600","mip","20000","false","100","false","Gurobi","gurobi_10min_fixed_order_seq8","false","true","600.0","42","8","8",,"benchmark_run\runs\fixed_order_heuristics_gurobi1301_20260821_205724\blc\results\batch_summary.csv","8","8","600.0"
"BlC_n_minus_one","sioux_fixed_order_heuristics_layered_sioux_falls_U100_S3_nolen_LS0.01_CCF1.0_B1.0_shared","100","","false","3","fixed_network_path","BlCSolver","true","fixed_linking_order","Optimal","-20647.0","0.0","193.50999999046326","149430","3600",,"16.5244956",,"sioux_fixed_order_heuristics_lay__blc_fixed_path_fixed__gurobi_10min_fixed_o__df3782cc456e","fixed_linking_order","true","76","1.0","sioux_falls","1.0","two_layer","1.0","0","0","0","76","competition","true","","100","100","100","200","48","sampled","layered_sioux_falls","shared","20401","blc","blc_fixed_path_fixed_order","7600","7600","mip","20000","false","100","false","Gurobi","gurobi_10min_fixed_order_seq8","false","true","600.0","42","8","8",,"benchmark_run\runs\fixed_order_heuristics_gurobi1301_20260821_205724\blc\results\batch_summary.csv","8","8","600.0"
"BlC_n_minus_one","sioux_fixed_order_heuristics_layered_sioux_falls_U100_S3_nolen_LS0.01_CCF1.0_B1.0_shared","100","","false","3","fixed_network_path_current_cost","BlCSolver","true","fixed_linking_order","Timelimit","-20647.0","0.024652491887441275","600.1410000324249","638690","3300",,"14.909320499999998",,"sioux_fixed_order_heuristics_lay__blc_fixed_path_curre__gurobi_10min_fixed_o__387816cfdb72","fixed_linking_order","true","76","1.0","sioux_falls","1.0","two_layer","1.0","0","0","0","76","competition","true","","100","100","100","200","48","sampled","layered_sioux_falls","shared","20401","blc","blc_fixed_path_current_cost_fixed_order","7600","7600","mip","20000","false","100","false","Gurobi","gurobi_10min_fixed_order_seq8","false","true","600.0","42","8","8",,"benchmark_run\runs\fixed_order_heuristics_gurobi1301_20260821_205724\blc\results\batch_summary.csv","8","8","600.0"
"BlC_n_minus_one","sioux_fixed_order_heuristics_layered_sioux_falls_U100_S4_len_LS0.01_CCF1.0_B1.0_shared","100","0.01","true","4","n_minus_one_most_expensive","BlCSolver","true","fixed_linking_order","Optimal","-17887.0","1.91183545517203e-14","31.674999952316284","4388","600",,"4.0511345",,"sioux_fixed_order_heuristics_lay__blc_n_minus_one_fixe__gurobi_10min_fixed_o__bf0d62577b49","fixed_linking_order","true","76","1.0","sioux_falls","1.0","two_layer","1.0","0","0","0","76","competition","true","0.01","100","100","100","200","48","sampled","layered_sioux_falls","shared","20401","blc","blc_n_minus_one_fixed_order","7600","7600","mip","20000","false","100","false","Gurobi","gurobi_10min_fixed_order_seq8","false","true","600.0","42","8","8",,"benchmark_run\runs\fixed_order_heuristics_gurobi1301_20260821_205724\blc\results\batch_summary.csv","8","8","600.0"
"BlC_n_minus_one","sioux_fixed_order_heuristics_layered_sioux_falls_U100_S4_len_LS0.01_CCF1.0_B1.0_shared","100","0.01","true","4","fixed_network_path","BlCSolver","true","fixed_linking_order","Optimal","-17887.0","9.762564026410366e-15","45.58899998664856","2118","800",,"5.73144",,"sioux_fixed_order_heuristics_lay__blc_fixed_path_fixed__gurobi_10min_fixed_o__1888e829431c","fixed_linking_order","true","76","1.0","sioux_falls","1.0","two_layer","1.0","0","0","0","76","competition","true","0.01","100","100","100","200","48","sampled","layered_sioux_falls","shared","20401","blc","blc_fixed_path_fixed_order","7600","7600","mip","20000","false","100","false","Gurobi","gurobi_10min_fixed_order_seq8","false","true","600.0","42","8","8",,"benchmark_run\runs\fixed_order_heuristics_gurobi1301_20260821_205724\blc\results\batch_summary.csv","8","8","600.0"
"BlC_n_minus_one","sioux_fixed_order_heuristics_layered_sioux_falls_U100_S4_len_LS0.01_CCF1.0_B1.0_shared","100","0.01","true","4","fixed_network_path_current_cost","BlCSolver","true","fixed_linking_order","Optimal","-17887.0","0.0","24.835000038146973","4188","400",,"2.761814",,"sioux_fixed_order_heuristics_lay__blc_fixed_path_curre__gurobi_10min_fixed_o__f4960e5adaf3","fixed_linking_order","true","76","1.0","sioux_falls","1.0","two_layer","1.0","0","0","0","76","competition","true","0.01","100","100","100","200","48","sampled","layered_sioux_falls","shared","20401","blc","blc_fixed_path_current_cost_fixed_order","7600","7600","mip","20000","false","100","false","Gurobi","gurobi_10min_fixed_order_seq8","false","true","600.0","42","8","8",,"benchmark_run\runs\fixed_order_heuristics_gurobi1301_20260821_205724\blc\results\batch_summary.csv","8","8","600.0"
"BlC_n_minus_one","sioux_fixed_order_heuristics_layered_sioux_falls_U100_S4_len_LS0.05_CCF1.0_B1.0_shared","100","0.05","true","4","n_minus_one_most_expensive","BlCSolver","true","fixed_linking_order","Optimal","-18379.0","0.0","29.263999938964844","4767","1700",,"8.223732400000001",,"sioux_fixed_order_heuristics_lay__blc_n_minus_one_fixe__gurobi_10min_fixed_o__59eb6f27e52b","fixed_linking_order","true","76","1.0","sioux_falls","1.0","two_layer","1.0","0","0","0","76","competition","true","0.05","100","100","100","200","48","sampled","layered_sioux_falls","shared","20401","blc","blc_n_minus_one_fixed_order","7600","7600","mip","20000","false","100","false","Gurobi","gurobi_10min_fixed_order_seq8","false","true","600.0","42","8","8",,"benchmark_run\runs\fixed_order_heuristics_gurobi1301_20260821_205724\blc\results\batch_summary.csv","8","8","600.0"
"BlC_n_minus_one","sioux_fixed_order_heuristics_layered_sioux_falls_U100_S4_len_LS0.05_CCF1.0_B1.0_shared","100","0.05","true","4","fixed_network_path","BlCSolver","true","fixed_linking_order","Optimal","-18379.0","0.0","26.47599983215332","9895","1500",,"7.189319299999998",,"sioux_fixed_order_heuristics_lay__blc_fixed_path_fixed__gurobi_10min_fixed_o__1d06a5dbdef0","fixed_linking_order","true","76","1.0","sioux_falls","1.0","two_layer","1.0","0","0","0","76","competition","true","0.05","100","100","100","200","48","sampled","layered_sioux_falls","shared","20401","blc","blc_fixed_path_fixed_order","7600","7600","mip","20000","false","100","false","Gurobi","gurobi_10min_fixed_order_seq8","false","true","600.0","42","8","8",,"benchmark_run\runs\fixed_order_heuristics_gurobi1301_20260821_205724\blc\results\batch_summary.csv","8","8","600.0"
"BlC_n_minus_one","sioux_fixed_order_heuristics_layered_sioux_falls_U100_S4_len_LS0.05_CCF1.0_B1.0_shared","100","0.05","true","4","fixed_network_path_current_cost","BlCSolver","true","fixed_linking_order","Optimal","-18379.0","0.0","35.84099984169006","8168","2200",,"10.1867317",,"sioux_fixed_order_heuristics_lay__blc_fixed_path_curre__gurobi_10min_fixed_o__97aa9c1634b3","fixed_linking_order","true","76","1.0","sioux_falls","1.0","two_layer","1.0","0","0","0","76","competition","true","0.05","100","100","100","200","48","sampled","layered_sioux_falls","shared","20401","blc","blc_fixed_path_current_cost_fixed_order","7600","7600","mip","20000","false","100","false","Gurobi","gurobi_10min_fixed_order_seq8","false","true","600.0","42","8","8",,"benchmark_run\runs\fixed_order_heuristics_gurobi1301_20260821_205724\blc\results\batch_summary.csv","8","8","600.0"
"BlC_n_minus_one","sioux_fixed_order_heuristics_layered_sioux_falls_U100_S4_len_LS0.1_CCF1.0_B1.0_shared","100","0.1","true","4","n_minus_one_most_expensive","BlCSolver","true","fixed_linking_order","Optimal","-18379.0","0.0","23.238999843597412","2411","1200",,"5.878355600000001",,"sioux_fixed_order_heuristics_lay__blc_n_minus_one_fixe__gurobi_10min_fixed_o__fcf744f7610d","fixed_linking_order","true","76","1.0","sioux_falls","1.0","two_layer","1.0","0","0","0","76","competition","true","0.1","100","100","100","200","48","sampled","layered_sioux_falls","shared","20401","blc","blc_n_minus_one_fixed_order","7600","7600","mip","20000","false","100","false","Gurobi","gurobi_10min_fixed_order_seq8","false","true","600.0","42","8","8",,"benchmark_run\runs\fixed_order_heuristics_gurobi1301_20260821_205724\blc\results\batch_summary.csv","8","8","600.0"
"BlC_n_minus_one","sioux_fixed_order_heuristics_layered_sioux_falls_U100_S4_len_LS0.1_CCF1.0_B1.0_shared","100","0.1","true","4","fixed_network_path","BlCSolver","true","fixed_linking_order","Optimal","-18379.0","0.0","29.187000036239624","5439","1300",,"6.450128599999999",,"sioux_fixed_order_heuristics_lay__blc_fixed_path_fixed__gurobi_10min_fixed_o__a9d401c06d09","fixed_linking_order","true","76","1.0","sioux_falls","1.0","two_layer","1.0","0","0","0","76","competition","true","0.1","100","100","100","200","48","sampled","layered_sioux_falls","shared","20401","blc","blc_fixed_path_fixed_order","7600","7600","mip","20000","false","100","false","Gurobi","gurobi_10min_fixed_order_seq8","false","true","600.0","42","8","8",,"benchmark_run\runs\fixed_order_heuristics_gurobi1301_20260821_205724\blc\results\batch_summary.csv","8","8","600.0"
"BlC_n_minus_one","sioux_fixed_order_heuristics_layered_sioux_falls_U100_S4_len_LS0.1_CCF1.0_B1.0_shared","100","0.1","true","4","fixed_network_path_current_cost","BlCSolver","true","fixed_linking_order","Optimal","-18379.0","0.0","31.27300000190735","5610","1500",,"7.0144519",,"sioux_fixed_order_heuristics_lay__blc_fixed_path_curre__gurobi_10min_fixed_o__a063de08c300","fixed_linking_order","true","76","1.0","sioux_falls","1.0","two_layer","1.0","0","0","0","76","competition","true","0.1","100","100","100","200","48","sampled","layered_sioux_falls","shared","20401","blc","blc_fixed_path_current_cost_fixed_order","7600","7600","mip","20000","false","100","false","Gurobi","gurobi_10min_fixed_order_seq8","false","true","600.0","42","8","8",,"benchmark_run\runs\fixed_order_heuristics_gurobi1301_20260821_205724\blc\results\batch_summary.csv","8","8","600.0"
"BlC_n_minus_one","sioux_fixed_order_heuristics_layered_sioux_falls_U100_S4_nolen_LS0.01_CCF1.0_B1.0_shared","100","","false","4","n_minus_one_most_expensive","BlCSolver","true","fixed_linking_order","Optimal","-18379.0","0.0","27.176000118255615","11049","1500",,"6.557018299999999",,"sioux_fixed_order_heuristics_lay__blc_n_minus_one_fixe__gurobi_10min_fixed_o__c47326636067","fixed_linking_order","true","76","1.0","sioux_falls","1.0","two_layer","1.0","0","0","0","76","competition","true","","100","100","100","200","48","sampled","layered_sioux_falls","shared","20401","blc","blc_n_minus_one_fixed_order","7600","7600","mip","20000","false","100","false","Gurobi","gurobi_10min_fixed_order_seq8","false","true","600.0","42","8","8",,"benchmark_run\runs\fixed_order_heuristics_gurobi1301_20260821_205724\blc\results\batch_summary.csv","8","8","600.0"
"BlC_n_minus_one","sioux_fixed_order_heuristics_layered_sioux_falls_U100_S4_nolen_LS0.01_CCF1.0_B1.0_shared","100","","false","4","fixed_network_path","BlCSolver","true","fixed_linking_order","Optimal","-18379.0","0.0","26.25","7662","1600",,"8.130148",,"sioux_fixed_order_heuristics_lay__blc_fixed_path_fixed__gurobi_10min_fixed_o__b1e9a386cce5","fixed_linking_order","true","76","1.0","sioux_falls","1.0","two_layer","1.0","0","0","0","76","competition","true","","100","100","100","200","48","sampled","layered_sioux_falls","shared","20401","blc","blc_fixed_path_fixed_order","7600","7600","mip","20000","false","100","false","Gurobi","gurobi_10min_fixed_order_seq8","false","true","600.0","42","8","8",,"benchmark_run\runs\fixed_order_heuristics_gurobi1301_20260821_205724\blc\results\batch_summary.csv","8","8","600.0"
"BlC_n_minus_one","sioux_fixed_order_heuristics_layered_sioux_falls_U100_S4_nolen_LS0.01_CCF1.0_B1.0_shared","100","","false","4","fixed_network_path_current_cost","BlCSolver","true","fixed_linking_order","Optimal","-18379.0","0.0","20.355000019073486","3749","1500",,"6.4100941",,"sioux_fixed_order_heuristics_lay__blc_fixed_path_curre__gurobi_10min_fixed_o__67aadd3cabbb","fixed_linking_order","true","76","1.0","sioux_falls","1.0","two_layer","1.0","0","0","0","76","competition","true","","100","100","100","200","48","sampled","layered_sioux_falls","shared","20401","blc","blc_fixed_path_current_cost_fixed_order","7600","7600","mip","20000","false","100","false","Gurobi","gurobi_10min_fixed_order_seq8","false","true","600.0","42","8","8",,"benchmark_run\runs\fixed_order_heuristics_gurobi1301_20260821_205724\blc\results\batch_summary.csv","8","8","600.0"
"BlC_n_minus_one","sioux_fixed_order_heuristics_layered_sioux_falls_U125_S2_len_LS0.01_CCF1.0_B1.0_shared","125","0.01","true","2","n_minus_one_most_expensive","BlCSolver","true","fixed_linking_order","Timelimit","-22438.00000355855","0.002941438471832691","600.1129999160767","336179","1750",,"10.271672400000002",,"sioux_fixed_order_heuristics_lay__blc_n_minus_one_fixe__gurobi_10min_fixed_o__3b61d81de00f","fixed_linking_order","true","76","1.0","sioux_falls","1.0","two_layer","1.0","0","0","0","76","competition","true","0.01","100","100","100","200","48","sampled","layered_sioux_falls","shared","25451","blc","blc_n_minus_one_fixed_order","9500","9500","mip","25000","false","125","false","Gurobi","gurobi_10min_fixed_order_seq8","false","true","600.0","42","8","8",,"benchmark_run\runs\fixed_order_heuristics_gurobi1301_20260821_205724\blc\results\batch_summary.csv","8","8","600.0"
"BlC_n_minus_one","sioux_fixed_order_heuristics_layered_sioux_falls_U125_S2_len_LS0.01_CCF1.0_B1.0_shared","125","0.01","true","2","fixed_network_path","BlCSolver","true","fixed_linking_order","Timelimit","-22438.0","0.008155807112921742","600.1279997825623","461851","2000",,"12.322505000000001",,"sioux_fixed_order_heuristics_lay__blc_fixed_path_fixed__gurobi_10min_fixed_o__25f8c9d8e453","fixed_linking_order","true","76","1.0","sioux_falls","1.0","two_layer","1.0","0","0","0","76","competition","true","0.01","100","100","100","200","48","sampled","layered_sioux_falls","shared","25451","blc","blc_fixed_path_fixed_order","9500","9500","mip","25000","false","125","false","Gurobi","gurobi_10min_fixed_order_seq8","false","true","600.0","42","8","8",,"benchmark_run\runs\fixed_order_heuristics_gurobi1301_20260821_205724\blc\results\batch_summary.csv","8","8","600.0"
"BlC_n_minus_one","sioux_fixed_order_heuristics_layered_sioux_falls_U125_S2_len_LS0.01_CCF1.0_B1.0_shared","125","0.01","true","2","fixed_network_path_current_cost","BlCSolver","true","fixed_linking_order","Optimal","-22438.0","0.0","591.8810000419617","343585","4000",,"23.080444499999995",,"sioux_fixed_order_heuristics_lay__blc_fixed_path_curre__gurobi_10min_fixed_o__db6707e41e73","fixed_linking_order","true","76","1.0","sioux_falls","1.0","two_layer","1.0","0","0","0","76","competition","true","0.01","100","100","100","200","48","sampled","layered_sioux_falls","shared","25451","blc","blc_fixed_path_current_cost_fixed_order","9500","9500","mip","25000","false","125","false","Gurobi","gurobi_10min_fixed_order_seq8","false","true","600.0","42","8","8",,"benchmark_run\runs\fixed_order_heuristics_gurobi1301_20260821_205724\blc\results\batch_summary.csv","8","8","600.0"
"BlC_n_minus_one","sioux_fixed_order_heuristics_layered_sioux_falls_U125_S2_len_LS0.05_CCF1.0_B1.0_shared","125","0.05","true","2","n_minus_one_most_expensive","BlCSolver","true","fixed_linking_order","Timelimit","-23382.0","0.05949020614147635","600.1259999275208","239559","4250",,"28.617207900000004",,"sioux_fixed_order_heuristics_lay__blc_n_minus_one_fixe__gurobi_10min_fixed_o__e29d524345d5","fixed_linking_order","true","76","1.0","sioux_falls","1.0","two_layer","1.0","0","0","0","76","competition","true","0.05","100","100","100","200","48","sampled","layered_sioux_falls","shared","25451","blc","blc_n_minus_one_fixed_order","9500","9500","mip","25000","false","125","false","Gurobi","gurobi_10min_fixed_order_seq8","false","true","600.0","42","8","8",,"benchmark_run\runs\fixed_order_heuristics_gurobi1301_20260821_205724\blc\results\batch_summary.csv","8","8","600.0"
"BlC_n_minus_one","sioux_fixed_order_heuristics_layered_sioux_falls_U125_S2_len_LS0.05_CCF1.0_B1.0_shared","125","0.05","true","2","fixed_network_path","BlCSolver","true","fixed_linking_order","Optimal","-23382.000012085038","0.0","113.25600004196167","17132","2125",,"11.030897899999998",,"sioux_fixed_order_heuristics_lay__blc_fixed_path_fixed__gurobi_10min_fixed_o__ec6f6a586416","fixed_linking_order","true","76","1.0","sioux_falls","1.0","two_layer","1.0","0","0","0","76","competition","true","0.05","100","100","100","200","48","sampled","layered_sioux_falls","shared","25451","blc","blc_fixed_path_fixed_order","9500","9500","mip","25000","false","125","false","Gurobi","gurobi_10min_fixed_order_seq8","false","true","600.0","42","8","8",,"benchmark_run\runs\fixed_order_heuristics_gurobi1301_20260821_205724\blc\results\batch_summary.csv","8","8","600.0"
"BlC_n_minus_one","sioux_fixed_order_heuristics_layered_sioux_falls_U125_S2_len_LS0.05_CCF1.0_B1.0_shared","125","0.05","true","2","fixed_network_path_current_cost","BlCSolver","true","fixed_linking_order","Optimal","-23382.0","0.0","142.57500004768372","68230","2875",,"16.405466299999997",,"sioux_fixed_order_heuristics_lay__blc_fixed_path_curre__gurobi_10min_fixed_o__1a74ff06dfdd","fixed_linking_order","true","76","1.0","sioux_falls","1.0","two_layer","1.0","0","0","0","76","competition","true","0.05","100","100","100","200","48","sampled","layered_sioux_falls","shared","25451","blc","blc_fixed_path_current_cost_fixed_order","9500","9500","mip","25000","false","125","false","Gurobi","gurobi_10min_fixed_order_seq8","false","true","600.0","42","8","8",,"benchmark_run\runs\fixed_order_heuristics_gurobi1301_20260821_205724\blc\results\batch_summary.csv","8","8","600.0"
"BlC_n_minus_one","sioux_fixed_order_heuristics_layered_sioux_falls_U125_S2_len_LS0.1_CCF1.0_B1.0_shared","125","0.1","true","2","n_minus_one_most_expensive","BlCSolver","true","fixed_linking_order","Optimal","-23382.0","0.0","108.19400000572205","10432","2250",,"10.514852300000001",,"sioux_fixed_order_heuristics_lay__blc_n_minus_one_fixe__gurobi_10min_fixed_o__35d216bfcb99","fixed_linking_order","true","76","1.0","sioux_falls","1.0","two_layer","1.0","0","0","0","76","competition","true","0.1","100","100","100","200","48","sampled","layered_sioux_falls","shared","25451","blc","blc_n_minus_one_fixed_order","9500","9500","mip","25000","false","125","false","Gurobi","gurobi_10min_fixed_order_seq8","false","true","600.0","42","8","8",,"benchmark_run\runs\fixed_order_heuristics_gurobi1301_20260821_205724\blc\results\batch_summary.csv","8","8","600.0"
"BlC_n_minus_one","sioux_fixed_order_heuristics_layered_sioux_falls_U125_S2_len_LS0.1_CCF1.0_B1.0_shared","125","0.1","true","2","fixed_network_path","BlCSolver","true","fixed_linking_order","Optimal","-23382.0","0.0","129.41100001335144","30341","2375",,"12.15919",,"sioux_fixed_order_heuristics_lay__blc_fixed_path_fixed__gurobi_10min_fixed_o__d23b7d677c30","fixed_linking_order","true","76","1.0","sioux_falls","1.0","two_layer","1.0","0","0","0","76","competition","true","0.1","100","100","100","200","48","sampled","layered_sioux_falls","shared","25451","blc","blc_fixed_path_fixed_order","9500","9500","mip","25000","false","125","false","Gurobi","gurobi_10min_fixed_order_seq8","false","true","600.0","42","8","8",,"benchmark_run\runs\fixed_order_heuristics_gurobi1301_20260821_205724\blc\results\batch_summary.csv","8","8","600.0"
"BlC_n_minus_one","sioux_fixed_order_heuristics_layered_sioux_falls_U125_S2_len_LS0.1_CCF1.0_B1.0_shared","125","0.1","true","2","fixed_network_path_current_cost","BlCSolver","true","fixed_linking_order","Optimal","-23382.0","0.0","154.0640001296997","47592","2750",,"13.254219899999997",,"sioux_fixed_order_heuristics_lay__blc_fixed_path_curre__gurobi_10min_fixed_o__da6d648ad15e","fixed_linking_order","true","76","1.0","sioux_falls","1.0","two_layer","1.0","0","0","0","76","competition","true","0.1","100","100","100","200","48","sampled","layered_sioux_falls","shared","25451","blc","blc_fixed_path_current_cost_fixed_order","9500","9500","mip","25000","false","125","false","Gurobi","gurobi_10min_fixed_order_seq8","false","true","600.0","42","8","8",,"benchmark_run\runs\fixed_order_heuristics_gurobi1301_20260821_205724\blc\results\batch_summary.csv","8","8","600.0"
"BlC_n_minus_one","sioux_fixed_order_heuristics_layered_sioux_falls_U125_S2_nolen_LS0.01_CCF1.0_B1.0_shared","125","","false","2","n_minus_one_most_expensive","BlCSolver","true","fixed_linking_order","Optimal","-23382.0","0.0","229.76399993896484","103645","2625",,"14.5422029",,"sioux_fixed_order_heuristics_lay__blc_n_minus_one_fixe__gurobi_10min_fixed_o__984c83f542fd","fixed_linking_order","true","76","1.0","sioux_falls","1.0","two_layer","1.0","0","0","0","76","competition","true","","100","100","100","200","48","sampled","layered_sioux_falls","shared","25451","blc","blc_n_minus_one_fixed_order","9500","9500","mip","25000","false","125","false","Gurobi","gurobi_10min_fixed_order_seq8","false","true","600.0","42","8","8",,"benchmark_run\runs\fixed_order_heuristics_gurobi1301_20260821_205724\blc\results\batch_summary.csv","8","8","600.0"
"BlC_n_minus_one","sioux_fixed_order_heuristics_layered_sioux_falls_U125_S2_nolen_LS0.01_CCF1.0_B1.0_shared","125","","false","2","fixed_network_path","BlCSolver","true","fixed_linking_order","Optimal","-23382.0","0.0","168.2960000038147","51789","3500",,"17.4919535",,"sioux_fixed_order_heuristics_lay__blc_fixed_path_fixed__gurobi_10min_fixed_o__9182b68bcc8a","fixed_linking_order","true","76","1.0","sioux_falls","1.0","two_layer","1.0","0","0","0","76","competition","true","","100","100","100","200","48","sampled","layered_sioux_falls","shared","25451","blc","blc_fixed_path_fixed_order","9500","9500","mip","25000","false","125","false","Gurobi","gurobi_10min_fixed_order_seq8","false","true","600.0","42","8","8",,"benchmark_run\runs\fixed_order_heuristics_gurobi1301_20260821_205724\blc\results\batch_summary.csv","8","8","600.0"
"BlC_n_minus_one","sioux_fixed_order_heuristics_layered_sioux_falls_U125_S2_nolen_LS0.01_CCF1.0_B1.0_shared","125","","false","2","fixed_network_path_current_cost","BlCSolver","true","fixed_linking_order","Optimal","-23382.0","0.0","122.72699999809265","42012","2875",,"12.985540799999997",,"sioux_fixed_order_heuristics_lay__blc_fixed_path_curre__gurobi_10min_fixed_o__4ded077f422a","fixed_linking_order","true","76","1.0","sioux_falls","1.0","two_layer","1.0","0","0","0","76","competition","true","","100","100","100","200","48","sampled","layered_sioux_falls","shared","25451","blc","blc_fixed_path_current_cost_fixed_order","9500","9500","mip","25000","false","125","false","Gurobi","gurobi_10min_fixed_order_seq8","false","true","600.0","42","8","8",,"benchmark_run\runs\fixed_order_heuristics_gurobi1301_20260821_205724\blc\results\batch_summary.csv","8","8","600.0"
"BlC_n_minus_one","sioux_fixed_order_heuristics_layered_sioux_falls_U125_S3_len_LS0.01_CCF1.0_B1.0_shared","125","0.01","true","3","n_minus_one_most_expensive","BlCSolver","true","fixed_linking_order","Optimal","-21575.0","0.0","481.17400002479553","258966","3375",,"25.216134900000007",,"sioux_fixed_order_heuristics_lay__blc_n_minus_one_fixe__gurobi_10min_fixed_o__f636ca2d0afd","fixed_linking_order","true","76","1.0","sioux_falls","1.0","two_layer","1.0","0","0","0","76","competition","true","0.01","100","100","100","200","48","sampled","layered_sioux_falls","shared","25451","blc","blc_n_minus_one_fixed_order","9500","9500","mip","25000","false","125","false","Gurobi","gurobi_10min_fixed_order_seq8","false","true","600.0","42","8","8",,"benchmark_run\runs\fixed_order_heuristics_gurobi1301_20260821_205724\blc\results\batch_summary.csv","8","8","600.0"
"BlC_n_minus_one","sioux_fixed_order_heuristics_layered_sioux_falls_U125_S3_len_LS0.01_CCF1.0_B1.0_shared","125","0.01","true","3","fixed_network_path","BlCSolver","true","fixed_linking_order","Timelimit","-21575.0","0.01015063731170336","600.1230001449585","270294","1750",,"11.981677500000002",,"sioux_fixed_order_heuristics_lay__blc_fixed_path_fixed__gurobi_10min_fixed_o__87964b5569d0","fixed_linking_order","true","76","1.0","sioux_falls","1.0","two_layer","1.0","0","0","0","76","competition","true","0.01","100","100","100","200","48","sampled","layered_sioux_falls","shared","25451","blc","blc_fixed_path_fixed_order","9500","9500","mip","25000","false","125","false","Gurobi","gurobi_10min_fixed_order_seq8","false","true","600.0","42","8","8",,"benchmark_run\runs\fixed_order_heuristics_gurobi1301_20260821_205724\blc\results\batch_summary.csv","8","8","600.0"
"BlC_n_minus_one","sioux_fixed_order_heuristics_layered_sioux_falls_U125_S3_len_LS0.01_CCF1.0_B1.0_shared","125","0.01","true","3","fixed_network_path_current_cost","BlCSolver","true","fixed_linking_order","Optimal","-21575.0","0.0","381.654000043869","262970","2875",,"18.076624800000005",,"sioux_fixed_order_heuristics_lay__blc_fixed_path_curre__gurobi_10min_fixed_o__f4993cccb5f1","fixed_linking_order","true","76","1.0","sioux_falls","1.0","two_layer","1.0","0","0","0","76","competition","true","0.01","100","100","100","200","48","sampled","layered_sioux_falls","shared","25451","blc","blc_fixed_path_current_cost_fixed_order","9500","9500","mip","25000","false","125","false","Gurobi","gurobi_10min_fixed_order_seq8","false","true","600.0","42","8","8",,"benchmark_run\runs\fixed_order_heuristics_gurobi1301_20260821_205724\blc\results\batch_summary.csv","8","8","600.0"
"BlC_n_minus_one","sioux_fixed_order_heuristics_layered_sioux_falls_U125_S3_len_LS0.05_CCF1.0_B1.0_shared","125","0.05","true","3","n_minus_one_most_expensive","BlCSolver","true","fixed_linking_order","Timelimit","-26544.0","0.11211573236889692","600.3579998016357","266586","5000",,"26.214718399999995",,"sioux_fixed_order_heuristics_lay__blc_n_minus_one_fixe__gurobi_10min_fixed_o__d7af0aad3347","fixed_linking_order","true","76","1.0","sioux_falls","1.0","two_layer","1.0","0","0","0","76","competition","true","0.05","100","100","100","200","48","sampled","layered_sioux_falls","shared","25451","blc","blc_n_minus_one_fixed_order","9500","9500","mip","25000","false","125","false","Gurobi","gurobi_10min_fixed_order_seq8","false","true","600.0","42","8","8",,"benchmark_run\runs\fixed_order_heuristics_gurobi1301_20260821_205724\blc\results\batch_summary.csv","8","8","600.0"
"BlC_n_minus_one","sioux_fixed_order_heuristics_layered_sioux_falls_U125_S3_len_LS0.05_CCF1.0_B1.0_shared","125","0.05","true","3","fixed_network_path","BlCSolver","true","fixed_linking_order","Timelimit","-26544.0","0.222875226039783","600.5039999485016","47653","4125",,"26.2237547",,"sioux_fixed_order_heuristics_lay__blc_fixed_path_fixed__gurobi_10min_fixed_o__aa1177f4a334","fixed_linking_order","true","76","1.0","sioux_falls","1.0","two_layer","1.0","0","0","0","76","competition","true","0.05","100","100","100","200","48","sampled","layered_sioux_falls","shared","25451","blc","blc_fixed_path_fixed_order","9500","9500","mip","25000","false","125","false","Gurobi","gurobi_10min_fixed_order_seq8","false","true","600.0","42","8","8",,"benchmark_run\runs\fixed_order_heuristics_gurobi1301_20260821_205724\blc\results\batch_summary.csv","8","8","600.0"
"BlC_n_minus_one","sioux_fixed_order_heuristics_layered_sioux_falls_U125_S3_len_LS0.05_CCF1.0_B1.0_shared","125","0.05","true","3","fixed_network_path_current_cost","BlCSolver","true","fixed_linking_order","Optimal","-26544.0","0.0","591.191999912262","350653","4250",,"21.867275499999998",,"sioux_fixed_order_heuristics_lay__blc_fixed_path_curre__gurobi_10min_fixed_o__b3507615eec0","fixed_linking_order","true","76","1.0","sioux_falls","1.0","two_layer","1.0","0","0","0","76","competition","true","0.05","100","100","100","200","48","sampled","layered_sioux_falls","shared","25451","blc","blc_fixed_path_current_cost_fixed_order","9500","9500","mip","25000","false","125","false","Gurobi","gurobi_10min_fixed_order_seq8","false","true","600.0","42","8","8",,"benchmark_run\runs\fixed_order_heuristics_gurobi1301_20260821_205724\blc\results\batch_summary.csv","8","8","600.0"
"BlC_n_minus_one","sioux_fixed_order_heuristics_layered_sioux_falls_U125_S3_len_LS0.1_CCF1.0_B1.0_shared","125","0.1","true","3","n_minus_one_most_expensive","BlCSolver","true","fixed_linking_order","Timelimit","-26678.0","0.08771272209311043","600.0750000476837","269245","5250",,"26.588742",,"sioux_fixed_order_heuristics_lay__blc_n_minus_one_fixe__gurobi_10min_fixed_o__85810fea5274","fixed_linking_order","true","76","1.0","sioux_falls","1.0","two_layer","1.0","0","0","0","76","competition","true","0.1","100","100","100","200","48","sampled","layered_sioux_falls","shared","25451","blc","blc_n_minus_one_fixed_order","9500","9500","mip","25000","false","125","false","Gurobi","gurobi_10min_fixed_order_seq8","false","true","600.0","42","8","8",,"benchmark_run\runs\fixed_order_heuristics_gurobi1301_20260821_205724\blc\results\batch_summary.csv","8","8","600.0"
"BlC_n_minus_one","sioux_fixed_order_heuristics_layered_sioux_falls_U125_S3_len_LS0.1_CCF1.0_B1.0_shared","125","0.1","true","3","fixed_network_path","BlCSolver","true","fixed_linking_order","Timelimit","-26678.0","0.11417647499812061","600.6119999885559","158519","4875",,"25.6449843",,"sioux_fixed_order_heuristics_lay__blc_fixed_path_fixed__gurobi_10min_fixed_o__c15c94a35f4a","fixed_linking_order","true","76","1.0","sioux_falls","1.0","two_layer","1.0","0","0","0","76","competition","true","0.1","100","100","100","200","48","sampled","layered_sioux_falls","shared","25451","blc","blc_fixed_path_fixed_order","9500","9500","mip","25000","false","125","false","Gurobi","gurobi_10min_fixed_order_seq8","false","true","600.0","42","8","8",,"benchmark_run\runs\fixed_order_heuristics_gurobi1301_20260821_205724\blc\results\batch_summary.csv","8","8","600.0"
"BlC_n_minus_one","sioux_fixed_order_heuristics_layered_sioux_falls_U125_S3_len_LS0.1_CCF1.0_B1.0_shared","125","0.1","true","3","fixed_network_path_current_cost","BlCSolver","true","fixed_linking_order","Timelimit","-26678.0","0.0730189669390509","600.1670000553131","306332","3500",,"18.846647399999995",,"sioux_fixed_order_heuristics_lay__blc_fixed_path_curre__gurobi_10min_fixed_o__b1af211923d0","fixed_linking_order","true","76","1.0","sioux_falls","1.0","two_layer","1.0","0","0","0","76","competition","true","0.1","100","100","100","200","48","sampled","layered_sioux_falls","shared","25451","blc","blc_fixed_path_current_cost_fixed_order","9500","9500","mip","25000","false","125","false","Gurobi","gurobi_10min_fixed_order_seq8","false","true","600.0","42","8","8",,"benchmark_run\runs\fixed_order_heuristics_gurobi1301_20260821_205724\blc\results\batch_summary.csv","8","8","600.0"
"BlC_n_minus_one","sioux_fixed_order_heuristics_layered_sioux_falls_U125_S3_nolen_LS0.01_CCF1.0_B1.0_shared","125","","false","3","n_minus_one_most_expensive","BlCSolver","true","fixed_linking_order","Timelimit","-26678.0","0.09948271984406627","600.2819998264313","157266","3375",,"25.310406500000003",,"sioux_fixed_order_heuristics_lay__blc_n_minus_one_fixe__gurobi_10min_fixed_o__95eeb641e58c","fixed_linking_order","true","76","1.0","sioux_falls","1.0","two_layer","1.0","0","0","0","76","competition","true","","100","100","100","200","48","sampled","layered_sioux_falls","shared","25451","blc","blc_n_minus_one_fixed_order","9500","9500","mip","25000","false","125","false","Gurobi","gurobi_10min_fixed_order_seq8","false","true","600.0","42","8","8",,"benchmark_run\runs\fixed_order_heuristics_gurobi1301_20260821_205724\blc\results\batch_summary.csv","8","8","600.0"
"BlC_n_minus_one","sioux_fixed_order_heuristics_layered_sioux_falls_U125_S3_nolen_LS0.01_CCF1.0_B1.0_shared","125","","false","3","fixed_network_path","BlCSolver","true","fixed_linking_order","Timelimit","-26678.0","0.02826298823000225","600.1549999713898","325086","4250",,"23.13942949999999",,"sioux_fixed_order_heuristics_lay__blc_fixed_path_fixed__gurobi_10min_fixed_o__842a2301d681","fixed_linking_order","true","76","1.0","sioux_falls","1.0","two_layer","1.0","0","0","0","76","competition","true","","100","100","100","200","48","sampled","layered_sioux_falls","shared","25451","blc","blc_fixed_path_fixed_order","9500","9500","mip","25000","false","125","false","Gurobi","gurobi_10min_fixed_order_seq8","false","true","600.0","42","8","8",,"benchmark_run\runs\fixed_order_heuristics_gurobi1301_20260821_205724\blc\results\batch_summary.csv","8","8","600.0"
"BlC_n_minus_one","sioux_fixed_order_heuristics_layered_sioux_falls_U125_S3_nolen_LS0.01_CCF1.0_B1.0_shared","125","","false","3","fixed_network_path_current_cost","BlCSolver","true","fixed_linking_order","Timelimit","-26678.0","0.10769173101431864","600.1029999256134","231269","4375",,"29.616520100000006",,"sioux_fixed_order_heuristics_lay__blc_fixed_path_curre__gurobi_10min_fixed_o__09c45be876f7","fixed_linking_order","true","76","1.0","sioux_falls","1.0","two_layer","1.0","0","0","0","76","competition","true","","100","100","100","200","48","sampled","layered_sioux_falls","shared","25451","blc","blc_fixed_path_current_cost_fixed_order","9500","9500","mip","25000","false","125","false","Gurobi","gurobi_10min_fixed_order_seq8","false","true","600.0","42","8","8",,"benchmark_run\runs\fixed_order_heuristics_gurobi1301_20260821_205724\blc\results\batch_summary.csv","8","8","600.0"
"BlC_n_minus_one","sioux_fixed_order_heuristics_layered_sioux_falls_U125_S4_len_LS0.01_CCF1.0_B1.0_shared","125","0.01","true","4","n_minus_one_most_expensive","BlCSolver","true","fixed_linking_order","Optimal","-22533.0","1.7759626715487882e-14","70.02699995040894","6869","1375",,"9.3454646",,"sioux_fixed_order_heuristics_lay__blc_n_minus_one_fixe__gurobi_10min_fixed_o__a6a14c326cb1","fixed_linking_order","true","76","1.0","sioux_falls","1.0","two_layer","1.0","0","0","0","76","competition","true","0.01","100","100","100","200","48","sampled","layered_sioux_falls","shared","25451","blc","blc_n_minus_one_fixed_order","9500","9500","mip","25000","false","125","false","Gurobi","gurobi_10min_fixed_order_seq8","false","true","600.0","42","8","8",,"benchmark_run\runs\fixed_order_heuristics_gurobi1301_20260821_205724\blc\results\batch_summary.csv","8","8","600.0"
"BlC_n_minus_one","sioux_fixed_order_heuristics_layered_sioux_falls_U125_S4_len_LS0.01_CCF1.0_B1.0_shared","125","0.01","true","4","fixed_network_path","BlCSolver","true","fixed_linking_order","Optimal","-22533.0","0.0","57.0239999294281","7484","875",,"6.0669761",,"sioux_fixed_order_heuristics_lay__blc_fixed_path_fixed__gurobi_10min_fixed_o__7209f131c485","fixed_linking_order","true","76","1.0","sioux_falls","1.0","two_layer","1.0","0","0","0","76","competition","true","0.01","100","100","100","200","48","sampled","layered_sioux_falls","shared","25451","blc","blc_fixed_path_fixed_order","9500","9500","mip","25000","false","125","false","Gurobi","gurobi_10min_fixed_order_seq8","false","true","600.0","42","8","8",,"benchmark_run\runs\fixed_order_heuristics_gurobi1301_20260821_205724\blc\results\batch_summary.csv","8","8","600.0"
"BlC_n_minus_one","sioux_fixed_order_heuristics_layered_sioux_falls_U125_S4_len_LS0.01_CCF1.0_B1.0_shared","125","0.01","true","4","fixed_network_path_current_cost","BlCSolver","true","fixed_linking_order","Optimal","-22533.0","0.0","44.26100015640259","10551","1000",,"7.3305987",,"sioux_fixed_order_heuristics_lay__blc_fixed_path_curre__gurobi_10min_fixed_o__20a8e7732990","fixed_linking_order","true","76","1.0","sioux_falls","1.0","two_layer","1.0","0","0","0","76","competition","true","0.01","100","100","100","200","48","sampled","layered_sioux_falls","shared","25451","blc","blc_fixed_path_current_cost_fixed_order","9500","9500","mip","25000","false","125","false","Gurobi","gurobi_10min_fixed_order_seq8","false","true","600.0","42","8","8",,"benchmark_run\runs\fixed_order_heuristics_gurobi1301_20260821_205724\blc\results\batch_summary.csv","8","8","600.0"
"BlC_n_minus_one","sioux_fixed_order_heuristics_layered_sioux_falls_U125_S4_len_LS0.05_CCF1.0_B1.0_shared","125","0.05","true","4","n_minus_one_most_expensive","BlCSolver","true","fixed_linking_order","Optimal","-23592.0","0.0","44.16700005531311","7733","2625",,"12.744288000000005",,"sioux_fixed_order_heuristics_lay__blc_n_minus_one_fixe__gurobi_10min_fixed_o__7d45d9307a35","fixed_linking_order","true","76","1.0","sioux_falls","1.0","two_layer","1.0","0","0","0","76","competition","true","0.05","100","100","100","200","48","sampled","layered_sioux_falls","shared","25451","blc","blc_n_minus_one_fixed_order","9500","9500","mip","25000","false","125","false","Gurobi","gurobi_10min_fixed_order_seq8","false","true","600.0","42","8","8",,"benchmark_run\runs\fixed_order_heuristics_gurobi1301_20260821_205724\blc\results\batch_summary.csv","8","8","600.0"
"BlC_n_minus_one","sioux_fixed_order_heuristics_layered_sioux_falls_U125_S4_len_LS0.05_CCF1.0_B1.0_shared","125","0.05","true","4","fixed_network_path","BlCSolver","true","fixed_linking_order","Optimal","-23592.0","0.0","50.03099989891052","7398","2125",,"12.366802599999998",,"sioux_fixed_order_heuristics_lay__blc_fixed_path_fixed__gurobi_10min_fixed_o__7f72a3c741a3","fixed_linking_order","true","76","1.0","sioux_falls","1.0","two_layer","1.0","0","0","0","76","competition","true","0.05","100","100","100","200","48","sampled","layered_sioux_falls","shared","25451","blc","blc_fixed_path_fixed_order","9500","9500","mip","25000","false","125","false","Gurobi","gurobi_10min_fixed_order_seq8","false","true","600.0","42","8","8",,"benchmark_run\runs\fixed_order_heuristics_gurobi1301_20260821_205724\blc\results\batch_summary.csv","8","8","600.0"
"BlC_n_minus_one","sioux_fixed_order_heuristics_layered_sioux_falls_U125_S4_len_LS0.05_CCF1.0_B1.0_shared","125","0.05","true","4","fixed_network_path_current_cost","BlCSolver","true","fixed_linking_order","Optimal","-23592.0","0.0","34.875","4352","1875",,"8.9892995",,"sioux_fixed_order_heuristics_lay__blc_fixed_path_curre__gurobi_10min_fixed_o__fc1cd2ea275c","fixed_linking_order","true","76","1.0","sioux_falls","1.0","two_layer","1.0","0","0","0","76","competition","true","0.05","100","100","100","200","48","sampled","layered_sioux_falls","shared","25451","blc","blc_fixed_path_current_cost_fixed_order","9500","9500","mip","25000","false","125","false","Gurobi","gurobi_10min_fixed_order_seq8","false","true","600.0","42","8","8",,"benchmark_run\runs\fixed_order_heuristics_gurobi1301_20260821_205724\blc\results\batch_summary.csv","8","8","600.0"
"BlC_n_minus_one","sioux_fixed_order_heuristics_layered_sioux_falls_U125_S4_len_LS0.1_CCF1.0_B1.0_shared","125","0.1","true","4","n_minus_one_most_expensive","BlCSolver","true","fixed_linking_order","Optimal","-23592.0","0.0","42.92300009727478","5325","1500",,"7.569960300000001",,"sioux_fixed_order_heuristics_lay__blc_n_minus_one_fixe__gurobi_10min_fixed_o__bc906d6e665b","fixed_linking_order","true","76","1.0","sioux_falls","1.0","two_layer","1.0","0","0","0","76","competition","true","0.1","100","100","100","200","48","sampled","layered_sioux_falls","shared","25451","blc","blc_n_minus_one_fixed_order","9500","9500","mip","25000","false","125","false","Gurobi","gurobi_10min_fixed_order_seq8","false","true","600.0","42","8","8",,"benchmark_run\runs\fixed_order_heuristics_gurobi1301_20260821_205724\blc\results\batch_summary.csv","8","8","600.0"
"BlC_n_minus_one","sioux_fixed_order_heuristics_layered_sioux_falls_U125_S4_len_LS0.1_CCF1.0_B1.0_shared","125","0.1","true","4","fixed_network_path","BlCSolver","true","fixed_linking_order","Optimal","-23592.0","0.0","38.51300001144409","6191","2500",,"11.528865500000004",,"sioux_fixed_order_heuristics_lay__blc_fixed_path_fixed__gurobi_10min_fixed_o__d1401e2bbfca","fixed_linking_order","true","76","1.0","sioux_falls","1.0","two_layer","1.0","0","0","0","76","competition","true","0.1","100","100","100","200","48","sampled","layered_sioux_falls","shared","25451","blc","blc_fixed_path_fixed_order","9500","9500","mip","25000","false","125","false","Gurobi","gurobi_10min_fixed_order_seq8","false","true","600.0","42","8","8",,"benchmark_run\runs\fixed_order_heuristics_gurobi1301_20260821_205724\blc\results\batch_summary.csv","8","8","600.0"
"BlC_n_minus_one","sioux_fixed_order_heuristics_layered_sioux_falls_U125_S4_len_LS0.1_CCF1.0_B1.0_shared","125","0.1","true","4","fixed_network_path_current_cost","BlCSolver","true","fixed_linking_order","Optimal","-23592.0","0.0","54.592000007629395","6040","2125",,"12.164525399999999",,"sioux_fixed_order_heuristics_lay__blc_fixed_path_curre__gurobi_10min_fixed_o__e41c1a7dbd23","fixed_linking_order","true","76","1.0","sioux_falls","1.0","two_layer","1.0","0","0","0","76","competition","true","0.1","100","100","100","200","48","sampled","layered_sioux_falls","shared","25451","blc","blc_fixed_path_current_cost_fixed_order","9500","9500","mip","25000","false","125","false","Gurobi","gurobi_10min_fixed_order_seq8","false","true","600.0","42","8","8",,"benchmark_run\runs\fixed_order_heuristics_gurobi1301_20260821_205724\blc\results\batch_summary.csv","8","8","600.0"
"BlC_n_minus_one","sioux_fixed_order_heuristics_layered_sioux_falls_U125_S4_nolen_LS0.01_CCF1.0_B1.0_shared","125","","false","4","n_minus_one_most_expensive","BlCSolver","true","fixed_linking_order","Optimal","-23592.0","0.0","45.562999963760376","7256","2000",,"10.1700795",,"sioux_fixed_order_heuristics_lay__blc_n_minus_one_fixe__gurobi_10min_fixed_o__a6ecedf41efd","fixed_linking_order","true","76","1.0","sioux_falls","1.0","two_layer","1.0","0","0","0","76","competition","true","","100","100","100","200","48","sampled","layered_sioux_falls","shared","25451","blc","blc_n_minus_one_fixed_order","9500","9500","mip","25000","false","125","false","Gurobi","gurobi_10min_fixed_order_seq8","false","true","600.0","42","8","8",,"benchmark_run\runs\fixed_order_heuristics_gurobi1301_20260821_205724\blc\results\batch_summary.csv","8","8","600.0"
"BlC_n_minus_one","sioux_fixed_order_heuristics_layered_sioux_falls_U125_S4_nolen_LS0.01_CCF1.0_B1.0_shared","125","","false","4","fixed_network_path","BlCSolver","true","fixed_linking_order","Optimal","-23592.000024468758","0.0","40.26699995994568","9193","1875",,"9.7840124",,"sioux_fixed_order_heuristics_lay__blc_fixed_path_fixed__gurobi_10min_fixed_o__1e7a43b70cf2","fixed_linking_order","true","76","1.0","sioux_falls","1.0","two_layer","1.0","0","0","0","76","competition","true","","100","100","100","200","48","sampled","layered_sioux_falls","shared","25451","blc","blc_fixed_path_fixed_order","9500","9500","mip","25000","false","125","false","Gurobi","gurobi_10min_fixed_order_seq8","false","true","600.0","42","8","8",,"benchmark_run\runs\fixed_order_heuristics_gurobi1301_20260821_205724\blc\results\batch_summary.csv","8","8","600.0"
"BlC_n_minus_one","sioux_fixed_order_heuristics_layered_sioux_falls_U125_S4_nolen_LS0.01_CCF1.0_B1.0_shared","125","","false","4","fixed_network_path_current_cost","BlCSolver","true","fixed_linking_order","Optimal","-23592.0","0.0","38.128000020980835","5247","1750",,"8.369027299999999",,"sioux_fixed_order_heuristics_lay__blc_fixed_path_curre__gurobi_10min_fixed_o__ad09f799a9c0","fixed_linking_order","true","76","1.0","sioux_falls","1.0","two_layer","1.0","0","0","0","76","competition","true","","100","100","100","200","48","sampled","layered_sioux_falls","shared","25451","blc","blc_fixed_path_current_cost_fixed_order","9500","9500","mip","25000","false","125","false","Gurobi","gurobi_10min_fixed_order_seq8","false","true","600.0","42","8","8",,"benchmark_run\runs\fixed_order_heuristics_gurobi1301_20260821_205724\blc\results\batch_summary.csv","8","8","600.0"
"BlC_n_minus_one","sioux_fixed_order_heuristics_layered_sioux_falls_U150_S2_len_LS0.01_CCF1.0_B1.0_shared","150","0.01","true","2","n_minus_one_most_expensive","BlCSolver","true","fixed_linking_order","Timelimit","-26710.0","0.019880194683638677","600.0830001831055","192819","3000",,"18.302695900000003",,"sioux_fixed_order_heuristics_lay__blc_n_minus_one_fixe__gurobi_10min_fixed_o__8034ab73414c","fixed_linking_order","true","76","1.0","sioux_falls","1.0","two_layer","1.0","0","0","0","76","competition","true","0.01","100","100","100","200","48","sampled","layered_sioux_falls","shared","30501","blc","blc_n_minus_one_fixed_order","11400","11400","mip","30000","false","150","false","Gurobi","gurobi_10min_fixed_order_seq8","false","true","600.0","42","8","8",,"benchmark_run\runs\fixed_order_heuristics_gurobi1301_20260821_205724\blc\results\batch_summary.csv","8","8","600.0"
"BlC_n_minus_one","sioux_fixed_order_heuristics_layered_sioux_falls_U150_S2_len_LS0.01_CCF1.0_B1.0_shared","150","0.01","true","2","fixed_network_path","BlCSolver","true","fixed_linking_order","Timelimit","-26710.0","0.03713964807188319","600.0590000152588","110542","4350",,"38.98526119999999",,"sioux_fixed_order_heuristics_lay__blc_fixed_path_fixed__gurobi_10min_fixed_o__f6040a7afb7c","fixed_linking_order","true","76","1.0","sioux_falls","1.0","two_layer","1.0","0","0","0","76","competition","true","0.01","100","100","100","200","48","sampled","layered_sioux_falls","shared","30501","blc","blc_fixed_path_fixed_order","11400","11400","mip","30000","false","150","false","Gurobi","gurobi_10min_fixed_order_seq8","false","true","600.0","42","8","8",,"benchmark_run\runs\fixed_order_heuristics_gurobi1301_20260821_205724\blc\results\batch_summary.csv","8","8","600.0"
"BlC_n_minus_one","sioux_fixed_order_heuristics_layered_sioux_falls_U150_S2_len_LS0.01_CCF1.0_B1.0_shared","150","0.01","true","2","fixed_network_path_current_cost","BlCSolver","true","fixed_linking_order","Timelimit","-26710.0","0.013552976413318535","600.1640000343323","262832","2400",,"13.435284099999999",,"sioux_fixed_order_heuristics_lay__blc_fixed_path_curre__gurobi_10min_fixed_o__2c6876e6a395","fixed_linking_order","true","76","1.0","sioux_falls","1.0","two_layer","1.0","0","0","0","76","competition","true","0.01","100","100","100","200","48","sampled","layered_sioux_falls","shared","30501","blc","blc_fixed_path_current_cost_fixed_order","11400","11400","mip","30000","false","150","false","Gurobi","gurobi_10min_fixed_order_seq8","false","true","600.0","42","8","8",,"benchmark_run\runs\fixed_order_heuristics_gurobi1301_20260821_205724\blc\results\batch_summary.csv","8","8","600.0"
"BlC_n_minus_one","sioux_fixed_order_heuristics_layered_sioux_falls_U150_S2_len_LS0.05_CCF1.0_B1.0_shared","150","0.05","true","2","n_minus_one_most_expensive","BlCSolver","true","fixed_linking_order","Timelimit","-27880.0","0.09652080344332856","600.1510000228882","179841","4200",,"30.556556200000006",,"sioux_fixed_order_heuristics_lay__blc_n_minus_one_fixe__gurobi_10min_fixed_o__e8892702e58a","fixed_linking_order","true","76","1.0","sioux_falls","1.0","two_layer","1.0","0","0","0","76","competition","true","0.05","100","100","100","200","48","sampled","layered_sioux_falls","shared","30501","blc","blc_n_minus_one_fixed_order","11400","11400","mip","30000","false","150","false","Gurobi","gurobi_10min_fixed_order_seq8","false","true","600.0","42","8","8",,"benchmark_run\runs\fixed_order_heuristics_gurobi1301_20260821_205724\blc\results\batch_summary.csv","8","8","600.0"
"BlC_n_minus_one","sioux_fixed_order_heuristics_layered_sioux_falls_U150_S2_len_LS0.05_CCF1.0_B1.0_shared","150","0.05","true","2","fixed_network_path","BlCSolver","true","fixed_linking_order","Optimal","-27880.0","0.0","127.70700001716614","22369","2700",,"12.7831889",,"sioux_fixed_order_heuristics_lay__blc_fixed_path_fixed__gurobi_10min_fixed_o__b7cc113a17d1","fixed_linking_order","true","76","1.0","sioux_falls","1.0","two_layer","1.0","0","0","0","76","competition","true","0.05","100","100","100","200","48","sampled","layered_sioux_falls","shared","30501","blc","blc_fixed_path_fixed_order","11400","11400","mip","30000","false","150","false","Gurobi","gurobi_10min_fixed_order_seq8","false","true","600.0","42","8","8",,"benchmark_run\runs\fixed_order_heuristics_gurobi1301_20260821_205724\blc\results\batch_summary.csv","8","8","600.0"
"BlC_n_minus_one","sioux_fixed_order_heuristics_layered_sioux_falls_U150_S2_len_LS0.05_CCF1.0_B1.0_shared","150","0.05","true","2","fixed_network_path_current_cost","BlCSolver","true","fixed_linking_order","Optimal","-27880.0","4.5931439745203834e-14","184.21799993515015","35591","3150",,"19.244654699999998",,"sioux_fixed_order_heuristics_lay__blc_fixed_path_curre__gurobi_10min_fixed_o__3ee5dec1f3a1","fixed_linking_order","true","76","1.0","sioux_falls","1.0","two_layer","1.0","0","0","0","76","competition","true","0.05","100","100","100","200","48","sampled","layered_sioux_falls","shared","30501","blc","blc_fixed_path_current_cost_fixed_order","11400","11400","mip","30000","false","150","false","Gurobi","gurobi_10min_fixed_order_seq8","false","true","600.0","42","8","8",,"benchmark_run\runs\fixed_order_heuristics_gurobi1301_20260821_205724\blc\results\batch_summary.csv","8","8","600.0"
"BlC_n_minus_one","sioux_fixed_order_heuristics_layered_sioux_falls_U150_S2_len_LS0.1_CCF1.0_B1.0_shared","150","0.1","true","2","n_minus_one_most_expensive","BlCSolver","true","fixed_linking_order","Optimal","-27880.0","0.0","151.8550000190735","51319","2700",,"13.0327475",,"sioux_fixed_order_heuristics_lay__blc_n_minus_one_fixe__gurobi_10min_fixed_o__b4fcce9118e1","fixed_linking_order","true","76","1.0","sioux_falls","1.0","two_layer","1.0","0","0","0","76","competition","true","0.1","100","100","100","200","48","sampled","layered_sioux_falls","shared","30501","blc","blc_n_minus_one_fixed_order","11400","11400","mip","30000","false","150","false","Gurobi","gurobi_10min_fixed_order_seq8","false","true","600.0","42","8","8",,"benchmark_run\runs\fixed_order_heuristics_gurobi1301_20260821_205724\blc\results\batch_summary.csv","8","8","600.0"
"BlC_n_minus_one","sioux_fixed_order_heuristics_layered_sioux_falls_U150_S2_len_LS0.1_CCF1.0_B1.0_shared","150","0.1","true","2","fixed_network_path","BlCSolver","true","fixed_linking_order","Optimal","-27880.0","3.7058320703516734e-14","183.5310001373291","39876","2850",,"14.8502829",,"sioux_fixed_order_heuristics_lay__blc_fixed_path_fixed__gurobi_10min_fixed_o__4bba76e7c24b","fixed_linking_order","true","76","1.0","sioux_falls","1.0","two_layer","1.0","0","0","0","76","competition","true","0.1","100","100","100","200","48","sampled","layered_sioux_falls","shared","30501","blc","blc_fixed_path_fixed_order","11400","11400","mip","30000","false","150","false","Gurobi","gurobi_10min_fixed_order_seq8","false","true","600.0","42","8","8",,"benchmark_run\runs\fixed_order_heuristics_gurobi1301_20260821_205724\blc\results\batch_summary.csv","8","8","600.0"
"BlC_n_minus_one","sioux_fixed_order_heuristics_layered_sioux_falls_U150_S2_len_LS0.1_CCF1.0_B1.0_shared","150","0.1","true","2","fixed_network_path_current_cost","BlCSolver","true","fixed_linking_order","Optimal","-27880.0","0.0","442.69200015068054","105089","2850",,"16.4547751",,"sioux_fixed_order_heuristics_lay__blc_fixed_path_curre__gurobi_10min_fixed_o__a37863ada07e","fixed_linking_order","true","76","1.0","sioux_falls","1.0","two_layer","1.0","0","0","0","76","competition","true","0.1","100","100","100","200","48","sampled","layered_sioux_falls","shared","30501","blc","blc_fixed_path_current_cost_fixed_order","11400","11400","mip","30000","false","150","false","Gurobi","gurobi_10min_fixed_order_seq8","false","true","600.0","42","8","8",,"benchmark_run\runs\fixed_order_heuristics_gurobi1301_20260821_205724\blc\results\batch_summary.csv","8","8","600.0"
"BlC_n_minus_one","sioux_fixed_order_heuristics_layered_sioux_falls_U150_S2_nolen_LS0.01_CCF1.0_B1.0_shared","150","","false","2","n_minus_one_most_expensive","BlCSolver","true","fixed_linking_order","Optimal","-27880.0","0.0","92.08300018310547","10430","3000",,"14.128805100000003",,"sioux_fixed_order_heuristics_lay__blc_n_minus_one_fixe__gurobi_10min_fixed_o__a3375ae18484","fixed_linking_order","true","76","1.0","sioux_falls","1.0","two_layer","1.0","0","0","0","76","competition","true","","100","100","100","200","48","sampled","layered_sioux_falls","shared","30501","blc","blc_n_minus_one_fixed_order","11400","11400","mip","30000","false","150","false","Gurobi","gurobi_10min_fixed_order_seq8","false","true","600.0","42","8","8",,"benchmark_run\runs\fixed_order_heuristics_gurobi1301_20260821_205724\blc\results\batch_summary.csv","8","8","600.0"
"BlC_n_minus_one","sioux_fixed_order_heuristics_layered_sioux_falls_U150_S2_nolen_LS0.01_CCF1.0_B1.0_shared","150","","false","2","fixed_network_path","BlCSolver","true","fixed_linking_order","Optimal","-27880.0","0.0","105.08700013160706","10560","2550",,"13.3370187",,"sioux_fixed_order_heuristics_lay__blc_fixed_path_fixed__gurobi_10min_fixed_o__e9f7f29536dc","fixed_linking_order","true","76","1.0","sioux_falls","1.0","two_layer","1.0","0","0","0","76","competition","true","","100","100","100","200","48","sampled","layered_sioux_falls","shared","30501","blc","blc_fixed_path_fixed_order","11400","11400","mip","30000","false","150","false","Gurobi","gurobi_10min_fixed_order_seq8","false","true","600.0","42","8","8",,"benchmark_run\runs\fixed_order_heuristics_gurobi1301_20260821_205724\blc\results\batch_summary.csv","8","8","600.0"
"BlC_n_minus_one","sioux_fixed_order_heuristics_layered_sioux_falls_U150_S2_nolen_LS0.01_CCF1.0_B1.0_shared","150","","false","2","fixed_network_path_current_cost","BlCSolver","true","fixed_linking_order","Optimal","-27880.0","0.0","80.53099989891052","7950","2700",,"14.122987699999998",,"sioux_fixed_order_heuristics_lay__blc_fixed_path_curre__gurobi_10min_fixed_o__841b2057c9a6","fixed_linking_order","true","76","1.0","sioux_falls","1.0","two_layer","1.0","0","0","0","76","competition","true","","100","100","100","200","48","sampled","layered_sioux_falls","shared","30501","blc","blc_fixed_path_current_cost_fixed_order","11400","11400","mip","30000","false","150","false","Gurobi","gurobi_10min_fixed_order_seq8","false","true","600.0","42","8","8",,"benchmark_run\runs\fixed_order_heuristics_gurobi1301_20260821_205724\blc\results\batch_summary.csv","8","8","600.0"
"BlC_n_minus_one","sioux_fixed_order_heuristics_layered_sioux_falls_U150_S3_len_LS0.01_CCF1.0_B1.0_shared","150","0.01","true","3","n_minus_one_most_expensive","BlCSolver","true","fixed_linking_order","Optimal","-25789.0","0.0","458.864000082016","197570","5250",,"44.070362800000005",,"sioux_fixed_order_heuristics_lay__blc_n_minus_one_fixe__gurobi_10min_fixed_o__692ba918911c","fixed_linking_order","true","76","1.0","sioux_falls","1.0","two_layer","1.0","0","0","0","76","competition","true","0.01","100","100","100","200","48","sampled","layered_sioux_falls","shared","30501","blc","blc_n_minus_one_fixed_order","11400","11400","mip","30000","false","150","false","Gurobi","gurobi_10min_fixed_order_seq8","false","true","600.0","42","8","8",,"benchmark_run\runs\fixed_order_heuristics_gurobi1301_20260821_205724\blc\results\batch_summary.csv","8","8","600.0"
"BlC_n_minus_one","sioux_fixed_order_heuristics_layered_sioux_falls_U150_S3_len_LS0.01_CCF1.0_B1.0_shared","150","0.01","true","3","fixed_network_path","BlCSolver","true","fixed_linking_order","Timelimit","-25789.0","0.010585908720772422","600.0429999828339","319653","4050",,"29.945451000000002",,"sioux_fixed_order_heuristics_lay__blc_fixed_path_fixed__gurobi_10min_fixed_o__2c114a84325e","fixed_linking_order","true","76","1.0","sioux_falls","1.0","two_layer","1.0","0","0","0","76","competition","true","0.01","100","100","100","200","48","sampled","layered_sioux_falls","shared","30501","blc","blc_fixed_path_fixed_order","11400","11400","mip","30000","false","150","false","Gurobi","gurobi_10min_fixed_order_seq8","false","true","600.0","42","8","8",,"benchmark_run\runs\fixed_order_heuristics_gurobi1301_20260821_205724\blc\results\batch_summary.csv","8","8","600.0"
"BlC_n_minus_one","sioux_fixed_order_heuristics_layered_sioux_falls_U150_S3_len_LS0.01_CCF1.0_B1.0_shared","150","0.01","true","3","fixed_network_path_current_cost","BlCSolver","true","fixed_linking_order","Timelimit","-25789.0","0.056613284733801235","600.0820000171661","167346","2250",,"18.904900100000003",,"sioux_fixed_order_heuristics_lay__blc_fixed_path_curre__gurobi_10min_fixed_o__f196d9597239","fixed_linking_order","true","76","1.0","sioux_falls","1.0","two_layer","1.0","0","0","0","76","competition","true","0.01","100","100","100","200","48","sampled","layered_sioux_falls","shared","30501","blc","blc_fixed_path_current_cost_fixed_order","11400","11400","mip","30000","false","150","false","Gurobi","gurobi_10min_fixed_order_seq8","false","true","600.0","42","8","8",,"benchmark_run\runs\fixed_order_heuristics_gurobi1301_20260821_205724\blc\results\batch_summary.csv","8","8","600.0"
"BlC_n_minus_one","sioux_fixed_order_heuristics_layered_sioux_falls_U150_S3_len_LS0.05_CCF1.0_B1.0_shared","150","0.05","true","3","n_minus_one_most_expensive","BlCSolver","true","fixed_linking_order","Timelimit","-31517.0","0.30418504299267063","600.1010000705719","118389","5550",,"30.484781400000003",,"sioux_fixed_order_heuristics_lay__blc_n_minus_one_fixe__gurobi_10min_fixed_o__796950646de1","fixed_linking_order","true","76","1.0","sioux_falls","1.0","two_layer","1.0","0","0","0","76","competition","true","0.05","100","100","100","200","48","sampled","layered_sioux_falls","shared","30501","blc","blc_n_minus_one_fixed_order","11400","11400","mip","30000","false","150","false","Gurobi","gurobi_10min_fixed_order_seq8","false","true","600.0","42","8","8",,"benchmark_run\runs\fixed_order_heuristics_gurobi1301_20260821_205724\blc\results\batch_summary.csv","8","8","600.0"
"BlC_n_minus_one","sioux_fixed_order_heuristics_layered_sioux_falls_U150_S3_len_LS0.05_CCF1.0_B1.0_shared","150","0.05","true","3","fixed_network_path","BlCSolver","true","fixed_linking_order","Timelimit","-31219.0","0.26852237419520164","600.5940001010895","46862","4950",,"42.64503710000001",,"sioux_fixed_order_heuristics_lay__blc_fixed_path_fixed__gurobi_10min_fixed_o__66225e66a4d6","fixed_linking_order","true","76","1.0","sioux_falls","1.0","two_layer","1.0","0","0","0","76","competition","true","0.05","100","100","100","200","48","sampled","layered_sioux_falls","shared","30501","blc","blc_fixed_path_fixed_order","11400","11400","mip","30000","false","150","false","Gurobi","gurobi_10min_fixed_order_seq8","false","true","600.0","42","8","8",,"benchmark_run\runs\fixed_order_heuristics_gurobi1301_20260821_205724\blc\results\batch_summary.csv","8","8","600.0"
"BlC_n_minus_one","sioux_fixed_order_heuristics_layered_sioux_falls_U150_S3_len_LS0.05_CCF1.0_B1.0_shared","150","0.05","true","3","fixed_network_path_current_cost","BlCSolver","true","fixed_linking_order","Timelimit","-31517.0","0.14925278421169366","600.2220001220703","213913","4350",,"22.9510324",,"sioux_fixed_order_heuristics_lay__blc_fixed_path_curre__gurobi_10min_fixed_o__e6add1b9493e","fixed_linking_order","true","76","1.0","sioux_falls","1.0","two_layer","1.0","0","0","0","76","competition","true","0.05","100","100","100","200","48","sampled","layered_sioux_falls","shared","30501","blc","blc_fixed_path_current_cost_fixed_order","11400","11400","mip","30000","false","150","false","Gurobi","gurobi_10min_fixed_order_seq8","false","true","600.0","42","8","8",,"benchmark_run\runs\fixed_order_heuristics_gurobi1301_20260821_205724\blc\results\batch_summary.csv","8","8","600.0"
"BlC_n_minus_one","sioux_fixed_order_heuristics_layered_sioux_falls_U150_S3_len_LS0.1_CCF1.0_B1.0_shared","150","0.1","true","3","n_minus_one_most_expensive","BlCSolver","true","fixed_linking_order","Timelimit","-31651.0","0.23048244921171526","600.3129999637604","91952","6450",,"37.5954058",,"sioux_fixed_order_heuristics_lay__blc_n_minus_one_fixe__gurobi_10min_fixed_o__46aa4c74fc60","fixed_linking_order","true","76","1.0","sioux_falls","1.0","two_layer","1.0","0","0","0","76","competition","true","0.1","100","100","100","200","48","sampled","layered_sioux_falls","shared","30501","blc","blc_n_minus_one_fixed_order","11400","11400","mip","30000","false","150","false","Gurobi","gurobi_10min_fixed_order_seq8","false","true","600.0","42","8","8",,"benchmark_run\runs\fixed_order_heuristics_gurobi1301_20260821_205724\blc\results\batch_summary.csv","8","8","600.0"
"BlC_n_minus_one","sioux_fixed_order_heuristics_layered_sioux_falls_U150_S3_len_LS0.1_CCF1.0_B1.0_shared","150","0.1","true","3","fixed_network_path","BlCSolver","true","fixed_linking_order","Timelimit","-31651.0","0.14340779122302613","600.5610001087189","116168","4800",,"35.5508564",,"sioux_fixed_order_heuristics_lay__blc_fixed_path_fixed__gurobi_10min_fixed_o__70a0170edc88","fixed_linking_order","true","76","1.0","sioux_falls","1.0","two_layer","1.0","0","0","0","76","competition","true","0.1","100","100","100","200","48","sampled","layered_sioux_falls","shared","30501","blc","blc_fixed_path_fixed_order","11400","11400","mip","30000","false","150","false","Gurobi","gurobi_10min_fixed_order_seq8","false","true","600.0","42","8","8",,"benchmark_run\runs\fixed_order_heuristics_gurobi1301_20260821_205724\blc\results\batch_summary.csv","8","8","600.0"
"BlC_n_minus_one","sioux_fixed_order_heuristics_layered_sioux_falls_U150_S3_len_LS0.1_CCF1.0_B1.0_shared","150","0.1","true","3","fixed_network_path_current_cost","BlCSolver","true","fixed_linking_order","Timelimit","-31651.0","0.12710498878392468","600.5","221959","4950",,"27.6759291",,"sioux_fixed_order_heuristics_lay__blc_fixed_path_curre__gurobi_10min_fixed_o__0359939d78c0","fixed_linking_order","true","76","1.0","sioux_falls","1.0","two_layer","1.0","0","0","0","76","competition","true","0.1","100","100","100","200","48","sampled","layered_sioux_falls","shared","30501","blc","blc_fixed_path_current_cost_fixed_order","11400","11400","mip","30000","false","150","false","Gurobi","gurobi_10min_fixed_order_seq8","false","true","600.0","42","8","8",,"benchmark_run\runs\fixed_order_heuristics_gurobi1301_20260821_205724\blc\results\batch_summary.csv","8","8","600.0"
"BlC_n_minus_one","sioux_fixed_order_heuristics_layered_sioux_falls_U150_S3_nolen_LS0.01_CCF1.0_B1.0_shared","150","","false","3","n_minus_one_most_expensive","BlCSolver","true","fixed_linking_order","Timelimit","-31437.0","0.2484333746858797","600.3050000667572","123874","3900",,"26.0646163",,"sioux_fixed_order_heuristics_lay__blc_n_minus_one_fixe__gurobi_10min_fixed_o__969b9faace9a","fixed_linking_order","true","76","1.0","sioux_falls","1.0","two_layer","1.0","0","0","0","76","competition","true","","100","100","100","200","48","sampled","layered_sioux_falls","shared","30501","blc","blc_n_minus_one_fixed_order","11400","11400","mip","30000","false","150","false","Gurobi","gurobi_10min_fixed_order_seq8","false","true","600.0","42","8","8",,"benchmark_run\runs\fixed_order_heuristics_gurobi1301_20260821_205724\blc\results\batch_summary.csv","8","8","600.0"
"BlC_n_minus_one","sioux_fixed_order_heuristics_layered_sioux_falls_U150_S3_nolen_LS0.01_CCF1.0_B1.0_shared","150","","false","3","fixed_network_path","BlCSolver","true","fixed_linking_order","Timelimit","-31651.0","0.2713026444662096","600.2669999599457","82222","5400",,"36.110032499999996",,"sioux_fixed_order_heuristics_lay__blc_fixed_path_fixed__gurobi_10min_fixed_o__006be95b709d","fixed_linking_order","true","76","1.0","sioux_falls","1.0","two_layer","1.0","0","0","0","76","competition","true","","100","100","100","200","48","sampled","layered_sioux_falls","shared","30501","blc","blc_fixed_path_fixed_order","11400","11400","mip","30000","false","150","false","Gurobi","gurobi_10min_fixed_order_seq8","false","true","600.0","42","8","8",,"benchmark_run\runs\fixed_order_heuristics_gurobi1301_20260821_205724\blc\results\batch_summary.csv","8","8","600.0"
"BlC_n_minus_one","sioux_fixed_order_heuristics_layered_sioux_falls_U150_S3_nolen_LS0.01_CCF1.0_B1.0_shared","150","","false","3","fixed_network_path_current_cost","BlCSolver","true","fixed_linking_order","Timelimit","-31651.0","0.11986983033711415","600.4410002231598","209739","4050",,"18.297627799999997",,"sioux_fixed_order_heuristics_lay__blc_fixed_path_curre__gurobi_10min_fixed_o__982e3174cf29","fixed_linking_order","true","76","1.0","sioux_falls","1.0","two_layer","1.0","0","0","0","76","competition","true","","100","100","100","200","48","sampled","layered_sioux_falls","shared","30501","blc","blc_fixed_path_current_cost_fixed_order","11400","11400","mip","30000","false","150","false","Gurobi","gurobi_10min_fixed_order_seq8","false","true","600.0","42","8","8",,"benchmark_run\runs\fixed_order_heuristics_gurobi1301_20260821_205724\blc\results\batch_summary.csv","8","8","600.0"
"BlC_n_minus_one","sioux_fixed_order_heuristics_layered_sioux_falls_U150_S4_len_LS0.01_CCF1.0_B1.0_shared","150","0.01","true","4","n_minus_one_most_expensive","BlCSolver","true","fixed_linking_order","Optimal","-26746.0","0.0","63.789000034332275","4189","1200",,"8.1996361",,"sioux_fixed_order_heuristics_lay__blc_n_minus_one_fixe__gurobi_10min_fixed_o__3681ae469d3e","fixed_linking_order","true","76","1.0","sioux_falls","1.0","two_layer","1.0","0","0","0","76","competition","true","0.01","100","100","100","200","48","sampled","layered_sioux_falls","shared","30501","blc","blc_n_minus_one_fixed_order","11400","11400","mip","30000","false","150","false","Gurobi","gurobi_10min_fixed_order_seq8","false","true","600.0","42","8","8",,"benchmark_run\runs\fixed_order_heuristics_gurobi1301_20260821_205724\blc\results\batch_summary.csv","8","8","600.0"
"BlC_n_minus_one","sioux_fixed_order_heuristics_layered_sioux_falls_U150_S4_len_LS0.01_CCF1.0_B1.0_shared","150","0.01","true","4","fixed_network_path","BlCSolver","true","fixed_linking_order","Optimal","-26746.0","0.0","62.193000078201294","3594","1050",,"8.2905444",,"sioux_fixed_order_heuristics_lay__blc_fixed_path_fixed__gurobi_10min_fixed_o__cd6c35c5df99","fixed_linking_order","true","76","1.0","sioux_falls","1.0","two_layer","1.0","0","0","0","76","competition","true","0.01","100","100","100","200","48","sampled","layered_sioux_falls","shared","30501","blc","blc_fixed_path_fixed_order","11400","11400","mip","30000","false","150","false","Gurobi","gurobi_10min_fixed_order_seq8","false","true","600.0","42","8","8",,"benchmark_run\runs\fixed_order_heuristics_gurobi1301_20260821_205724\blc\results\batch_summary.csv","8","8","600.0"
"BlC_n_minus_one","sioux_fixed_order_heuristics_layered_sioux_falls_U150_S4_len_LS0.01_CCF1.0_B1.0_shared","150","0.01","true","4","fixed_network_path_current_cost","BlCSolver","true","fixed_linking_order","Optimal","-26746.0","2.8292065799561664e-14","48.92899990081787","8803","1050",,"6.5934542",,"sioux_fixed_order_heuristics_lay__blc_fixed_path_curre__gurobi_10min_fixed_o__1e3a3540035c","fixed_linking_order","true","76","1.0","sioux_falls","1.0","two_layer","1.0","0","0","0","76","competition","true","0.01","100","100","100","200","48","sampled","layered_sioux_falls","shared","30501","blc","blc_fixed_path_current_cost_fixed_order","11400","11400","mip","30000","false","150","false","Gurobi","gurobi_10min_fixed_order_seq8","false","true","600.0","42","8","8",,"benchmark_run\runs\fixed_order_heuristics_gurobi1301_20260821_205724\blc\results\batch_summary.csv","8","8","600.0"
"BlC_n_minus_one","sioux_fixed_order_heuristics_layered_sioux_falls_U150_S4_len_LS0.05_CCF1.0_B1.0_shared","150","0.05","true","4","n_minus_one_most_expensive","BlCSolver","true","fixed_linking_order","Optimal","-27857.0","0.0","60.94099998474121","1999","2550",,"14.145100300000001",,"sioux_fixed_order_heuristics_lay__blc_n_minus_one_fixe__gurobi_10min_fixed_o__4026c5936713","fixed_linking_order","true","76","1.0","sioux_falls","1.0","two_layer","1.0","0","0","0","76","competition","true","0.05","100","100","100","200","48","sampled","layered_sioux_falls","shared","30501","blc","blc_n_minus_one_fixed_order","11400","11400","mip","30000","false","150","false","Gurobi","gurobi_10min_fixed_order_seq8","false","true","600.0","42","8","8",,"benchmark_run\runs\fixed_order_heuristics_gurobi1301_20260821_205724\blc\results\batch_summary.csv","8","8","600.0"
"BlC_n_minus_one","sioux_fixed_order_heuristics_layered_sioux_falls_U150_S4_len_LS0.05_CCF1.0_B1.0_shared","150","0.05","true","4","fixed_network_path","BlCSolver","true","fixed_linking_order","Optimal","-27857.0","0.0","51.54200005531311","5340","2250",,"13.7555483",,"sioux_fixed_order_heuristics_lay__blc_fixed_path_fixed__gurobi_10min_fixed_o__c84324778ac8","fixed_linking_order","true","76","1.0","sioux_falls","1.0","two_layer","1.0","0","0","0","76","competition","true","0.05","100","100","100","200","48","sampled","layered_sioux_falls","shared","30501","blc","blc_fixed_path_fixed_order","11400","11400","mip","30000","false","150","false","Gurobi","gurobi_10min_fixed_order_seq8","false","true","600.0","42","8","8",,"benchmark_run\runs\fixed_order_heuristics_gurobi1301_20260821_205724\blc\results\batch_summary.csv","8","8","600.0"
"BlC_n_minus_one","sioux_fixed_order_heuristics_layered_sioux_falls_U150_S4_len_LS0.05_CCF1.0_B1.0_shared","150","0.05","true","4","fixed_network_path_current_cost","BlCSolver","true","fixed_linking_order","Optimal","-27857.0","0.0","53.79099988937378","6032","2100",,"13.1590535",,"sioux_fixed_order_heuristics_lay__blc_fixed_path_curre__gurobi_10min_fixed_o__7c4ae617c9b5","fixed_linking_order","true","76","1.0","sioux_falls","1.0","two_layer","1.0","0","0","0","76","competition","true","0.05","100","100","100","200","48","sampled","layered_sioux_falls","shared","30501","blc","blc_fixed_path_current_cost_fixed_order","11400","11400","mip","30000","false","150","false","Gurobi","gurobi_10min_fixed_order_seq8","false","true","600.0","42","8","8",,"benchmark_run\runs\fixed_order_heuristics_gurobi1301_20260821_205724\blc\results\batch_summary.csv","8","8","600.0"
"BlC_n_minus_one","sioux_fixed_order_heuristics_layered_sioux_falls_U150_S4_len_LS0.1_CCF1.0_B1.0_shared","150","0.1","true","4","n_minus_one_most_expensive","BlCSolver","true","fixed_linking_order","Optimal","-27857.0","0.0","49.91799998283386","5050","2850",,"13.4028545",,"sioux_fixed_order_heuristics_lay__blc_n_minus_one_fixe__gurobi_10min_fixed_o__778a8b909463","fixed_linking_order","true","76","1.0","sioux_falls","1.0","two_layer","1.0","0","0","0","76","competition","true","0.1","100","100","100","200","48","sampled","layered_sioux_falls","shared","30501","blc","blc_n_minus_one_fixed_order","11400","11400","mip","30000","false","150","false","Gurobi","gurobi_10min_fixed_order_seq8","false","true","600.0","42","8","8",,"benchmark_run\runs\fixed_order_heuristics_gurobi1301_20260821_205724\blc\results\batch_summary.csv","8","8","600.0"
"BlC_n_minus_one","sioux_fixed_order_heuristics_layered_sioux_falls_U150_S4_len_LS0.1_CCF1.0_B1.0_shared","150","0.1","true","4","fixed_network_path","BlCSolver","true","fixed_linking_order","Optimal","-27857.0","0.0","60.70799994468689","4660","2250",,"14.017016099999998",,"sioux_fixed_order_heuristics_lay__blc_fixed_path_fixed__gurobi_10min_fixed_o__607d111926b9","fixed_linking_order","true","76","1.0","sioux_falls","1.0","two_layer","1.0","0","0","0","76","competition","true","0.1","100","100","100","200","48","sampled","layered_sioux_falls","shared","30501","blc","blc_fixed_path_fixed_order","11400","11400","mip","30000","false","150","false","Gurobi","gurobi_10min_fixed_order_seq8","false","true","600.0","42","8","8",,"benchmark_run\runs\fixed_order_heuristics_gurobi1301_20260821_205724\blc\results\batch_summary.csv","8","8","600.0"
"BlC_n_minus_one","sioux_fixed_order_heuristics_layered_sioux_falls_U150_S4_len_LS0.1_CCF1.0_B1.0_shared","150","0.1","true","4","fixed_network_path_current_cost","BlCSolver","true","fixed_linking_order","Optimal","-27857.0","0.0","54.801000118255615","4922","2400",,"15.276073300000002",,"sioux_fixed_order_heuristics_lay__blc_fixed_path_curre__gurobi_10min_fixed_o__46b97bb7e764","fixed_linking_order","true","76","1.0","sioux_falls","1.0","two_layer","1.0","0","0","0","76","competition","true","0.1","100","100","100","200","48","sampled","layered_sioux_falls","shared","30501","blc","blc_fixed_path_current_cost_fixed_order","11400","11400","mip","30000","false","150","false","Gurobi","gurobi_10min_fixed_order_seq8","false","true","600.0","42","8","8",,"benchmark_run\runs\fixed_order_heuristics_gurobi1301_20260821_205724\blc\results\batch_summary.csv","8","8","600.0"
"BlC_n_minus_one","sioux_fixed_order_heuristics_layered_sioux_falls_U150_S4_nolen_LS0.01_CCF1.0_B1.0_shared","150","","false","4","n_minus_one_most_expensive","BlCSolver","true","fixed_linking_order","Optimal","-27857.0","0.0","43.39299988746643","3130","2400",,"13.806396000000003",,"sioux_fixed_order_heuristics_lay__blc_n_minus_one_fixe__gurobi_10min_fixed_o__cdf538e5f7a8","fixed_linking_order","true","76","1.0","sioux_falls","1.0","two_layer","1.0","0","0","0","76","competition","true","","100","100","100","200","48","sampled","layered_sioux_falls","shared","30501","blc","blc_n_minus_one_fixed_order","11400","11400","mip","30000","false","150","false","Gurobi","gurobi_10min_fixed_order_seq8","false","true","600.0","42","8","8",,"benchmark_run\runs\fixed_order_heuristics_gurobi1301_20260821_205724\blc\results\batch_summary.csv","8","8","600.0"
"BlC_n_minus_one","sioux_fixed_order_heuristics_layered_sioux_falls_U150_S4_nolen_LS0.01_CCF1.0_B1.0_shared","150","","false","4","fixed_network_path","BlCSolver","true","fixed_linking_order","Optimal","-27857.0","0.0","49.40299987792969","3720","3150",,"17.401275199999997",,"sioux_fixed_order_heuristics_lay__blc_fixed_path_fixed__gurobi_10min_fixed_o__3747f89a0c22","fixed_linking_order","true","76","1.0","sioux_falls","1.0","two_layer","1.0","0","0","0","76","competition","true","","100","100","100","200","48","sampled","layered_sioux_falls","shared","30501","blc","blc_fixed_path_fixed_order","11400","11400","mip","30000","false","150","false","Gurobi","gurobi_10min_fixed_order_seq8","false","true","600.0","42","8","8",,"benchmark_run\runs\fixed_order_heuristics_gurobi1301_20260821_205724\blc\results\batch_summary.csv","8","8","600.0"
"BlC_n_minus_one","sioux_fixed_order_heuristics_layered_sioux_falls_U150_S4_nolen_LS0.01_CCF1.0_B1.0_shared","150","","false","4","fixed_network_path_current_cost","BlCSolver","true","fixed_linking_order","Optimal","-27857.0","0.0","38.615999937057495","6412","1800",,"8.3186589",,"sioux_fixed_order_heuristics_lay__blc_fixed_path_curre__gurobi_10min_fixed_o__0a9a9f52482a","fixed_linking_order","true","76","1.0","sioux_falls","1.0","two_layer","1.0","0","0","0","76","competition","true","","100","100","100","200","48","sampled","layered_sioux_falls","shared","30501","blc","blc_fixed_path_current_cost_fixed_order","11400","11400","mip","30000","false","150","false","Gurobi","gurobi_10min_fixed_order_seq8","false","true","600.0","42","8","8",,"benchmark_run\runs\fixed_order_heuristics_gurobi1301_20260821_205724\blc\results\batch_summary.csv","8","8","600.0"
"BlC_n_minus_one","sioux_fixed_order_heuristics_layered_sioux_falls_U175_S2_len_LS0.01_CCF1.0_B1.0_shared","175","0.01","true","2","n_minus_one_most_expensive","BlCSolver","true","fixed_linking_order","Timelimit","-30333.0","0.03316519961757822","600.2199997901917","195299","4025",,"22.581486",,"sioux_fixed_order_heuristics_lay__blc_n_minus_one_fixe__gurobi_10min_fixed_o__1499fae66bab","fixed_linking_order","true","76","1.0","sioux_falls","1.0","two_layer","1.0","0","0","0","76","competition","true","0.01","100","100","100","200","48","sampled","layered_sioux_falls","shared","35551","blc","blc_n_minus_one_fixed_order","13300","13300","mip","35000","false","175","false","Gurobi","gurobi_10min_fixed_order_seq8","false","true","600.0","42","8","8",,"benchmark_run\runs\fixed_order_heuristics_gurobi1301_20260821_205724\blc\results\batch_summary.csv","8","8","600.0"
"BlC_n_minus_one","sioux_fixed_order_heuristics_layered_sioux_falls_U175_S2_len_LS0.01_CCF1.0_B1.0_shared","175","0.01","true","2","fixed_network_path","BlCSolver","true","fixed_linking_order","Timelimit","-30333.0","0.007351729139878979","600.2219998836517","326891","5950",,"43.31803070000001",,"sioux_fixed_order_heuristics_lay__blc_fixed_path_fixed__gurobi_10min_fixed_o__1b07bbb092ee","fixed_linking_order","true","76","1.0","sioux_falls","1.0","two_layer","1.0","0","0","0","76","competition","true","0.01","100","100","100","200","48","sampled","layered_sioux_falls","shared","35551","blc","blc_fixed_path_fixed_order","13300","13300","mip","35000","false","175","false","Gurobi","gurobi_10min_fixed_order_seq8","false","true","600.0","42","8","8",,"benchmark_run\runs\fixed_order_heuristics_gurobi1301_20260821_205724\blc\results\batch_summary.csv","8","8","600.0"
"BlC_n_minus_one","sioux_fixed_order_heuristics_layered_sioux_falls_U175_S2_len_LS0.01_CCF1.0_B1.0_shared","175","0.01","true","2","fixed_network_path_current_cost","BlCSolver","true","fixed_linking_order","Timelimit","-30333.0","0.02320904625325553","600.0640001296997","165349","3500",,"21.123433099999996",,"sioux_fixed_order_heuristics_lay__blc_fixed_path_curre__gurobi_10min_fixed_o__1b8a4dd92f85","fixed_linking_order","true","76","1.0","sioux_falls","1.0","two_layer","1.0","0","0","0","76","competition","true","0.01","100","100","100","200","48","sampled","layered_sioux_falls","shared","35551","blc","blc_fixed_path_current_cost_fixed_order","13300","13300","mip","35000","false","175","false","Gurobi","gurobi_10min_fixed_order_seq8","false","true","600.0","42","8","8",,"benchmark_run\runs\fixed_order_heuristics_gurobi1301_20260821_205724\blc\results\batch_summary.csv","8","8","600.0"
"BlC_n_minus_one","sioux_fixed_order_heuristics_layered_sioux_falls_U175_S2_len_LS0.05_CCF1.0_B1.0_shared","175","0.05","true","2","n_minus_one_most_expensive","BlCSolver","true","fixed_linking_order","Timelimit","-31741.0","0.006805078604958886","600.670000076294","100481","5425",,"40.08209660000001",,"sioux_fixed_order_heuristics_lay__blc_n_minus_one_fixe__gurobi_10min_fixed_o__8c47b5b6d555","fixed_linking_order","true","76","1.0","sioux_falls","1.0","two_layer","1.0","0","0","0","76","competition","true","0.05","100","100","100","200","48","sampled","layered_sioux_falls","shared","35551","blc","blc_n_minus_one_fixed_order","13300","13300","mip","35000","false","175","false","Gurobi","gurobi_10min_fixed_order_seq8","false","true","600.0","42","8","8",,"benchmark_run\runs\fixed_order_heuristics_gurobi1301_20260821_205724\blc\results\batch_summary.csv","8","8","600.0"
"BlC_n_minus_one","sioux_fixed_order_heuristics_layered_sioux_falls_U175_S2_len_LS0.05_CCF1.0_B1.0_shared","175","0.05","true","2","fixed_network_path","BlCSolver","true","fixed_linking_order","Optimal","-31741.0","0.0","467.8659999370575","97192","3150",,"21.256847699999998",,"sioux_fixed_order_heuristics_lay__blc_fixed_path_fixed__gurobi_10min_fixed_o__b7a46b4fdaa4","fixed_linking_order","true","76","1.0","sioux_falls","1.0","two_layer","1.0","0","0","0","76","competition","true","0.05","100","100","100","200","48","sampled","layered_sioux_falls","shared","35551","blc","blc_fixed_path_fixed_order","13300","13300","mip","35000","false","175","false","Gurobi","gurobi_10min_fixed_order_seq8","false","true","600.0","42","8","8",,"benchmark_run\runs\fixed_order_heuristics_gurobi1301_20260821_205724\blc\results\batch_summary.csv","8","8","600.0"
"BlC_n_minus_one","sioux_fixed_order_heuristics_layered_sioux_falls_U175_S2_len_LS0.05_CCF1.0_B1.0_shared","175","0.05","true","2","fixed_network_path_current_cost","BlCSolver","true","fixed_linking_order","Optimal","-31741.0","0.0","363.9119999408722","75792","4200",,"24.5273154",,"sioux_fixed_order_heuristics_lay__blc_fixed_path_curre__gurobi_10min_fixed_o__b8cfdee3130f","fixed_linking_order","true","76","1.0","sioux_falls","1.0","two_layer","1.0","0","0","0","76","competition","true","0.05","100","100","100","200","48","sampled","layered_sioux_falls","shared","35551","blc","blc_fixed_path_current_cost_fixed_order","13300","13300","mip","35000","false","175","false","Gurobi","gurobi_10min_fixed_order_seq8","false","true","600.0","42","8","8",,"benchmark_run\runs\fixed_order_heuristics_gurobi1301_20260821_205724\blc\results\batch_summary.csv","8","8","600.0"
"BlC_n_minus_one","sioux_fixed_order_heuristics_layered_sioux_falls_U175_S2_len_LS0.1_CCF1.0_B1.0_shared","175","0.1","true","2","n_minus_one_most_expensive","BlCSolver","true","fixed_linking_order","Timelimit","-31741.0","0.004599729057055543","600.2269999980927","139310","4025",,"21.796556899999995",,"sioux_fixed_order_heuristics_lay__blc_n_minus_one_fixe__gurobi_10min_fixed_o__5ece4d7a644f","fixed_linking_order","true","76","1.0","sioux_falls","1.0","two_layer","1.0","0","0","0","76","competition","true","0.1","100","100","100","200","48","sampled","layered_sioux_falls","shared","35551","blc","blc_n_minus_one_fixed_order","13300","13300","mip","35000","false","175","false","Gurobi","gurobi_10min_fixed_order_seq8","false","true","600.0","42","8","8",,"benchmark_run\runs\fixed_order_heuristics_gurobi1301_20260821_205724\blc\results\batch_summary.csv","8","8","600.0"
"BlC_n_minus_one","sioux_fixed_order_heuristics_layered_sioux_falls_U175_S2_len_LS0.1_CCF1.0_B1.0_shared","175","0.1","true","2","fixed_network_path","BlCSolver","true","fixed_linking_order","Optimal","-31741.0","0.0","585.3849999904633","143699","3150",,"16.6990214",,"sioux_fixed_order_heuristics_lay__blc_fixed_path_fixed__gurobi_10min_fixed_o__e83f01f98575","fixed_linking_order","true","76","1.0","sioux_falls","1.0","two_layer","1.0","0","0","0","76","competition","true","0.1","100","100","100","200","48","sampled","layered_sioux_falls","shared","35551","blc","blc_fixed_path_fixed_order","13300","13300","mip","35000","false","175","false","Gurobi","gurobi_10min_fixed_order_seq8","false","true","600.0","42","8","8",,"benchmark_run\runs\fixed_order_heuristics_gurobi1301_20260821_205724\blc\results\batch_summary.csv","8","8","600.0"
"BlC_n_minus_one","sioux_fixed_order_heuristics_layered_sioux_falls_U175_S2_len_LS0.1_CCF1.0_B1.0_shared","175","0.1","true","2","fixed_network_path_current_cost","BlCSolver","true","fixed_linking_order","Optimal","-31741.0","0.0","173.09100008010864","17467","3325",,"20.098044",,"sioux_fixed_order_heuristics_lay__blc_fixed_path_curre__gurobi_10min_fixed_o__585144946aca","fixed_linking_order","true","76","1.0","sioux_falls","1.0","two_layer","1.0","0","0","0","76","competition","true","0.1","100","100","100","200","48","sampled","layered_sioux_falls","shared","35551","blc","blc_fixed_path_current_cost_fixed_order","13300","13300","mip","35000","false","175","false","Gurobi","gurobi_10min_fixed_order_seq8","false","true","600.0","42","8","8",,"benchmark_run\runs\fixed_order_heuristics_gurobi1301_20260821_205724\blc\results\batch_summary.csv","8","8","600.0"
"BlC_n_minus_one","sioux_fixed_order_heuristics_layered_sioux_falls_U175_S2_nolen_LS0.01_CCF1.0_B1.0_shared","175","","false","2","n_minus_one_most_expensive","BlCSolver","true","fixed_linking_order","Optimal","-31741.0","6.991484428108582e-15","342.16099977493286","88207","4025",,"19.96527",,"sioux_fixed_order_heuristics_lay__blc_n_minus_one_fixe__gurobi_10min_fixed_o__d732b3f5af12","fixed_linking_order","true","76","1.0","sioux_falls","1.0","two_layer","1.0","0","0","0","76","competition","true","","100","100","100","200","48","sampled","layered_sioux_falls","shared","35551","blc","blc_n_minus_one_fixed_order","13300","13300","mip","35000","false","175","false","Gurobi","gurobi_10min_fixed_order_seq8","false","true","600.0","42","8","8",,"benchmark_run\runs\fixed_order_heuristics_gurobi1301_20260821_205724\blc\results\batch_summary.csv","8","8","600.0"
"BlC_n_minus_one","sioux_fixed_order_heuristics_layered_sioux_falls_U175_S2_nolen_LS0.01_CCF1.0_B1.0_shared","175","","false","2","fixed_network_path","BlCSolver","true","fixed_linking_order","Optimal","-31741.0","0.0","153.47100019454956","12546","3325",,"17.8738892",,"sioux_fixed_order_heuristics_lay__blc_fixed_path_fixed__gurobi_10min_fixed_o__4233b40c48d7","fixed_linking_order","true","76","1.0","sioux_falls","1.0","two_layer","1.0","0","0","0","76","competition","true","","100","100","100","200","48","sampled","layered_sioux_falls","shared","35551","blc","blc_fixed_path_fixed_order","13300","13300","mip","35000","false","175","false","Gurobi","gurobi_10min_fixed_order_seq8","false","true","600.0","42","8","8",,"benchmark_run\runs\fixed_order_heuristics_gurobi1301_20260821_205724\blc\results\batch_summary.csv","8","8","600.0"
"BlC_n_minus_one","sioux_fixed_order_heuristics_layered_sioux_falls_U175_S2_nolen_LS0.01_CCF1.0_B1.0_shared","175","","false","2","fixed_network_path_current_cost","BlCSolver","true","fixed_linking_order","Optimal","-31741.0","2.3037514263111884e-14","427.0130000114441","102827","3325",,"18.2657376",,"sioux_fixed_order_heuristics_lay__blc_fixed_path_curre__gurobi_10min_fixed_o__edc82dcd6455","fixed_linking_order","true","76","1.0","sioux_falls","1.0","two_layer","1.0","0","0","0","76","competition","true","","100","100","100","200","48","sampled","layered_sioux_falls","shared","35551","blc","blc_fixed_path_current_cost_fixed_order","13300","13300","mip","35000","false","175","false","Gurobi","gurobi_10min_fixed_order_seq8","false","true","600.0","42","8","8",,"benchmark_run\runs\fixed_order_heuristics_gurobi1301_20260821_205724\blc\results\batch_summary.csv","8","8","600.0"
"BlC_n_minus_one","sioux_fixed_order_heuristics_layered_sioux_falls_U175_S3_len_LS0.01_CCF1.0_B1.0_shared","175","0.01","true","3","n_minus_one_most_expensive","BlCSolver","true","fixed_linking_order","Timelimit","-29432.0","0.0999252514270182","600.125","62755","4200",,"36.87366180000001",,"sioux_fixed_order_heuristics_lay__blc_n_minus_one_fixe__gurobi_10min_fixed_o__667cfc8b7963","fixed_linking_order","true","76","1.0","sioux_falls","1.0","two_layer","1.0","0","0","0","76","competition","true","0.01","100","100","100","200","48","sampled","layered_sioux_falls","shared","35551","blc","blc_n_minus_one_fixed_order","13300","13300","mip","35000","false","175","false","Gurobi","gurobi_10min_fixed_order_seq8","false","true","600.0","42","8","8",,"benchmark_run\runs\fixed_order_heuristics_gurobi1301_20260821_205724\blc\results\batch_summary.csv","8","8","600.0"
"BlC_n_minus_one","sioux_fixed_order_heuristics_layered_sioux_falls_U175_S3_len_LS0.01_CCF1.0_B1.0_shared","175","0.01","true","3","fixed_network_path","BlCSolver","true","fixed_linking_order","Timelimit","-29304.0","0.426972426972427","600.2910001277924","80138","5775",,"45.28210999999999",,"sioux_fixed_order_heuristics_lay__blc_fixed_path_fixed__gurobi_10min_fixed_o__ca4f8737c272","fixed_linking_order","true","76","1.0","sioux_falls","1.0","two_layer","1.0","0","0","0","76","competition","true","0.01","100","100","100","200","48","sampled","layered_sioux_falls","shared","35551","blc","blc_fixed_path_fixed_order","13300","13300","mip","35000","false","175","false","Gurobi","gurobi_10min_fixed_order_seq8","false","true","600.0","42","8","8",,"benchmark_run\runs\fixed_order_heuristics_gurobi1301_20260821_205724\blc\results\batch_summary.csv","8","8","600.0"
"BlC_n_minus_one","sioux_fixed_order_heuristics_layered_sioux_falls_U175_S3_len_LS0.01_CCF1.0_B1.0_shared","175","0.01","true","3","fixed_network_path_current_cost","BlCSolver","true","fixed_linking_order","Timelimit","-29432.0","0.05558575699918456","600.0510001182556","171365","2625",,"18.357213800000004",,"sioux_fixed_order_heuristics_lay__blc_fixed_path_curre__gurobi_10min_fixed_o__4dffccfc1aee","fixed_linking_order","true","76","1.0","sioux_falls","1.0","two_layer","1.0","0","0","0","76","competition","true","0.01","100","100","100","200","48","sampled","layered_sioux_falls","shared","35551","blc","blc_fixed_path_current_cost_fixed_order","13300","13300","mip","35000","false","175","false","Gurobi","gurobi_10min_fixed_order_seq8","false","true","600.0","42","8","8",,"benchmark_run\runs\fixed_order_heuristics_gurobi1301_20260821_205724\blc\results\batch_summary.csv","8","8","600.0"
"BlC_n_minus_one","sioux_fixed_order_heuristics_layered_sioux_falls_U175_S3_len_LS0.05_CCF1.0_B1.0_shared","175","0.05","true","3","n_minus_one_most_expensive","BlCSolver","true","fixed_linking_order","Timelimit","-35755.0","0.5274227380785904","600.3629999160767","95465","5600",,"34.96551840000001",,"sioux_fixed_order_heuristics_lay__blc_n_minus_one_fixe__gurobi_10min_fixed_o__7e3ca9c07e5b","fixed_linking_order","true","76","1.0","sioux_falls","1.0","two_layer","1.0","0","0","0","76","competition","true","0.05","100","100","100","200","48","sampled","layered_sioux_falls","shared","35551","blc","blc_n_minus_one_fixed_order","13300","13300","mip","35000","false","175","false","Gurobi","gurobi_10min_fixed_order_seq8","false","true","600.0","42","8","8",,"benchmark_run\runs\fixed_order_heuristics_gurobi1301_20260821_205724\blc\results\batch_summary.csv","8","8","600.0"
"BlC_n_minus_one","sioux_fixed_order_heuristics_layered_sioux_falls_U175_S3_len_LS0.05_CCF1.0_B1.0_shared","175","0.05","true","3","fixed_network_path","BlCSolver","true","fixed_linking_order","Timelimit","-35763.0","0.21527836031652825","600.1360001564026","58584","5250",,"28.708477200000004",,"sioux_fixed_order_heuristics_lay__blc_fixed_path_fixed__gurobi_10min_fixed_o__e99eca732b36","fixed_linking_order","true","76","1.0","sioux_falls","1.0","two_layer","1.0","0","0","0","76","competition","true","0.05","100","100","100","200","48","sampled","layered_sioux_falls","shared","35551","blc","blc_fixed_path_fixed_order","13300","13300","mip","35000","false","175","false","Gurobi","gurobi_10min_fixed_order_seq8","false","true","600.0","42","8","8",,"benchmark_run\runs\fixed_order_heuristics_gurobi1301_20260821_205724\blc\results\batch_summary.csv","8","8","600.0"
"BlC_n_minus_one","sioux_fixed_order_heuristics_layered_sioux_falls_U175_S3_len_LS0.05_CCF1.0_B1.0_shared","175","0.05","true","3","fixed_network_path_current_cost","BlCSolver","true","fixed_linking_order","Timelimit","-35969.0","0.2517445578136729","600.0699999332428","158089","6475",,"37.89555099999998",,"sioux_fixed_order_heuristics_lay__blc_fixed_path_curre__gurobi_10min_fixed_o__366cbab26e9c","fixed_linking_order","true","76","1.0","sioux_falls","1.0","two_layer","1.0","0","0","0","76","competition","true","0.05","100","100","100","200","48","sampled","layered_sioux_falls","shared","35551","blc","blc_fixed_path_current_cost_fixed_order","13300","13300","mip","35000","false","175","false","Gurobi","gurobi_10min_fixed_order_seq8","false","true","600.0","42","8","8",,"benchmark_run\runs\fixed_order_heuristics_gurobi1301_20260821_205724\blc\results\batch_summary.csv","8","8","600.0"
"BlC_n_minus_one","sioux_fixed_order_heuristics_layered_sioux_falls_U175_S3_len_LS0.1_CCF1.0_B1.0_shared","175","0.1","true","3","n_minus_one_most_expensive","BlCSolver","true","fixed_linking_order","Timelimit","-36042.0","0.24637922423838854","600.2020001411438","78319","7175",,"41.42309599999999",,"sioux_fixed_order_heuristics_lay__blc_n_minus_one_fixe__gurobi_10min_fixed_o__86af10014099","fixed_linking_order","true","76","1.0","sioux_falls","1.0","two_layer","1.0","0","0","0","76","competition","true","0.1","100","100","100","200","48","sampled","layered_sioux_falls","shared","35551","blc","blc_n_minus_one_fixed_order","13300","13300","mip","35000","false","175","false","Gurobi","gurobi_10min_fixed_order_seq8","false","true","600.0","42","8","8",,"benchmark_run\runs\fixed_order_heuristics_gurobi1301_20260821_205724\blc\results\batch_summary.csv","8","8","600.0"
"BlC_n_minus_one","sioux_fixed_order_heuristics_layered_sioux_falls_U175_S3_len_LS0.1_CCF1.0_B1.0_shared","175","0.1","true","3","fixed_network_path","BlCSolver","true","fixed_linking_order","Timelimit","-36103.0","0.2041104617344819","600.2230000495911","77752","5250",,"27.013469100000002",,"sioux_fixed_order_heuristics_lay__blc_fixed_path_fixed__gurobi_10min_fixed_o__c115e7cf194f","fixed_linking_order","true","76","1.0","sioux_falls","1.0","two_layer","1.0","0","0","0","76","competition","true","0.1","100","100","100","200","48","sampled","layered_sioux_falls","shared","35551","blc","blc_fixed_path_fixed_order","13300","13300","mip","35000","false","175","false","Gurobi","gurobi_10min_fixed_order_seq8","false","true","600.0","42","8","8",,"benchmark_run\runs\fixed_order_heuristics_gurobi1301_20260821_205724\blc\results\batch_summary.csv","8","8","600.0"
"BlC_n_minus_one","sioux_fixed_order_heuristics_layered_sioux_falls_U175_S3_len_LS0.1_CCF1.0_B1.0_shared","175","0.1","true","3","fixed_network_path_current_cost","BlCSolver","true","fixed_linking_order","Timelimit","-36103.0","0.18843309420269783","600.0460000038147","205540","7000",,"47.0404283",,"sioux_fixed_order_heuristics_lay__blc_fixed_path_curre__gurobi_10min_fixed_o__be36694172c7","fixed_linking_order","true","76","1.0","sioux_falls","1.0","two_layer","1.0","0","0","0","76","competition","true","0.1","100","100","100","200","48","sampled","layered_sioux_falls","shared","35551","blc","blc_fixed_path_current_cost_fixed_order","13300","13300","mip","35000","false","175","false","Gurobi","gurobi_10min_fixed_order_seq8","false","true","600.0","42","8","8",,"benchmark_run\runs\fixed_order_heuristics_gurobi1301_20260821_205724\blc\results\batch_summary.csv","8","8","600.0"
"BlC_n_minus_one","sioux_fixed_order_heuristics_layered_sioux_falls_U175_S3_nolen_LS0.01_CCF1.0_B1.0_shared","175","","false","3","n_minus_one_most_expensive","BlCSolver","true","fixed_linking_order","Timelimit","-36075.0","0.27675675675675676","600.3659999370575","110876","6300",,"41.6252772",,"sioux_fixed_order_heuristics_lay__blc_n_minus_one_fixe__gurobi_10min_fixed_o__969190f292e6","fixed_linking_order","true","76","1.0","sioux_falls","1.0","two_layer","1.0","0","0","0","76","competition","true","","100","100","100","200","48","sampled","layered_sioux_falls","shared","35551","blc","blc_n_minus_one_fixed_order","13300","13300","mip","35000","false","175","false","Gurobi","gurobi_10min_fixed_order_seq8","false","true","600.0","42","8","8",,"benchmark_run\runs\fixed_order_heuristics_gurobi1301_20260821_205724\blc\results\batch_summary.csv","8","8","600.0"
"BlC_n_minus_one","sioux_fixed_order_heuristics_layered_sioux_falls_U175_S3_nolen_LS0.01_CCF1.0_B1.0_shared","175","","false","3","fixed_network_path","BlCSolver","true","fixed_linking_order","Timelimit","-36103.0","0.12090407999335236","600.1800000667572","80563","7175",,"43.40326480000001",,"sioux_fixed_order_heuristics_lay__blc_fixed_path_fixed__gurobi_10min_fixed_o__a781ff92956c","fixed_linking_order","true","76","1.0","sioux_falls","1.0","two_layer","1.0","0","0","0","76","competition","true","","100","100","100","200","48","sampled","layered_sioux_falls","shared","35551","blc","blc_fixed_path_fixed_order","13300","13300","mip","35000","false","175","false","Gurobi","gurobi_10min_fixed_order_seq8","false","true","600.0","42","8","8",,"benchmark_run\runs\fixed_order_heuristics_gurobi1301_20260821_205724\blc\results\batch_summary.csv","8","8","600.0"
"BlC_n_minus_one","sioux_fixed_order_heuristics_layered_sioux_falls_U175_S3_nolen_LS0.01_CCF1.0_B1.0_shared","175","","false","3","fixed_network_path_current_cost","BlCSolver","true","fixed_linking_order","Timelimit","-36103.0","0.18510927069772595","600.4379999637604","52840","5075",,"25.713478999999996",,"sioux_fixed_order_heuristics_lay__blc_fixed_path_curre__gurobi_10min_fixed_o__42353d9a00cc","fixed_linking_order","true","76","1.0","sioux_falls","1.0","two_layer","1.0","0","0","0","76","competition","true","","100","100","100","200","48","sampled","layered_sioux_falls","shared","35551","blc","blc_fixed_path_current_cost_fixed_order","13300","13300","mip","35000","false","175","false","Gurobi","gurobi_10min_fixed_order_seq8","false","true","600.0","42","8","8",,"benchmark_run\runs\fixed_order_heuristics_gurobi1301_20260821_205724\blc\results\batch_summary.csv","8","8","600.0"
"BlC_n_minus_one","sioux_fixed_order_heuristics_layered_sioux_falls_U175_S4_len_LS0.01_CCF1.0_B1.0_shared","175","0.01","true","4","n_minus_one_most_expensive","BlCSolver","true","fixed_linking_order","Optimal","-30726.0","0.0","100.8659999370575","4568","2275",,"17.3110134",,"sioux_fixed_order_heuristics_lay__blc_n_minus_one_fixe__gurobi_10min_fixed_o__72b0c10facdc","fixed_linking_order","true","76","1.0","sioux_falls","1.0","two_layer","1.0","0","0","0","76","competition","true","0.01","100","100","100","200","48","sampled","layered_sioux_falls","shared","35551","blc","blc_n_minus_one_fixed_order","13300","13300","mip","35000","false","175","false","Gurobi","gurobi_10min_fixed_order_seq8","false","true","600.0","42","8","8",,"benchmark_run\runs\fixed_order_heuristics_gurobi1301_20260821_205724\blc\results\batch_summary.csv","8","8","600.0"
"BlC_n_minus_one","sioux_fixed_order_heuristics_layered_sioux_falls_U175_S4_len_LS0.01_CCF1.0_B1.0_shared","175","0.01","true","4","fixed_network_path","BlCSolver","true","fixed_linking_order","Optimal","-30726.0","0.0","79.09999990463257","4746","1575",,"12.318750700000002",,"sioux_fixed_order_heuristics_lay__blc_fixed_path_fixed__gurobi_10min_fixed_o__378560af7120","fixed_linking_order","true","76","1.0","sioux_falls","1.0","two_layer","1.0","0","0","0","76","competition","true","0.01","100","100","100","200","48","sampled","layered_sioux_falls","shared","35551","blc","blc_fixed_path_fixed_order","13300","13300","mip","35000","false","175","false","Gurobi","gurobi_10min_fixed_order_seq8","false","true","600.0","42","8","8",,"benchmark_run\runs\fixed_order_heuristics_gurobi1301_20260821_205724\blc\results\batch_summary.csv","8","8","600.0"
"BlC_n_minus_one","sioux_fixed_order_heuristics_layered_sioux_falls_U175_S4_len_LS0.01_CCF1.0_B1.0_shared","175","0.01","true","4","fixed_network_path_current_cost","BlCSolver","true","fixed_linking_order","Optimal","-30726.0","0.0","66.43800020217896","8141","1400",,"11.1668279",,"sioux_fixed_order_heuristics_lay__blc_fixed_path_curre__gurobi_10min_fixed_o__a519a502d9e0","fixed_linking_order","true","76","1.0","sioux_falls","1.0","two_layer","1.0","0","0","0","76","competition","true","0.01","100","100","100","200","48","sampled","layered_sioux_falls","shared","35551","blc","blc_fixed_path_current_cost_fixed_order","13300","13300","mip","35000","false","175","false","Gurobi","gurobi_10min_fixed_order_seq8","false","true","600.0","42","8","8",,"benchmark_run\runs\fixed_order_heuristics_gurobi1301_20260821_205724\blc\results\batch_summary.csv","8","8","600.0"
"BlC_n_minus_one","sioux_fixed_order_heuristics_layered_sioux_falls_U175_S4_len_LS0.05_CCF1.0_B1.0_shared","175","0.05","true","4","n_minus_one_most_expensive","BlCSolver","true","fixed_linking_order","Optimal","-30987.0","0.0","94.47399997711182","9592","3325",,"24.219064500000005",,"sioux_fixed_order_heuristics_lay__blc_n_minus_one_fixe__gurobi_10min_fixed_o__a666f7fbfacc","fixed_linking_order","true","76","1.0","sioux_falls","1.0","two_layer","1.0","0","0","0","76","competition","true","0.05","100","100","100","200","48","sampled","layered_sioux_falls","shared","35551","blc","blc_n_minus_one_fixed_order","13300","13300","mip","35000","false","175","false","Gurobi","gurobi_10min_fixed_order_seq8","false","true","600.0","42","8","8",,"benchmark_run\runs\fixed_order_heuristics_gurobi1301_20260821_205724\blc\results\batch_summary.csv","8","8","600.0"
"BlC_n_minus_one","sioux_fixed_order_heuristics_layered_sioux_falls_U175_S4_len_LS0.05_CCF1.0_B1.0_shared","175","0.05","true","4","fixed_network_path","BlCSolver","true","fixed_linking_order","Optimal","-30987.0","0.0","72.70000004768372","6180","2975",,"19.7475762",,"sioux_fixed_order_heuristics_lay__blc_fixed_path_fixed__gurobi_10min_fixed_o__7b1404826bb9","fixed_linking_order","true","76","1.0","sioux_falls","1.0","two_layer","1.0","0","0","0","76","competition","true","0.05","100","100","100","200","48","sampled","layered_sioux_falls","shared","35551","blc","blc_fixed_path_fixed_order","13300","13300","mip","35000","false","175","false","Gurobi","gurobi_10min_fixed_order_seq8","false","true","600.0","42","8","8",,"benchmark_run\runs\fixed_order_heuristics_gurobi1301_20260821_205724\blc\results\batch_summary.csv","8","8","600.0"
"BlC_n_minus_one","sioux_fixed_order_heuristics_layered_sioux_falls_U175_S4_len_LS0.05_CCF1.0_B1.0_shared","175","0.05","true","4","fixed_network_path_current_cost","BlCSolver","true","fixed_linking_order","Optimal","-30987.0","0.0","87.76999998092651","4442","3325",,"23.894784200000007",,"sioux_fixed_order_heuristics_lay__blc_fixed_path_curre__gurobi_10min_fixed_o__94ebefd6df23","fixed_linking_order","true","76","1.0","sioux_falls","1.0","two_layer","1.0","0","0","0","76","competition","true","0.05","100","100","100","200","48","sampled","layered_sioux_falls","shared","35551","blc","blc_fixed_path_current_cost_fixed_order","13300","13300","mip","35000","false","175","false","Gurobi","gurobi_10min_fixed_order_seq8","false","true","600.0","42","8","8",,"benchmark_run\runs\fixed_order_heuristics_gurobi1301_20260821_205724\blc\results\batch_summary.csv","8","8","600.0"
"BlC_n_minus_one","sioux_fixed_order_heuristics_layered_sioux_falls_U175_S4_len_LS0.1_CCF1.0_B1.0_shared","175","0.1","true","4","n_minus_one_most_expensive","BlCSolver","true","fixed_linking_order","Optimal","-30987.0","0.0","77.19700002670288","5092","3150",,"20.6464961",,"sioux_fixed_order_heuristics_lay__blc_n_minus_one_fixe__gurobi_10min_fixed_o__3f5035201421","fixed_linking_order","true","76","1.0","sioux_falls","1.0","two_layer","1.0","0","0","0","76","competition","true","0.1","100","100","100","200","48","sampled","layered_sioux_falls","shared","35551","blc","blc_n_minus_one_fixed_order","13300","13300","mip","35000","false","175","false","Gurobi","gurobi_10min_fixed_order_seq8","false","true","600.0","42","8","8",,"benchmark_run\runs\fixed_order_heuristics_gurobi1301_20260821_205724\blc\results\batch_summary.csv","8","8","600.0"
"BlC_n_minus_one","sioux_fixed_order_heuristics_layered_sioux_falls_U175_S4_len_LS0.1_CCF1.0_B1.0_shared","175","0.1","true","4","fixed_network_path","BlCSolver","true","fixed_linking_order","Optimal","-30987.0","0.0","87.92000007629395","15161","3325",,"21.3820916",,"sioux_fixed_order_heuristics_lay__blc_fixed_path_fixed__gurobi_10min_fixed_o__bb565f443e00","fixed_linking_order","true","76","1.0","sioux_falls","1.0","two_layer","1.0","0","0","0","76","competition","true","0.1","100","100","100","200","48","sampled","layered_sioux_falls","shared","35551","blc","blc_fixed_path_fixed_order","13300","13300","mip","35000","false","175","false","Gurobi","gurobi_10min_fixed_order_seq8","false","true","600.0","42","8","8",,"benchmark_run\runs\fixed_order_heuristics_gurobi1301_20260821_205724\blc\results\batch_summary.csv","8","8","600.0"
"BlC_n_minus_one","sioux_fixed_order_heuristics_layered_sioux_falls_U175_S4_len_LS0.1_CCF1.0_B1.0_shared","175","0.1","true","4","fixed_network_path_current_cost","BlCSolver","true","fixed_linking_order","Optimal","-30987.0","0.0","108.08100008964539","6614","4725",,"34.6162365",,"sioux_fixed_order_heuristics_lay__blc_fixed_path_curre__gurobi_10min_fixed_o__6f72939144d3","fixed_linking_order","true","76","1.0","sioux_falls","1.0","two_layer","1.0","0","0","0","76","competition","true","0.1","100","100","100","200","48","sampled","layered_sioux_falls","shared","35551","blc","blc_fixed_path_current_cost_fixed_order","13300","13300","mip","35000","false","175","false","Gurobi","gurobi_10min_fixed_order_seq8","false","true","600.0","42","8","8",,"benchmark_run\runs\fixed_order_heuristics_gurobi1301_20260821_205724\blc\results\batch_summary.csv","8","8","600.0"
"BlC_n_minus_one","sioux_fixed_order_heuristics_layered_sioux_falls_U175_S4_nolen_LS0.01_CCF1.0_B1.0_shared","175","","false","4","n_minus_one_most_expensive","BlCSolver","true","fixed_linking_order","Optimal","-30987.0","0.0","70.117999792099","7319","3675",,"23.1897635",,"sioux_fixed_order_heuristics_lay__blc_n_minus_one_fixe__gurobi_10min_fixed_o__1faa86ef1631","fixed_linking_order","true","76","1.0","sioux_falls","1.0","two_layer","1.0","0","0","0","76","competition","true","","100","100","100","200","48","sampled","layered_sioux_falls","shared","35551","blc","blc_n_minus_one_fixed_order","13300","13300","mip","35000","false","175","false","Gurobi","gurobi_10min_fixed_order_seq8","false","true","600.0","42","8","8",,"benchmark_run\runs\fixed_order_heuristics_gurobi1301_20260821_205724\blc\results\batch_summary.csv","8","8","600.0"
"BlC_n_minus_one","sioux_fixed_order_heuristics_layered_sioux_falls_U175_S4_nolen_LS0.01_CCF1.0_B1.0_shared","175","","false","4","fixed_network_path","BlCSolver","true","fixed_linking_order","Optimal","-30987.0","0.0","79.25899982452393","19662","2800",,"18.112207199999997",,"sioux_fixed_order_heuristics_lay__blc_fixed_path_fixed__gurobi_10min_fixed_o__dd9a444d05bd","fixed_linking_order","true","76","1.0","sioux_falls","1.0","two_layer","1.0","0","0","0","76","competition","true","","100","100","100","200","48","sampled","layered_sioux_falls","shared","35551","blc","blc_fixed_path_fixed_order","13300","13300","mip","35000","false","175","false","Gurobi","gurobi_10min_fixed_order_seq8","false","true","600.0","42","8","8",,"benchmark_run\runs\fixed_order_heuristics_gurobi1301_20260821_205724\blc\results\batch_summary.csv","8","8","600.0"
"BlC_n_minus_one","sioux_fixed_order_heuristics_layered_sioux_falls_U175_S4_nolen_LS0.01_CCF1.0_B1.0_shared","175","","false","4","fixed_network_path_current_cost","BlCSolver","true","fixed_linking_order","Optimal","-30987.0","0.0","74.15299987792969","5529","4025",,"26.1019147",,"sioux_fixed_order_heuristics_lay__blc_fixed_path_curre__gurobi_10min_fixed_o__776ffe16e27f","fixed_linking_order","true","76","1.0","sioux_falls","1.0","two_layer","1.0","0","0","0","76","competition","true","","100","100","100","200","48","sampled","layered_sioux_falls","shared","35551","blc","blc_fixed_path_current_cost_fixed_order","13300","13300","mip","35000","false","175","false","Gurobi","gurobi_10min_fixed_order_seq8","false","true","600.0","42","8","8",,"benchmark_run\runs\fixed_order_heuristics_gurobi1301_20260821_205724\blc\results\batch_summary.csv","8","8","600.0"
"BlC_n_minus_one","sioux_fixed_order_heuristics_layered_sioux_falls_U200_S2_len_LS0.01_CCF1.0_B1.0_shared","200","0.01","true","2","n_minus_one_most_expensive","BlCSolver","true","fixed_linking_order","Timelimit","-33426.0","0.03461377370908873","600.1119999885559","60030","5000",,"32.2711405",,"sioux_fixed_order_heuristics_lay__blc_n_minus_one_fixe__gurobi_10min_fixed_o__5f94d238dd9c","fixed_linking_order","true","76","1.0","sioux_falls","1.0","two_layer","1.0","0","0","0","76","competition","true","0.01","100","100","100","200","48","sampled","layered_sioux_falls","shared","40601","blc","blc_n_minus_one_fixed_order","15200","15200","mip","40000","false","200","false","Gurobi","gurobi_10min_fixed_order_seq8","false","true","600.0","42","8","8",,"benchmark_run\runs\fixed_order_heuristics_gurobi1301_20260821_205724\blc\results\batch_summary.csv","8","8","600.0"
"BlC_n_minus_one","sioux_fixed_order_heuristics_layered_sioux_falls_U200_S2_len_LS0.01_CCF1.0_B1.0_shared","200","0.01","true","2","fixed_network_path","BlCSolver","true","fixed_linking_order","Timelimit","-33426.0","0.04038772213242798","600.4250001907349","70347","3400",,"21.957725300000007",,"sioux_fixed_order_heuristics_lay__blc_fixed_path_fixed__gurobi_10min_fixed_o__02048df487ff","fixed_linking_order","true","76","1.0","sioux_falls","1.0","two_layer","1.0","0","0","0","76","competition","true","0.01","100","100","100","200","48","sampled","layered_sioux_falls","shared","40601","blc","blc_fixed_path_fixed_order","15200","15200","mip","40000","false","200","false","Gurobi","gurobi_10min_fixed_order_seq8","false","true","600.0","42","8","8",,"benchmark_run\runs\fixed_order_heuristics_gurobi1301_20260821_205724\blc\results\batch_summary.csv","8","8","600.0"
"BlC_n_minus_one","sioux_fixed_order_heuristics_layered_sioux_falls_U200_S2_len_LS0.01_CCF1.0_B1.0_shared","200","0.01","true","2","fixed_network_path_current_cost","BlCSolver","true","fixed_linking_order","Timelimit","-33426.0","0.02010411057260815","600.0940001010895","89313","4400",,"25.922482099999996",,"sioux_fixed_order_heuristics_lay__blc_fixed_path_curre__gurobi_10min_fixed_o__86eb41bdb545","fixed_linking_order","true","76","1.0","sioux_falls","1.0","two_layer","1.0","0","0","0","76","competition","true","0.01","100","100","100","200","48","sampled","layered_sioux_falls","shared","40601","blc","blc_fixed_path_current_cost_fixed_order","15200","15200","mip","40000","false","200","false","Gurobi","gurobi_10min_fixed_order_seq8","false","true","600.0","42","8","8",,"benchmark_run\runs\fixed_order_heuristics_gurobi1301_20260821_205724\blc\results\batch_summary.csv","8","8","600.0"
"BlC_n_minus_one","sioux_fixed_order_heuristics_layered_sioux_falls_U200_S2_len_LS0.05_CCF1.0_B1.0_shared","200","0.05","true","2","n_minus_one_most_expensive","BlCSolver","true","fixed_linking_order","Optimal","-34392.0","4.3792836303092845e-14","470.3600001335144","75013","3000",,"16.0558808",,"sioux_fixed_order_heuristics_lay__blc_n_minus_one_fixe__gurobi_10min_fixed_o__d9a1139ce89a","fixed_linking_order","true","76","1.0","sioux_falls","1.0","two_layer","1.0","0","0","0","76","competition","true","0.05","100","100","100","200","48","sampled","layered_sioux_falls","shared","40601","blc","blc_n_minus_one_fixed_order","15200","15200","mip","40000","false","200","false","Gurobi","gurobi_10min_fixed_order_seq8","false","true","600.0","42","8","8",,"benchmark_run\runs\fixed_order_heuristics_gurobi1301_20260821_205724\blc\results\batch_summary.csv","8","8","600.0"
"BlC_n_minus_one","sioux_fixed_order_heuristics_layered_sioux_falls_U200_S2_len_LS0.05_CCF1.0_B1.0_shared","200","0.05","true","2","fixed_network_path","BlCSolver","true","fixed_linking_order","Timelimit","-34392.0","0.020324494068386306","600.1610000133514","85026","4600",,"25.2572076",,"sioux_fixed_order_heuristics_lay__blc_fixed_path_fixed__gurobi_10min_fixed_o__dd4717f930f3","fixed_linking_order","true","76","1.0","sioux_falls","1.0","two_layer","1.0","0","0","0","76","competition","true","0.05","100","100","100","200","48","sampled","layered_sioux_falls","shared","40601","blc","blc_fixed_path_fixed_order","15200","15200","mip","40000","false","200","false","Gurobi","gurobi_10min_fixed_order_seq8","false","true","600.0","42","8","8",,"benchmark_run\runs\fixed_order_heuristics_gurobi1301_20260821_205724\blc\results\batch_summary.csv","8","8","600.0"
"BlC_n_minus_one","sioux_fixed_order_heuristics_layered_sioux_falls_U200_S2_len_LS0.05_CCF1.0_B1.0_shared","200","0.05","true","2","fixed_network_path_current_cost","BlCSolver","true","fixed_linking_order","Optimal","-34392.0","0.0","425.5550000667572","64049","4800",,"34.98152060000001",,"sioux_fixed_order_heuristics_lay__blc_fixed_path_curre__gurobi_10min_fixed_o__d1987f7b773e","fixed_linking_order","true","76","1.0","sioux_falls","1.0","two_layer","1.0","0","0","0","76","competition","true","0.05","100","100","100","200","48","sampled","layered_sioux_falls","shared","40601","blc","blc_fixed_path_current_cost_fixed_order","15200","15200","mip","40000","false","200","false","Gurobi","gurobi_10min_fixed_order_seq8","false","true","600.0","42","8","8",,"benchmark_run\runs\fixed_order_heuristics_gurobi1301_20260821_205724\blc\results\batch_summary.csv","8","8","600.0"
"BlC_n_minus_one","sioux_fixed_order_heuristics_layered_sioux_falls_U200_S2_len_LS0.1_CCF1.0_B1.0_shared","200","0.1","true","2","n_minus_one_most_expensive","BlCSolver","true","fixed_linking_order","Timelimit","-34392.0","0.026285182600604792","600.1039998531342","99046","4200",,"23.228553400000006",,"sioux_fixed_order_heuristics_lay__blc_n_minus_one_fixe__gurobi_10min_fixed_o__944e08e2f823","fixed_linking_order","true","76","1.0","sioux_falls","1.0","two_layer","1.0","0","0","0","76","competition","true","0.1","100","100","100","200","48","sampled","layered_sioux_falls","shared","40601","blc","blc_n_minus_one_fixed_order","15200","15200","mip","40000","false","200","false","Gurobi","gurobi_10min_fixed_order_seq8","false","true","600.0","42","8","8",,"benchmark_run\runs\fixed_order_heuristics_gurobi1301_20260821_205724\blc\results\batch_summary.csv","8","8","600.0"
"BlC_n_minus_one","sioux_fixed_order_heuristics_layered_sioux_falls_U200_S2_len_LS0.1_CCF1.0_B1.0_shared","200","0.1","true","2","fixed_network_path","BlCSolver","true","fixed_linking_order","Timelimit","-34392.0","0.027448243777622703","600.819000005722","97045","3400",,"20.986678",,"sioux_fixed_order_heuristics_lay__blc_fixed_path_fixed__gurobi_10min_fixed_o__c1be67202b6e","fixed_linking_order","true","76","1.0","sioux_falls","1.0","two_layer","1.0","0","0","0","76","competition","true","0.1","100","100","100","200","48","sampled","layered_sioux_falls","shared","40601","blc","blc_fixed_path_fixed_order","15200","15200","mip","40000","false","200","false","Gurobi","gurobi_10min_fixed_order_seq8","false","true","600.0","42","8","8",,"benchmark_run\runs\fixed_order_heuristics_gurobi1301_20260821_205724\blc\results\batch_summary.csv","8","8","600.0"
"BlC_n_minus_one","sioux_fixed_order_heuristics_layered_sioux_falls_U200_S2_len_LS0.1_CCF1.0_B1.0_shared","200","0.1","true","2","fixed_network_path_current_cost","BlCSolver","true","fixed_linking_order","Timelimit","-34392.0","0.019045126773668295","600.2960000038147","109108","3600",,"22.385749400000005",,"sioux_fixed_order_heuristics_lay__blc_fixed_path_curre__gurobi_10min_fixed_o__a16ffca8ad01","fixed_linking_order","true","76","1.0","sioux_falls","1.0","two_layer","1.0","0","0","0","76","competition","true","0.1","100","100","100","200","48","sampled","layered_sioux_falls","shared","40601","blc","blc_fixed_path_current_cost_fixed_order","15200","15200","mip","40000","false","200","false","Gurobi","gurobi_10min_fixed_order_seq8","false","true","600.0","42","8","8",,"benchmark_run\runs\fixed_order_heuristics_gurobi1301_20260821_205724\blc\results\batch_summary.csv","8","8","600.0"
"BlC_n_minus_one","sioux_fixed_order_heuristics_layered_sioux_falls_U200_S2_nolen_LS0.01_CCF1.0_B1.0_shared","200","","false","2","n_minus_one_most_expensive","BlCSolver","true","fixed_linking_order","Optimal","-34392.0","0.0","379.2260000705719","86394","5200",,"32.75112980000001",,"sioux_fixed_order_heuristics_lay__blc_n_minus_one_fixe__gurobi_10min_fixed_o__4fb185eb6c67","fixed_linking_order","true","76","1.0","sioux_falls","1.0","two_layer","1.0","0","0","0","76","competition","true","","100","100","100","200","48","sampled","layered_sioux_falls","shared","40601","blc","blc_n_minus_one_fixed_order","15200","15200","mip","40000","false","200","false","Gurobi","gurobi_10min_fixed_order_seq8","false","true","600.0","42","8","8",,"benchmark_run\runs\fixed_order_heuristics_gurobi1301_20260821_205724\blc\results\batch_summary.csv","8","8","600.0"
"BlC_n_minus_one","sioux_fixed_order_heuristics_layered_sioux_falls_U200_S2_nolen_LS0.01_CCF1.0_B1.0_shared","200","","false","2","fixed_network_path","BlCSolver","true","fixed_linking_order","Timelimit","-34392.0","0.029076529425447778","600.164999961853","126400","4400",,"31.792571400000003",,"sioux_fixed_order_heuristics_lay__blc_fixed_path_fixed__gurobi_10min_fixed_o__5af018809b51","fixed_linking_order","true","76","1.0","sioux_falls","1.0","two_layer","1.0","0","0","0","76","competition","true","","100","100","100","200","48","sampled","layered_sioux_falls","shared","40601","blc","blc_fixed_path_fixed_order","15200","15200","mip","40000","false","200","false","Gurobi","gurobi_10min_fixed_order_seq8","false","true","600.0","42","8","8",,"benchmark_run\runs\fixed_order_heuristics_gurobi1301_20260821_205724\blc\results\batch_summary.csv","8","8","600.0"
"BlC_n_minus_one","sioux_fixed_order_heuristics_layered_sioux_falls_U200_S2_nolen_LS0.01_CCF1.0_B1.0_shared","200","","false","2","fixed_network_path_current_cost","BlCSolver","true","fixed_linking_order","Timelimit","-34392.0","0.03971853919516167","600.385999917984","121445","3400",,"21.376652400000005",,"sioux_fixed_order_heuristics_lay__blc_fixed_path_curre__gurobi_10min_fixed_o__d7cb19d85d13","fixed_linking_order","true","76","1.0","sioux_falls","1.0","two_layer","1.0","0","0","0","76","competition","true","","100","100","100","200","48","sampled","layered_sioux_falls","shared","40601","blc","blc_fixed_path_current_cost_fixed_order","15200","15200","mip","40000","false","200","false","Gurobi","gurobi_10min_fixed_order_seq8","false","true","600.0","42","8","8",,"benchmark_run\runs\fixed_order_heuristics_gurobi1301_20260821_205724\blc\results\batch_summary.csv","8","8","600.0"
"BlC_n_minus_one","sioux_fixed_order_heuristics_layered_sioux_falls_U200_S3_len_LS0.01_CCF1.0_B1.0_shared","200","0.01","true","3","n_minus_one_most_expensive","BlCSolver","true","fixed_linking_order","Timelimit","-34326.0","0.06784944357047136","600.8039999008179","82167","3800",,"24.533658599999995",,"sioux_fixed_order_heuristics_lay__blc_n_minus_one_fixe__gurobi_10min_fixed_o__9efc0c28f0ff","fixed_linking_order","true","76","1.0","sioux_falls","1.0","two_layer","1.0","0","0","0","76","competition","true","0.01","100","100","100","200","48","sampled","layered_sioux_falls","shared","40601","blc","blc_n_minus_one_fixed_order","15200","15200","mip","40000","false","200","false","Gurobi","gurobi_10min_fixed_order_seq8","false","true","600.0","42","8","8",,"benchmark_run\runs\fixed_order_heuristics_gurobi1301_20260821_205724\blc\results\batch_summary.csv","8","8","600.0"
"BlC_n_minus_one","sioux_fixed_order_heuristics_layered_sioux_falls_U200_S3_len_LS0.01_CCF1.0_B1.0_shared","200","0.01","true","3","fixed_network_path","BlCSolver","true","fixed_linking_order","Timelimit","-34326.0","0.07554040668880732","600.1289999485016","102191","5400",,"38.88765060000001",,"sioux_fixed_order_heuristics_lay__blc_fixed_path_fixed__gurobi_10min_fixed_o__aa018b160bf5","fixed_linking_order","true","76","1.0","sioux_falls","1.0","two_layer","1.0","0","0","0","76","competition","true","0.01","100","100","100","200","48","sampled","layered_sioux_falls","shared","40601","blc","blc_fixed_path_fixed_order","15200","15200","mip","40000","false","200","false","Gurobi","gurobi_10min_fixed_order_seq8","false","true","600.0","42","8","8",,"benchmark_run\runs\fixed_order_heuristics_gurobi1301_20260821_205724\blc\results\batch_summary.csv","8","8","600.0"
"BlC_n_minus_one","sioux_fixed_order_heuristics_layered_sioux_falls_U200_S3_len_LS0.01_CCF1.0_B1.0_shared","200","0.01","true","3","fixed_network_path_current_cost","BlCSolver","true","fixed_linking_order","Timelimit","-34326.0","0.10452718056283866","600.1300001144409","93821","5800",,"44.47353790000001",,"sioux_fixed_order_heuristics_lay__blc_fixed_path_curre__gurobi_10min_fixed_o__5b4ca7a0b338","fixed_linking_order","true","76","1.0","sioux_falls","1.0","two_layer","1.0","0","0","0","76","competition","true","0.01","100","100","100","200","48","sampled","layered_sioux_falls","shared","40601","blc","blc_fixed_path_current_cost_fixed_order","15200","15200","mip","40000","false","200","false","Gurobi","gurobi_10min_fixed_order_seq8","false","true","600.0","42","8","8",,"benchmark_run\runs\fixed_order_heuristics_gurobi1301_20260821_205724\blc\results\batch_summary.csv","8","8","600.0"
"BlC_n_minus_one","sioux_fixed_order_heuristics_layered_sioux_falls_U200_S3_len_LS0.05_CCF1.0_B1.0_shared","200","0.05","true","3","n_minus_one_most_expensive","BlCSolver","true","fixed_linking_order","Timelimit","-40977.0","0.40168875222685896","600.3700001239777","77751","6000",,"42.30551890000002",,"sioux_fixed_order_heuristics_lay__blc_n_minus_one_fixe__gurobi_10min_fixed_o__bba03c6a15a1","fixed_linking_order","true","76","1.0","sioux_falls","1.0","two_layer","1.0","0","0","0","76","competition","true","0.05","100","100","100","200","48","sampled","layered_sioux_falls","shared","40601","blc","blc_n_minus_one_fixed_order","15200","15200","mip","40000","false","200","false","Gurobi","gurobi_10min_fixed_order_seq8","false","true","600.0","42","8","8",,"benchmark_run\runs\fixed_order_heuristics_gurobi1301_20260821_205724\blc\results\batch_summary.csv","8","8","600.0"
"BlC_n_minus_one","sioux_fixed_order_heuristics_layered_sioux_falls_U200_S3_len_LS0.05_CCF1.0_B1.0_shared","200","0.05","true","3","fixed_network_path","BlCSolver","true","fixed_linking_order","Timelimit","-40925.0","0.3735369578497251","600.3199999332428","85823","6400",,"39.71759870000001",,"sioux_fixed_order_heuristics_lay__blc_fixed_path_fixed__gurobi_10min_fixed_o__2730134244ed","fixed_linking_order","true","76","1.0","sioux_falls","1.0","two_layer","1.0","0","0","0","76","competition","true","0.05","100","100","100","200","48","sampled","layered_sioux_falls","shared","40601","blc","blc_fixed_path_fixed_order","15200","15200","mip","40000","false","200","false","Gurobi","gurobi_10min_fixed_order_seq8","false","true","600.0","42","8","8",,"benchmark_run\runs\fixed_order_heuristics_gurobi1301_20260821_205724\blc\results\batch_summary.csv","8","8","600.0"
"BlC_n_minus_one","sioux_fixed_order_heuristics_layered_sioux_falls_U200_S3_len_LS0.05_CCF1.0_B1.0_shared","200","0.05","true","3","fixed_network_path_current_cost","BlCSolver","true","fixed_linking_order","Timelimit","-40977.0","0.20291871049613197","600.5289998054504","49596","4200",,"19.657996899999997",,"sioux_fixed_order_heuristics_lay__blc_fixed_path_curre__gurobi_10min_fixed_o__4dbc4139231a","fixed_linking_order","true","76","1.0","sioux_falls","1.0","two_layer","1.0","0","0","0","76","competition","true","0.05","100","100","100","200","48","sampled","layered_sioux_falls","shared","40601","blc","blc_fixed_path_current_cost_fixed_order","15200","15200","mip","40000","false","200","false","Gurobi","gurobi_10min_fixed_order_seq8","false","true","600.0","42","8","8",,"benchmark_run\runs\fixed_order_heuristics_gurobi1301_20260821_205724\blc\results\batch_summary.csv","8","8","600.0"
"BlC_n_minus_one","sioux_fixed_order_heuristics_layered_sioux_falls_U200_S3_len_LS0.1_CCF1.0_B1.0_shared","200","0.1","true","3","n_minus_one_most_expensive","BlCSolver","true","fixed_linking_order","Timelimit","-41126.0","0.24225550746486407","600.3309998512268","72469","6800",,"42.55790490000001",,"sioux_fixed_order_heuristics_lay__blc_n_minus_one_fixe__gurobi_10min_fixed_o__9e9bcdc99823","fixed_linking_order","true","76","1.0","sioux_falls","1.0","two_layer","1.0","0","0","0","76","competition","true","0.1","100","100","100","200","48","sampled","layered_sioux_falls","shared","40601","blc","blc_n_minus_one_fixed_order","15200","15200","mip","40000","false","200","false","Gurobi","gurobi_10min_fixed_order_seq8","false","true","600.0","42","8","8",,"benchmark_run\runs\fixed_order_heuristics_gurobi1301_20260821_205724\blc\results\batch_summary.csv","8","8","600.0"
"BlC_n_minus_one","sioux_fixed_order_heuristics_layered_sioux_falls_U200_S3_len_LS0.1_CCF1.0_B1.0_shared","200","0.1","true","3","fixed_network_path","BlCSolver","true","fixed_linking_order","Timelimit","-41121.0","0.23960993166508596","600.393000125885","71778","5000",,"31.7396878",,"sioux_fixed_order_heuristics_lay__blc_fixed_path_fixed__gurobi_10min_fixed_o__ca72744e072c","fixed_linking_order","true","76","1.0","sioux_falls","1.0","two_layer","1.0","0","0","0","76","competition","true","0.1","100","100","100","200","48","sampled","layered_sioux_falls","shared","40601","blc","blc_fixed_path_fixed_order","15200","15200","mip","40000","false","200","false","Gurobi","gurobi_10min_fixed_order_seq8","false","true","600.0","42","8","8",,"benchmark_run\runs\fixed_order_heuristics_gurobi1301_20260821_205724\blc\results\batch_summary.csv","8","8","600.0"
"BlC_n_minus_one","sioux_fixed_order_heuristics_layered_sioux_falls_U200_S3_len_LS0.1_CCF1.0_B1.0_shared","200","0.1","true","3","fixed_network_path_current_cost","BlCSolver","true","fixed_linking_order","Timelimit","-41111.0","0.2407141640923354","600.2599999904633","78569","6400",,"35.67016649999999",,"sioux_fixed_order_heuristics_lay__blc_fixed_path_curre__gurobi_10min_fixed_o__8e3155d4caae","fixed_linking_order","true","76","1.0","sioux_falls","1.0","two_layer","1.0","0","0","0","76","competition","true","0.1","100","100","100","200","48","sampled","layered_sioux_falls","shared","40601","blc","blc_fixed_path_current_cost_fixed_order","15200","15200","mip","40000","false","200","false","Gurobi","gurobi_10min_fixed_order_seq8","false","true","600.0","42","8","8",,"benchmark_run\runs\fixed_order_heuristics_gurobi1301_20260821_205724\blc\results\batch_summary.csv","8","8","600.0"
"BlC_n_minus_one","sioux_fixed_order_heuristics_layered_sioux_falls_U200_S3_nolen_LS0.01_CCF1.0_B1.0_shared","200","","false","3","n_minus_one_most_expensive","BlCSolver","true","fixed_linking_order","Timelimit","-41121.0","0.21857445101043263","600.1269998550415","72762","7400",,"47.86058019999999",,"sioux_fixed_order_heuristics_lay__blc_n_minus_one_fixe__gurobi_10min_fixed_o__23ececc29674","fixed_linking_order","true","76","1.0","sioux_falls","1.0","two_layer","1.0","0","0","0","76","competition","true","","100","100","100","200","48","sampled","layered_sioux_falls","shared","40601","blc","blc_n_minus_one_fixed_order","15200","15200","mip","40000","false","200","false","Gurobi","gurobi_10min_fixed_order_seq8","false","true","600.0","42","8","8",,"benchmark_run\runs\fixed_order_heuristics_gurobi1301_20260821_205724\blc\results\batch_summary.csv","8","8","600.0"
"BlC_n_minus_one","sioux_fixed_order_heuristics_layered_sioux_falls_U200_S3_nolen_LS0.01_CCF1.0_B1.0_shared","200","","false","3","fixed_network_path","BlCSolver","true","fixed_linking_order","Timelimit","-41126.0","0.29725720955113555","600.2550001144409","93568","5600",,"31.251649399999994",,"sioux_fixed_order_heuristics_lay__blc_fixed_path_fixed__gurobi_10min_fixed_o__4b9f945e9f9f","fixed_linking_order","true","76","1.0","sioux_falls","1.0","two_layer","1.0","0","0","0","76","competition","true","","100","100","100","200","48","sampled","layered_sioux_falls","shared","40601","blc","blc_fixed_path_fixed_order","15200","15200","mip","40000","false","200","false","Gurobi","gurobi_10min_fixed_order_seq8","false","true","600.0","42","8","8",,"benchmark_run\runs\fixed_order_heuristics_gurobi1301_20260821_205724\blc\results\batch_summary.csv","8","8","600.0"
"BlC_n_minus_one","sioux_fixed_order_heuristics_layered_sioux_falls_U200_S3_nolen_LS0.01_CCF1.0_B1.0_shared","200","","false","3","fixed_network_path_current_cost","BlCSolver","true","fixed_linking_order","Timelimit","-40881.0","0.260830214525085","600.470999956131","77916","9400",,"61.22542039999998",,"sioux_fixed_order_heuristics_lay__blc_fixed_path_curre__gurobi_10min_fixed_o__26211514369e","fixed_linking_order","true","76","1.0","sioux_falls","1.0","two_layer","1.0","0","0","0","76","competition","true","","100","100","100","200","48","sampled","layered_sioux_falls","shared","40601","blc","blc_fixed_path_current_cost_fixed_order","15200","15200","mip","40000","false","200","false","Gurobi","gurobi_10min_fixed_order_seq8","false","true","600.0","42","8","8",,"benchmark_run\runs\fixed_order_heuristics_gurobi1301_20260821_205724\blc\results\batch_summary.csv","8","8","600.0"
"BlC_n_minus_one","sioux_fixed_order_heuristics_layered_sioux_falls_U200_S4_len_LS0.01_CCF1.0_B1.0_shared","200","0.01","true","4","n_minus_one_most_expensive","BlCSolver","true","fixed_linking_order","Optimal","-35511.0","2.0899092581079367e-14","137.92500019073486","3271","1600",,"16.0374826",,"sioux_fixed_order_heuristics_lay__blc_n_minus_one_fixe__gurobi_10min_fixed_o__7d855615219b","fixed_linking_order","true","76","1.0","sioux_falls","1.0","two_layer","1.0","0","0","0","76","competition","true","0.01","100","100","100","200","48","sampled","layered_sioux_falls","shared","40601","blc","blc_n_minus_one_fixed_order","15200","15200","mip","40000","false","200","false","Gurobi","gurobi_10min_fixed_order_seq8","false","true","600.0","42","8","8",,"benchmark_run\runs\fixed_order_heuristics_gurobi1301_20260821_205724\blc\results\batch_summary.csv","8","8","600.0"
"BlC_n_minus_one","sioux_fixed_order_heuristics_layered_sioux_falls_U200_S4_len_LS0.01_CCF1.0_B1.0_shared","200","0.01","true","4","fixed_network_path","BlCSolver","true","fixed_linking_order","Optimal","-35511.0","2.8685029032854036e-15","105.17799997329712","3144","1600",,"13.4400886",,"sioux_fixed_order_heuristics_lay__blc_fixed_path_fixed__gurobi_10min_fixed_o__677ab7dc895d","fixed_linking_order","true","76","1.0","sioux_falls","1.0","two_layer","1.0","0","0","0","76","competition","true","0.01","100","100","100","200","48","sampled","layered_sioux_falls","shared","40601","blc","blc_fixed_path_fixed_order","15200","15200","mip","40000","false","200","false","Gurobi","gurobi_10min_fixed_order_seq8","false","true","600.0","42","8","8",,"benchmark_run\runs\fixed_order_heuristics_gurobi1301_20260821_205724\blc\results\batch_summary.csv","8","8","600.0"
"BlC_n_minus_one","sioux_fixed_order_heuristics_layered_sioux_falls_U200_S4_len_LS0.01_CCF1.0_B1.0_shared","200","0.01","true","4","fixed_network_path_current_cost","BlCSolver","true","fixed_linking_order","Optimal","-35511.0","0.0","89.58599996566772","2210","1600",,"12.760194399999998",,"sioux_fixed_order_heuristics_lay__blc_fixed_path_curre__gurobi_10min_fixed_o__d10972c34c4a","fixed_linking_order","true","76","1.0","sioux_falls","1.0","two_layer","1.0","0","0","0","76","competition","true","0.01","100","100","100","200","48","sampled","layered_sioux_falls","shared","40601","blc","blc_fixed_path_current_cost_fixed_order","15200","15200","mip","40000","false","200","false","Gurobi","gurobi_10min_fixed_order_seq8","false","true","600.0","42","8","8",,"benchmark_run\runs\fixed_order_heuristics_gurobi1301_20260821_205724\blc\results\batch_summary.csv","8","8","600.0"
"BlC_n_minus_one","sioux_fixed_order_heuristics_layered_sioux_falls_U200_S4_len_LS0.05_CCF1.0_B1.0_shared","200","0.05","true","4","n_minus_one_most_expensive","BlCSolver","true","fixed_linking_order","Optimal","-35487.0","0.0","464.7220001220703","67577","3200",,"22.224355999999997",,"sioux_fixed_order_heuristics_lay__blc_n_minus_one_fixe__gurobi_10min_fixed_o__3ff4aace6726","fixed_linking_order","true","76","1.0","sioux_falls","1.0","two_layer","1.0","0","0","0","76","competition","true","0.05","100","100","100","200","48","sampled","layered_sioux_falls","shared","40601","blc","blc_n_minus_one_fixed_order","15200","15200","mip","40000","false","200","false","Gurobi","gurobi_10min_fixed_order_seq8","false","true","600.0","42","8","8",,"benchmark_run\runs\fixed_order_heuristics_gurobi1301_20260821_205724\blc\results\batch_summary.csv","8","8","600.0"
"BlC_n_minus_one","sioux_fixed_order_heuristics_layered_sioux_falls_U200_S4_len_LS0.05_CCF1.0_B1.0_shared","200","0.05","true","4","fixed_network_path","BlCSolver","true","fixed_linking_order","Optimal","-35487.0","0.0","125.51199984550476","23921","3800",,"25.5616127",,"sioux_fixed_order_heuristics_lay__blc_fixed_path_fixed__gurobi_10min_fixed_o__82c0a45f5ba9","fixed_linking_order","true","76","1.0","sioux_falls","1.0","two_layer","1.0","0","0","0","76","competition","true","0.05","100","100","100","200","48","sampled","layered_sioux_falls","shared","40601","blc","blc_fixed_path_fixed_order","15200","15200","mip","40000","false","200","false","Gurobi","gurobi_10min_fixed_order_seq8","false","true","600.0","42","8","8",,"benchmark_run\runs\fixed_order_heuristics_gurobi1301_20260821_205724\blc\results\batch_summary.csv","8","8","600.0"
"BlC_n_minus_one","sioux_fixed_order_heuristics_layered_sioux_falls_U200_S4_len_LS0.05_CCF1.0_B1.0_shared","200","0.05","true","4","fixed_network_path_current_cost","BlCSolver","true","fixed_linking_order","Optimal","-35487.0","4.449186469066992e-14","131.83400011062622","19417","3800",,"27.855460399999995",,"sioux_fixed_order_heuristics_lay__blc_fixed_path_curre__gurobi_10min_fixed_o__175eb55647cf","fixed_linking_order","true","76","1.0","sioux_falls","1.0","two_layer","1.0","0","0","0","76","competition","true","0.05","100","100","100","200","48","sampled","layered_sioux_falls","shared","40601","blc","blc_fixed_path_current_cost_fixed_order","15200","15200","mip","40000","false","200","false","Gurobi","gurobi_10min_fixed_order_seq8","false","true","600.0","42","8","8",,"benchmark_run\runs\fixed_order_heuristics_gurobi1301_20260821_205724\blc\results\batch_summary.csv","8","8","600.0"
"BlC_n_minus_one","sioux_fixed_order_heuristics_layered_sioux_falls_U200_S4_len_LS0.1_CCF1.0_B1.0_shared","200","0.1","true","4","n_minus_one_most_expensive","BlCSolver","true","fixed_linking_order","Optimal","-35487.0","0.0","124.78699994087219","20916","4600",,"33.62840920000001",,"sioux_fixed_order_heuristics_lay__blc_n_minus_one_fixe__gurobi_10min_fixed_o__cea78d1a52dd","fixed_linking_order","true","76","1.0","sioux_falls","1.0","two_layer","1.0","0","0","0","76","competition","true","0.1","100","100","100","200","48","sampled","layered_sioux_falls","shared","40601","blc","blc_n_minus_one_fixed_order","15200","15200","mip","40000","false","200","false","Gurobi","gurobi_10min_fixed_order_seq8","false","true","600.0","42","8","8",,"benchmark_run\runs\fixed_order_heuristics_gurobi1301_20260821_205724\blc\results\batch_summary.csv","8","8","600.0"
"BlC_n_minus_one","sioux_fixed_order_heuristics_layered_sioux_falls_U200_S4_len_LS0.1_CCF1.0_B1.0_shared","200","0.1","true","4","fixed_network_path","BlCSolver","true","fixed_linking_order","Optimal","-35487.0","0.0","129.03999996185303","9481","4400",,"34.2868196",,"sioux_fixed_order_heuristics_lay__blc_fixed_path_fixed__gurobi_10min_fixed_o__657e0438e08f","fixed_linking_order","true","76","1.0","sioux_falls","1.0","two_layer","1.0","0","0","0","76","competition","true","0.1","100","100","100","200","48","sampled","layered_sioux_falls","shared","40601","blc","blc_fixed_path_fixed_order","15200","15200","mip","40000","false","200","false","Gurobi","gurobi_10min_fixed_order_seq8","false","true","600.0","42","8","8",,"benchmark_run\runs\fixed_order_heuristics_gurobi1301_20260821_205724\blc\results\batch_summary.csv","8","8","600.0"
"BlC_n_minus_one","sioux_fixed_order_heuristics_layered_sioux_falls_U200_S4_len_LS0.1_CCF1.0_B1.0_shared","200","0.1","true","4","fixed_network_path_current_cost","BlCSolver","true","fixed_linking_order","Optimal","-35487.0","1.2711961340191405e-14","101.44500017166138","7992","2400",,"16.6877101",,"sioux_fixed_order_heuristics_lay__blc_fixed_path_curre__gurobi_10min_fixed_o__5822f0d47ac7","fixed_linking_order","true","76","1.0","sioux_falls","1.0","two_layer","1.0","0","0","0","76","competition","true","0.1","100","100","100","200","48","sampled","layered_sioux_falls","shared","40601","blc","blc_fixed_path_current_cost_fixed_order","15200","15200","mip","40000","false","200","false","Gurobi","gurobi_10min_fixed_order_seq8","false","true","600.0","42","8","8",,"benchmark_run\runs\fixed_order_heuristics_gurobi1301_20260821_205724\blc\results\batch_summary.csv","8","8","600.0"
"BlC_n_minus_one","sioux_fixed_order_heuristics_layered_sioux_falls_U200_S4_nolen_LS0.01_CCF1.0_B1.0_shared","200","","false","4","n_minus_one_most_expensive","BlCSolver","true","fixed_linking_order","Optimal","-35487.0","0.0","76.79900002479553","9022","2600",,"16.349871999999998",,"sioux_fixed_order_heuristics_lay__blc_n_minus_one_fixe__gurobi_10min_fixed_o__aaa0bf667ca9","fixed_linking_order","true","76","1.0","sioux_falls","1.0","two_layer","1.0","0","0","0","76","competition","true","","100","100","100","200","48","sampled","layered_sioux_falls","shared","40601","blc","blc_n_minus_one_fixed_order","15200","15200","mip","40000","false","200","false","Gurobi","gurobi_10min_fixed_order_seq8","false","true","600.0","42","8","8",,"benchmark_run\runs\fixed_order_heuristics_gurobi1301_20260821_205724\blc\results\batch_summary.csv","8","8","600.0"
"BlC_n_minus_one","sioux_fixed_order_heuristics_layered_sioux_falls_U200_S4_nolen_LS0.01_CCF1.0_B1.0_shared","200","","false","4","fixed_network_path","BlCSolver","true","fixed_linking_order","Optimal","-35487.0","1.3327056243749054e-14","88.85400009155273","5946","3800",,"24.896204200000003",,"sioux_fixed_order_heuristics_lay__blc_fixed_path_fixed__gurobi_10min_fixed_o__c43fd1dcf932","fixed_linking_order","true","76","1.0","sioux_falls","1.0","two_layer","1.0","0","0","0","76","competition","true","","100","100","100","200","48","sampled","layered_sioux_falls","shared","40601","blc","blc_fixed_path_fixed_order","15200","15200","mip","40000","false","200","false","Gurobi","gurobi_10min_fixed_order_seq8","false","true","600.0","42","8","8",,"benchmark_run\runs\fixed_order_heuristics_gurobi1301_20260821_205724\blc\results\batch_summary.csv","8","8","600.0"
"BlC_n_minus_one","sioux_fixed_order_heuristics_layered_sioux_falls_U200_S4_nolen_LS0.01_CCF1.0_B1.0_shared","200","","false","4","fixed_network_path_current_cost","BlCSolver","true","fixed_linking_order","Optimal","-35487.0","0.0","93.98399996757507","7105","2600",,"17.2417001",,"sioux_fixed_order_heuristics_lay__blc_fixed_path_curre__gurobi_10min_fixed_o__8378478f83a0","fixed_linking_order","true","76","1.0","sioux_falls","1.0","two_layer","1.0","0","0","0","76","competition","true","","100","100","100","200","48","sampled","layered_sioux_falls","shared","40601","blc","blc_fixed_path_current_cost_fixed_order","15200","15200","mip","40000","false","200","false","Gurobi","gurobi_10min_fixed_order_seq8","false","true","600.0","42","8","8",,"benchmark_run\runs\fixed_order_heuristics_gurobi1301_20260821_205724\blc\results\batch_summary.csv","8","8","600.0"
"BlCLag_warm_start","sioux_fixed_order_heuristics_layered_sioux_falls_U100_S2_len_LS0.01_CCF1.0_B1.0_shared","100","0.01","true","2","n_minus_one_most_expensive","BlCLagSolver","true","fixed_linking_order","Optimal","-17622.0","0.0","247.67499995231628","106952",,"163","80.54820919999997","80.41879280000019","sioux_fixed_order_heuristics_lay__blclag_n_minus_one_f__gurobi_10min_fixed_o__82c1c3e30745","fixed_linking_order","true","76","1.0","sioux_falls","1.0","two_layer","1.0","0","0","0","76","competition","true","0.01","100","100","100","200","48","sampled","layered_sioux_falls","shared","20401","blclag","blclag_n_minus_one_fixed_order","7600","7600","blc_jump","20000","false","100","false","Gurobi","gurobi_10min_fixed_order_seq8_warm","false","true","600.0","42","8","8","0.11402","benchmark_run\runs\fixed_order_heuristics_gurobi1301_20260821_205724\blclag\results\batch_summary.csv","8","8","600.0"
"BlCLag_warm_start","sioux_fixed_order_heuristics_layered_sioux_falls_U100_S2_len_LS0.05_CCF1.0_B1.0_shared","100","0.05","true","2","n_minus_one_most_expensive","BlCLagSolver","true","fixed_linking_order","Optimal","-19070.0","0.0","114.63199996948242","11406",,"227","67.60675529999999","67.57758370000006","sioux_fixed_order_heuristics_lay__blclag_n_minus_one_f__gurobi_10min_fixed_o__3ff5f7120ae1","fixed_linking_order","true","76","1.0","sioux_falls","1.0","two_layer","1.0","0","0","0","76","competition","true","0.05","100","100","100","200","48","sampled","layered_sioux_falls","shared","20401","blclag","blclag_n_minus_one_fixed_order","7600","7600","blc_jump","20000","false","100","false","Gurobi","gurobi_10min_fixed_order_seq8_warm","false","true","600.0","42","8","8","0.0394753","benchmark_run\runs\fixed_order_heuristics_gurobi1301_20260821_205724\blclag\results\batch_summary.csv","8","8","600.0"
"BlCLag_warm_start","sioux_fixed_order_heuristics_layered_sioux_falls_U100_S2_len_LS0.1_CCF1.0_B1.0_shared","100","0.1","true","2","n_minus_one_most_expensive","BlCLagSolver","true","fixed_linking_order","Optimal","-19070.0","0.0","111.84299993515015","13442",,"224","64.95292149999999","64.92190660000023","sioux_fixed_order_heuristics_lay__blclag_n_minus_one_f__gurobi_10min_fixed_o__20ad58e78f18","fixed_linking_order","true","76","1.0","sioux_falls","1.0","two_layer","1.0","0","0","0","76","competition","true","0.1","100","100","100","200","48","sampled","layered_sioux_falls","shared","20401","blclag","blclag_n_minus_one_fixed_order","7600","7600","blc_jump","20000","false","100","false","Gurobi","gurobi_10min_fixed_order_seq8_warm","false","true","600.0","42","8","8","0.0373887","benchmark_run\runs\fixed_order_heuristics_gurobi1301_20260821_205724\blclag\results\batch_summary.csv","8","8","600.0"
"BlCLag_warm_start","sioux_fixed_order_heuristics_layered_sioux_falls_U100_S2_nolen_LS0.01_CCF1.0_B1.0_shared","100","","false","2","n_minus_one_most_expensive","BlCLagSolver","true","fixed_linking_order","Optimal","-19070.0","0.0","117.67999982833862","11300",,"218","66.4849347","66.45498010000001","sioux_fixed_order_heuristics_lay__blclag_n_minus_one_f__gurobi_10min_fixed_o__a9f850729d83","fixed_linking_order","true","76","1.0","sioux_falls","1.0","two_layer","1.0","0","0","0","76","competition","true","","100","100","100","200","48","sampled","layered_sioux_falls","shared","20401","blclag","blclag_n_minus_one_fixed_order","7600","7600","blc_jump","20000","false","100","false","Gurobi","gurobi_10min_fixed_order_seq8_warm","false","true","600.0","42","8","8","0.0382815","benchmark_run\runs\fixed_order_heuristics_gurobi1301_20260821_205724\blclag\results\batch_summary.csv","8","8","600.0"
"BlCLag_warm_start","sioux_fixed_order_heuristics_layered_sioux_falls_U100_S3_len_LS0.01_CCF1.0_B1.0_shared","100","0.01","true","3","n_minus_one_most_expensive","BlCLagSolver","true","fixed_linking_order","Optimal","-16907.0","0.0","296.2330000400543","145038",,"187","94.3180208","94.28812780000004","sioux_fixed_order_heuristics_lay__blclag_n_minus_one_f__gurobi_10min_fixed_o__0e09134a2a14","fixed_linking_order","true","76","1.0","sioux_falls","1.0","two_layer","1.0","0","0","0","76","competition","true","0.01","100","100","100","200","48","sampled","layered_sioux_falls","shared","20401","blclag","blclag_n_minus_one_fixed_order","7600","7600","blc_jump","20000","false","100","false","Gurobi","gurobi_10min_fixed_order_seq8_warm","false","true","600.0","42","8","8","0.0385258","benchmark_run\runs\fixed_order_heuristics_gurobi1301_20260821_205724\blclag\results\batch_summary.csv","8","8","600.0"
"BlCLag_warm_start","sioux_fixed_order_heuristics_layered_sioux_falls_U100_S3_len_LS0.05_CCF1.0_B1.0_shared","100","0.05","true","3","n_minus_one_most_expensive","BlCLagSolver","true","fixed_linking_order","Timelimit","-20513.0","0.013942378004184306","600.0360000133514","311680",,"281","94.9915096","94.92071469999998","sioux_fixed_order_heuristics_lay__blclag_n_minus_one_f__gurobi_10min_fixed_o__57474127490b","fixed_linking_order","true","76","1.0","sioux_falls","1.0","two_layer","1.0","0","0","0","76","competition","true","0.05","100","100","100","200","48","sampled","layered_sioux_falls","shared","20401","blclag","blclag_n_minus_one_fixed_order","7600","7600","blc_jump","20000","false","100","false","Gurobi","gurobi_10min_fixed_order_seq8_warm","false","true","600.0","42","8","8","0.0387008","benchmark_run\runs\fixed_order_heuristics_gurobi1301_20260821_205724\blclag\results\batch_summary.csv","8","8","600.0"
"BlCLag_warm_start","sioux_fixed_order_heuristics_layered_sioux_falls_U100_S3_len_LS0.1_CCF1.0_B1.0_shared","100","0.1","true","3","n_minus_one_most_expensive","BlCLagSolver","true","fixed_linking_order","Timelimit","-20647.0","0.04906281784278588","600.1979999542236","358940",,"287","128.0990372","128.05617559999982","sioux_fixed_order_heuristics_lay__blclag_n_minus_one_f__gurobi_10min_fixed_o__2b27f2c7cd0e","fixed_linking_order","true","76","1.0","sioux_falls","1.0","two_layer","1.0","0","0","0","76","competition","true","0.1","100","100","100","200","48","sampled","layered_sioux_falls","shared","20401","blclag","blclag_n_minus_one_fixed_order","7600","7600","blc_jump","20000","false","100","false","Gurobi","gurobi_10min_fixed_order_seq8_warm","false","true","600.0","42","8","8","0.0403413","benchmark_run\runs\fixed_order_heuristics_gurobi1301_20260821_205724\blclag\results\batch_summary.csv","8","8","600.0"
"BlCLag_warm_start","sioux_fixed_order_heuristics_layered_sioux_falls_U100_S3_nolen_LS0.01_CCF1.0_B1.0_shared","100","","false","3","n_minus_one_most_expensive","BlCLagSolver","true","fixed_linking_order","Optimal","-20647.0","0.0","599.8939998149872","337787",,"295","101.00384050000002","100.95563150000001","sioux_fixed_order_heuristics_lay__blclag_n_minus_one_f__gurobi_10min_fixed_o__5287a4a9594f","fixed_linking_order","true","76","1.0","sioux_falls","1.0","two_layer","1.0","0","0","0","76","competition","true","","100","100","100","200","48","sampled","layered_sioux_falls","shared","20401","blclag","blclag_n_minus_one_fixed_order","7600","7600","blc_jump","20000","false","100","false","Gurobi","gurobi_10min_fixed_order_seq8_warm","false","true","600.0","42","8","8","0.0404786","benchmark_run\runs\fixed_order_heuristics_gurobi1301_20260821_205724\blclag\results\batch_summary.csv","8","8","600.0"
"BlCLag_warm_start","sioux_fixed_order_heuristics_layered_sioux_falls_U100_S4_len_LS0.01_CCF1.0_B1.0_shared","100","0.01","true","4","n_minus_one_most_expensive","BlCLagSolver","true","fixed_linking_order","Optimal","-17887.0","0.0","66.94299983978271","2673",,"134","33.785952900000005","33.765527399999996","sioux_fixed_order_heuristics_lay__blclag_n_minus_one_f__gurobi_10min_fixed_o__fea003138509","fixed_linking_order","true","76","1.0","sioux_falls","1.0","two_layer","1.0","0","0","0","76","competition","true","0.01","100","100","100","200","48","sampled","layered_sioux_falls","shared","20401","blclag","blclag_n_minus_one_fixed_order","7600","7600","blc_jump","20000","false","100","false","Gurobi","gurobi_10min_fixed_order_seq8_warm","false","true","600.0","42","8","8","0.0402032","benchmark_run\runs\fixed_order_heuristics_gurobi1301_20260821_205724\blclag\results\batch_summary.csv","8","8","600.0"
"BlCLag_warm_start","sioux_fixed_order_heuristics_layered_sioux_falls_U100_S4_len_LS0.05_CCF1.0_B1.0_shared","100","0.05","true","4","n_minus_one_most_expensive","BlCLagSolver","true","fixed_linking_order","Optimal","-18379.0","0.0","83.00100016593933","5605",,"164","51.4205284","51.39918799999999","sioux_fixed_order_heuristics_lay__blclag_n_minus_one_f__gurobi_10min_fixed_o__e1d49f0590c8","fixed_linking_order","true","76","1.0","sioux_falls","1.0","two_layer","1.0","0","0","0","76","competition","true","0.05","100","100","100","200","48","sampled","layered_sioux_falls","shared","20401","blclag","blclag_n_minus_one_fixed_order","7600","7600","blc_jump","20000","false","100","false","Gurobi","gurobi_10min_fixed_order_seq8_warm","false","true","600.0","42","8","8","0.0412485","benchmark_run\runs\fixed_order_heuristics_gurobi1301_20260821_205724\blclag\results\batch_summary.csv","8","8","600.0"
"BlCLag_warm_start","sioux_fixed_order_heuristics_layered_sioux_falls_U100_S4_len_LS0.1_CCF1.0_B1.0_shared","100","0.1","true","4","n_minus_one_most_expensive","BlCLagSolver","true","fixed_linking_order","Optimal","-18379.0","0.0","62.2039999961853","5149",,"146","35.453508","35.43734879999999","sioux_fixed_order_heuristics_lay__blclag_n_minus_one_f__gurobi_10min_fixed_o__048045f0fb86","fixed_linking_order","true","76","1.0","sioux_falls","1.0","two_layer","1.0","0","0","0","76","competition","true","0.1","100","100","100","200","48","sampled","layered_sioux_falls","shared","20401","blclag","blclag_n_minus_one_fixed_order","7600","7600","blc_jump","20000","false","100","false","Gurobi","gurobi_10min_fixed_order_seq8_warm","false","true","600.0","42","8","8","0.040746","benchmark_run\runs\fixed_order_heuristics_gurobi1301_20260821_205724\blclag\results\batch_summary.csv","8","8","600.0"
"BlCLag_warm_start","sioux_fixed_order_heuristics_layered_sioux_falls_U100_S4_nolen_LS0.01_CCF1.0_B1.0_shared","100","","false","4","n_minus_one_most_expensive","BlCLagSolver","true","fixed_linking_order","Optimal","-18379.0","0.0","79.21800017356873","5373",,"151","54.36824539999999","54.34358910000004","sioux_fixed_order_heuristics_lay__blclag_n_minus_one_f__gurobi_10min_fixed_o__b8e33b4d26c6","fixed_linking_order","true","76","1.0","sioux_falls","1.0","two_layer","1.0","0","0","0","76","competition","true","","100","100","100","200","48","sampled","layered_sioux_falls","shared","20401","blclag","blclag_n_minus_one_fixed_order","7600","7600","blc_jump","20000","false","100","false","Gurobi","gurobi_10min_fixed_order_seq8_warm","false","true","600.0","42","8","8","0.0409179","benchmark_run\runs\fixed_order_heuristics_gurobi1301_20260821_205724\blclag\results\batch_summary.csv","8","8","600.0"
"BlCLag_warm_start","sioux_fixed_order_heuristics_layered_sioux_falls_U125_S2_len_LS0.01_CCF1.0_B1.0_shared","125","0.01","true","2","n_minus_one_most_expensive","BlCLagSolver","true","fixed_linking_order","Optimal","-22438.0","0.0","595.930999994278","409484",,"193","88.07497619999998","88.04645749999972","sioux_fixed_order_heuristics_lay__blclag_n_minus_one_f__gurobi_10min_fixed_o__3baeeb80bbe5","fixed_linking_order","true","76","1.0","sioux_falls","1.0","two_layer","1.0","0","0","0","76","competition","true","0.01","100","100","100","200","48","sampled","layered_sioux_falls","shared","25451","blclag","blclag_n_minus_one_fixed_order","9500","9500","blc_jump","25000","false","125","false","Gurobi","gurobi_10min_fixed_order_seq8_warm","false","true","600.0","42","8","8","0.0493181","benchmark_run\runs\fixed_order_heuristics_gurobi1301_20260821_205724\blclag\results\batch_summary.csv","8","8","600.0"
"BlCLag_warm_start","sioux_fixed_order_heuristics_layered_sioux_falls_U125_S2_len_LS0.05_CCF1.0_B1.0_shared","125","0.05","true","2","n_minus_one_most_expensive","BlCLagSolver","true","fixed_linking_order","Optimal","-23382.0","0.0","179.1859998703003","17477",,"270","89.5353897","89.49865880000017","sioux_fixed_order_heuristics_lay__blclag_n_minus_one_f__gurobi_10min_fixed_o__9f58a1f939ba","fixed_linking_order","true","76","1.0","sioux_falls","1.0","two_layer","1.0","0","0","0","76","competition","true","0.05","100","100","100","200","48","sampled","layered_sioux_falls","shared","25451","blclag","blclag_n_minus_one_fixed_order","9500","9500","blc_jump","25000","false","125","false","Gurobi","gurobi_10min_fixed_order_seq8_warm","false","true","600.0","42","8","8","0.0564876","benchmark_run\runs\fixed_order_heuristics_gurobi1301_20260821_205724\blclag\results\batch_summary.csv","8","8","600.0"
"BlCLag_warm_start","sioux_fixed_order_heuristics_layered_sioux_falls_U125_S2_len_LS0.1_CCF1.0_B1.0_shared","125","0.1","true","2","n_minus_one_most_expensive","BlCLagSolver","true","fixed_linking_order","Optimal","-23382.0","1.151357590132524e-14","208.65300011634827","15425",,"276","105.15441630000001","105.11500719999985","sioux_fixed_order_heuristics_lay__blclag_n_minus_one_f__gurobi_10min_fixed_o__3b586beb9af2","fixed_linking_order","true","76","1.0","sioux_falls","1.0","two_layer","1.0","0","0","0","76","competition","true","0.1","100","100","100","200","48","sampled","layered_sioux_falls","shared","25451","blclag","blclag_n_minus_one_fixed_order","9500","9500","blc_jump","25000","false","125","false","Gurobi","gurobi_10min_fixed_order_seq8_warm","false","true","600.0","42","8","8","0.0784494","benchmark_run\runs\fixed_order_heuristics_gurobi1301_20260821_205724\blclag\results\batch_summary.csv","8","8","600.0"
"BlCLag_warm_start","sioux_fixed_order_heuristics_layered_sioux_falls_U125_S2_nolen_LS0.01_CCF1.0_B1.0_shared","125","","false","2","n_minus_one_most_expensive","BlCLagSolver","true","fixed_linking_order","Optimal","-23382.0","0.0","343.02099990844727","55213",,"268","104.35085160000001","104.28671700000028","sioux_fixed_order_heuristics_lay__blclag_n_minus_one_f__gurobi_10min_fixed_o__c5daba697371","fixed_linking_order","true","76","1.0","sioux_falls","1.0","two_layer","1.0","0","0","0","76","competition","true","","100","100","100","200","48","sampled","layered_sioux_falls","shared","25451","blclag","blclag_n_minus_one_fixed_order","9500","9500","blc_jump","25000","false","125","false","Gurobi","gurobi_10min_fixed_order_seq8_warm","false","true","600.0","42","8","8","0.0547647","benchmark_run\runs\fixed_order_heuristics_gurobi1301_20260821_205724\blclag\results\batch_summary.csv","8","8","600.0"
"BlCLag_warm_start","sioux_fixed_order_heuristics_layered_sioux_falls_U125_S3_len_LS0.01_CCF1.0_B1.0_shared","125","0.01","true","3","n_minus_one_most_expensive","BlCLagSolver","true","fixed_linking_order","Timelimit","-21575.0","0.03351100811123986","600.1570000648499","185024",,"236","111.1463187","111.11089640000027","sioux_fixed_order_heuristics_lay__blclag_n_minus_one_f__gurobi_10min_fixed_o__ddb2daec6618","fixed_linking_order","true","76","1.0","sioux_falls","1.0","two_layer","1.0","0","0","0","76","competition","true","0.01","100","100","100","200","48","sampled","layered_sioux_falls","shared","25451","blclag","blclag_n_minus_one_fixed_order","9500","9500","blc_jump","25000","false","125","false","Gurobi","gurobi_10min_fixed_order_seq8_warm","false","true","600.0","42","8","8","0.0508903","benchmark_run\runs\fixed_order_heuristics_gurobi1301_20260821_205724\blclag\results\batch_summary.csv","8","8","600.0"
"BlCLag_warm_start","sioux_fixed_order_heuristics_layered_sioux_falls_U125_S3_len_LS0.05_CCF1.0_B1.0_shared","125","0.05","true","3","n_minus_one_most_expensive","BlCLagSolver","true","fixed_linking_order","Timelimit","-26544.0","0.07478149487643158","600.4479999542236","142217",,"378","162.01408400000003","161.95560620000066","sioux_fixed_order_heuristics_lay__blclag_n_minus_one_f__gurobi_10min_fixed_o__8b50fe92d846","fixed_linking_order","true","76","1.0","sioux_falls","1.0","two_layer","1.0","0","0","0","76","competition","true","0.05","100","100","100","200","48","sampled","layered_sioux_falls","shared","25451","blclag","blclag_n_minus_one_fixed_order","9500","9500","blc_jump","25000","false","125","false","Gurobi","gurobi_10min_fixed_order_seq8_warm","false","true","600.0","42","8","8","0.0533594","benchmark_run\runs\fixed_order_heuristics_gurobi1301_20260821_205724\blclag\results\batch_summary.csv","8","8","600.0"
"BlCLag_warm_start","sioux_fixed_order_heuristics_layered_sioux_falls_U125_S3_len_LS0.1_CCF1.0_B1.0_shared","125","0.1","true","3","n_minus_one_most_expensive","BlCLagSolver","true","fixed_linking_order","Timelimit","-26678.0","0.11305195291999685","600.1510000228882","172713",,"399","176.31575040000004","176.2574690999998","sioux_fixed_order_heuristics_lay__blclag_n_minus_one_f__gurobi_10min_fixed_o__bd6d2b678db6","fixed_linking_order","true","76","1.0","sioux_falls","1.0","two_layer","1.0","0","0","0","76","competition","true","0.1","100","100","100","200","48","sampled","layered_sioux_falls","shared","25451","blclag","blclag_n_minus_one_fixed_order","9500","9500","blc_jump","25000","false","125","false","Gurobi","gurobi_10min_fixed_order_seq8_warm","false","true","600.0","42","8","8","0.0506923","benchmark_run\runs\fixed_order_heuristics_gurobi1301_20260821_205724\blclag\results\batch_summary.csv","8","8","600.0"
"BlCLag_warm_start","sioux_fixed_order_heuristics_layered_sioux_falls_U125_S3_nolen_LS0.01_CCF1.0_B1.0_shared","125","","false","3","n_minus_one_most_expensive","BlCLagSolver","true","fixed_linking_order","Timelimit","-26678.0","0.08523877352124556","600.058000087738","236997",,"395","110.17220819999999","110.12217520000011","sioux_fixed_order_heuristics_lay__blclag_n_minus_one_f__gurobi_10min_fixed_o__d82c08d327c7","fixed_linking_order","true","76","1.0","sioux_falls","1.0","two_layer","1.0","0","0","0","76","competition","true","","100","100","100","200","48","sampled","layered_sioux_falls","shared","25451","blclag","blclag_n_minus_one_fixed_order","9500","9500","blc_jump","25000","false","125","false","Gurobi","gurobi_10min_fixed_order_seq8_warm","false","true","600.0","42","8","8","0.0543538","benchmark_run\runs\fixed_order_heuristics_gurobi1301_20260821_205724\blclag\results\batch_summary.csv","8","8","600.0"
"BlCLag_warm_start","sioux_fixed_order_heuristics_layered_sioux_falls_U125_S4_len_LS0.01_CCF1.0_B1.0_shared","125","0.01","true","4","n_minus_one_most_expensive","BlCLagSolver","true","fixed_linking_order","Optimal","-22533.0","0.0","82.375","2629",,"164","41.8921554","41.85944669999999","sioux_fixed_order_heuristics_lay__blclag_n_minus_one_f__gurobi_10min_fixed_o__f52dcb45a75c","fixed_linking_order","true","76","1.0","sioux_falls","1.0","two_layer","1.0","0","0","0","76","competition","true","0.01","100","100","100","200","48","sampled","layered_sioux_falls","shared","25451","blclag","blclag_n_minus_one_fixed_order","9500","9500","blc_jump","25000","false","125","false","Gurobi","gurobi_10min_fixed_order_seq8_warm","false","true","600.0","42","8","8","0.0478817","benchmark_run\runs\fixed_order_heuristics_gurobi1301_20260821_205724\blclag\results\batch_summary.csv","8","8","600.0"
"BlCLag_warm_start","sioux_fixed_order_heuristics_layered_sioux_falls_U125_S4_len_LS0.05_CCF1.0_B1.0_shared","125","0.05","true","4","n_minus_one_most_expensive","BlCLagSolver","true","fixed_linking_order","Optimal","-23592.0","0.0","120.5019998550415","5185",,"205","83.15952030000001","83.12695529999998","sioux_fixed_order_heuristics_lay__blclag_n_minus_one_f__gurobi_10min_fixed_o__b43b75359fc0","fixed_linking_order","true","76","1.0","sioux_falls","1.0","two_layer","1.0","0","0","0","76","competition","true","0.05","100","100","100","200","48","sampled","layered_sioux_falls","shared","25451","blclag","blclag_n_minus_one_fixed_order","9500","9500","blc_jump","25000","false","125","false","Gurobi","gurobi_10min_fixed_order_seq8_warm","false","true","600.0","42","8","8","0.051915","benchmark_run\runs\fixed_order_heuristics_gurobi1301_20260821_205724\blclag\results\batch_summary.csv","8","8","600.0"
"BlCLag_warm_start","sioux_fixed_order_heuristics_layered_sioux_falls_U125_S4_len_LS0.1_CCF1.0_B1.0_shared","125","0.1","true","4","n_minus_one_most_expensive","BlCLagSolver","true","fixed_linking_order","Optimal","-23592.0","0.0","102.20099997520447","5968",,"185","74.81950379999999","74.79567300000002","sioux_fixed_order_heuristics_lay__blclag_n_minus_one_f__gurobi_10min_fixed_o__93edda6f4a69","fixed_linking_order","true","76","1.0","sioux_falls","1.0","two_layer","1.0","0","0","0","76","competition","true","0.1","100","100","100","200","48","sampled","layered_sioux_falls","shared","25451","blclag","blclag_n_minus_one_fixed_order","9500","9500","blc_jump","25000","false","125","false","Gurobi","gurobi_10min_fixed_order_seq8_warm","false","true","600.0","42","8","8","0.0475621","benchmark_run\runs\fixed_order_heuristics_gurobi1301_20260821_205724\blclag\results\batch_summary.csv","8","8","600.0"
"BlCLag_warm_start","sioux_fixed_order_heuristics_layered_sioux_falls_U125_S4_nolen_LS0.01_CCF1.0_B1.0_shared","125","","false","4","n_minus_one_most_expensive","BlCLagSolver","true","fixed_linking_order","Optimal","-23592.0","0.0","72.72499990463257","5699",,"182","41.904076100000005","41.88520769999995","sioux_fixed_order_heuristics_lay__blclag_n_minus_one_f__gurobi_10min_fixed_o__64f8cd387c23","fixed_linking_order","true","76","1.0","sioux_falls","1.0","two_layer","1.0","0","0","0","76","competition","true","","100","100","100","200","48","sampled","layered_sioux_falls","shared","25451","blclag","blclag_n_minus_one_fixed_order","9500","9500","blc_jump","25000","false","125","false","Gurobi","gurobi_10min_fixed_order_seq8_warm","false","true","600.0","42","8","8","0.0482375","benchmark_run\runs\fixed_order_heuristics_gurobi1301_20260821_205724\blclag\results\batch_summary.csv","8","8","600.0"
"BlCLag_warm_start","sioux_fixed_order_heuristics_layered_sioux_falls_U150_S2_len_LS0.01_CCF1.0_B1.0_shared","150","0.01","true","2","n_minus_one_most_expensive","BlCLagSolver","true","fixed_linking_order","Timelimit","-26710.0","0.007974541370273307","600.0639998912811","202839",,"229","105.1855105","105.1558071000002","sioux_fixed_order_heuristics_lay__blclag_n_minus_one_f__gurobi_10min_fixed_o__c60baff09bf6","fixed_linking_order","true","76","1.0","sioux_falls","1.0","two_layer","1.0","0","0","0","76","competition","true","0.01","100","100","100","200","48","sampled","layered_sioux_falls","shared","30501","blclag","blclag_n_minus_one_fixed_order","11400","11400","blc_jump","30000","false","150","false","Gurobi","gurobi_10min_fixed_order_seq8_warm","false","true","600.0","42","8","8","0.0558624","benchmark_run\runs\fixed_order_heuristics_gurobi1301_20260821_205724\blclag\results\batch_summary.csv","8","8","600.0"
"BlCLag_warm_start","sioux_fixed_order_heuristics_layered_sioux_falls_U150_S2_len_LS0.05_CCF1.0_B1.0_shared","150","0.05","true","2","n_minus_one_most_expensive","BlCLagSolver","true","fixed_linking_order","Optimal","-27880.0","0.0","231.05299997329712","29138",,"299","74.29676930000002","74.26401980000006","sioux_fixed_order_heuristics_lay__blclag_n_minus_one_f__gurobi_10min_fixed_o__fd7cb48392a9","fixed_linking_order","true","76","1.0","sioux_falls","1.0","two_layer","1.0","0","0","0","76","competition","true","0.05","100","100","100","200","48","sampled","layered_sioux_falls","shared","30501","blclag","blclag_n_minus_one_fixed_order","11400","11400","blc_jump","30000","false","150","false","Gurobi","gurobi_10min_fixed_order_seq8_warm","false","true","600.0","42","8","8","0.0589941","benchmark_run\runs\fixed_order_heuristics_gurobi1301_20260821_205724\blclag\results\batch_summary.csv","8","8","600.0"
"BlCLag_warm_start","sioux_fixed_order_heuristics_layered_sioux_falls_U150_S2_len_LS0.1_CCF1.0_B1.0_shared","150","0.1","true","2","n_minus_one_most_expensive","BlCLagSolver","true","fixed_linking_order","Optimal","-27880.0","1.0438963578455418e-14","395.79100012779236","82843",,"331","121.5929186","121.55153979999993","sioux_fixed_order_heuristics_lay__blclag_n_minus_one_f__gurobi_10min_fixed_o__116bc77dc888","fixed_linking_order","true","76","1.0","sioux_falls","1.0","two_layer","1.0","0","0","0","76","competition","true","0.1","100","100","100","200","48","sampled","layered_sioux_falls","shared","30501","blclag","blclag_n_minus_one_fixed_order","11400","11400","blc_jump","30000","false","150","false","Gurobi","gurobi_10min_fixed_order_seq8_warm","false","true","600.0","42","8","8","0.0629973","benchmark_run\runs\fixed_order_heuristics_gurobi1301_20260821_205724\blclag\results\batch_summary.csv","8","8","600.0"
"BlCLag_warm_start","sioux_fixed_order_heuristics_layered_sioux_falls_U150_S2_nolen_LS0.01_CCF1.0_B1.0_shared","150","","false","2","n_minus_one_most_expensive","BlCLagSolver","true","fixed_linking_order","Optimal","-27880.0","0.0","283.0","61876",,"307","70.4976025","70.46656209999999","sioux_fixed_order_heuristics_lay__blclag_n_minus_one_f__gurobi_10min_fixed_o__2e94cb6fc967","fixed_linking_order","true","76","1.0","sioux_falls","1.0","two_layer","1.0","0","0","0","76","competition","true","","100","100","100","200","48","sampled","layered_sioux_falls","shared","30501","blclag","blclag_n_minus_one_fixed_order","11400","11400","blc_jump","30000","false","150","false","Gurobi","gurobi_10min_fixed_order_seq8_warm","false","true","600.0","42","8","8","0.0561451","benchmark_run\runs\fixed_order_heuristics_gurobi1301_20260821_205724\blclag\results\batch_summary.csv","8","8","600.0"
"BlCLag_warm_start","sioux_fixed_order_heuristics_layered_sioux_falls_U150_S3_len_LS0.01_CCF1.0_B1.0_shared","150","0.01","true","3","n_minus_one_most_expensive","BlCLagSolver","true","fixed_linking_order","Timelimit","-25789.0","0.020279964325875373","600.1740000247955","125430",,"289","142.46539919999998","142.42227739999996","sioux_fixed_order_heuristics_lay__blclag_n_minus_one_f__gurobi_10min_fixed_o__e4ba344dc13c","fixed_linking_order","true","76","1.0","sioux_falls","1.0","two_layer","1.0","0","0","0","76","competition","true","0.01","100","100","100","200","48","sampled","layered_sioux_falls","shared","30501","blclag","blclag_n_minus_one_fixed_order","11400","11400","blc_jump","30000","false","150","false","Gurobi","gurobi_10min_fixed_order_seq8_warm","false","true","600.0","42","8","8","0.0569286","benchmark_run\runs\fixed_order_heuristics_gurobi1301_20260821_205724\blclag\results\batch_summary.csv","8","8","600.0"
"BlCLag_warm_start","sioux_fixed_order_heuristics_layered_sioux_falls_U150_S3_len_LS0.05_CCF1.0_B1.0_shared","150","0.05","true","3","n_minus_one_most_expensive","BlCLagSolver","true","fixed_linking_order","Timelimit","-31517.0","0.18529682393628374","600.0989999771118","58058",,"437","178.8150375","178.75192809999973","sioux_fixed_order_heuristics_lay__blclag_n_minus_one_f__gurobi_10min_fixed_o__6a6b737d8c35","fixed_linking_order","true","76","1.0","sioux_falls","1.0","two_layer","1.0","0","0","0","76","competition","true","0.05","100","100","100","200","48","sampled","layered_sioux_falls","shared","30501","blclag","blclag_n_minus_one_fixed_order","11400","11400","blc_jump","30000","false","150","false","Gurobi","gurobi_10min_fixed_order_seq8_warm","false","true","600.0","42","8","8","0.0595525","benchmark_run\runs\fixed_order_heuristics_gurobi1301_20260821_205724\blclag\results\batch_summary.csv","8","8","600.0"
"BlCLag_warm_start","sioux_fixed_order_heuristics_layered_sioux_falls_U150_S3_len_LS0.1_CCF1.0_B1.0_shared","150","0.1","true","3","n_minus_one_most_expensive","BlCLagSolver","true","fixed_linking_order","Timelimit","-31651.0","0.163975861742114","600.0339999198914","140949",,"460","185.32386970000005","185.26158389999972","sioux_fixed_order_heuristics_lay__blclag_n_minus_one_f__gurobi_10min_fixed_o__7d6affa84bfa","fixed_linking_order","true","76","1.0","sioux_falls","1.0","two_layer","1.0","0","0","0","76","competition","true","0.1","100","100","100","200","48","sampled","layered_sioux_falls","shared","30501","blclag","blclag_n_minus_one_fixed_order","11400","11400","blc_jump","30000","false","150","false","Gurobi","gurobi_10min_fixed_order_seq8_warm","false","true","600.0","42","8","8","0.0577676","benchmark_run\runs\fixed_order_heuristics_gurobi1301_20260821_205724\blclag\results\batch_summary.csv","8","8","600.0"
"BlCLag_warm_start","sioux_fixed_order_heuristics_layered_sioux_falls_U150_S3_nolen_LS0.01_CCF1.0_B1.0_shared","150","","false","3","n_minus_one_most_expensive","BlCLagSolver","true","fixed_linking_order","Timelimit","-31651.0","0.11623645382452372","600.2559998035431","177178",,"481","141.7660889","141.70608680000004","sioux_fixed_order_heuristics_lay__blclag_n_minus_one_f__gurobi_10min_fixed_o__06bab97d98eb","fixed_linking_order","true","76","1.0","sioux_falls","1.0","two_layer","1.0","0","0","0","76","competition","true","","100","100","100","200","48","sampled","layered_sioux_falls","shared","30501","blclag","blclag_n_minus_one_fixed_order","11400","11400","blc_jump","30000","false","150","false","Gurobi","gurobi_10min_fixed_order_seq8_warm","false","true","600.0","42","8","8","0.0559377","benchmark_run\runs\fixed_order_heuristics_gurobi1301_20260821_205724\blclag\results\batch_summary.csv","8","8","600.0"
"BlCLag_warm_start","sioux_fixed_order_heuristics_layered_sioux_falls_U150_S4_len_LS0.01_CCF1.0_B1.0_shared","150","0.01","true","4","n_minus_one_most_expensive","BlCLagSolver","true","fixed_linking_order","Optimal","-26746.0","0.0","99.86199998855591","2806",,"187","37.9991328","37.94321569999996","sioux_fixed_order_heuristics_lay__blclag_n_minus_one_f__gurobi_10min_fixed_o__2167b0958de6","fixed_linking_order","true","76","1.0","sioux_falls","1.0","two_layer","1.0","0","0","0","76","competition","true","0.01","100","100","100","200","48","sampled","layered_sioux_falls","shared","30501","blclag","blclag_n_minus_one_fixed_order","11400","11400","blc_jump","30000","false","150","false","Gurobi","gurobi_10min_fixed_order_seq8_warm","false","true","600.0","42","8","8","0.057246","benchmark_run\runs\fixed_order_heuristics_gurobi1301_20260821_205724\blclag\results\batch_summary.csv","8","8","600.0"
"BlCLag_warm_start","sioux_fixed_order_heuristics_layered_sioux_falls_U150_S4_len_LS0.05_CCF1.0_B1.0_shared","150","0.05","true","4","n_minus_one_most_expensive","BlCLagSolver","true","fixed_linking_order","Optimal","-27857.0","0.0","133.5039999485016","5337",,"240","93.87420409999999","93.84010230000003","sioux_fixed_order_heuristics_lay__blclag_n_minus_one_f__gurobi_10min_fixed_o__1cef0b0831c7","fixed_linking_order","true","76","1.0","sioux_falls","1.0","two_layer","1.0","0","0","0","76","competition","true","0.05","100","100","100","200","48","sampled","layered_sioux_falls","shared","30501","blclag","blclag_n_minus_one_fixed_order","11400","11400","blc_jump","30000","false","150","false","Gurobi","gurobi_10min_fixed_order_seq8_warm","false","true","600.0","42","8","8","0.060457","benchmark_run\runs\fixed_order_heuristics_gurobi1301_20260821_205724\blclag\results\batch_summary.csv","8","8","600.0"
"BlCLag_warm_start","sioux_fixed_order_heuristics_layered_sioux_falls_U150_S4_len_LS0.1_CCF1.0_B1.0_shared","150","0.1","true","4","n_minus_one_most_expensive","BlCLagSolver","true","fixed_linking_order","Optimal","-27857.0","0.0","104.2590000629425","5832",,"208","58.50532900000001","58.4839540000001","sioux_fixed_order_heuristics_lay__blclag_n_minus_one_f__gurobi_10min_fixed_o__dbba1b1621b0","fixed_linking_order","true","76","1.0","sioux_falls","1.0","two_layer","1.0","0","0","0","76","competition","true","0.1","100","100","100","200","48","sampled","layered_sioux_falls","shared","30501","blclag","blclag_n_minus_one_fixed_order","11400","11400","blc_jump","30000","false","150","false","Gurobi","gurobi_10min_fixed_order_seq8_warm","false","true","600.0","42","8","8","0.0567079","benchmark_run\runs\fixed_order_heuristics_gurobi1301_20260821_205724\blclag\results\batch_summary.csv","8","8","600.0"
"BlCLag_warm_start","sioux_fixed_order_heuristics_layered_sioux_falls_U150_S4_nolen_LS0.01_CCF1.0_B1.0_shared","150","","false","4","n_minus_one_most_expensive","BlCLagSolver","true","fixed_linking_order","Optimal","-27857.0","0.0","117.51900005340576","4995",,"216","83.02570380000002","82.98714899999995","sioux_fixed_order_heuristics_lay__blclag_n_minus_one_f__gurobi_10min_fixed_o__3374262756db","fixed_linking_order","true","76","1.0","sioux_falls","1.0","two_layer","1.0","0","0","0","76","competition","true","","100","100","100","200","48","sampled","layered_sioux_falls","shared","30501","blclag","blclag_n_minus_one_fixed_order","11400","11400","blc_jump","30000","false","150","false","Gurobi","gurobi_10min_fixed_order_seq8_warm","false","true","600.0","42","8","8","0.0564863","benchmark_run\runs\fixed_order_heuristics_gurobi1301_20260821_205724\blclag\results\batch_summary.csv","8","8","600.0"
"BlCLag_warm_start","sioux_fixed_order_heuristics_layered_sioux_falls_U175_S2_len_LS0.01_CCF1.0_B1.0_shared","175","0.01","true","2","n_minus_one_most_expensive","BlCLagSolver","true","fixed_linking_order","Timelimit","-30333.0","0.01476939307025304","600.210000038147","122022",,"253","89.31677029999997","89.28848740000022","sioux_fixed_order_heuristics_lay__blclag_n_minus_one_f__gurobi_10min_fixed_o__40ceac983207","fixed_linking_order","true","76","1.0","sioux_falls","1.0","two_layer","1.0","0","0","0","76","competition","true","0.01","100","100","100","200","48","sampled","layered_sioux_falls","shared","35551","blclag","blclag_n_minus_one_fixed_order","13300","13300","blc_jump","35000","false","175","false","Gurobi","gurobi_10min_fixed_order_seq8_warm","false","true","600.0","42","8","8","0.0658405","benchmark_run\runs\fixed_order_heuristics_gurobi1301_20260821_205724\blclag\results\batch_summary.csv","8","8","600.0"
"BlCLag_warm_start","sioux_fixed_order_heuristics_layered_sioux_falls_U175_S2_len_LS0.05_CCF1.0_B1.0_shared","175","0.05","true","2","n_minus_one_most_expensive","BlCLagSolver","true","fixed_linking_order","Timelimit","-31741.0","0.03270218329605242","600.0950000286102","145983",,"377","103.7674262","103.72576860000004","sioux_fixed_order_heuristics_lay__blclag_n_minus_one_f__gurobi_10min_fixed_o__1ef1b194ffec","fixed_linking_order","true","76","1.0","sioux_falls","1.0","two_layer","1.0","0","0","0","76","competition","true","0.05","100","100","100","200","48","sampled","layered_sioux_falls","shared","35551","blclag","blclag_n_minus_one_fixed_order","13300","13300","blc_jump","35000","false","175","false","Gurobi","gurobi_10min_fixed_order_seq8_warm","false","true","600.0","42","8","8","0.0664678","benchmark_run\runs\fixed_order_heuristics_gurobi1301_20260821_205724\blclag\results\batch_summary.csv","8","8","600.0"
"BlCLag_warm_start","sioux_fixed_order_heuristics_layered_sioux_falls_U175_S2_len_LS0.1_CCF1.0_B1.0_shared","175","0.1","true","2","n_minus_one_most_expensive","BlCLagSolver","true","fixed_linking_order","Timelimit","-31741.0","0.01578400176426921","600.3980000019073","115965",,"378","137.4956638","137.44942209999996","sioux_fixed_order_heuristics_lay__blclag_n_minus_one_f__gurobi_10min_fixed_o__86e428dd9352","fixed_linking_order","true","76","1.0","sioux_falls","1.0","two_layer","1.0","0","0","0","76","competition","true","0.1","100","100","100","200","48","sampled","layered_sioux_falls","shared","35551","blclag","blclag_n_minus_one_fixed_order","13300","13300","blc_jump","35000","false","175","false","Gurobi","gurobi_10min_fixed_order_seq8_warm","false","true","600.0","42","8","8","0.0686394","benchmark_run\runs\fixed_order_heuristics_gurobi1301_20260821_205724\blclag\results\batch_summary.csv","8","8","600.0"
"BlCLag_warm_start","sioux_fixed_order_heuristics_layered_sioux_falls_U175_S2_nolen_LS0.01_CCF1.0_B1.0_shared","175","","false","2","n_minus_one_most_expensive","BlCLagSolver","true","fixed_linking_order","Optimal","-31741.0","0.0","572.9869999885559","141987",,"339","75.38982450000002","75.35284219999997","sioux_fixed_order_heuristics_lay__blclag_n_minus_one_f__gurobi_10min_fixed_o__d1b2501a4fa8","fixed_linking_order","true","76","1.0","sioux_falls","1.0","two_layer","1.0","0","0","0","76","competition","true","","100","100","100","200","48","sampled","layered_sioux_falls","shared","35551","blclag","blclag_n_minus_one_fixed_order","13300","13300","blc_jump","35000","false","175","false","Gurobi","gurobi_10min_fixed_order_seq8_warm","false","true","600.0","42","8","8","0.0653035","benchmark_run\runs\fixed_order_heuristics_gurobi1301_20260821_205724\blclag\results\batch_summary.csv","8","8","600.0"
"BlCLag_warm_start","sioux_fixed_order_heuristics_layered_sioux_falls_U175_S3_len_LS0.01_CCF1.0_B1.0_shared","175","0.01","true","3","n_minus_one_most_expensive","BlCLagSolver","true","fixed_linking_order","Timelimit","-29432.0","0.044373471051914797","600.2020001411438","114036",,"325","164.57425550000002","164.52505939999992","sioux_fixed_order_heuristics_lay__blclag_n_minus_one_f__gurobi_10min_fixed_o__17820c8e8ab4","fixed_linking_order","true","76","1.0","sioux_falls","1.0","two_layer","1.0","0","0","0","76","competition","true","0.01","100","100","100","200","48","sampled","layered_sioux_falls","shared","35551","blclag","blclag_n_minus_one_fixed_order","13300","13300","blc_jump","35000","false","175","false","Gurobi","gurobi_10min_fixed_order_seq8_warm","false","true","600.0","42","8","8","0.0655033","benchmark_run\runs\fixed_order_heuristics_gurobi1301_20260821_205724\blclag\results\batch_summary.csv","8","8","600.0"
"BlCLag_warm_start","sioux_fixed_order_heuristics_layered_sioux_falls_U175_S3_len_LS0.05_CCF1.0_B1.0_shared","175","0.05","true","3","n_minus_one_most_expensive","BlCLagSolver","true","fixed_linking_order","Timelimit","-35969.0","0.22018960771775656","600.0679998397827","2610",,"516","180.06030570000001","179.9928647999995","sioux_fixed_order_heuristics_lay__blclag_n_minus_one_f__gurobi_10min_fixed_o__6e947d49f69c","fixed_linking_order","true","76","1.0","sioux_falls","1.0","two_layer","1.0","0","0","0","76","competition","true","0.05","100","100","100","200","48","sampled","layered_sioux_falls","shared","35551","blclag","blclag_n_minus_one_fixed_order","13300","13300","blc_jump","35000","false","175","false","Gurobi","gurobi_10min_fixed_order_seq8_warm","false","true","600.0","42","8","8","0.0729395","benchmark_run\runs\fixed_order_heuristics_gurobi1301_20260821_205724\blclag\results\batch_summary.csv","8","8","600.0"
"BlCLag_warm_start","sioux_fixed_order_heuristics_layered_sioux_falls_U175_S3_len_LS0.1_CCF1.0_B1.0_shared","175","0.1","true","3","n_minus_one_most_expensive","BlCLagSolver","true","fixed_linking_order","Timelimit","-36103.0","0.13190039608896767","600.0920000076294","69494",,"545","239.09003339999992","239.01354439999986","sioux_fixed_order_heuristics_lay__blclag_n_minus_one_f__gurobi_10min_fixed_o__40ee13077fb0","fixed_linking_order","true","76","1.0","sioux_falls","1.0","two_layer","1.0","0","0","0","76","competition","true","0.1","100","100","100","200","48","sampled","layered_sioux_falls","shared","35551","blclag","blclag_n_minus_one_fixed_order","13300","13300","blc_jump","35000","false","175","false","Gurobi","gurobi_10min_fixed_order_seq8_warm","false","true","600.0","42","8","8","0.068383","benchmark_run\runs\fixed_order_heuristics_gurobi1301_20260821_205724\blclag\results\batch_summary.csv","8","8","600.0"
"BlCLag_warm_start","sioux_fixed_order_heuristics_layered_sioux_falls_U175_S3_nolen_LS0.01_CCF1.0_B1.0_shared","175","","false","3","n_minus_one_most_expensive","BlCLagSolver","true","fixed_linking_order","Timelimit","-36103.00000637215","0.14572196196159","600.5230000019073","77991",,"486","156.8179057","156.75310419999997","sioux_fixed_order_heuristics_lay__blclag_n_minus_one_f__gurobi_10min_fixed_o__cbd8429e0e69","fixed_linking_order","true","76","1.0","sioux_falls","1.0","two_layer","1.0","0","0","0","76","competition","true","","100","100","100","200","48","sampled","layered_sioux_falls","shared","35551","blclag","blclag_n_minus_one_fixed_order","13300","13300","blc_jump","35000","false","175","false","Gurobi","gurobi_10min_fixed_order_seq8_warm","false","true","600.0","42","8","8","0.0657507","benchmark_run\runs\fixed_order_heuristics_gurobi1301_20260821_205724\blclag\results\batch_summary.csv","8","8","600.0"
"BlCLag_warm_start","sioux_fixed_order_heuristics_layered_sioux_falls_U175_S4_len_LS0.01_CCF1.0_B1.0_shared","175","0.01","true","4","n_minus_one_most_expensive","BlCLagSolver","true","fixed_linking_order","Optimal","-30726.0","0.0","96.48699998855591","3657",,"219","44.3124963","44.2887978999999","sioux_fixed_order_heuristics_lay__blclag_n_minus_one_f__gurobi_10min_fixed_o__7819e5d6beaa","fixed_linking_order","true","76","1.0","sioux_falls","1.0","two_layer","1.0","0","0","0","76","competition","true","0.01","100","100","100","200","48","sampled","layered_sioux_falls","shared","35551","blclag","blclag_n_minus_one_fixed_order","13300","13300","blc_jump","35000","false","175","false","Gurobi","gurobi_10min_fixed_order_seq8_warm","false","true","600.0","42","8","8","0.0703547","benchmark_run\runs\fixed_order_heuristics_gurobi1301_20260821_205724\blclag\results\batch_summary.csv","8","8","600.0"
"BlCLag_warm_start","sioux_fixed_order_heuristics_layered_sioux_falls_U175_S4_len_LS0.05_CCF1.0_B1.0_shared","175","0.05","true","4","n_minus_one_most_expensive","BlCLagSolver","true","fixed_linking_order","Optimal","-30987.0","0.0","130.08500003814697","6771",,"262","77.0378729","77.00543419999978","sioux_fixed_order_heuristics_lay__blclag_n_minus_one_f__gurobi_10min_fixed_o__025a2715c8c8","fixed_linking_order","true","76","1.0","sioux_falls","1.0","two_layer","1.0","0","0","0","76","competition","true","0.05","100","100","100","200","48","sampled","layered_sioux_falls","shared","35551","blclag","blclag_n_minus_one_fixed_order","13300","13300","blc_jump","35000","false","175","false","Gurobi","gurobi_10min_fixed_order_seq8_warm","false","true","600.0","42","8","8","0.0694162","benchmark_run\runs\fixed_order_heuristics_gurobi1301_20260821_205724\blclag\results\batch_summary.csv","8","8","600.0"
"BlCLag_warm_start","sioux_fixed_order_heuristics_layered_sioux_falls_U175_S4_len_LS0.1_CCF1.0_B1.0_shared","175","0.1","true","4","n_minus_one_most_expensive","BlCLagSolver","true","fixed_linking_order","Optimal","-30987.0","0.0","183.30200004577637","10634",,"271","133.1283716","133.08221229999995","sioux_fixed_order_heuristics_lay__blclag_n_minus_one_f__gurobi_10min_fixed_o__9a95e9542a13","fixed_linking_order","true","76","1.0","sioux_falls","1.0","two_layer","1.0","0","0","0","76","competition","true","0.1","100","100","100","200","48","sampled","layered_sioux_falls","shared","35551","blclag","blclag_n_minus_one_fixed_order","13300","13300","blc_jump","35000","false","175","false","Gurobi","gurobi_10min_fixed_order_seq8_warm","false","true","600.0","42","8","8","0.0678035","benchmark_run\runs\fixed_order_heuristics_gurobi1301_20260821_205724\blclag\results\batch_summary.csv","8","8","600.0"
"BlCLag_warm_start","sioux_fixed_order_heuristics_layered_sioux_falls_U175_S4_nolen_LS0.01_CCF1.0_B1.0_shared","175","","false","4","n_minus_one_most_expensive","BlCLagSolver","true","fixed_linking_order","Optimal","-30987.0","0.0","113.11100006103516","4029",,"246","76.0143763","75.97966109999999","sioux_fixed_order_heuristics_lay__blclag_n_minus_one_f__gurobi_10min_fixed_o__095aa63cb816","fixed_linking_order","true","76","1.0","sioux_falls","1.0","two_layer","1.0","0","0","0","76","competition","true","","100","100","100","200","48","sampled","layered_sioux_falls","shared","35551","blclag","blclag_n_minus_one_fixed_order","13300","13300","blc_jump","35000","false","175","false","Gurobi","gurobi_10min_fixed_order_seq8_warm","false","true","600.0","42","8","8","0.0655849","benchmark_run\runs\fixed_order_heuristics_gurobi1301_20260821_205724\blclag\results\batch_summary.csv","8","8","600.0"
"BlCLag_warm_start","sioux_fixed_order_heuristics_layered_sioux_falls_U200_S2_len_LS0.01_CCF1.0_B1.0_shared","200","0.01","true","2","n_minus_one_most_expensive","BlCLagSolver","true","fixed_linking_order","Timelimit","-33426.0","0.014360078980434392","600.1040000915527","89233",,"305","120.93402739999996","120.89506190000002","sioux_fixed_order_heuristics_lay__blclag_n_minus_one_f__gurobi_10min_fixed_o__8ab15ea9e097","fixed_linking_order","true","76","1.0","sioux_falls","1.0","two_layer","1.0","0","0","0","76","competition","true","0.01","100","100","100","200","48","sampled","layered_sioux_falls","shared","40601","blclag","blclag_n_minus_one_fixed_order","15200","15200","blc_jump","40000","false","200","false","Gurobi","gurobi_10min_fixed_order_seq8_warm","false","true","600.0","42","8","8","0.0839001","benchmark_run\runs\fixed_order_heuristics_gurobi1301_20260821_205724\blclag\results\batch_summary.csv","8","8","600.0"
"BlCLag_warm_start","sioux_fixed_order_heuristics_layered_sioux_falls_U200_S2_len_LS0.05_CCF1.0_B1.0_shared","200","0.05","true","2","n_minus_one_most_expensive","BlCLagSolver","true","fixed_linking_order","Timelimit","-34391.99999717651","0.03323447321811246","600.0640001296997","87146",,"410","117.62723060000003","117.57856090000011","sioux_fixed_order_heuristics_lay__blclag_n_minus_one_f__gurobi_10min_fixed_o__e8a8bcc3143b","fixed_linking_order","true","76","1.0","sioux_falls","1.0","two_layer","1.0","0","0","0","76","competition","true","0.05","100","100","100","200","48","sampled","layered_sioux_falls","shared","40601","blclag","blclag_n_minus_one_fixed_order","15200","15200","blc_jump","40000","false","200","false","Gurobi","gurobi_10min_fixed_order_seq8_warm","false","true","600.0","42","8","8","0.0780886","benchmark_run\runs\fixed_order_heuristics_gurobi1301_20260821_205724\blclag\results\batch_summary.csv","8","8","600.0"
"BlCLag_warm_start","sioux_fixed_order_heuristics_layered_sioux_falls_U200_S2_len_LS0.1_CCF1.0_B1.0_shared","200","0.1","true","2","n_minus_one_most_expensive","BlCLagSolver","true","fixed_linking_order","Timelimit","-34392.0","0.0019772040009076006","600.1280000209808","118521",,"410","124.69643859999998","124.64809329999962","sioux_fixed_order_heuristics_lay__blclag_n_minus_one_f__gurobi_10min_fixed_o__0ae940bd76eb","fixed_linking_order","true","76","1.0","sioux_falls","1.0","two_layer","1.0","0","0","0","76","competition","true","0.1","100","100","100","200","48","sampled","layered_sioux_falls","shared","40601","blclag","blclag_n_minus_one_fixed_order","15200","15200","blc_jump","40000","false","200","false","Gurobi","gurobi_10min_fixed_order_seq8_warm","false","true","600.0","42","8","8","0.0810798","benchmark_run\runs\fixed_order_heuristics_gurobi1301_20260821_205724\blclag\results\batch_summary.csv","8","8","600.0"
"BlCLag_warm_start","sioux_fixed_order_heuristics_layered_sioux_falls_U200_S2_nolen_LS0.01_CCF1.0_B1.0_shared","200","","false","2","n_minus_one_most_expensive","BlCLagSolver","true","fixed_linking_order","Timelimit","-34392.0","0.04364387066759712","600.1960000991821","120743",,"397","97.87620599999998","97.8292758999999","sioux_fixed_order_heuristics_lay__blclag_n_minus_one_f__gurobi_10min_fixed_o__df60753324a8","fixed_linking_order","true","76","1.0","sioux_falls","1.0","two_layer","1.0","0","0","0","76","competition","true","","100","100","100","200","48","sampled","layered_sioux_falls","shared","40601","blclag","blclag_n_minus_one_fixed_order","15200","15200","blc_jump","40000","false","200","false","Gurobi","gurobi_10min_fixed_order_seq8_warm","false","true","600.0","42","8","8","0.1117808","benchmark_run\runs\fixed_order_heuristics_gurobi1301_20260821_205724\blclag\results\batch_summary.csv","8","8","600.0"
"BlCLag_warm_start","sioux_fixed_order_heuristics_layered_sioux_falls_U200_S3_len_LS0.01_CCF1.0_B1.0_shared","200","0.01","true","3","n_minus_one_most_expensive","BlCLagSolver","true","fixed_linking_order","Timelimit","-34326.0","0.08579502417992192","599.9589998722076","51905",,"359","156.1542292","156.1031058999996","sioux_fixed_order_heuristics_lay__blclag_n_minus_one_f__gurobi_10min_fixed_o__2e4c21687c4b","fixed_linking_order","true","76","1.0","sioux_falls","1.0","two_layer","1.0","0","0","0","76","competition","true","0.01","100","100","100","200","48","sampled","layered_sioux_falls","shared","40601","blclag","blclag_n_minus_one_fixed_order","15200","15200","blc_jump","40000","false","200","false","Gurobi","gurobi_10min_fixed_order_seq8_warm","false","true","600.0","42","8","8","0.0830726","benchmark_run\runs\fixed_order_heuristics_gurobi1301_20260821_205724\blclag\results\batch_summary.csv","8","8","600.0"
"BlCLag_warm_start","sioux_fixed_order_heuristics_layered_sioux_falls_U200_S3_len_LS0.05_CCF1.0_B1.0_shared","200","0.05","true","3","n_minus_one_most_expensive","BlCLagSolver","true","fixed_linking_order","Timelimit","-40977.0","0.23222783512702247","600.0939998626709","2417",,"617","226.39818340000002","226.30961060000027","sioux_fixed_order_heuristics_lay__blclag_n_minus_one_f__gurobi_10min_fixed_o__a37e706b4238","fixed_linking_order","true","76","1.0","sioux_falls","1.0","two_layer","1.0","0","0","0","76","competition","true","0.05","100","100","100","200","48","sampled","layered_sioux_falls","shared","40601","blclag","blclag_n_minus_one_fixed_order","15200","15200","blc_jump","40000","false","200","false","Gurobi","gurobi_10min_fixed_order_seq8_warm","false","true","600.0","42","8","8","0.0790077","benchmark_run\runs\fixed_order_heuristics_gurobi1301_20260821_205724\blclag\results\batch_summary.csv","8","8","600.0"
"BlCLag_warm_start","sioux_fixed_order_heuristics_layered_sioux_falls_U200_S3_len_LS0.1_CCF1.0_B1.0_shared","200","0.1","true","3","n_minus_one_most_expensive","BlCLagSolver","true","fixed_linking_order","Timelimit","-41111.0","0.20612488141859842","600.0639998912811","43253",,"621","209.7393274","209.6613780999996","sioux_fixed_order_heuristics_lay__blclag_n_minus_one_f__gurobi_10min_fixed_o__db70c4aff652","fixed_linking_order","true","76","1.0","sioux_falls","1.0","two_layer","1.0","0","0","0","76","competition","true","0.1","100","100","100","200","48","sampled","layered_sioux_falls","shared","40601","blclag","blclag_n_minus_one_fixed_order","15200","15200","blc_jump","40000","false","200","false","Gurobi","gurobi_10min_fixed_order_seq8_warm","false","true","600.0","42","8","8","0.078909","benchmark_run\runs\fixed_order_heuristics_gurobi1301_20260821_205724\blclag\results\batch_summary.csv","8","8","600.0"
"BlCLag_warm_start","sioux_fixed_order_heuristics_layered_sioux_falls_U200_S3_nolen_LS0.01_CCF1.0_B1.0_shared","200","","false","3","n_minus_one_most_expensive","BlCLagSolver","true","fixed_linking_order","Timelimit","-41111.0","0.18287076451557976","600.3849999904633","36889",,"645","273.5918046","273.4940806999995","sioux_fixed_order_heuristics_lay__blclag_n_minus_one_f__gurobi_10min_fixed_o__fc92d793a282","fixed_linking_order","true","76","1.0","sioux_falls","1.0","two_layer","1.0","0","0","0","76","competition","true","","100","100","100","200","48","sampled","layered_sioux_falls","shared","40601","blclag","blclag_n_minus_one_fixed_order","15200","15200","blc_jump","40000","false","200","false","Gurobi","gurobi_10min_fixed_order_seq8_warm","false","true","600.0","42","8","8","0.0791417","benchmark_run\runs\fixed_order_heuristics_gurobi1301_20260821_205724\blclag\results\batch_summary.csv","8","8","600.0"
"BlCLag_warm_start","sioux_fixed_order_heuristics_layered_sioux_falls_U200_S4_len_LS0.01_CCF1.0_B1.0_shared","200","0.01","true","4","n_minus_one_most_expensive","BlCLagSolver","true","fixed_linking_order","Optimal","-35511.0","0.0","137.7610001564026","7809",,"236","57.272701600000005","57.24253320000003","sioux_fixed_order_heuristics_lay__blclag_n_minus_one_f__gurobi_10min_fixed_o__4b7b890cfa8c","fixed_linking_order","true","76","1.0","sioux_falls","1.0","two_layer","1.0","0","0","0","76","competition","true","0.01","100","100","100","200","48","sampled","layered_sioux_falls","shared","40601","blclag","blclag_n_minus_one_fixed_order","15200","15200","blc_jump","40000","false","200","false","Gurobi","gurobi_10min_fixed_order_seq8_warm","false","true","600.0","42","8","8","0.0790785","benchmark_run\runs\fixed_order_heuristics_gurobi1301_20260821_205724\blclag\results\batch_summary.csv","8","8","600.0"
"BlCLag_warm_start","sioux_fixed_order_heuristics_layered_sioux_falls_U200_S4_len_LS0.05_CCF1.0_B1.0_shared","200","0.05","true","4","n_minus_one_most_expensive","BlCLagSolver","true","fixed_linking_order","Optimal","-35487.0","0.0","188.74200010299683","6881",,"297","121.94576310000001","121.89951710000017","sioux_fixed_order_heuristics_lay__blclag_n_minus_one_f__gurobi_10min_fixed_o__e3db6b84a9f4","fixed_linking_order","true","76","1.0","sioux_falls","1.0","two_layer","1.0","0","0","0","76","competition","true","0.05","100","100","100","200","48","sampled","layered_sioux_falls","shared","40601","blclag","blclag_n_minus_one_fixed_order","15200","15200","blc_jump","40000","false","200","false","Gurobi","gurobi_10min_fixed_order_seq8_warm","false","true","600.0","42","8","8","0.0802632","benchmark_run\runs\fixed_order_heuristics_gurobi1301_20260821_205724\blclag\results\batch_summary.csv","8","8","600.0"
"BlCLag_warm_start","sioux_fixed_order_heuristics_layered_sioux_falls_U200_S4_len_LS0.1_CCF1.0_B1.0_shared","200","0.1","true","4","n_minus_one_most_expensive","BlCLagSolver","true","fixed_linking_order","Optimal","-35487.0","0.0","172.84500002861023","10165",,"272","98.7050008","98.66870490000036","sioux_fixed_order_heuristics_lay__blclag_n_minus_one_f__gurobi_10min_fixed_o__4e6b2bab49c9","fixed_linking_order","true","76","1.0","sioux_falls","1.0","two_layer","1.0","0","0","0","76","competition","true","0.1","100","100","100","200","48","sampled","layered_sioux_falls","shared","40601","blclag","blclag_n_minus_one_fixed_order","15200","15200","blc_jump","40000","false","200","false","Gurobi","gurobi_10min_fixed_order_seq8_warm","false","true","600.0","42","8","8","0.1173756","benchmark_run\runs\fixed_order_heuristics_gurobi1301_20260821_205724\blclag\results\batch_summary.csv","8","8","600.0"
"BlCLag_warm_start","sioux_fixed_order_heuristics_layered_sioux_falls_U200_S4_nolen_LS0.01_CCF1.0_B1.0_shared","200","","false","4","n_minus_one_most_expensive","BlCLagSolver","true","fixed_linking_order","Optimal","-35487.0","0.0","146.30200004577637","6078",,"271","89.54782180000002","89.51062190000022","sioux_fixed_order_heuristics_lay__blclag_n_minus_one_f__gurobi_10min_fixed_o__b582fc23c726","fixed_linking_order","true","76","1.0","sioux_falls","1.0","two_layer","1.0","0","0","0","76","competition","true","","100","100","100","200","48","sampled","layered_sioux_falls","shared","40601","blclag","blclag_n_minus_one_fixed_order","15200","15200","blc_jump","40000","false","200","false","Gurobi","gurobi_10min_fixed_order_seq8_warm","false","true","600.0","42","8","8","0.0830656","benchmark_run\runs\fixed_order_heuristics_gurobi1301_20260821_205724\blclag\results\batch_summary.csv","8","8","600.0"
"BlCLag_cold_start","sioux_fixed_order_heuristics_layered_sioux_falls_U100_S2_len_LS0.01_CCF1.0_B1.0_shared","100","0.01","true","2","n_minus_one_most_expensive","BlCLagSolver","false","fixed_linking_order","Optimal","-17622.0","0.0","447.07599997520447","332758",,"151","66.0032712","65.98574659999998","sioux_fixed_order_heuristics_lay__blclag_n_minus_one_f__gurobi_10min_fixed_o__6d6b0dfd78a5","fixed_linking_order","true","76","1.0","sioux_falls","1.0","two_layer","1.0","0","0","0","76","competition","true","0.01","100","100","100","200","48","sampled","layered_sioux_falls","shared","20401","blclag","blclag_n_minus_one_fixed_order","7600","7600","blc_jump","20000","false","100","false","Gurobi","gurobi_10min_fixed_order_seq8_cold","false","true","600.0","42","8","8","0.0405293","benchmark_run\runs\fixed_order_heuristics_gurobi1301_20260821_205724\blclag\results\batch_summary.csv","8","8","600.0"
"BlCLag_cold_start","sioux_fixed_order_heuristics_layered_sioux_falls_U100_S2_len_LS0.05_CCF1.0_B1.0_shared","100","0.05","true","2","n_minus_one_most_expensive","BlCLagSolver","false","fixed_linking_order","Optimal","-19070.0","0.0","122.62000012397766","13072",,"219","79.0325216","79.00616779999997","sioux_fixed_order_heuristics_lay__blclag_n_minus_one_f__gurobi_10min_fixed_o__3ac2a4adf7ae","fixed_linking_order","true","76","1.0","sioux_falls","1.0","two_layer","1.0","0","0","0","76","competition","true","0.05","100","100","100","200","48","sampled","layered_sioux_falls","shared","20401","blclag","blclag_n_minus_one_fixed_order","7600","7600","blc_jump","20000","false","100","false","Gurobi","gurobi_10min_fixed_order_seq8_cold","false","true","600.0","42","8","8","0.0383434","benchmark_run\runs\fixed_order_heuristics_gurobi1301_20260821_205724\blclag\results\batch_summary.csv","8","8","600.0"
"BlCLag_cold_start","sioux_fixed_order_heuristics_layered_sioux_falls_U100_S2_len_LS0.1_CCF1.0_B1.0_shared","100","0.1","true","2","n_minus_one_most_expensive","BlCLagSolver","false","fixed_linking_order","Optimal","-19070.0","0.0","186.00999999046326","34771",,"213","87.97126","87.94379459999989","sioux_fixed_order_heuristics_lay__blclag_n_minus_one_f__gurobi_10min_fixed_o__dad997301379","fixed_linking_order","true","76","1.0","sioux_falls","1.0","two_layer","1.0","0","0","0","76","competition","true","0.1","100","100","100","200","48","sampled","layered_sioux_falls","shared","20401","blclag","blclag_n_minus_one_fixed_order","7600","7600","blc_jump","20000","false","100","false","Gurobi","gurobi_10min_fixed_order_seq8_cold","false","true","600.0","42","8","8","0.039568","benchmark_run\runs\fixed_order_heuristics_gurobi1301_20260821_205724\blclag\results\batch_summary.csv","8","8","600.0"
"BlCLag_cold_start","sioux_fixed_order_heuristics_layered_sioux_falls_U100_S2_nolen_LS0.01_CCF1.0_B1.0_shared","100","","false","2","n_minus_one_most_expensive","BlCLagSolver","false","fixed_linking_order","Optimal","-19070.0","0.0","123.37899994850159","11607",,"219","70.8038185","70.75867989999993","sioux_fixed_order_heuristics_lay__blclag_n_minus_one_f__gurobi_10min_fixed_o__4045a129ab9b","fixed_linking_order","true","76","1.0","sioux_falls","1.0","two_layer","1.0","0","0","0","76","competition","true","","100","100","100","200","48","sampled","layered_sioux_falls","shared","20401","blclag","blclag_n_minus_one_fixed_order","7600","7600","blc_jump","20000","false","100","false","Gurobi","gurobi_10min_fixed_order_seq8_cold","false","true","600.0","42","8","8","0.0429471","benchmark_run\runs\fixed_order_heuristics_gurobi1301_20260821_205724\blclag\results\batch_summary.csv","8","8","600.0"
"BlCLag_cold_start","sioux_fixed_order_heuristics_layered_sioux_falls_U100_S3_len_LS0.01_CCF1.0_B1.0_shared","100","0.01","true","3","n_minus_one_most_expensive","BlCLagSolver","false","fixed_linking_order","Optimal","-16907.0","0.0","510.03200006484985","435244",,"175","90.41486650000002","90.39185369999983","sioux_fixed_order_heuristics_lay__blclag_n_minus_one_f__gurobi_10min_fixed_o__fb1c2d7d8965","fixed_linking_order","true","76","1.0","sioux_falls","1.0","two_layer","1.0","0","0","0","76","competition","true","0.01","100","100","100","200","48","sampled","layered_sioux_falls","shared","20401","blclag","blclag_n_minus_one_fixed_order","7600","7600","blc_jump","20000","false","100","false","Gurobi","gurobi_10min_fixed_order_seq8_cold","false","true","600.0","42","8","8","0.0386202","benchmark_run\runs\fixed_order_heuristics_gurobi1301_20260821_205724\blclag\results\batch_summary.csv","8","8","600.0"
"BlCLag_cold_start","sioux_fixed_order_heuristics_layered_sioux_falls_U100_S3_len_LS0.05_CCF1.0_B1.0_shared","100","0.05","true","3","n_minus_one_most_expensive","BlCLagSolver","false","fixed_linking_order","Optimal","-20513.0","0.0","360.09600019454956","136819",,"286","88.21999100000002","88.18843179999998","sioux_fixed_order_heuristics_lay__blclag_n_minus_one_f__gurobi_10min_fixed_o__f2a1f0971256","fixed_linking_order","true","76","1.0","sioux_falls","1.0","two_layer","1.0","0","0","0","76","competition","true","0.05","100","100","100","200","48","sampled","layered_sioux_falls","shared","20401","blclag","blclag_n_minus_one_fixed_order","7600","7600","blc_jump","20000","false","100","false","Gurobi","gurobi_10min_fixed_order_seq8_cold","false","true","600.0","42","8","8","0.0381536","benchmark_run\runs\fixed_order_heuristics_gurobi1301_20260821_205724\blclag\results\batch_summary.csv","8","8","600.0"
"BlCLag_cold_start","sioux_fixed_order_heuristics_layered_sioux_falls_U100_S3_len_LS0.1_CCF1.0_B1.0_shared","100","0.1","true","3","n_minus_one_most_expensive","BlCLagSolver","false","fixed_linking_order","Optimal","-20647.0","0.0","323.6520001888275","86500",,"296","142.98786410000005","142.9480093000001","sioux_fixed_order_heuristics_lay__blclag_n_minus_one_f__gurobi_10min_fixed_o__50de973c3b2f","fixed_linking_order","true","76","1.0","sioux_falls","1.0","two_layer","1.0","0","0","0","76","competition","true","0.1","100","100","100","200","48","sampled","layered_sioux_falls","shared","20401","blclag","blclag_n_minus_one_fixed_order","7600","7600","blc_jump","20000","false","100","false","Gurobi","gurobi_10min_fixed_order_seq8_cold","false","true","600.0","42","8","8","0.039142","benchmark_run\runs\fixed_order_heuristics_gurobi1301_20260821_205724\blclag\results\batch_summary.csv","8","8","600.0"
"BlCLag_cold_start","sioux_fixed_order_heuristics_layered_sioux_falls_U100_S3_nolen_LS0.01_CCF1.0_B1.0_shared","100","","false","3","n_minus_one_most_expensive","BlCLagSolver","false","fixed_linking_order","Optimal","-20647.0","0.0","452.3729999065399","287307",,"298","142.3946032","142.34873429999973","sioux_fixed_order_heuristics_lay__blclag_n_minus_one_f__gurobi_10min_fixed_o__ad8a3cf68edf","fixed_linking_order","true","76","1.0","sioux_falls","1.0","two_layer","1.0","0","0","0","76","competition","true","","100","100","100","200","48","sampled","layered_sioux_falls","shared","20401","blclag","blclag_n_minus_one_fixed_order","7600","7600","blc_jump","20000","false","100","false","Gurobi","gurobi_10min_fixed_order_seq8_cold","false","true","600.0","42","8","8","0.0388646","benchmark_run\runs\fixed_order_heuristics_gurobi1301_20260821_205724\blclag\results\batch_summary.csv","8","8","600.0"
"BlCLag_cold_start","sioux_fixed_order_heuristics_layered_sioux_falls_U100_S4_len_LS0.01_CCF1.0_B1.0_shared","100","0.01","true","4","n_minus_one_most_expensive","BlCLagSolver","false","fixed_linking_order","Optimal","-17887.0","0.0","58.39699983596802","2673",,"134","31.304642700000002","31.290158099999992","sioux_fixed_order_heuristics_lay__blclag_n_minus_one_f__gurobi_10min_fixed_o__e699b2541b0f","fixed_linking_order","true","76","1.0","sioux_falls","1.0","two_layer","1.0","0","0","0","76","competition","true","0.01","100","100","100","200","48","sampled","layered_sioux_falls","shared","20401","blclag","blclag_n_minus_one_fixed_order","7600","7600","blc_jump","20000","false","100","false","Gurobi","gurobi_10min_fixed_order_seq8_cold","false","true","600.0","42","8","8","0.0420406","benchmark_run\runs\fixed_order_heuristics_gurobi1301_20260821_205724\blclag\results\batch_summary.csv","8","8","600.0"
"BlCLag_cold_start","sioux_fixed_order_heuristics_layered_sioux_falls_U100_S4_len_LS0.05_CCF1.0_B1.0_shared","100","0.05","true","4","n_minus_one_most_expensive","BlCLagSolver","false","fixed_linking_order","Optimal","-18379.0","0.0","90.76600003242493","6662",,"164","65.2513859","65.2302471","sioux_fixed_order_heuristics_lay__blclag_n_minus_one_f__gurobi_10min_fixed_o__bee8088f2f7a","fixed_linking_order","true","76","1.0","sioux_falls","1.0","two_layer","1.0","0","0","0","76","competition","true","0.05","100","100","100","200","48","sampled","layered_sioux_falls","shared","20401","blclag","blclag_n_minus_one_fixed_order","7600","7600","blc_jump","20000","false","100","false","Gurobi","gurobi_10min_fixed_order_seq8_cold","false","true","600.0","42","8","8","0.0403367","benchmark_run\runs\fixed_order_heuristics_gurobi1301_20260821_205724\blclag\results\batch_summary.csv","8","8","600.0"
"BlCLag_cold_start","sioux_fixed_order_heuristics_layered_sioux_falls_U100_S4_len_LS0.1_CCF1.0_B1.0_shared","100","0.1","true","4","n_minus_one_most_expensive","BlCLagSolver","false","fixed_linking_order","Optimal","-18379.0","0.0","74.66700005531311","5149",,"146","47.4620718","47.446747299999984","sioux_fixed_order_heuristics_lay__blclag_n_minus_one_f__gurobi_10min_fixed_o__27d70739af48","fixed_linking_order","true","76","1.0","sioux_falls","1.0","two_layer","1.0","0","0","0","76","competition","true","0.1","100","100","100","200","48","sampled","layered_sioux_falls","shared","20401","blclag","blclag_n_minus_one_fixed_order","7600","7600","blc_jump","20000","false","100","false","Gurobi","gurobi_10min_fixed_order_seq8_cold","false","true","600.0","42","8","8","0.0418224","benchmark_run\runs\fixed_order_heuristics_gurobi1301_20260821_205724\blclag\results\batch_summary.csv","8","8","600.0"
"BlCLag_cold_start","sioux_fixed_order_heuristics_layered_sioux_falls_U100_S4_nolen_LS0.01_CCF1.0_B1.0_shared","100","","false","4","n_minus_one_most_expensive","BlCLagSolver","false","fixed_linking_order","Optimal","-18379.0","0.0","81.55200004577637","3922",,"146","58.6796293","58.65407919999998","sioux_fixed_order_heuristics_lay__blclag_n_minus_one_f__gurobi_10min_fixed_o__a081e99f41ce","fixed_linking_order","true","76","1.0","sioux_falls","1.0","two_layer","1.0","0","0","0","76","competition","true","","100","100","100","200","48","sampled","layered_sioux_falls","shared","20401","blclag","blclag_n_minus_one_fixed_order","7600","7600","blc_jump","20000","false","100","false","Gurobi","gurobi_10min_fixed_order_seq8_cold","false","true","600.0","42","8","8","0.0418982","benchmark_run\runs\fixed_order_heuristics_gurobi1301_20260821_205724\blclag\results\batch_summary.csv","8","8","600.0"
"BlCLag_cold_start","sioux_fixed_order_heuristics_layered_sioux_falls_U125_S2_len_LS0.01_CCF1.0_B1.0_shared","125","0.01","true","2","n_minus_one_most_expensive","BlCLagSolver","false","fixed_linking_order","Timelimit","-22438.0","0.005125233978072912","600.074000120163","306262",,"183","77.3667135","77.34689829999998","sioux_fixed_order_heuristics_lay__blclag_n_minus_one_f__gurobi_10min_fixed_o__1e16673ccb6a","fixed_linking_order","true","76","1.0","sioux_falls","1.0","two_layer","1.0","0","0","0","76","competition","true","0.01","100","100","100","200","48","sampled","layered_sioux_falls","shared","25451","blclag","blclag_n_minus_one_fixed_order","9500","9500","blc_jump","25000","false","125","false","Gurobi","gurobi_10min_fixed_order_seq8_cold","false","true","600.0","42","8","8","0.053128","benchmark_run\runs\fixed_order_heuristics_gurobi1301_20260821_205724\blclag\results\batch_summary.csv","8","8","600.0"
"BlCLag_cold_start","sioux_fixed_order_heuristics_layered_sioux_falls_U125_S2_len_LS0.05_CCF1.0_B1.0_shared","125","0.05","true","2","n_minus_one_most_expensive","BlCLagSolver","false","fixed_linking_order","Optimal","-23382.0","0.0","252.9889998435974","28441",,"272","123.47382059999998","123.4357888999997","sioux_fixed_order_heuristics_lay__blclag_n_minus_one_f__gurobi_10min_fixed_o__8bad36f0e391","fixed_linking_order","true","76","1.0","sioux_falls","1.0","two_layer","1.0","0","0","0","76","competition","true","0.05","100","100","100","200","48","sampled","layered_sioux_falls","shared","25451","blclag","blclag_n_minus_one_fixed_order","9500","9500","blc_jump","25000","false","125","false","Gurobi","gurobi_10min_fixed_order_seq8_cold","false","true","600.0","42","8","8","0.0504427","benchmark_run\runs\fixed_order_heuristics_gurobi1301_20260821_205724\blclag\results\batch_summary.csv","8","8","600.0"
"BlCLag_cold_start","sioux_fixed_order_heuristics_layered_sioux_falls_U125_S2_len_LS0.1_CCF1.0_B1.0_shared","125","0.1","true","2","n_minus_one_most_expensive","BlCLagSolver","false","fixed_linking_order","Optimal","-23382.0","0.0","231.2810001373291","9355",,"290","137.72938019999998","137.68650010000002","sioux_fixed_order_heuristics_lay__blclag_n_minus_one_f__gurobi_10min_fixed_o__74ff4898acae","fixed_linking_order","true","76","1.0","sioux_falls","1.0","two_layer","1.0","0","0","0","76","competition","true","0.1","100","100","100","200","48","sampled","layered_sioux_falls","shared","25451","blclag","blclag_n_minus_one_fixed_order","9500","9500","blc_jump","25000","false","125","false","Gurobi","gurobi_10min_fixed_order_seq8_cold","false","true","600.0","42","8","8","0.0473207","benchmark_run\runs\fixed_order_heuristics_gurobi1301_20260821_205724\blclag\results\batch_summary.csv","8","8","600.0"
"BlCLag_cold_start","sioux_fixed_order_heuristics_layered_sioux_falls_U125_S2_nolen_LS0.01_CCF1.0_B1.0_shared","125","","false","2","n_minus_one_most_expensive","BlCLagSolver","false","fixed_linking_order","Optimal","-23424.0","0.0","221.0659999847412","22508",,"264","116.11557789999999","116.05448539999976","sioux_fixed_order_heuristics_lay__blclag_n_minus_one_f__gurobi_10min_fixed_o__ffc03155f6af","fixed_linking_order","true","76","1.0","sioux_falls","1.0","two_layer","1.0","0","0","0","76","competition","true","","100","100","100","200","48","sampled","layered_sioux_falls","shared","25451","blclag","blclag_n_minus_one_fixed_order","9500","9500","blc_jump","25000","false","125","false","Gurobi","gurobi_10min_fixed_order_seq8_cold","false","true","600.0","42","8","8","0.0494483","benchmark_run\runs\fixed_order_heuristics_gurobi1301_20260821_205724\blclag\results\batch_summary.csv","8","8","600.0"
"BlCLag_cold_start","sioux_fixed_order_heuristics_layered_sioux_falls_U125_S3_len_LS0.01_CCF1.0_B1.0_shared","125","0.01","true","3","n_minus_one_most_expensive","BlCLagSolver","false","fixed_linking_order","Timelimit","-21575.0","0.050011587485515645","600.3939998149872","89723",,"240","224.48956550000003","224.44038099999997","sioux_fixed_order_heuristics_lay__blclag_n_minus_one_f__gurobi_10min_fixed_o__88516b10261a","fixed_linking_order","true","76","1.0","sioux_falls","1.0","two_layer","1.0","0","0","0","76","competition","true","0.01","100","100","100","200","48","sampled","layered_sioux_falls","shared","25451","blclag","blclag_n_minus_one_fixed_order","9500","9500","blc_jump","25000","false","125","false","Gurobi","gurobi_10min_fixed_order_seq8_cold","false","true","600.0","42","8","8","0.0529031","benchmark_run\runs\fixed_order_heuristics_gurobi1301_20260821_205724\blclag\results\batch_summary.csv","8","8","600.0"
"BlCLag_cold_start","sioux_fixed_order_heuristics_layered_sioux_falls_U125_S3_len_LS0.05_CCF1.0_B1.0_shared","125","0.05","true","3","n_minus_one_most_expensive","BlCLagSolver","false","fixed_linking_order","Timelimit","-26544.0","0.12722272453284453","599.989000082016","99875",,"380","198.63957980000004","198.58360330000087","sioux_fixed_order_heuristics_lay__blclag_n_minus_one_f__gurobi_10min_fixed_o__1a807e6648cf","fixed_linking_order","true","76","1.0","sioux_falls","1.0","two_layer","1.0","0","0","0","76","competition","true","0.05","100","100","100","200","48","sampled","layered_sioux_falls","shared","25451","blclag","blclag_n_minus_one_fixed_order","9500","9500","blc_jump","25000","false","125","false","Gurobi","gurobi_10min_fixed_order_seq8_cold","false","true","600.0","42","8","8","0.0495414","benchmark_run\runs\fixed_order_heuristics_gurobi1301_20260821_205724\blclag\results\batch_summary.csv","8","8","600.0"
"BlCLag_cold_start","sioux_fixed_order_heuristics_layered_sioux_falls_U125_S3_len_LS0.1_CCF1.0_B1.0_shared","125","0.1","true","3","n_minus_one_most_expensive","BlCLagSolver","false","fixed_linking_order","Timelimit","-26678.0","0.1220106454756607","600.0640001296997","107632",,"393","271.46758810000006","271.37961470000016","sioux_fixed_order_heuristics_lay__blclag_n_minus_one_f__gurobi_10min_fixed_o__dd8edc4ed251","fixed_linking_order","true","76","1.0","sioux_falls","1.0","two_layer","1.0","0","0","0","76","competition","true","0.1","100","100","100","200","48","sampled","layered_sioux_falls","shared","25451","blclag","blclag_n_minus_one_fixed_order","9500","9500","blc_jump","25000","false","125","false","Gurobi","gurobi_10min_fixed_order_seq8_cold","false","true","600.0","42","8","8","0.0513061","benchmark_run\runs\fixed_order_heuristics_gurobi1301_20260821_205724\blclag\results\batch_summary.csv","8","8","600.0"
"BlCLag_cold_start","sioux_fixed_order_heuristics_layered_sioux_falls_U125_S3_nolen_LS0.01_CCF1.0_B1.0_shared","125","","false","3","n_minus_one_most_expensive","BlCLagSolver","false","fixed_linking_order","Timelimit","-26678.0","0.09097383611964915","600.2089998722076","223771",,"368","165.81227","165.76073820000053","sioux_fixed_order_heuristics_lay__blclag_n_minus_one_f__gurobi_10min_fixed_o__dfde0d2ee3ef","fixed_linking_order","true","76","1.0","sioux_falls","1.0","two_layer","1.0","0","0","0","76","competition","true","","100","100","100","200","48","sampled","layered_sioux_falls","shared","25451","blclag","blclag_n_minus_one_fixed_order","9500","9500","blc_jump","25000","false","125","false","Gurobi","gurobi_10min_fixed_order_seq8_cold","false","true","600.0","42","8","8","0.0467401","benchmark_run\runs\fixed_order_heuristics_gurobi1301_20260821_205724\blclag\results\batch_summary.csv","8","8","600.0"
"BlCLag_cold_start","sioux_fixed_order_heuristics_layered_sioux_falls_U125_S4_len_LS0.01_CCF1.0_B1.0_shared","125","0.01","true","4","n_minus_one_most_expensive","BlCLagSolver","false","fixed_linking_order","Optimal","-22533.0","0.0","74.85000014305115","2629",,"164","40.183658199999996","40.16527090000003","sioux_fixed_order_heuristics_lay__blclag_n_minus_one_f__gurobi_10min_fixed_o__3b2ce39c0bca","fixed_linking_order","true","76","1.0","sioux_falls","1.0","two_layer","1.0","0","0","0","76","competition","true","0.01","100","100","100","200","48","sampled","layered_sioux_falls","shared","25451","blclag","blclag_n_minus_one_fixed_order","9500","9500","blc_jump","25000","false","125","false","Gurobi","gurobi_10min_fixed_order_seq8_cold","false","true","600.0","42","8","8","0.0483119","benchmark_run\runs\fixed_order_heuristics_gurobi1301_20260821_205724\blclag\results\batch_summary.csv","8","8","600.0"
"BlCLag_cold_start","sioux_fixed_order_heuristics_layered_sioux_falls_U125_S4_len_LS0.05_CCF1.0_B1.0_shared","125","0.05","true","4","n_minus_one_most_expensive","BlCLagSolver","false","fixed_linking_order","Optimal","-23592.0","0.0","126.90000009536743","8349",,"210","84.44477949999998","84.39547540000014","sioux_fixed_order_heuristics_lay__blclag_n_minus_one_f__gurobi_10min_fixed_o__365b08fe99ed","fixed_linking_order","true","76","1.0","sioux_falls","1.0","two_layer","1.0","0","0","0","76","competition","true","0.05","100","100","100","200","48","sampled","layered_sioux_falls","shared","25451","blclag","blclag_n_minus_one_fixed_order","9500","9500","blc_jump","25000","false","125","false","Gurobi","gurobi_10min_fixed_order_seq8_cold","false","true","600.0","42","8","8","0.0487687","benchmark_run\runs\fixed_order_heuristics_gurobi1301_20260821_205724\blclag\results\batch_summary.csv","8","8","600.0"
"BlCLag_cold_start","sioux_fixed_order_heuristics_layered_sioux_falls_U125_S4_len_LS0.1_CCF1.0_B1.0_shared","125","0.1","true","4","n_minus_one_most_expensive","BlCLagSolver","false","fixed_linking_order","Optimal","-23592.0","9.560642846714404e-15","163.2079999446869","15867",,"186","104.0429872","104.00129420000002","sioux_fixed_order_heuristics_lay__blclag_n_minus_one_f__gurobi_10min_fixed_o__23c6fbb6eeb1","fixed_linking_order","true","76","1.0","sioux_falls","1.0","two_layer","1.0","0","0","0","76","competition","true","0.1","100","100","100","200","48","sampled","layered_sioux_falls","shared","25451","blclag","blclag_n_minus_one_fixed_order","9500","9500","blc_jump","25000","false","125","false","Gurobi","gurobi_10min_fixed_order_seq8_cold","false","true","600.0","42","8","8","0.0478825","benchmark_run\runs\fixed_order_heuristics_gurobi1301_20260821_205724\blclag\results\batch_summary.csv","8","8","600.0"
"BlCLag_cold_start","sioux_fixed_order_heuristics_layered_sioux_falls_U125_S4_nolen_LS0.01_CCF1.0_B1.0_shared","125","","false","4","n_minus_one_most_expensive","BlCLagSolver","false","fixed_linking_order","Optimal","-23592.0","0.0","97.88499999046326","5370",,"187","68.01345950000001","67.98689299999998","sioux_fixed_order_heuristics_lay__blclag_n_minus_one_f__gurobi_10min_fixed_o__bd6ace29e9ed","fixed_linking_order","true","76","1.0","sioux_falls","1.0","two_layer","1.0","0","0","0","76","competition","true","","100","100","100","200","48","sampled","layered_sioux_falls","shared","25451","blclag","blclag_n_minus_one_fixed_order","9500","9500","blc_jump","25000","false","125","false","Gurobi","gurobi_10min_fixed_order_seq8_cold","false","true","600.0","42","8","8","0.0468003","benchmark_run\runs\fixed_order_heuristics_gurobi1301_20260821_205724\blclag\results\batch_summary.csv","8","8","600.0"
"BlCLag_cold_start","sioux_fixed_order_heuristics_layered_sioux_falls_U150_S2_len_LS0.01_CCF1.0_B1.0_shared","150","0.01","true","2","n_minus_one_most_expensive","BlCLagSolver","false","fixed_linking_order","Timelimit","-26751.0","0.010915479795147846","600.0329999923706","162222",,"225","102.6351906","102.61101780000016","sioux_fixed_order_heuristics_lay__blclag_n_minus_one_f__gurobi_10min_fixed_o__acc16741796e","fixed_linking_order","true","76","1.0","sioux_falls","1.0","two_layer","1.0","0","0","0","76","competition","true","0.01","100","100","100","200","48","sampled","layered_sioux_falls","shared","30501","blclag","blclag_n_minus_one_fixed_order","11400","11400","blc_jump","30000","false","150","false","Gurobi","gurobi_10min_fixed_order_seq8_cold","false","true","600.0","42","8","8","0.0565815","benchmark_run\runs\fixed_order_heuristics_gurobi1301_20260821_205724\blclag\results\batch_summary.csv","8","8","600.0"
"BlCLag_cold_start","sioux_fixed_order_heuristics_layered_sioux_falls_U150_S2_len_LS0.05_CCF1.0_B1.0_shared","150","0.05","true","2","n_minus_one_most_expensive","BlCLagSolver","false","fixed_linking_order","Optimal","-27880.0","0.0","248.55100011825562","29138",,"299","89.73164430000001","89.69985290000002","sioux_fixed_order_heuristics_lay__blclag_n_minus_one_f__gurobi_10min_fixed_o__d4d936716069","fixed_linking_order","true","76","1.0","sioux_falls","1.0","two_layer","1.0","0","0","0","76","competition","true","0.05","100","100","100","200","48","sampled","layered_sioux_falls","shared","30501","blclag","blclag_n_minus_one_fixed_order","11400","11400","blc_jump","30000","false","150","false","Gurobi","gurobi_10min_fixed_order_seq8_cold","false","true","600.0","42","8","8","0.0574338","benchmark_run\runs\fixed_order_heuristics_gurobi1301_20260821_205724\blclag\results\batch_summary.csv","8","8","600.0"
"BlCLag_cold_start","sioux_fixed_order_heuristics_layered_sioux_falls_U150_S2_len_LS0.1_CCF1.0_B1.0_shared","150","0.1","true","2","n_minus_one_most_expensive","BlCLagSolver","false","fixed_linking_order","Optimal","-27880.0","0.0","417.32400012016296","61725",,"322","179.72731980000003","179.6568305999996","sioux_fixed_order_heuristics_lay__blclag_n_minus_one_f__gurobi_10min_fixed_o__870e29467805","fixed_linking_order","true","76","1.0","sioux_falls","1.0","two_layer","1.0","0","0","0","76","competition","true","0.1","100","100","100","200","48","sampled","layered_sioux_falls","shared","30501","blclag","blclag_n_minus_one_fixed_order","11400","11400","blc_jump","30000","false","150","false","Gurobi","gurobi_10min_fixed_order_seq8_cold","false","true","600.0","42","8","8","0.0599198","benchmark_run\runs\fixed_order_heuristics_gurobi1301_20260821_205724\blclag\results\batch_summary.csv","8","8","600.0"
"BlCLag_cold_start","sioux_fixed_order_heuristics_layered_sioux_falls_U150_S2_nolen_LS0.01_CCF1.0_B1.0_shared","150","","false","2","n_minus_one_most_expensive","BlCLagSolver","false","fixed_linking_order","Optimal","-27880.0","4.2408289537475135e-14","258.4760000705719","22352",,"311","146.68372890000003","146.63964890000037","sioux_fixed_order_heuristics_lay__blclag_n_minus_one_f__gurobi_10min_fixed_o__d7c5cd49ba12","fixed_linking_order","true","76","1.0","sioux_falls","1.0","two_layer","1.0","0","0","0","76","competition","true","","100","100","100","200","48","sampled","layered_sioux_falls","shared","30501","blclag","blclag_n_minus_one_fixed_order","11400","11400","blc_jump","30000","false","150","false","Gurobi","gurobi_10min_fixed_order_seq8_cold","false","true","600.0","42","8","8","0.0576492","benchmark_run\runs\fixed_order_heuristics_gurobi1301_20260821_205724\blclag\results\batch_summary.csv","8","8","600.0"
"BlCLag_cold_start","sioux_fixed_order_heuristics_layered_sioux_falls_U150_S3_len_LS0.01_CCF1.0_B1.0_shared","150","0.01","true","3","n_minus_one_most_expensive","BlCLagSolver","false","fixed_linking_order","Timelimit","-25789.0","0.051068284927682346","600.0629999637604","86776",,"286","148.9849457","148.94750570000028","sioux_fixed_order_heuristics_lay__blclag_n_minus_one_f__gurobi_10min_fixed_o__f6dad076a94b","fixed_linking_order","true","76","1.0","sioux_falls","1.0","two_layer","1.0","0","0","0","76","competition","true","0.01","100","100","100","200","48","sampled","layered_sioux_falls","shared","30501","blclag","blclag_n_minus_one_fixed_order","11400","11400","blc_jump","30000","false","150","false","Gurobi","gurobi_10min_fixed_order_seq8_cold","false","true","600.0","42","8","8","0.0565332","benchmark_run\runs\fixed_order_heuristics_gurobi1301_20260821_205724\blclag\results\batch_summary.csv","8","8","600.0"
"BlCLag_cold_start","sioux_fixed_order_heuristics_layered_sioux_falls_U150_S3_len_LS0.05_CCF1.0_B1.0_shared","150","0.05","true","3","n_minus_one_most_expensive","BlCLagSolver","false","fixed_linking_order","Timelimit","-31517.0","0.15965970113591588","600.0129997730255","59368",,"448","196.81989440000004","196.76657630000022","sioux_fixed_order_heuristics_lay__blclag_n_minus_one_f__gurobi_10min_fixed_o__77bd5cb98166","fixed_linking_order","true","76","1.0","sioux_falls","1.0","two_layer","1.0","0","0","0","76","competition","true","0.05","100","100","100","200","48","sampled","layered_sioux_falls","shared","30501","blclag","blclag_n_minus_one_fixed_order","11400","11400","blc_jump","30000","false","150","false","Gurobi","gurobi_10min_fixed_order_seq8_cold","false","true","600.0","42","8","8","0.057623","benchmark_run\runs\fixed_order_heuristics_gurobi1301_20260821_205724\blclag\results\batch_summary.csv","8","8","600.0"
"BlCLag_cold_start","sioux_fixed_order_heuristics_layered_sioux_falls_U150_S3_len_LS0.1_CCF1.0_B1.0_shared","150","0.1","true","3","n_minus_one_most_expensive","BlCLagSolver","false","fixed_linking_order","Timelimit","-31651.0","0.13168620264761463","600.1840000152588","116413",,"482","239.25744060000005","239.19443099999987","sioux_fixed_order_heuristics_lay__blclag_n_minus_one_f__gurobi_10min_fixed_o__001374ec05d2","fixed_linking_order","true","76","1.0","sioux_falls","1.0","two_layer","1.0","0","0","0","76","competition","true","0.1","100","100","100","200","48","sampled","layered_sioux_falls","shared","30501","blclag","blclag_n_minus_one_fixed_order","11400","11400","blc_jump","30000","false","150","false","Gurobi","gurobi_10min_fixed_order_seq8_cold","false","true","600.0","42","8","8","0.0560413","benchmark_run\runs\fixed_order_heuristics_gurobi1301_20260821_205724\blclag\results\batch_summary.csv","8","8","600.0"
"BlCLag_cold_start","sioux_fixed_order_heuristics_layered_sioux_falls_U150_S3_nolen_LS0.01_CCF1.0_B1.0_shared","150","","false","3","n_minus_one_most_expensive","BlCLagSolver","false","fixed_linking_order","Timelimit","-31651.0","0.16738807620612303","600.0009999275208","45718",,"471","266.7774020999999","266.69628500000005","sioux_fixed_order_heuristics_lay__blclag_n_minus_one_f__gurobi_10min_fixed_o__639c47ec3741","fixed_linking_order","true","76","1.0","sioux_falls","1.0","two_layer","1.0","0","0","0","76","competition","true","","100","100","100","200","48","sampled","layered_sioux_falls","shared","30501","blclag","blclag_n_minus_one_fixed_order","11400","11400","blc_jump","30000","false","150","false","Gurobi","gurobi_10min_fixed_order_seq8_cold","false","true","600.0","42","8","8","0.0569225","benchmark_run\runs\fixed_order_heuristics_gurobi1301_20260821_205724\blclag\results\batch_summary.csv","8","8","600.0"
"BlCLag_cold_start","sioux_fixed_order_heuristics_layered_sioux_falls_U150_S4_len_LS0.01_CCF1.0_B1.0_shared","150","0.01","true","4","n_minus_one_most_expensive","BlCLagSolver","false","fixed_linking_order","Optimal","-26746.0","0.0","75.13300013542175","2806",,"187","32.6658494","32.64793980000002","sioux_fixed_order_heuristics_lay__blclag_n_minus_one_f__gurobi_10min_fixed_o__27d13b5c185e","fixed_linking_order","true","76","1.0","sioux_falls","1.0","two_layer","1.0","0","0","0","76","competition","true","0.01","100","100","100","200","48","sampled","layered_sioux_falls","shared","30501","blclag","blclag_n_minus_one_fixed_order","11400","11400","blc_jump","30000","false","150","false","Gurobi","gurobi_10min_fixed_order_seq8_cold","false","true","600.0","42","8","8","0.0574314","benchmark_run\runs\fixed_order_heuristics_gurobi1301_20260821_205724\blclag\results\batch_summary.csv","8","8","600.0"
"BlCLag_cold_start","sioux_fixed_order_heuristics_layered_sioux_falls_U150_S4_len_LS0.05_CCF1.0_B1.0_shared","150","0.05","true","4","n_minus_one_most_expensive","BlCLagSolver","false","fixed_linking_order","Optimal","-27857.0","0.0","166.5659999847412","7416",,"236","132.1947023","132.15701119999983","sioux_fixed_order_heuristics_lay__blclag_n_minus_one_f__gurobi_10min_fixed_o__7ad6f730fb7c","fixed_linking_order","true","76","1.0","sioux_falls","1.0","two_layer","1.0","0","0","0","76","competition","true","0.05","100","100","100","200","48","sampled","layered_sioux_falls","shared","30501","blclag","blclag_n_minus_one_fixed_order","11400","11400","blc_jump","30000","false","150","false","Gurobi","gurobi_10min_fixed_order_seq8_cold","false","true","600.0","42","8","8","0.0561649","benchmark_run\runs\fixed_order_heuristics_gurobi1301_20260821_205724\blclag\results\batch_summary.csv","8","8","600.0"
"BlCLag_cold_start","sioux_fixed_order_heuristics_layered_sioux_falls_U150_S4_len_LS0.1_CCF1.0_B1.0_shared","150","0.1","true","4","n_minus_one_most_expensive","BlCLagSolver","false","fixed_linking_order","Optimal","-27857.0","0.0","117.59299993515015","5832",,"208","72.3943332","72.37275609999982","sioux_fixed_order_heuristics_lay__blclag_n_minus_one_f__gurobi_10min_fixed_o__99b84b224440","fixed_linking_order","true","76","1.0","sioux_falls","1.0","two_layer","1.0","0","0","0","76","competition","true","0.1","100","100","100","200","48","sampled","layered_sioux_falls","shared","30501","blclag","blclag_n_minus_one_fixed_order","11400","11400","blc_jump","30000","false","150","false","Gurobi","gurobi_10min_fixed_order_seq8_cold","false","true","600.0","42","8","8","0.0561597","benchmark_run\runs\fixed_order_heuristics_gurobi1301_20260821_205724\blclag\results\batch_summary.csv","8","8","600.0"
"BlCLag_cold_start","sioux_fixed_order_heuristics_layered_sioux_falls_U150_S4_nolen_LS0.01_CCF1.0_B1.0_shared","150","","false","4","n_minus_one_most_expensive","BlCLagSolver","false","fixed_linking_order","Optimal","-27857.0","0.0","117.9449999332428","3902",,"215","85.855384","85.82405150000007","sioux_fixed_order_heuristics_lay__blclag_n_minus_one_f__gurobi_10min_fixed_o__c58986686c02","fixed_linking_order","true","76","1.0","sioux_falls","1.0","two_layer","1.0","0","0","0","76","competition","true","","100","100","100","200","48","sampled","layered_sioux_falls","shared","30501","blclag","blclag_n_minus_one_fixed_order","11400","11400","blc_jump","30000","false","150","false","Gurobi","gurobi_10min_fixed_order_seq8_cold","false","true","600.0","42","8","8","0.056991","benchmark_run\runs\fixed_order_heuristics_gurobi1301_20260821_205724\blclag\results\batch_summary.csv","8","8","600.0"
"BlCLag_cold_start","sioux_fixed_order_heuristics_layered_sioux_falls_U175_S2_len_LS0.01_CCF1.0_B1.0_shared","175","0.01","true","2","n_minus_one_most_expensive","BlCLagSolver","false","fixed_linking_order","Timelimit","-30333.0","0.02897834042132331","600.3329999446869","51206",,"261","130.2285577","130.1961996999998","sioux_fixed_order_heuristics_lay__blclag_n_minus_one_f__gurobi_10min_fixed_o__ece08784cb68","fixed_linking_order","true","76","1.0","sioux_falls","1.0","two_layer","1.0","0","0","0","76","competition","true","0.01","100","100","100","200","48","sampled","layered_sioux_falls","shared","35551","blclag","blclag_n_minus_one_fixed_order","13300","13300","blc_jump","35000","false","175","false","Gurobi","gurobi_10min_fixed_order_seq8_cold","false","true","600.0","42","8","8","0.0921024","benchmark_run\runs\fixed_order_heuristics_gurobi1301_20260821_205724\blclag\results\batch_summary.csv","8","8","600.0"
"BlCLag_cold_start","sioux_fixed_order_heuristics_layered_sioux_falls_U175_S2_len_LS0.05_CCF1.0_B1.0_shared","175","0.05","true","2","n_minus_one_most_expensive","BlCLagSolver","false","fixed_linking_order","Optimal","-31741.0","0.0","519.0190000534058","94501",,"376","156.41514079999996","156.36760699999977","sioux_fixed_order_heuristics_lay__blclag_n_minus_one_f__gurobi_10min_fixed_o__f8748ac2fdba","fixed_linking_order","true","76","1.0","sioux_falls","1.0","two_layer","1.0","0","0","0","76","competition","true","0.05","100","100","100","200","48","sampled","layered_sioux_falls","shared","35551","blclag","blclag_n_minus_one_fixed_order","13300","13300","blc_jump","35000","false","175","false","Gurobi","gurobi_10min_fixed_order_seq8_cold","false","true","600.0","42","8","8","0.0667924","benchmark_run\runs\fixed_order_heuristics_gurobi1301_20260821_205724\blclag\results\batch_summary.csv","8","8","600.0"
"BlCLag_cold_start","sioux_fixed_order_heuristics_layered_sioux_falls_U175_S2_len_LS0.1_CCF1.0_B1.0_shared","175","0.1","true","2","n_minus_one_most_expensive","BlCLagSolver","false","fixed_linking_order","Timelimit","-31741.0","0.008285813301406554","600.2610001564026","112122",,"375","165.97810800000002","165.93098749999965","sioux_fixed_order_heuristics_lay__blclag_n_minus_one_f__gurobi_10min_fixed_o__c6add37ddc8d","fixed_linking_order","true","76","1.0","sioux_falls","1.0","two_layer","1.0","0","0","0","76","competition","true","0.1","100","100","100","200","48","sampled","layered_sioux_falls","shared","35551","blclag","blclag_n_minus_one_fixed_order","13300","13300","blc_jump","35000","false","175","false","Gurobi","gurobi_10min_fixed_order_seq8_cold","false","true","600.0","42","8","8","0.066393","benchmark_run\runs\fixed_order_heuristics_gurobi1301_20260821_205724\blclag\results\batch_summary.csv","8","8","600.0"
"BlCLag_cold_start","sioux_fixed_order_heuristics_layered_sioux_falls_U175_S2_nolen_LS0.01_CCF1.0_B1.0_shared","175","","false","2","n_minus_one_most_expensive","BlCLagSolver","false","fixed_linking_order","Optimal","-31741.0","1.0888377388037955e-14","407.2890000343323","94859",,"361","99.0479474","99.00779429999989","sioux_fixed_order_heuristics_lay__blclag_n_minus_one_f__gurobi_10min_fixed_o__136632b2f0a1","fixed_linking_order","true","76","1.0","sioux_falls","1.0","two_layer","1.0","0","0","0","76","competition","true","","100","100","100","200","48","sampled","layered_sioux_falls","shared","35551","blclag","blclag_n_minus_one_fixed_order","13300","13300","blc_jump","35000","false","175","false","Gurobi","gurobi_10min_fixed_order_seq8_cold","false","true","600.0","42","8","8","0.0666337","benchmark_run\runs\fixed_order_heuristics_gurobi1301_20260821_205724\blclag\results\batch_summary.csv","8","8","600.0"
"BlCLag_cold_start","sioux_fixed_order_heuristics_layered_sioux_falls_U175_S3_len_LS0.01_CCF1.0_B1.0_shared","175","0.01","true","3","n_minus_one_most_expensive","BlCLagSolver","false","fixed_linking_order","Timelimit","-29432.0","0.07430687686871433","600.125","54629",,"327","271.01431149999996","270.9591843999998","sioux_fixed_order_heuristics_lay__blclag_n_minus_one_f__gurobi_10min_fixed_o__7f6cf57da35e","fixed_linking_order","true","76","1.0","sioux_falls","1.0","two_layer","1.0","0","0","0","76","competition","true","0.01","100","100","100","200","48","sampled","layered_sioux_falls","shared","35551","blclag","blclag_n_minus_one_fixed_order","13300","13300","blc_jump","35000","false","175","false","Gurobi","gurobi_10min_fixed_order_seq8_cold","false","true","600.0","42","8","8","0.0675226","benchmark_run\runs\fixed_order_heuristics_gurobi1301_20260821_205724\blclag\results\batch_summary.csv","8","8","600.0"
"BlCLag_cold_start","sioux_fixed_order_heuristics_layered_sioux_falls_U175_S3_len_LS0.05_CCF1.0_B1.0_shared","175","0.05","true","3","n_minus_one_most_expensive","BlCLagSolver","false","fixed_linking_order","Timelimit","-35969.0","0.23915037949344783","604.3889999389648","23094",,"520","208.28365100000002","208.2172169999995","sioux_fixed_order_heuristics_lay__blclag_n_minus_one_f__gurobi_10min_fixed_o__64baacf2c032","fixed_linking_order","true","76","1.0","sioux_falls","1.0","two_layer","1.0","0","0","0","76","competition","true","0.05","100","100","100","200","48","sampled","layered_sioux_falls","shared","35551","blclag","blclag_n_minus_one_fixed_order","13300","13300","blc_jump","35000","false","175","false","Gurobi","gurobi_10min_fixed_order_seq8_cold","false","true","600.0","42","8","8","0.0768115","benchmark_run\runs\fixed_order_heuristics_gurobi1301_20260821_205724\blclag\results\batch_summary.csv","8","8","600.0"
"BlCLag_cold_start","sioux_fixed_order_heuristics_layered_sioux_falls_U175_S3_len_LS0.1_CCF1.0_B1.0_shared","175","0.1","true","3","n_minus_one_most_expensive","BlCLagSolver","false","fixed_linking_order","Timelimit","-36103.0","0.2194277483865532","600.0349998474121","25271",,"531","340.4621285","340.3767855999987","sioux_fixed_order_heuristics_lay__blclag_n_minus_one_f__gurobi_10min_fixed_o__81eefbb62d24","fixed_linking_order","true","76","1.0","sioux_falls","1.0","two_layer","1.0","0","0","0","76","competition","true","0.1","100","100","100","200","48","sampled","layered_sioux_falls","shared","35551","blclag","blclag_n_minus_one_fixed_order","13300","13300","blc_jump","35000","false","175","false","Gurobi","gurobi_10min_fixed_order_seq8_cold","false","true","600.0","42","8","8","0.0658842","benchmark_run\runs\fixed_order_heuristics_gurobi1301_20260821_205724\blclag\results\batch_summary.csv","8","8","600.0"
"BlCLag_cold_start","sioux_fixed_order_heuristics_layered_sioux_falls_U175_S3_nolen_LS0.01_CCF1.0_B1.0_shared","175","","false","3","n_minus_one_most_expensive","BlCLagSolver","false","fixed_linking_order","Timelimit","-36103.0","0.1766612192892521","600.0950000286102","80023",,"468","131.9772791","131.92423669999988","sioux_fixed_order_heuristics_lay__blclag_n_minus_one_f__gurobi_10min_fixed_o__6d261a565a62","fixed_linking_order","true","76","1.0","sioux_falls","1.0","two_layer","1.0","0","0","0","76","competition","true","","100","100","100","200","48","sampled","layered_sioux_falls","shared","35551","blclag","blclag_n_minus_one_fixed_order","13300","13300","blc_jump","35000","false","175","false","Gurobi","gurobi_10min_fixed_order_seq8_cold","false","true","600.0","42","8","8","0.0661468","benchmark_run\runs\fixed_order_heuristics_gurobi1301_20260821_205724\blclag\results\batch_summary.csv","8","8","600.0"
"BlCLag_cold_start","sioux_fixed_order_heuristics_layered_sioux_falls_U175_S4_len_LS0.01_CCF1.0_B1.0_shared","175","0.01","true","4","n_minus_one_most_expensive","BlCLagSolver","false","fixed_linking_order","Optimal","-30726.0","0.0","95.63100004196167","3657",,"219","44.9538714","44.929814799999996","sioux_fixed_order_heuristics_lay__blclag_n_minus_one_f__gurobi_10min_fixed_o__b3403de7112a","fixed_linking_order","true","76","1.0","sioux_falls","1.0","two_layer","1.0","0","0","0","76","competition","true","0.01","100","100","100","200","48","sampled","layered_sioux_falls","shared","35551","blclag","blclag_n_minus_one_fixed_order","13300","13300","blc_jump","35000","false","175","false","Gurobi","gurobi_10min_fixed_order_seq8_cold","false","true","600.0","42","8","8","0.0661034","benchmark_run\runs\fixed_order_heuristics_gurobi1301_20260821_205724\blclag\results\batch_summary.csv","8","8","600.0"
"BlCLag_cold_start","sioux_fixed_order_heuristics_layered_sioux_falls_U175_S4_len_LS0.05_CCF1.0_B1.0_shared","175","0.05","true","4","n_minus_one_most_expensive","BlCLagSolver","false","fixed_linking_order","Optimal","-30987.0","0.0","136.8090000152588","6771",,"262","86.31771239999999","86.28514379999993","sioux_fixed_order_heuristics_lay__blclag_n_minus_one_f__gurobi_10min_fixed_o__677cde503099","fixed_linking_order","true","76","1.0","sioux_falls","1.0","two_layer","1.0","0","0","0","76","competition","true","0.05","100","100","100","200","48","sampled","layered_sioux_falls","shared","35551","blclag","blclag_n_minus_one_fixed_order","13300","13300","blc_jump","35000","false","175","false","Gurobi","gurobi_10min_fixed_order_seq8_cold","false","true","600.0","42","8","8","0.0682077","benchmark_run\runs\fixed_order_heuristics_gurobi1301_20260821_205724\blclag\results\batch_summary.csv","8","8","600.0"
"BlCLag_cold_start","sioux_fixed_order_heuristics_layered_sioux_falls_U175_S4_len_LS0.1_CCF1.0_B1.0_shared","175","0.1","true","4","n_minus_one_most_expensive","BlCLagSolver","false","fixed_linking_order","Optimal","-30987.0","0.0","211.89200019836426","5367",,"269","163.21077259999998","163.1678548000005","sioux_fixed_order_heuristics_lay__blclag_n_minus_one_f__gurobi_10min_fixed_o__114860888abd","fixed_linking_order","true","76","1.0","sioux_falls","1.0","two_layer","1.0","0","0","0","76","competition","true","0.1","100","100","100","200","48","sampled","layered_sioux_falls","shared","35551","blclag","blclag_n_minus_one_fixed_order","13300","13300","blc_jump","35000","false","175","false","Gurobi","gurobi_10min_fixed_order_seq8_cold","false","true","600.0","42","8","8","0.0684679","benchmark_run\runs\fixed_order_heuristics_gurobi1301_20260821_205724\blclag\results\batch_summary.csv","8","8","600.0"
"BlCLag_cold_start","sioux_fixed_order_heuristics_layered_sioux_falls_U175_S4_nolen_LS0.01_CCF1.0_B1.0_shared","175","","false","4","n_minus_one_most_expensive","BlCLagSolver","false","fixed_linking_order","Optimal","-30987.0","0.0","143.3789999485016","7204",,"245","98.1910492","98.13027720000021","sioux_fixed_order_heuristics_lay__blclag_n_minus_one_f__gurobi_10min_fixed_o__b1b4fbb4223d","fixed_linking_order","true","76","1.0","sioux_falls","1.0","two_layer","1.0","0","0","0","76","competition","true","","100","100","100","200","48","sampled","layered_sioux_falls","shared","35551","blclag","blclag_n_minus_one_fixed_order","13300","13300","blc_jump","35000","false","175","false","Gurobi","gurobi_10min_fixed_order_seq8_cold","false","true","600.0","42","8","8","0.0670896","benchmark_run\runs\fixed_order_heuristics_gurobi1301_20260821_205724\blclag\results\batch_summary.csv","8","8","600.0"
"BlCLag_cold_start","sioux_fixed_order_heuristics_layered_sioux_falls_U200_S2_len_LS0.01_CCF1.0_B1.0_shared","200","0.01","true","2","n_minus_one_most_expensive","BlCLagSolver","false","fixed_linking_order","Timelimit","-33426.0","0.027463651050079904","600.164999961853","72182",,"283","155.94381629999998","155.9062019999999","sioux_fixed_order_heuristics_lay__blclag_n_minus_one_f__gurobi_10min_fixed_o__c8c575fe00f1","fixed_linking_order","true","76","1.0","sioux_falls","1.0","two_layer","1.0","0","0","0","76","competition","true","0.01","100","100","100","200","48","sampled","layered_sioux_falls","shared","40601","blclag","blclag_n_minus_one_fixed_order","15200","15200","blc_jump","40000","false","200","false","Gurobi","gurobi_10min_fixed_order_seq8_cold","false","true","600.0","42","8","8","0.0761879","benchmark_run\runs\fixed_order_heuristics_gurobi1301_20260821_205724\blclag\results\batch_summary.csv","8","8","600.0"
"BlCLag_cold_start","sioux_fixed_order_heuristics_layered_sioux_falls_U200_S2_len_LS0.05_CCF1.0_B1.0_shared","200","0.05","true","2","n_minus_one_most_expensive","BlCLagSolver","false","fixed_linking_order","Timelimit","-34391.99999717651","0.033990462983236165","599.9910001754761","79453",,"410","152.2361262","152.18679509999987","sioux_fixed_order_heuristics_lay__blclag_n_minus_one_f__gurobi_10min_fixed_o__152d9c307380","fixed_linking_order","true","76","1.0","sioux_falls","1.0","two_layer","1.0","0","0","0","76","competition","true","0.05","100","100","100","200","48","sampled","layered_sioux_falls","shared","40601","blclag","blclag_n_minus_one_fixed_order","15200","15200","blc_jump","40000","false","200","false","Gurobi","gurobi_10min_fixed_order_seq8_cold","false","true","600.0","42","8","8","0.173017","benchmark_run\runs\fixed_order_heuristics_gurobi1301_20260821_205724\blclag\results\batch_summary.csv","8","8","600.0"
"BlCLag_cold_start","sioux_fixed_order_heuristics_layered_sioux_falls_U200_S2_len_LS0.1_CCF1.0_B1.0_shared","200","0.1","true","2","n_minus_one_most_expensive","BlCLagSolver","false","fixed_linking_order","Timelimit","-34392.0","0.041928355431495694","600.1269998550415","81456",,"410","180.092067","180.04002290000037","sioux_fixed_order_heuristics_lay__blclag_n_minus_one_f__gurobi_10min_fixed_o__c2c9700b4046","fixed_linking_order","true","76","1.0","sioux_falls","1.0","two_layer","1.0","0","0","0","76","competition","true","0.1","100","100","100","200","48","sampled","layered_sioux_falls","shared","40601","blclag","blclag_n_minus_one_fixed_order","15200","15200","blc_jump","40000","false","200","false","Gurobi","gurobi_10min_fixed_order_seq8_cold","false","true","600.0","42","8","8","0.0767833","benchmark_run\runs\fixed_order_heuristics_gurobi1301_20260821_205724\blclag\results\batch_summary.csv","8","8","600.0"
"BlCLag_cold_start","sioux_fixed_order_heuristics_layered_sioux_falls_U200_S2_nolen_LS0.01_CCF1.0_B1.0_shared","200","","false","2","n_minus_one_most_expensive","BlCLagSolver","false","fixed_linking_order","Timelimit","-34392.00000588936","0.04341125825351765","600.1240000724792","109727",,"396","117.0052961","116.95534630000014","sioux_fixed_order_heuristics_lay__blclag_n_minus_one_f__gurobi_10min_fixed_o__3e6985590956","fixed_linking_order","true","76","1.0","sioux_falls","1.0","two_layer","1.0","0","0","0","76","competition","true","","100","100","100","200","48","sampled","layered_sioux_falls","shared","40601","blclag","blclag_n_minus_one_fixed_order","15200","15200","blc_jump","40000","false","200","false","Gurobi","gurobi_10min_fixed_order_seq8_cold","false","true","600.0","42","8","8","0.0757374","benchmark_run\runs\fixed_order_heuristics_gurobi1301_20260821_205724\blclag\results\batch_summary.csv","8","8","600.0"
"BlCLag_cold_start","sioux_fixed_order_heuristics_layered_sioux_falls_U200_S3_len_LS0.01_CCF1.0_B1.0_shared","200","0.01","true","3","n_minus_one_most_expensive","BlCLagSolver","false","fixed_linking_order","Timelimit","-34326.0","0.08567849443570472","600.0179998874664","21381",,"376","259.6615853","259.6023384000005","sioux_fixed_order_heuristics_lay__blclag_n_minus_one_f__gurobi_10min_fixed_o__9953e729eef3","fixed_linking_order","true","76","1.0","sioux_falls","1.0","two_layer","1.0","0","0","0","76","competition","true","0.01","100","100","100","200","48","sampled","layered_sioux_falls","shared","40601","blclag","blclag_n_minus_one_fixed_order","15200","15200","blc_jump","40000","false","200","false","Gurobi","gurobi_10min_fixed_order_seq8_cold","false","true","600.0","42","8","8","0.0794439","benchmark_run\runs\fixed_order_heuristics_gurobi1301_20260821_205724\blclag\results\batch_summary.csv","8","8","600.0"
"BlCLag_cold_start","sioux_fixed_order_heuristics_layered_sioux_falls_U200_S3_len_LS0.05_CCF1.0_B1.0_shared","200","0.05","true","3","n_minus_one_most_expensive","BlCLagSolver","false","fixed_linking_order","Timelimit","-40502.0","0.2925040738728952","600.1039998531342","2299",,"583","311.0885954","311.0043041999993","sioux_fixed_order_heuristics_lay__blclag_n_minus_one_f__gurobi_10min_fixed_o__dbfa222983b0","fixed_linking_order","true","76","1.0","sioux_falls","1.0","two_layer","1.0","0","0","0","76","competition","true","0.05","100","100","100","200","48","sampled","layered_sioux_falls","shared","40601","blclag","blclag_n_minus_one_fixed_order","15200","15200","blc_jump","40000","false","200","false","Gurobi","gurobi_10min_fixed_order_seq8_cold","false","true","600.0","42","8","8","0.0827325","benchmark_run\runs\fixed_order_heuristics_gurobi1301_20260821_205724\blclag\results\batch_summary.csv","8","8","600.0"
"BlCLag_cold_start","sioux_fixed_order_heuristics_layered_sioux_falls_U200_S3_len_LS0.1_CCF1.0_B1.0_shared","200","0.1","true","3","n_minus_one_most_expensive","BlCLagSolver","false","fixed_linking_order","Timelimit","-41111.0","0.23020602758385833","600.308000087738","19969",,"618","359.9065231","359.81288030000087","sioux_fixed_order_heuristics_lay__blclag_n_minus_one_f__gurobi_10min_fixed_o__6554f5d6b837","fixed_linking_order","true","76","1.0","sioux_falls","1.0","two_layer","1.0","0","0","0","76","competition","true","0.1","100","100","100","200","48","sampled","layered_sioux_falls","shared","40601","blclag","blclag_n_minus_one_fixed_order","15200","15200","blc_jump","40000","false","200","false","Gurobi","gurobi_10min_fixed_order_seq8_cold","false","true","600.0","42","8","8","0.0836321","benchmark_run\runs\fixed_order_heuristics_gurobi1301_20260821_205724\blclag\results\batch_summary.csv","8","8","600.0"
"BlCLag_cold_start","sioux_fixed_order_heuristics_layered_sioux_falls_U200_S3_nolen_LS0.01_CCF1.0_B1.0_shared","200","","false","3","n_minus_one_most_expensive","BlCLagSolver","false","fixed_linking_order","Timelimit","-41126.0","0.180907455137869","598.6670000553131","38456",,"612","273.4285217000001","273.3403602999998","sioux_fixed_order_heuristics_lay__blclag_n_minus_one_f__gurobi_10min_fixed_o__51240e0a82b6","fixed_linking_order","true","76","1.0","sioux_falls","1.0","two_layer","1.0","0","0","0","76","competition","true","","100","100","100","200","48","sampled","layered_sioux_falls","shared","40601","blclag","blclag_n_minus_one_fixed_order","15200","15200","blc_jump","40000","false","200","false","Gurobi","gurobi_10min_fixed_order_seq8_cold","false","true","600.0","42","8","8","1.4859427","benchmark_run\runs\fixed_order_heuristics_gurobi1301_20260821_205724\blclag\results\batch_summary.csv","8","8","600.0"
"BlCLag_cold_start","sioux_fixed_order_heuristics_layered_sioux_falls_U200_S4_len_LS0.01_CCF1.0_B1.0_shared","200","0.01","true","4","n_minus_one_most_expensive","BlCLagSolver","false","fixed_linking_order","Optimal","-35511.0","0.0","140.23599982261658","7809",,"236","59.462616399999995","59.432886000000046","sioux_fixed_order_heuristics_lay__blclag_n_minus_one_f__gurobi_10min_fixed_o__f208c82ca1e5","fixed_linking_order","true","76","1.0","sioux_falls","1.0","two_layer","1.0","0","0","0","76","competition","true","0.01","100","100","100","200","48","sampled","layered_sioux_falls","shared","40601","blclag","blclag_n_minus_one_fixed_order","15200","15200","blc_jump","40000","false","200","false","Gurobi","gurobi_10min_fixed_order_seq8_cold","false","true","600.0","42","8","8","0.0780226","benchmark_run\runs\fixed_order_heuristics_gurobi1301_20260821_205724\blclag\results\batch_summary.csv","8","8","600.0"
"BlCLag_cold_start","sioux_fixed_order_heuristics_layered_sioux_falls_U200_S4_len_LS0.05_CCF1.0_B1.0_shared","200","0.05","true","4","n_minus_one_most_expensive","BlCLagSolver","false","fixed_linking_order","Optimal","-35487.0","0.0","222.46399998664856","6129",,"302","148.12395629999997","148.07573960000013","sioux_fixed_order_heuristics_lay__blclag_n_minus_one_f__gurobi_10min_fixed_o__ad421dc82c5c","fixed_linking_order","true","76","1.0","sioux_falls","1.0","two_layer","1.0","0","0","0","76","competition","true","0.05","100","100","100","200","48","sampled","layered_sioux_falls","shared","40601","blclag","blclag_n_minus_one_fixed_order","15200","15200","blc_jump","40000","false","200","false","Gurobi","gurobi_10min_fixed_order_seq8_cold","false","true","600.0","42","8","8","0.1610949","benchmark_run\runs\fixed_order_heuristics_gurobi1301_20260821_205724\blclag\results\batch_summary.csv","8","8","600.0"
"BlCLag_cold_start","sioux_fixed_order_heuristics_layered_sioux_falls_U200_S4_len_LS0.1_CCF1.0_B1.0_shared","200","0.1","true","4","n_minus_one_most_expensive","BlCLagSolver","false","fixed_linking_order","Optimal","-35487.0","0.0","189.52199983596802","10165",,"272","115.17048949999999","115.13449319999981","sioux_fixed_order_heuristics_lay__blclag_n_minus_one_f__gurobi_10min_fixed_o__b7fc0720febf","fixed_linking_order","true","76","1.0","sioux_falls","1.0","two_layer","1.0","0","0","0","76","competition","true","0.1","100","100","100","200","48","sampled","layered_sioux_falls","shared","40601","blclag","blclag_n_minus_one_fixed_order","15200","15200","blc_jump","40000","false","200","false","Gurobi","gurobi_10min_fixed_order_seq8_cold","false","true","600.0","42","8","8","0.0771187","benchmark_run\runs\fixed_order_heuristics_gurobi1301_20260821_205724\blclag\results\batch_summary.csv","8","8","600.0"
"BlCLag_cold_start","sioux_fixed_order_heuristics_layered_sioux_falls_U200_S4_nolen_LS0.01_CCF1.0_B1.0_shared","200","","false","4","n_minus_one_most_expensive","BlCLagSolver","false","fixed_linking_order","Optimal","-35487.0","0.0","174.85300016403198","8410",,"273","114.30049660000002","114.25906039999981","sioux_fixed_order_heuristics_lay__blclag_n_minus_one_f__gurobi_10min_fixed_o__4a426762ef7a","fixed_linking_order","true","76","1.0","sioux_falls","1.0","two_layer","1.0","0","0","0","76","competition","true","","100","100","100","200","48","sampled","layered_sioux_falls","shared","40601","blclag","blclag_n_minus_one_fixed_order","15200","15200","blc_jump","40000","false","200","false","Gurobi","gurobi_10min_fixed_order_seq8_cold","false","true","600.0","42","8","8","0.0803346","benchmark_run\runs\fixed_order_heuristics_gurobi1301_20260821_205724\blclag\results\batch_summary.csv","8","8","600.0"
