BNodes,BlCStatus,BlCuts,Error,NSub,Opt,Opt_status,SepaTime,Solver,big_m_mode,budget_fraction,case_id,city,dominance_enabled,enable_output_logs,gap,instance_aggregation_target_nodes,instance_bike_layer_risk_count,instance_bike_possible_stations,instance_bike_transfer_risk_count,instance_budget_fraction,instance_decision_arcs,instance_decision_budget,instance_name,instance_narcs,instance_nnodes,instance_nusers,model_big_m_mode,model_bound_duals,model_enum_runtime,model_enumeration_time_limit,model_fixed_path_bound_method,model_indicator_constraints,model_master_variable_count,model_model_type,model_name,model_parallelize,model_path_counts,model_runtime_override,model_subproblem_binary_linking_variable_count_total,model_subproblem_first_level_variable_count_total,model_subproblem_method,model_subproblem_second_level_variable_count_total,model_use_decision_arc_dominance,nusers,parallel_separation,parallel_subsolver_workers_used,param_mip_solver,param_name,param_parallel_separation,param_runtime,param_seed,param_threads_master,param_threads_sub_con,retained_stations,reused_100_user,reused_previous_result,run_status,runtime,station_selection,sweep_name,threads_master_used,threads_sub_con_used,time_limit,wall_time_seconds
1,,,,,0.0,Optimal,,MIPSolver,fixed_network_path,0.5,cologne_network_balanced_n100_b50_u100_sd_fixed_network_path,cologne,,false,0.0,100,2264,100,100,0.5,200,50,aachen_osm_gtfs_bike_agg100_p100_b50_u100,13325,400,100,fixed_network_path,true,,,,false,,sd,sd_fixed_network_path,,,,,,,,,100,,,Gurobi,gurobi_10min,true,600.0,20260829,8,8,100,true,true,ok,54.31000018119812,network_balanced,network_balanced_hardness_sweep,8,,600.0,103.32300019264221
1,,,,,0.0,Optimal,,MIPSolver,n_minus_one_most_expensive,0.5,cologne_network_balanced_n100_b50_u100_sd_n_minus_1,cologne,,false,0.0,100,2264,100,100,0.5,200,50,aachen_osm_gtfs_bike_agg100_p100_b50_u100,13325,400,100,n_minus_one_most_expensive,true,,,,false,,sd,sd_n_minus_1,,,,,,,,,100,,,Gurobi,gurobi_10min,true,600.0,20260829,8,8,100,true,true,ok,56.569000005722046,network_balanced,network_balanced_hardness_sweep,8,,600.0,96.94199991226196
1,,200,,100,0.0,Optimal,1.82931,BlCSolver,fixed_network_path,0.5,cologne_network_balanced_n100_b50_u100_blc_astar_fixed_network_path,cologne,,false,0.0,100,2264,100,100,0.5,200,50,aachen_osm_gtfs_bike_agg100_p100_b50_u100,13325,400,100,fixed_network_path,,,,,,1346026,blc,blc_astar_fixed_network_path,,,,0,0,astar,null,,100,true,1,Gurobi,gurobi_10min,true,600.0,20260829,8,8,100,true,true,ok,43.60000014305115,network_balanced,network_balanced_hardness_sweep,8,8,600.0,82.51900005340576
1,,200,,100,0.0,Optimal,1.8335248,BlCSolver,n_minus_one_most_expensive,0.5,cologne_network_balanced_n100_b50_u100_blc_astar_n_minus_1,cologne,,false,0.0,100,2264,100,100,0.5,200,50,aachen_osm_gtfs_bike_agg100_p100_b50_u100,13325,400,100,n_minus_one_most_expensive,,,,,,1346026,blc,blc_astar_n_minus_1,,,,0,0,astar,null,,100,true,1,Gurobi,gurobi_10min,true,600.0,20260829,8,8,100,true,true,ok,43.10599994659424,network_balanced,network_balanced_hardness_sweep,8,8,600.0,70.09100008010864
0,,,,,0.0,Optimal,,MIPSolver,,0.5,cologne_network_balanced_n100_b50_u100_path_dominance,cologne,true,false,0.0,100,2264,100,100,0.5,200,50,aachen_osm_gtfs_bike_agg100_p100_b50_u100,13325,400,100,,,1.7940001487731934,600.0,labeling,,,path,path_dominance,false,"{""U45"":1,""U23"":1,""U49"":1,""U96"":1,""U10"":1,""U4"":1,""U60"":1,""U5"":1,""U62"":1,""U98"":1,""U2"":1,""U74"":1,""U19"":1,""U37"":1,""U44"":1,""U91"":1,""U92"":1,""U82"":1,""U73"":1,""U81"":1,""U85"":1,""U53"":1,""U16"":1,""U8"":1,""U41"":1,""U95"":1,""U32"":1,""U31"":1,""U47"":1,""U7"":1,""U25"":1,""U75"":1,""U50"":1,""U83"":1,""U93"":1,""U94"":1,""U78"":1,""U84"":1,""U46"":1,""U39"":1,""U68"":1,""U71"":1,""U58"":1,""U12"":1,""U1"":1,""U24"":1,""U42"":1,""U43"":1,""U87"":1,""U3"":1,""U36"":1,""U21"":1,""U63"":1,""U88"":1,""U20"":1,""U30"":1,""U33"":1,""U80"":1,""U66"":1,""U79"":1,""U27"":1,""U48"":1,""U57"":1,""U76"":1,""U64"":1,""U99"":1,""U9"":1,""U15"":1,""U29"":1,""U97"":1,""U14"":1,""U67"":1,""U6"":1,""U77"":1,""U61"":1,""U13"":1,""U51"":1,""U28"":1,""U100"":1,""U52"":1,""U17"":1,""U22"":1,""U69"":1,""U65"":1,""U59"":1,""U56"":1,""U11"":1,""U86"":1,""U26"":1,""U40"":1,""U72"":1,""U70"":1,""U34"":1,""U38"":1,""U89"":1,""U55"":1,""U18"":1,""U35"":1,""U90"":1,""U54"":1}",598.2059998512268,,,,,true,100,,,Gurobi,gurobi_10min,true,600.0,20260829,8,8,100,true,true,ok,0.002000093460083008,network_balanced,network_balanced_hardness_sweep,8,,598.2059998512268,1.88100004196167
0,,,,,0.0,Optimal,,MIPSolver,,0.5,cologne_network_balanced_n100_b50_u100_path_no_dominance,cologne,false,false,0.0,100,2264,100,100,0.5,200,50,aachen_osm_gtfs_bike_agg100_p100_b50_u100,13325,400,100,,,1.5870001316070557,600.0,labeling,,,path,path_no_dominance,false,"{""U45"":1,""U23"":1,""U49"":1,""U96"":1,""U10"":1,""U4"":1,""U60"":1,""U5"":1,""U62"":1,""U98"":1,""U2"":1,""U74"":1,""U19"":1,""U37"":1,""U44"":1,""U91"":1,""U92"":1,""U82"":1,""U73"":1,""U81"":1,""U85"":1,""U53"":1,""U16"":1,""U8"":1,""U41"":1,""U95"":1,""U32"":1,""U31"":1,""U47"":1,""U7"":1,""U25"":1,""U75"":1,""U50"":1,""U83"":1,""U93"":1,""U94"":1,""U78"":1,""U84"":1,""U46"":1,""U39"":1,""U68"":1,""U71"":1,""U58"":1,""U12"":1,""U1"":1,""U24"":1,""U42"":1,""U43"":1,""U87"":1,""U3"":1,""U36"":1,""U21"":1,""U63"":1,""U88"":1,""U20"":1,""U30"":1,""U33"":1,""U80"":1,""U66"":1,""U79"":1,""U27"":1,""U48"":1,""U57"":1,""U76"":1,""U64"":1,""U99"":1,""U9"":1,""U15"":1,""U29"":1,""U97"":1,""U14"":1,""U67"":1,""U6"":1,""U77"":1,""U61"":1,""U13"":1,""U51"":1,""U28"":1,""U100"":1,""U52"":1,""U17"":1,""U22"":1,""U69"":1,""U65"":1,""U59"":1,""U56"":1,""U11"":1,""U86"":1,""U26"":1,""U40"":1,""U72"":1,""U70"":1,""U34"":1,""U38"":1,""U89"":1,""U55"":1,""U18"":1,""U35"":1,""U90"":1,""U54"":1}",598.412999868393,,,,,false,100,,,Gurobi,gurobi_10min,true,600.0,20260829,8,8,100,true,true,ok,0.0019998550415039062,network_balanced,network_balanced_hardness_sweep,8,,598.412999868393,1.6679999828338623
1,,,,,0.0,Optimal,,MIPSolver,fixed_network_path,0.5,cologne_network_balanced_n200_b50_u100_sd_fixed_network_path,cologne,,false,0.0,200,4381,200,200,0.5,400,100,aachen_osm_gtfs_bike_agg200_p200_b50_u100,27803,800,100,fixed_network_path,true,,,,false,,sd,sd_fixed_network_path,,,,,,,,,100,,,Gurobi,gurobi_10min,true,600.0,20260829,8,8,200,true,true,ok,136.23099994659424,network_balanced,network_balanced_hardness_sweep,8,,600.0,263.5620000362396
1,,,,,0.0,Optimal,,MIPSolver,n_minus_one_most_expensive,0.5,cologne_network_balanced_n200_b50_u100_sd_n_minus_1,cologne,,false,0.0,200,4381,200,200,0.5,400,100,aachen_osm_gtfs_bike_agg200_p200_b50_u100,27803,800,100,n_minus_one_most_expensive,true,,,,false,,sd,sd_n_minus_1,,,,,,,,,100,,,Gurobi,gurobi_10min,true,600.0,20260829,8,8,200,true,true,ok,210.43899989128113,network_balanced,network_balanced_hardness_sweep,8,,600.0,320.856999874115
1,,200,,100,0.0,Optimal,6.2932551,BlCSolver,fixed_network_path,0.5,cologne_network_balanced_n200_b50_u100_blc_astar_fixed_network_path,cologne,,false,0.0,200,4381,200,200,0.5,400,100,aachen_osm_gtfs_bike_agg200_p200_b50_u100,27803,800,100,fixed_network_path,,,,,,2808304,blc,blc_astar_fixed_network_path,,,,0,0,astar,null,,100,true,1,Gurobi,gurobi_10min,true,600.0,20260829,8,8,200,true,true,ok,129.09100008010864,network_balanced,network_balanced_hardness_sweep,8,8,600.0,248.24700021743774
1,,200,,100,0.0,Optimal,3.0569072000000004,BlCSolver,n_minus_one_most_expensive,0.5,cologne_network_balanced_n200_b50_u100_blc_astar_n_minus_1,cologne,,false,0.0,200,4381,200,200,0.5,400,100,aachen_osm_gtfs_bike_agg200_p200_b50_u100,27803,800,100,n_minus_one_most_expensive,,,,,,2808304,blc,blc_astar_n_minus_1,,,,0,0,astar,null,,100,true,1,Gurobi,gurobi_10min,true,600.0,20260829,8,8,200,true,true,ok,125.91100001335144,network_balanced,network_balanced_hardness_sweep,8,8,600.0,218.6100001335144
0,,,,,0.0,Optimal,,MIPSolver,,0.5,cologne_network_balanced_n200_b50_u100_path_dominance,cologne,true,false,0.0,200,4381,200,200,0.5,400,100,aachen_osm_gtfs_bike_agg200_p200_b50_u100,27803,800,100,,,4.3379998207092285,600.0,labeling,,,path,path_dominance,false,"{""U45"":1,""U23"":1,""U49"":1,""U96"":1,""U10"":1,""U4"":1,""U60"":1,""U5"":1,""U62"":1,""U98"":1,""U2"":1,""U74"":1,""U19"":1,""U37"":1,""U44"":1,""U91"":1,""U92"":1,""U82"":1,""U73"":1,""U81"":1,""U85"":1,""U53"":1,""U16"":1,""U8"":1,""U41"":1,""U95"":1,""U32"":1,""U31"":1,""U47"":1,""U7"":1,""U25"":1,""U75"":1,""U50"":1,""U83"":1,""U93"":1,""U94"":1,""U78"":1,""U84"":1,""U46"":1,""U39"":1,""U68"":1,""U71"":1,""U58"":1,""U12"":1,""U1"":1,""U24"":1,""U42"":1,""U43"":1,""U87"":1,""U3"":1,""U36"":1,""U21"":1,""U63"":1,""U88"":1,""U20"":1,""U30"":1,""U33"":1,""U80"":1,""U66"":1,""U79"":1,""U27"":1,""U48"":1,""U57"":1,""U76"":1,""U64"":1,""U99"":1,""U9"":1,""U15"":1,""U29"":1,""U97"":1,""U14"":1,""U67"":1,""U6"":1,""U77"":1,""U61"":1,""U13"":1,""U51"":1,""U28"":1,""U100"":1,""U52"":1,""U17"":1,""U22"":1,""U69"":1,""U65"":1,""U59"":1,""U56"":1,""U11"":1,""U86"":1,""U26"":1,""U40"":1,""U72"":1,""U70"":1,""U34"":1,""U38"":1,""U89"":1,""U55"":1,""U18"":1,""U35"":1,""U90"":1,""U54"":1}",595.6620001792908,,,,,true,100,,,Gurobi,gurobi_10min,true,600.0,20260829,8,8,200,true,true,ok,0.020999908447265625,network_balanced,network_balanced_hardness_sweep,8,,595.6620001792908,4.493000030517578
0,,,,,0.0,Optimal,,MIPSolver,,0.5,cologne_network_balanced_n200_b50_u100_path_no_dominance,cologne,false,false,0.0,200,4381,200,200,0.5,400,100,aachen_osm_gtfs_bike_agg200_p200_b50_u100,27803,800,100,,,3.8350000381469727,600.0,labeling,,,path,path_no_dominance,false,"{""U45"":2,""U23"":1,""U49"":1,""U96"":1,""U10"":2,""U4"":1,""U60"":1,""U5"":1,""U62"":1,""U98"":1,""U2"":1,""U74"":1,""U19"":1,""U37"":1,""U44"":1,""U91"":1,""U92"":1,""U82"":1,""U73"":1,""U81"":1,""U85"":1,""U53"":1,""U16"":1,""U8"":1,""U41"":1,""U95"":1,""U32"":1,""U31"":1,""U47"":1,""U7"":1,""U25"":1,""U75"":1,""U50"":1,""U83"":1,""U93"":1,""U94"":1,""U78"":1,""U84"":1,""U46"":1,""U39"":1,""U68"":1,""U71"":1,""U58"":1,""U12"":1,""U1"":1,""U24"":1,""U42"":1,""U43"":1,""U87"":1,""U3"":1,""U36"":1,""U21"":1,""U63"":1,""U88"":1,""U20"":1,""U30"":1,""U33"":1,""U80"":1,""U66"":1,""U79"":1,""U27"":1,""U48"":1,""U57"":1,""U76"":1,""U64"":1,""U99"":1,""U9"":1,""U15"":1,""U29"":1,""U97"":1,""U14"":1,""U67"":1,""U6"":1,""U77"":1,""U61"":1,""U13"":1,""U51"":1,""U28"":1,""U100"":1,""U52"":1,""U17"":1,""U22"":1,""U69"":1,""U65"":1,""U59"":1,""U56"":1,""U11"":1,""U86"":1,""U26"":1,""U40"":1,""U72"":1,""U70"":1,""U34"":1,""U38"":1,""U89"":1,""U55"":1,""U18"":1,""U35"":1,""U90"":1,""U54"":1}",596.164999961853,,,,,false,100,,,Gurobi,gurobi_10min,true,600.0,20260829,8,8,200,true,true,ok,0.020999908447265625,network_balanced,network_balanced_hardness_sweep,8,,596.164999961853,3.992000102996826
121,,,,,-1218.0,Optimal,,MIPSolver,fixed_network_path,0.5,heidelberg_network_balanced_n100_b50_u100_sd_fixed_network_path,heidelberg,,false,0.0,100,1242,100,100,0.5,200,50,aachen_osm_gtfs_bike_agg100_p100_b50_u100,5624,400,100,fixed_network_path,true,,,,false,,sd,sd_fixed_network_path,,,,,,,,,100,,,Gurobi,gurobi_10min,true,600.0,20260829,8,8,100,true,true,ok,74.6489999294281,network_balanced,network_balanced_hardness_sweep,8,,600.0,93.14000010490417
3315,,,,,-1219.249783960886,Timelimit,,MIPSolver,n_minus_one_most_expensive,0.5,heidelberg_network_balanced_n100_b50_u100_sd_n_minus_1,heidelberg,,false,0.06549744035565107,100,1242,100,100,0.5,200,50,aachen_osm_gtfs_bike_agg100_p100_b50_u100,5624,400,100,n_minus_one_most_expensive,true,,,,false,,sd,sd_n_minus_1,,,,,,,,,100,,,Gurobi,gurobi_10min,true,600.0,20260829,8,8,100,true,true,timeout,600.5329999923706,network_balanced,network_balanced_hardness_sweep,8,,600.0,615.5350000858307
1,,400,,100,-1218.0,Optimal,2.0098792,BlCSolver,fixed_network_path,0.5,heidelberg_network_balanced_n100_b50_u100_blc_astar_fixed_network_path,heidelberg,,false,0.0,100,1242,100,100,0.5,200,50,aachen_osm_gtfs_bike_agg100_p100_b50_u100,5624,400,100,fixed_network_path,,,,,,568225,blc,blc_astar_fixed_network_path,,,,0,0,astar,null,,100,true,1,Gurobi,gurobi_10min,true,600.0,20260829,8,8,100,true,true,ok,46.25200009346008,network_balanced,network_balanced_hardness_sweep,8,8,600.0,63.401000022888184
1,,600,,100,-1218.0,Optimal,2.0554276,BlCSolver,n_minus_one_most_expensive,0.5,heidelberg_network_balanced_n100_b50_u100_blc_astar_n_minus_1,heidelberg,,false,0.0,100,1242,100,100,0.5,200,50,aachen_osm_gtfs_bike_agg100_p100_b50_u100,5624,400,100,n_minus_one_most_expensive,,,,,,568225,blc,blc_astar_n_minus_1,,,,0,0,astar,null,,100,true,1,Gurobi,gurobi_10min,true,600.0,20260829,8,8,100,true,true,ok,78.19799995422363,network_balanced,network_balanced_hardness_sweep,8,8,600.0,90.28200006484985
1,,,,,-1218.0,Optimal,,MIPSolver,,0.5,heidelberg_network_balanced_n100_b50_u100_path_dominance,heidelberg,true,false,0.0,100,1242,100,100,0.5,200,50,aachen_osm_gtfs_bike_agg100_p100_b50_u100,5624,400,100,,,0.5909998416900635,600.0,labeling,,,path,path_dominance,false,"{""U45"":1,""U23"":1,""U49"":1,""U96"":1,""U10"":5,""U4"":1,""U60"":1,""U5"":1,""U62"":1,""U98"":1,""U2"":5,""U74"":1,""U19"":1,""U37"":1,""U44"":1,""U91"":5,""U92"":1,""U82"":1,""U73"":1,""U81"":1,""U85"":2,""U53"":1,""U16"":1,""U8"":1,""U41"":1,""U95"":4,""U32"":1,""U31"":3,""U47"":1,""U7"":1,""U25"":1,""U75"":6,""U50"":2,""U83"":1,""U93"":5,""U94"":1,""U78"":4,""U84"":1,""U46"":1,""U39"":1,""U68"":1,""U71"":2,""U58"":1,""U12"":2,""U1"":1,""U24"":2,""U42"":1,""U43"":1,""U87"":11,""U3"":1,""U36"":3,""U21"":7,""U63"":1,""U88"":1,""U20"":1,""U30"":1,""U33"":3,""U80"":1,""U66"":1,""U79"":1,""U27"":1,""U48"":1,""U57"":1,""U76"":1,""U64"":1,""U99"":1,""U9"":1,""U15"":1,""U29"":4,""U97"":1,""U14"":1,""U67"":1,""U6"":2,""U77"":1,""U61"":1,""U13"":2,""U51"":1,""U28"":3,""U100"":1,""U52"":1,""U17"":1,""U22"":1,""U69"":1,""U65"":1,""U59"":1,""U56"":2,""U11"":1,""U86"":1,""U26"":1,""U40"":1,""U72"":1,""U70"":1,""U34"":1,""U38"":1,""U89"":1,""U55"":1,""U18"":1,""U35"":1,""U90"":1,""U54"":1}",599.4090001583099,,,,,true,100,,,Gurobi,gurobi_10min,true,600.0,20260829,8,8,100,true,true,ok,0.029000043869018555,network_balanced,network_balanced_hardness_sweep,8,,599.4090001583099,0.6499998569488525
1,,,,,-1218.0,Optimal,,MIPSolver,,0.5,heidelberg_network_balanced_n100_b50_u100_path_no_dominance,heidelberg,false,false,0.0,100,1242,100,100,0.5,200,50,aachen_osm_gtfs_bike_agg100_p100_b50_u100,5624,400,100,,,0.5929999351501465,600.0,labeling,,,path,path_no_dominance,false,"{""U45"":1,""U23"":1,""U49"":1,""U96"":2,""U10"":9,""U4"":1,""U60"":1,""U5"":1,""U62"":1,""U98"":2,""U2"":7,""U74"":1,""U19"":1,""U37"":1,""U44"":1,""U91"":5,""U92"":1,""U82"":1,""U73"":1,""U81"":1,""U85"":3,""U53"":2,""U16"":1,""U8"":1,""U41"":1,""U95"":7,""U32"":1,""U31"":3,""U47"":2,""U7"":1,""U25"":1,""U75"":17,""U50"":2,""U83"":1,""U93"":98,""U94"":1,""U78"":6,""U84"":1,""U46"":1,""U39"":1,""U68"":1,""U71"":2,""U58"":1,""U12"":2,""U1"":1,""U24"":2,""U42"":1,""U43"":1,""U87"":26,""U3"":1,""U36"":3,""U21"":67,""U63"":1,""U88"":1,""U20"":2,""U30"":1,""U33"":24,""U80"":1,""U66"":1,""U79"":1,""U27"":1,""U48"":1,""U57"":1,""U76"":1,""U64"":1,""U99"":1,""U9"":1,""U15"":2,""U29"":19,""U97"":1,""U14"":2,""U67"":1,""U6"":2,""U77"":1,""U61"":1,""U13"":2,""U51"":2,""U28"":15,""U100"":1,""U52"":2,""U17"":1,""U22"":1,""U69"":1,""U65"":1,""U59"":1,""U56"":15,""U11"":1,""U86"":1,""U26"":1,""U40"":1,""U72"":1,""U70"":1,""U34"":1,""U38"":1,""U89"":1,""U55"":1,""U18"":1,""U35"":1,""U90"":1,""U54"":1}",599.4070000648499,,,,,false,100,,,Gurobi,gurobi_10min,true,600.0,20260829,8,8,100,true,true,ok,0.029000043869018555,network_balanced,network_balanced_hardness_sweep,8,,599.4070000648499,0.6700000762939453
79,,,,,-1214.0,Optimal,,MIPSolver,fixed_network_path,0.5,heidelberg_network_balanced_n200_b50_u100_sd_fixed_network_path,heidelberg,,false,0.0,200,2802,200,200,0.5,400,100,aachen_osm_gtfs_bike_agg200_p200_b50_u100,10346,800,100,fixed_network_path,true,,,,false,,sd,sd_fixed_network_path,,,,,,,,,100,,,Gurobi,gurobi_10min,true,600.0,20260829,8,8,200,true,true,ok,137.47499990463257,network_balanced,network_balanced_hardness_sweep,8,,600.0,180.875
1087,,,,,-1225.748504604888,Timelimit,,MIPSolver,n_minus_one_most_expensive,0.5,heidelberg_network_balanced_n200_b50_u100_sd_n_minus_1,heidelberg,,false,0.10870198526397724,200,2802,200,200,0.5,400,100,aachen_osm_gtfs_bike_agg200_p200_b50_u100,10346,800,100,n_minus_one_most_expensive,true,,,,false,,sd,sd_n_minus_1,,,,,,,,,100,,,Gurobi,gurobi_10min,true,600.0,20260829,8,8,200,true,true,timeout,601.4639999866486,network_balanced,network_balanced_hardness_sweep,8,,600.0,634.8619999885559
1,,600,,100,-1214.0,Optimal,3.3867143,BlCSolver,fixed_network_path,0.5,heidelberg_network_balanced_n200_b50_u100_blc_astar_fixed_network_path,heidelberg,,false,0.0,200,2802,200,200,0.5,400,100,aachen_osm_gtfs_bike_agg200_p200_b50_u100,10346,800,100,fixed_network_path,,,,,,1045147,blc,blc_astar_fixed_network_path,,,,0,0,astar,null,,100,true,1,Gurobi,gurobi_10min,true,600.0,20260829,8,8,200,true,true,ok,116.79999995231628,network_balanced,network_balanced_hardness_sweep,8,8,600.0,169.52099990844727
1,,500,,100,-1214.0,Optimal,2.8581345999999996,BlCSolver,n_minus_one_most_expensive,0.5,heidelberg_network_balanced_n200_b50_u100_blc_astar_n_minus_1,heidelberg,,false,0.0,200,2802,200,200,0.5,400,100,aachen_osm_gtfs_bike_agg200_p200_b50_u100,10346,800,100,n_minus_one_most_expensive,,,,,,1045147,blc,blc_astar_n_minus_1,,,,0,0,astar,null,,100,true,1,Gurobi,gurobi_10min,true,600.0,20260829,8,8,200,true,true,ok,95.70900011062622,network_balanced,network_balanced_hardness_sweep,8,8,600.0,139.08599996566772
1,,,,,-1214.0,Optimal,,MIPSolver,,0.5,heidelberg_network_balanced_n200_b50_u100_path_dominance,heidelberg,true,false,0.0,200,2802,200,200,0.5,400,100,aachen_osm_gtfs_bike_agg200_p200_b50_u100,10346,800,100,,,1.2000000476837158,600.0,labeling,,,path,path_dominance,false,"{""U45"":1,""U23"":1,""U49"":1,""U96"":1,""U10"":1,""U4"":1,""U60"":1,""U5"":1,""U62"":1,""U98"":1,""U2"":2,""U74"":1,""U19"":1,""U37"":1,""U44"":5,""U91"":1,""U92"":1,""U82"":1,""U73"":3,""U81"":1,""U85"":4,""U53"":2,""U16"":1,""U8"":1,""U41"":1,""U95"":2,""U32"":1,""U31"":1,""U47"":1,""U7"":1,""U25"":1,""U75"":4,""U50"":1,""U83"":1,""U93"":1,""U94"":4,""U78"":1,""U84"":1,""U46"":1,""U39"":1,""U68"":17,""U71"":1,""U58"":8,""U12"":2,""U1"":1,""U24"":1,""U42"":1,""U43"":1,""U87"":1,""U3"":1,""U36"":1,""U21"":5,""U63"":9,""U88"":1,""U20"":1,""U30"":1,""U33"":1,""U80"":3,""U66"":1,""U79"":2,""U27"":1,""U48"":1,""U57"":1,""U76"":1,""U64"":1,""U99"":1,""U9"":14,""U15"":1,""U29"":1,""U97"":1,""U14"":1,""U67"":1,""U6"":1,""U77"":1,""U61"":1,""U13"":1,""U51"":1,""U28"":2,""U100"":1,""U52"":5,""U17"":1,""U22"":1,""U69"":7,""U65"":1,""U59"":1,""U56"":1,""U11"":1,""U86"":1,""U26"":1,""U40"":2,""U72"":1,""U70"":2,""U34"":1,""U38"":1,""U89"":1,""U55"":1,""U18"":1,""U35"":1,""U90"":2,""U54"":1}",598.7999999523163,,,,,true,100,,,Gurobi,gurobi_10min,true,600.0,20260829,8,8,200,true,true,ok,0.021000146865844727,network_balanced,network_balanced_hardness_sweep,8,,598.7999999523163,1.2770001888275146
1,,,,,-1214.0,Optimal,,MIPSolver,,0.5,heidelberg_network_balanced_n200_b50_u100_path_no_dominance,heidelberg,false,false,0.0,200,2802,200,200,0.5,400,100,aachen_osm_gtfs_bike_agg200_p200_b50_u100,10346,800,100,,,1.305999994277954,600.0,labeling,,,path,path_no_dominance,false,"{""U45"":1,""U23"":1,""U49"":1,""U96"":1,""U10"":1,""U4"":1,""U60"":1,""U5"":1,""U62"":1,""U98"":1,""U2"":2,""U74"":2,""U19"":1,""U37"":1,""U44"":175,""U91"":1,""U92"":1,""U82"":1,""U73"":3,""U81"":1,""U85"":32,""U53"":2,""U16"":1,""U8"":1,""U41"":1,""U95"":2,""U32"":1,""U31"":1,""U47"":1,""U7"":1,""U25"":1,""U75"":4,""U50"":1,""U83"":1,""U93"":1,""U94"":15,""U78"":1,""U84"":1,""U46"":1,""U39"":1,""U68"":1510,""U71"":1,""U58"":281,""U12"":2,""U1"":1,""U24"":1,""U42"":1,""U43"":1,""U87"":1,""U3"":1,""U36"":1,""U21"":14,""U63"":36,""U88"":1,""U20"":2,""U30"":1,""U33"":1,""U80"":11,""U66"":1,""U79"":3,""U27"":1,""U48"":1,""U57"":1,""U76"":1,""U64"":1,""U99"":1,""U9"":68,""U15"":1,""U29"":1,""U97"":1,""U14"":2,""U67"":1,""U6"":1,""U77"":1,""U61"":1,""U13"":1,""U51"":1,""U28"":3,""U100"":1,""U52"":35,""U17"":1,""U22"":1,""U69"":31,""U65"":1,""U59"":1,""U56"":1,""U11"":1,""U86"":1,""U26"":1,""U40"":8,""U72"":1,""U70"":8,""U34"":1,""U38"":1,""U89"":1,""U55"":1,""U18"":1,""U35"":1,""U90"":2,""U54"":1}",598.694000005722,,,,,false,100,,,Gurobi,gurobi_10min,true,600.0,20260829,8,8,200,true,true,ok,0.0969998836517334,network_balanced,network_balanced_hardness_sweep,8,,598.694000005722,1.563999891281128
1,,,,,-161.0,Optimal,,MIPSolver,fixed_network_path,0.5,karlsruhe_network_balanced_n100_b50_u100_sd_fixed_network_path,karlsruhe,,false,0.0,100,1542,100,100,0.5,200,50,aachen_osm_gtfs_bike_agg100_p100_b50_u100,8756,400,100,fixed_network_path,true,,,,false,,sd,sd_fixed_network_path,,,,,,,,,100,,,Gurobi,gurobi_10min,true,600.0,20260829,8,8,100,true,true,ok,74.10899996757507,network_balanced,network_balanced_hardness_sweep,8,,600.0,102.60500001907349
7,,,,,-161.0,Optimal,,MIPSolver,n_minus_one_most_expensive,0.5,karlsruhe_network_balanced_n100_b50_u100_sd_n_minus_1,karlsruhe,,false,0.0,100,1542,100,100,0.5,200,50,aachen_osm_gtfs_bike_agg100_p100_b50_u100,8756,400,100,n_minus_one_most_expensive,true,,,,false,,sd,sd_n_minus_1,,,,,,,,,100,,,Gurobi,gurobi_10min,true,600.0,20260829,8,8,100,true,true,ok,344.74000000953674,network_balanced,network_balanced_hardness_sweep,8,,600.0,369.8289999961853
1,,300,,100,-161.0,Optimal,1.7143644999999998,BlCSolver,fixed_network_path,0.5,karlsruhe_network_balanced_n100_b50_u100_blc_astar_fixed_network_path,karlsruhe,,false,0.0,100,1542,100,100,0.5,200,50,aachen_osm_gtfs_bike_agg100_p100_b50_u100,8756,400,100,fixed_network_path,,,,,,884557,blc,blc_astar_fixed_network_path,,,,0,0,astar,null,,100,true,1,Gurobi,gurobi_10min,true,600.0,20260829,8,8,100,true,true,ok,24.813999891281128,network_balanced,network_balanced_hardness_sweep,8,8,600.0,49.69199991226196
1,,300,,100,-161.0,Optimal,2.0514978,BlCSolver,n_minus_one_most_expensive,0.5,karlsruhe_network_balanced_n100_b50_u100_blc_astar_n_minus_1,karlsruhe,,false,0.0,100,1542,100,100,0.5,200,50,aachen_osm_gtfs_bike_agg100_p100_b50_u100,8756,400,100,n_minus_one_most_expensive,,,,,,884557,blc,blc_astar_n_minus_1,,,,0,0,astar,null,,100,true,1,Gurobi,gurobi_10min,true,600.0,20260829,8,8,100,true,true,ok,25.093000173568726,network_balanced,network_balanced_hardness_sweep,8,8,600.0,42.507000207901
1,,,,,-161.0,Optimal,,MIPSolver,,0.5,karlsruhe_network_balanced_n100_b50_u100_path_dominance,karlsruhe,true,false,0.0,100,1542,100,100,0.5,200,50,aachen_osm_gtfs_bike_agg100_p100_b50_u100,8756,400,100,,,1.008000135421753,600.0,labeling,,,path,path_dominance,false,"{""U45"":1,""U23"":1,""U49"":1,""U96"":1,""U10"":1,""U4"":1,""U60"":1,""U5"":1,""U62"":1,""U98"":1,""U2"":1,""U74"":1,""U19"":1,""U37"":1,""U44"":1,""U91"":1,""U92"":1,""U82"":1,""U73"":1,""U81"":1,""U85"":1,""U53"":1,""U16"":1,""U8"":1,""U41"":1,""U95"":1,""U32"":1,""U31"":1,""U47"":1,""U7"":1,""U25"":1,""U75"":1,""U50"":1,""U83"":1,""U93"":1,""U94"":2,""U78"":1,""U84"":1,""U46"":1,""U39"":1,""U68"":1,""U71"":1,""U58"":1,""U12"":1,""U1"":1,""U24"":1,""U42"":1,""U43"":1,""U87"":1,""U3"":1,""U36"":1,""U21"":1,""U63"":1,""U88"":1,""U20"":1,""U30"":2,""U33"":1,""U80"":1,""U66"":1,""U79"":1,""U27"":1,""U48"":1,""U57"":1,""U76"":1,""U64"":1,""U99"":4,""U9"":1,""U15"":1,""U29"":1,""U97"":1,""U14"":1,""U67"":1,""U6"":1,""U77"":1,""U61"":1,""U13"":1,""U51"":1,""U28"":1,""U100"":1,""U52"":1,""U17"":1,""U22"":1,""U69"":1,""U65"":1,""U59"":1,""U56"":1,""U11"":1,""U86"":1,""U26"":1,""U40"":1,""U72"":1,""U70"":1,""U34"":1,""U38"":1,""U89"":1,""U55"":1,""U18"":1,""U35"":1,""U90"":1,""U54"":1}",598.9919998645782,,,,,true,100,,,Gurobi,gurobi_10min,true,600.0,20260829,8,8,100,true,true,ok,0.009999990463256836,network_balanced,network_balanced_hardness_sweep,8,,598.9919998645782,1.055999994277954
1,,,,,-161.0,Optimal,,MIPSolver,,0.5,karlsruhe_network_balanced_n100_b50_u100_path_no_dominance,karlsruhe,false,false,0.0,100,1542,100,100,0.5,200,50,aachen_osm_gtfs_bike_agg100_p100_b50_u100,8756,400,100,,,0.995999813079834,600.0,labeling,,,path,path_no_dominance,false,"{""U45"":1,""U23"":1,""U49"":1,""U96"":1,""U10"":1,""U4"":1,""U60"":1,""U5"":1,""U62"":1,""U98"":1,""U2"":1,""U74"":1,""U19"":1,""U37"":1,""U44"":1,""U91"":1,""U92"":1,""U82"":1,""U73"":1,""U81"":1,""U85"":1,""U53"":1,""U16"":1,""U8"":1,""U41"":1,""U95"":1,""U32"":1,""U31"":1,""U47"":1,""U7"":1,""U25"":1,""U75"":1,""U50"":1,""U83"":1,""U93"":1,""U94"":2,""U78"":1,""U84"":1,""U46"":1,""U39"":1,""U68"":1,""U71"":1,""U58"":1,""U12"":1,""U1"":1,""U24"":1,""U42"":1,""U43"":1,""U87"":1,""U3"":1,""U36"":1,""U21"":1,""U63"":1,""U88"":1,""U20"":1,""U30"":2,""U33"":1,""U80"":1,""U66"":1,""U79"":1,""U27"":1,""U48"":1,""U57"":1,""U76"":1,""U64"":1,""U99"":5,""U9"":1,""U15"":1,""U29"":1,""U97"":1,""U14"":1,""U67"":1,""U6"":1,""U77"":1,""U61"":1,""U13"":1,""U51"":1,""U28"":1,""U100"":1,""U52"":1,""U17"":1,""U22"":1,""U69"":1,""U65"":1,""U59"":1,""U56"":1,""U11"":1,""U86"":1,""U26"":1,""U40"":1,""U72"":1,""U70"":1,""U34"":1,""U38"":1,""U89"":1,""U55"":1,""U18"":1,""U35"":1,""U90"":1,""U54"":1}",599.0040001869202,,,,,false,100,,,Gurobi,gurobi_10min,true,600.0,20260829,8,8,100,true,true,ok,0.011999845504760742,network_balanced,network_balanced_hardness_sweep,8,,599.0040001869202,1.0479998588562012
4,,,,,-204.0,Optimal,,MIPSolver,fixed_network_path,0.5,karlsruhe_network_balanced_n200_b50_u100_sd_fixed_network_path,karlsruhe,,false,0.0,200,3109,200,200,0.5,400,100,aachen_osm_gtfs_bike_agg200_p200_b50_u100,16986,800,100,fixed_network_path,true,,,,false,,sd,sd_fixed_network_path,,,,,,,,,100,,,Gurobi,gurobi_10min,true,600.0,20260829,8,8,200,true,true,ok,178.86899995803833,network_balanced,network_balanced_hardness_sweep,8,,600.0,245.94200015068054
1,,,,,-202.0,Timelimit,,MIPSolver,n_minus_one_most_expensive,0.5,karlsruhe_network_balanced_n200_b50_u100_sd_n_minus_1,karlsruhe,,false,0.17016378900702334,200,3109,200,200,0.5,400,100,aachen_osm_gtfs_bike_agg200_p200_b50_u100,16986,800,100,n_minus_one_most_expensive,true,,,,false,,sd,sd_n_minus_1,,,,,,,,,100,,,Gurobi,gurobi_10min,true,600.0,20260829,8,8,200,true,true,timeout,600.5440001487732,network_balanced,network_balanced_hardness_sweep,8,,600.0,655.2009999752045
1,,300,,100,-204.0,Optimal,2.4541151,BlCSolver,fixed_network_path,0.5,karlsruhe_network_balanced_n200_b50_u100_blc_astar_fixed_network_path,karlsruhe,,false,0.0,200,3109,200,200,0.5,400,100,aachen_osm_gtfs_bike_agg200_p200_b50_u100,16986,800,100,fixed_network_path,,,,,,1715787,blc,blc_astar_fixed_network_path,,,,0,0,astar,null,,100,true,1,Gurobi,gurobi_10min,true,600.0,20260829,8,8,200,true,true,ok,99.4850001335144,network_balanced,network_balanced_hardness_sweep,8,8,600.0,174.14800000190735
1,,300,,100,-204.0,Optimal,3.1883331000000004,BlCSolver,n_minus_one_most_expensive,0.5,karlsruhe_network_balanced_n200_b50_u100_blc_astar_n_minus_1,karlsruhe,,false,0.0,200,3109,200,200,0.5,400,100,aachen_osm_gtfs_bike_agg200_p200_b50_u100,16986,800,100,n_minus_one_most_expensive,,,,,,1715787,blc,blc_astar_n_minus_1,,,,0,0,astar,null,,100,true,1,Gurobi,gurobi_10min,true,600.0,20260829,8,8,200,true,true,ok,99.49899983406067,network_balanced,network_balanced_hardness_sweep,8,8,600.0,158.375
1,,,,,-204.0,Optimal,,MIPSolver,,0.5,karlsruhe_network_balanced_n200_b50_u100_path_dominance,karlsruhe,true,false,0.0,200,3109,200,200,0.5,400,100,aachen_osm_gtfs_bike_agg200_p200_b50_u100,16986,800,100,,,2.2159998416900635,600.0,labeling,,,path,path_dominance,false,"{""U45"":1,""U23"":1,""U49"":1,""U96"":1,""U10"":1,""U4"":1,""U60"":1,""U5"":1,""U62"":1,""U98"":1,""U2"":1,""U74"":1,""U19"":1,""U37"":1,""U44"":3,""U91"":1,""U92"":1,""U82"":1,""U73"":1,""U81"":1,""U85"":1,""U53"":1,""U16"":1,""U8"":1,""U41"":1,""U95"":1,""U32"":1,""U31"":1,""U47"":1,""U7"":1,""U25"":1,""U75"":1,""U50"":1,""U83"":1,""U93"":1,""U94"":1,""U78"":1,""U84"":1,""U46"":1,""U39"":1,""U68"":1,""U71"":1,""U58"":1,""U12"":1,""U1"":1,""U24"":1,""U42"":1,""U43"":1,""U87"":1,""U3"":1,""U36"":1,""U21"":1,""U63"":3,""U88"":1,""U20"":1,""U30"":1,""U33"":1,""U80"":1,""U66"":1,""U79"":1,""U27"":1,""U48"":1,""U57"":1,""U76"":1,""U64"":1,""U99"":1,""U9"":1,""U15"":1,""U29"":1,""U97"":1,""U14"":1,""U67"":2,""U6"":1,""U77"":1,""U61"":1,""U13"":1,""U51"":1,""U28"":1,""U100"":1,""U52"":1,""U17"":1,""U22"":1,""U69"":1,""U65"":1,""U59"":1,""U56"":1,""U11"":1,""U86"":1,""U26"":1,""U40"":1,""U72"":1,""U70"":1,""U34"":1,""U38"":1,""U89"":1,""U55"":2,""U18"":1,""U35"":1,""U90"":1,""U54"":1}",597.7840001583099,,,,,true,100,,,Gurobi,gurobi_10min,true,600.0,20260829,8,8,200,true,true,ok,0.02200007438659668,network_balanced,network_balanced_hardness_sweep,8,,597.7840001583099,2.3480000495910645
1,,,,,-204.0,Optimal,,MIPSolver,,0.5,karlsruhe_network_balanced_n200_b50_u100_path_no_dominance,karlsruhe,false,false,0.0,200,3109,200,200,0.5,400,100,aachen_osm_gtfs_bike_agg200_p200_b50_u100,16986,800,100,,,2.319000005722046,600.0,labeling,,,path,path_no_dominance,false,"{""U45"":1,""U23"":2,""U49"":1,""U96"":1,""U10"":1,""U4"":1,""U60"":1,""U5"":1,""U62"":1,""U98"":1,""U2"":1,""U74"":1,""U19"":1,""U37"":1,""U44"":9,""U91"":1,""U92"":1,""U82"":1,""U73"":1,""U81"":1,""U85"":1,""U53"":1,""U16"":1,""U8"":1,""U41"":1,""U95"":1,""U32"":1,""U31"":1,""U47"":1,""U7"":2,""U25"":1,""U75"":1,""U50"":1,""U83"":1,""U93"":1,""U94"":1,""U78"":1,""U84"":1,""U46"":1,""U39"":1,""U68"":1,""U71"":1,""U58"":1,""U12"":1,""U1"":1,""U24"":1,""U42"":1,""U43"":1,""U87"":1,""U3"":1,""U36"":1,""U21"":1,""U63"":6,""U88"":1,""U20"":1,""U30"":1,""U33"":1,""U80"":1,""U66"":1,""U79"":1,""U27"":1,""U48"":1,""U57"":2,""U76"":1,""U64"":1,""U99"":1,""U9"":1,""U15"":1,""U29"":1,""U97"":1,""U14"":1,""U67"":3,""U6"":1,""U77"":2,""U61"":1,""U13"":1,""U51"":1,""U28"":1,""U100"":1,""U52"":1,""U17"":1,""U22"":1,""U69"":1,""U65"":1,""U59"":1,""U56"":1,""U11"":1,""U86"":1,""U26"":1,""U40"":1,""U72"":1,""U70"":1,""U34"":1,""U38"":1,""U89"":1,""U55"":2,""U18"":1,""U35"":1,""U90"":1,""U54"":1}",597.680999994278,,,,,false,100,,,Gurobi,gurobi_10min,true,600.0,20260829,8,8,200,true,true,ok,0.029999971389770508,network_balanced,network_balanced_hardness_sweep,8,,597.680999994278,2.44599986076355
1,,,,,-198.0,Optimal,,MIPSolver,,0.5,cologne_network_balanced_n100_b50_u500_sd_fixed_network_path,cologne,,false,0.0,100,2264,100,100,0.5,200,50,aachen_osm_gtfs_bike_agg100_p100_b50_u500,13325,400,500,fixed_network_path,true,,,,false,,sd,sd_fixed_network_path,,,,,,,,,500,,,Gurobi,gurobi_10min,true,600.0,20260829,8,8,100,false,true,ok,391.58000016212463,network_balanced,network_balanced_hardness_sweep,8,,600.0,705.5179998874664
0,,,,,,Memory_Limit,,MIPSolver,,0.5,cologne_network_balanced_n100_b50_u500_sd_n_minus_1,cologne,,false,1.0e100,100,2264,100,100,0.5,200,50,aachen_osm_gtfs_bike_agg100_p100_b50_u500,13325,400,500,n_minus_one_most_expensive,true,,,,false,,sd,sd_n_minus_1,,,,,,,,,500,,,Gurobi,gurobi_10min,true,600.0,20260829,8,8,100,false,true,memory_limit,260.0319998264313,network_balanced,network_balanced_hardness_sweep,8,,600.0,552.2920000553131
1,,1500,,500,-198.0,Optimal,21.8604591,BlCSolver,,0.5,cologne_network_balanced_n100_b50_u500_blc_astar_fixed_network_path,cologne,,false,0.0,100,2264,100,100,0.5,200,50,aachen_osm_gtfs_bike_agg100_p100_b50_u500,13325,400,500,fixed_network_path,,,,,,6676826,blc,blc_astar_fixed_network_path,,,,0,0,astar,null,,500,true,1,Gurobi,gurobi_10min,true,600.0,20260829,8,8,100,false,true,ok,574.6289999485016,network_balanced,network_balanced_hardness_sweep,8,8,600.0,792.6840000152588
1,,1500,,500,-198.0,Optimal,18.3276032,BlCSolver,,0.5,cologne_network_balanced_n100_b50_u500_blc_astar_n_minus_1,cologne,,false,0.0,100,2264,100,100,0.5,200,50,aachen_osm_gtfs_bike_agg100_p100_b50_u500,13325,400,500,n_minus_one_most_expensive,,,,,,6676826,blc,blc_astar_n_minus_1,,,,0,0,astar,null,,500,true,1,Gurobi,gurobi_10min,true,600.0,20260829,8,8,100,false,true,ok,577.0699999332428,network_balanced,network_balanced_hardness_sweep,8,8,600.0,733.3949999809265
0,,,,,-198.0,Optimal,,MIPSolver,,0.5,cologne_network_balanced_n100_b50_u500_path_dominance,cologne,,false,0.0,100,2264,100,100,0.5,200,50,aachen_osm_gtfs_bike_agg100_p100_b50_u500,13325,400,500,,,7.799000024795532,600.0,labeling,,,path,path_dominance,false,"{""U23"":1,""U96"":1,""U327"":1,""U10"":1,""U396"":1,""U126"":1,""U176"":1,""U448"":1,""U111"":1,""U432"":1,""U381"":1,""U19"":1,""U166"":1,""U91"":1,""U189"":1,""U466"":1,""U107"":1,""U212"":1,""U121"":1,""U292"":1,""U16"":1,""U155"":1,""U363"":1,""U390"":1,""U372"":1,""U293"":1,""U415"":1,""U385"":1,""U431"":1,""U264"":1,""U7"":1,""U132"":1,""U219"":1,""U257"":1,""U184"":1,""U420"":1,""U346"":1,""U129"":1,""U334"":1,""U275"":1,""U238"":1,""U326"":1,""U439"":1,""U142"":2,""U1"":1,""U24"":1,""U263"":1,""U374"":1,""U43"":1,""U345"":1,""U481"":1,""U302"":1,""U260"":1,""U404"":1,""U87"":1,""U109"":1,""U138"":1,""U324"":1,""U229"":1,""U119"":1,""U347"":1,""U179"":1,""U282"":1,""U397"":1,""U357"":1,""U316"":1,""U475"":1,""U491"":1,""U243"":1,""U323"":1,""U485"":1,""U377"":1,""U186"":1,""U371"":1,""U386"":1,""U437"":1,""U359"":1,""U48"":1,""U57"":1,""U76"":1,""U9"":1,""U488"":1,""U29"":1,""U473"":1,""U471"":1,""U117"":1,""U285"":1,""U331"":1,""U413"":1,""U67"":1,""U6"":1,""U13"":1,""U351"":1,""U492"":1,""U149"":1,""U152"":1,""U489"":1,""U289"":1,""U188"":1,""U444"":1,""U456"":1,""U472"":1,""U135"":1,""U144"":1,""U148"":1,""U116"":1,""U399"":1,""U274"":1,""U167"":1,""U341"":1,""U217"":1,""U421"":1,""U428"":1,""U446"":1,""U118"":1,""U187"":1,""U225"":1,""U115"":1,""U250"":1,""U332"":1,""U438"":1,""U209"":1,""U241"":1,""U262"":1,""U35"":1,""U90"":1,""U54"":1,""U305"":1,""U452"":1,""U416"":1,""U45"":1,""U49"":1,""U443"":1,""U321"":1,""U319"":1,""U417"":1,""U469"":1,""U62"":1,""U5"":1,""U435"":1,""U74"":1,""U307"":1,""U203"":1,""U434"":1,""U255"":1,""U82"":1,""U73"":1,""U81"":2,""U445"":1,""U496"":1,""U213"":1,""U8"":1,""U393"":1,""U41"":1,""U403"":1,""U300"":1,""U455"":1,""U450"":1,""U177"":1,""U318"":1,""U31"":1,""U356"":1,""U75"":1,""U83"":1,""U50"":1,""U93"":1,""U216"":1,""U139"":1,""U270"":1,""U430"":1,""U370"":1,""U78"":1,""U84"":1,""U269"":1,""U436"":1,""U46"":1,""U147"":1,""U39"":1,""U68"":1,""U248"":1,""U71"":1,""U291"":1,""U322"":1,""U335"":1,""U192"":1,""U259"":1,""U419"":1,""U103"":1,""U102"":1,""U222"":1,""U462"":1,""U476"":1,""U364"":1,""U369"":1,""U479"":1,""U183"":1,""U156"":1,""U287"":1,""U204"":1,""U355"":1,""U398"":1,""U441"":1,""U373"":1,""U406"":1,""U354"":1,""U128"":1,""U459"":2,""U382"":1,""U235"":1,""U154"":1,""U273"":1,""U198"":1,""U494"":1,""U226"":1,""U340"":1,""U178"":1,""U27"":1,""U191"":1,""U223"":1,""U124"":1,""U267"":1,""U378"":1,""U64"":1,""U495"":1,""U127"":1,""U182"":1,""U344"":1,""U207"":1,""U161"":1,""U130"":1,""U268"":1,""U394"":1,""U454"":1,""U61"":1,""U141"":1,""U464"":1,""U477"":1,""U433"":1,""U497"":1,""U239"":1,""U51"":1,""U498"":1,""U158"":1,""U28"":1,""U52"":1,""U157"":1,""U251"":1,""U17"":1,""U195"":1,""U254"":1,""U314"":1,""U349"":1,""U391"":1,""U69"":1,""U112"":1,""U320"":1,""U411"":1,""U329"":1,""U40"":1,""U164"":1,""U72"":1,""U474"":1,""U34"":1,""U133"":1,""U199"":1,""U425"":1,""U175"":1,""U405"":1,""U361"":1,""U201"":1,""U281"":1,""U304"":1,""U338"":1,""U60"":1,""U2"":1,""U153"":1,""U333"":1,""U37"":1,""U92"":1,""U451"":1,""U449"":1,""U196"":1,""U231"":1,""U493"":1,""U296"":1,""U308"":1,""U286"":1,""U221"":1,""U32"":1,""U151"":1,""U376"":1,""U47"":1,""U218"":1,""U298"":1,""U328"":1,""U94"":1,""U101"":1,""U283"":1,""U108"":1,""U122"":1,""U123"":1,""U134"":1,""U58"":1,""U205"":1,""U172"":1,""U368"":1,""U458"":1,""U290"":1,""U12"":1,""U169"":1,""U483"":1,""U484"":1,""U486"":1,""U224"":1,""U337"":1,""U3"":1,""U266"":1,""U63"":1,""U240"":1,""U136"":1,""U20"":1,""U190"":1,""U277"":1,""U343"":1,""U30"":1,""U409"":1,""U80"":1,""U171"":1,""U330"":1,""U220"":1,""U279"":1,""U315"":1,""U388"":1,""U309"":1,""U447"":1,""U206"":1,""U202"":1,""U271"":1,""U401"":1,""U470"":1,""U383"":1,""U339"":1,""U97"":1,""U408"":1,""U392"":1,""U284"":1,""U77"":1,""U379"":1,""U247"":1,""U457"":1,""U468"":1,""U350"":1,""U232"":1,""U105"":1,""U353"":1,""U482"":1,""U352"":1,""U114"":1,""U227"":1,""U303"":1,""U59"":1,""U56"":1,""U86"":1,""U26"":1,""U236"":1,""U70"":1,""U208"":1,""U140"":1,""U125"":1,""U163"":1,""U414"":1,""U89"":1,""U55"":1,""U110"":1,""U358"":1,""U442"":1,""U490"":1,""U159"":1,""U185"":1,""U214"":1,""U120"":1,""U4"":1,""U98"":1,""U146"":1,""U276"":1,""U173"":1,""U312"":1,""U389"":1,""U245"":1,""U44"":1,""U412"":1,""U193"":1,""U137"":1,""U168"":1,""U85"":1,""U53"":1,""U325"":1,""U418"":1,""U95"":1,""U402"":1,""U297"":1,""U424"":1,""U467"":1,""U400"":1,""U380"":1,""U234"":1,""U194"":1,""U200"":3,""U25"":1,""U145"":1,""U228"":1,""U301"":1,""U174"":1,""U165"":1,""U460"":1,""U500"":1,""U453"":1,""U258"":1,""U288"":1,""U215"":1,""U237"":1,""U465"":1,""U42"":1,""U360"":1,""U113"":1,""U463"":1,""U106"":1,""U150"":1,""U348"":1,""U104"":1,""U440"":1,""U461"":1,""U244"":1,""U426"":1,""U36"":1,""U21"":1,""U242"":1,""U306"":1,""U88"":1,""U375"":1,""U342"":1,""U131"":1,""U33"":1,""U66"":1,""U246"":1,""U272"":1,""U480"":1,""U79"":1,""U253"":1,""U261"":1,""U387"":1,""U99"":1,""U230"":1,""U317"":1,""U170"":1,""U313"":1,""U15"":1,""U384"":1,""U423"":1,""U294"":1,""U280"":1,""U14"":1,""U249"":1,""U252"":1,""U256"":1,""U233"":1,""U422"":1,""U362"":1,""U100"":1,""U278"":1,""U160"":1,""U410"":1,""U22"":1,""U65"":1,""U310"":1,""U11"":1,""U180"":1,""U407"":1,""U427"":1,""U162"":1,""U265"":1,""U365"":1,""U295"":1,""U336"":1,""U197"":1,""U395"":1,""U143"":1,""U210"":1,""U367"":1,""U487"":1,""U38"":1,""U366"":1,""U18"":1,""U299"":1,""U499"":1,""U211"":1,""U311"":1,""U478"":1,""U429"":1,""U181"":1}",592.2009999752045,,,,,true,500,,,Gurobi,gurobi_10min,true,600.0,20260829,8,8,100,false,true,ok,0.009999990463256836,network_balanced,network_balanced_hardness_sweep,8,,592.2009999752045,7.930999994277954
0,,,,,-198.0,Optimal,,MIPSolver,,0.5,cologne_network_balanced_n100_b50_u500_path_no_dominance,cologne,,false,0.0,100,2264,100,100,0.5,200,50,aachen_osm_gtfs_bike_agg100_p100_b50_u500,13325,400,500,,,7.88200044631958,600.0,labeling,,,path,path_no_dominance,false,"{""U23"":1,""U96"":1,""U327"":1,""U10"":1,""U396"":1,""U126"":1,""U176"":1,""U448"":1,""U111"":1,""U432"":1,""U381"":1,""U19"":1,""U166"":1,""U91"":1,""U189"":1,""U466"":1,""U107"":1,""U212"":1,""U121"":1,""U292"":1,""U16"":1,""U155"":1,""U363"":1,""U390"":1,""U372"":1,""U293"":1,""U415"":1,""U385"":1,""U431"":1,""U264"":1,""U7"":1,""U132"":1,""U219"":1,""U257"":1,""U184"":1,""U420"":1,""U346"":1,""U129"":1,""U334"":1,""U275"":1,""U238"":1,""U326"":1,""U439"":1,""U142"":2,""U1"":1,""U24"":1,""U263"":1,""U374"":1,""U43"":1,""U345"":1,""U481"":1,""U302"":1,""U260"":1,""U404"":1,""U87"":1,""U109"":1,""U138"":1,""U324"":1,""U229"":1,""U119"":1,""U347"":1,""U179"":1,""U282"":1,""U397"":1,""U357"":1,""U316"":1,""U475"":1,""U491"":1,""U243"":1,""U323"":1,""U485"":1,""U377"":1,""U186"":1,""U371"":1,""U386"":1,""U437"":1,""U359"":1,""U48"":1,""U57"":1,""U76"":1,""U9"":1,""U488"":1,""U29"":1,""U473"":1,""U471"":1,""U117"":1,""U285"":1,""U331"":1,""U413"":1,""U67"":1,""U6"":1,""U13"":1,""U351"":1,""U492"":1,""U149"":1,""U152"":1,""U489"":1,""U289"":1,""U188"":1,""U444"":1,""U456"":1,""U472"":1,""U135"":1,""U144"":1,""U148"":1,""U116"":1,""U399"":1,""U274"":1,""U167"":1,""U341"":1,""U217"":1,""U421"":1,""U428"":1,""U446"":1,""U118"":1,""U187"":1,""U225"":1,""U115"":1,""U250"":1,""U332"":1,""U438"":1,""U209"":1,""U241"":1,""U262"":1,""U35"":1,""U90"":1,""U54"":1,""U305"":1,""U452"":1,""U416"":1,""U45"":1,""U49"":1,""U443"":1,""U321"":1,""U319"":1,""U417"":1,""U469"":1,""U62"":1,""U5"":1,""U435"":1,""U74"":1,""U307"":1,""U203"":1,""U434"":1,""U255"":1,""U82"":1,""U73"":1,""U81"":2,""U445"":1,""U496"":1,""U213"":1,""U8"":1,""U393"":1,""U41"":1,""U403"":1,""U300"":1,""U455"":1,""U450"":1,""U177"":1,""U318"":1,""U31"":1,""U356"":1,""U75"":1,""U83"":1,""U50"":1,""U93"":1,""U216"":1,""U139"":1,""U270"":1,""U430"":1,""U370"":1,""U78"":1,""U84"":1,""U269"":2,""U436"":1,""U46"":1,""U147"":1,""U39"":1,""U68"":1,""U248"":1,""U71"":1,""U291"":1,""U322"":1,""U335"":1,""U192"":1,""U259"":1,""U419"":1,""U103"":1,""U102"":1,""U222"":1,""U462"":1,""U476"":1,""U364"":1,""U369"":1,""U479"":1,""U183"":1,""U156"":1,""U287"":1,""U204"":1,""U355"":1,""U398"":1,""U441"":1,""U373"":1,""U406"":1,""U354"":1,""U128"":1,""U459"":2,""U382"":1,""U235"":1,""U154"":1,""U273"":1,""U198"":1,""U494"":1,""U226"":1,""U340"":1,""U178"":1,""U27"":1,""U191"":1,""U223"":1,""U124"":1,""U267"":1,""U378"":1,""U64"":1,""U495"":1,""U127"":1,""U182"":1,""U344"":1,""U207"":1,""U161"":1,""U130"":1,""U268"":1,""U394"":1,""U454"":1,""U61"":1,""U141"":2,""U464"":1,""U477"":1,""U433"":1,""U497"":1,""U239"":1,""U51"":1,""U498"":1,""U158"":1,""U28"":1,""U52"":1,""U157"":1,""U251"":1,""U17"":1,""U195"":1,""U254"":1,""U314"":1,""U349"":1,""U391"":1,""U69"":1,""U112"":1,""U320"":1,""U411"":1,""U329"":1,""U40"":1,""U164"":1,""U72"":1,""U474"":1,""U34"":1,""U133"":1,""U199"":1,""U425"":1,""U175"":1,""U405"":1,""U361"":1,""U201"":1,""U281"":1,""U304"":1,""U338"":1,""U60"":1,""U2"":1,""U153"":1,""U333"":1,""U37"":1,""U92"":1,""U451"":1,""U449"":1,""U196"":1,""U231"":1,""U493"":1,""U296"":1,""U308"":1,""U286"":1,""U221"":1,""U32"":1,""U151"":1,""U376"":1,""U47"":1,""U218"":1,""U298"":1,""U328"":1,""U94"":1,""U101"":1,""U283"":1,""U108"":1,""U122"":1,""U123"":1,""U134"":1,""U58"":1,""U205"":1,""U172"":1,""U368"":1,""U458"":1,""U290"":1,""U12"":1,""U169"":1,""U483"":1,""U484"":1,""U486"":1,""U224"":1,""U337"":1,""U3"":1,""U266"":1,""U63"":1,""U240"":1,""U136"":1,""U20"":1,""U190"":1,""U277"":1,""U343"":1,""U30"":1,""U409"":1,""U80"":1,""U171"":1,""U330"":1,""U220"":1,""U279"":1,""U315"":1,""U388"":1,""U309"":1,""U447"":1,""U206"":1,""U202"":1,""U271"":1,""U401"":1,""U470"":1,""U383"":1,""U339"":1,""U97"":1,""U408"":1,""U392"":1,""U284"":1,""U77"":1,""U379"":1,""U247"":1,""U457"":1,""U468"":1,""U350"":1,""U232"":1,""U105"":1,""U353"":1,""U482"":1,""U352"":1,""U114"":1,""U227"":1,""U303"":1,""U59"":1,""U56"":1,""U86"":1,""U26"":1,""U236"":1,""U70"":1,""U208"":1,""U140"":1,""U125"":1,""U163"":1,""U414"":1,""U89"":1,""U55"":1,""U110"":1,""U358"":1,""U442"":1,""U490"":1,""U159"":1,""U185"":2,""U214"":1,""U120"":1,""U4"":1,""U98"":1,""U146"":1,""U276"":1,""U173"":1,""U312"":1,""U389"":1,""U245"":1,""U44"":1,""U412"":1,""U193"":1,""U137"":1,""U168"":1,""U85"":1,""U53"":1,""U325"":1,""U418"":1,""U95"":1,""U402"":1,""U297"":1,""U424"":1,""U467"":1,""U400"":1,""U380"":1,""U234"":1,""U194"":1,""U200"":3,""U25"":1,""U145"":1,""U228"":2,""U301"":1,""U174"":1,""U165"":1,""U460"":1,""U500"":1,""U453"":1,""U258"":1,""U288"":1,""U215"":1,""U237"":1,""U465"":1,""U42"":1,""U360"":1,""U113"":1,""U463"":1,""U106"":1,""U150"":1,""U348"":1,""U104"":1,""U440"":1,""U461"":1,""U244"":1,""U426"":1,""U36"":1,""U21"":1,""U242"":1,""U306"":1,""U88"":1,""U375"":1,""U342"":1,""U131"":1,""U33"":1,""U66"":1,""U246"":1,""U272"":1,""U480"":1,""U79"":1,""U253"":1,""U261"":1,""U387"":1,""U99"":1,""U230"":1,""U317"":1,""U170"":1,""U313"":1,""U15"":1,""U384"":1,""U423"":1,""U294"":1,""U280"":1,""U14"":1,""U249"":2,""U252"":1,""U256"":1,""U233"":1,""U422"":1,""U362"":1,""U100"":1,""U278"":1,""U160"":1,""U410"":1,""U22"":1,""U65"":1,""U310"":1,""U11"":1,""U180"":1,""U407"":1,""U427"":1,""U162"":1,""U265"":1,""U365"":1,""U295"":1,""U336"":1,""U197"":1,""U395"":1,""U143"":1,""U210"":1,""U367"":1,""U487"":1,""U38"":1,""U366"":1,""U18"":1,""U299"":1,""U499"":1,""U211"":1,""U311"":1,""U478"":1,""U429"":1,""U181"":1}",592.1179995536804,,,,,false,500,,,Gurobi,gurobi_10min,true,600.0,20260829,8,8,100,false,true,ok,0.011999845504760742,network_balanced,network_balanced_hardness_sweep,8,,592.1179995536804,7.986999988555908
1,,,,,-52.0,Optimal,,MIPSolver,fixed_network_path,0.5,cologne_network_balanced_n50_b50_u100_sd_fixed_network_path,cologne,,false,0.0,50,1089,50,50,0.5,100,25,aachen_osm_gtfs_bike_agg50_p50_b50_u100,5030,200,100,fixed_network_path,true,,,,false,,sd,sd_fixed_network_path,,,,,,,,,100,,,Gurobi,gurobi_10min,true,600.0,20260829,8,8,50,,true,ok,13.782000064849854,network_balanced,network_balanced_hardness_sweep,8,,600.0,29.072999954223633
89,,,,,-56.24947400833639,Optimal,,MIPSolver,n_minus_one_most_expensive,0.5,cologne_network_balanced_n50_b50_u100_sd_n_minus_1,cologne,,false,0.0,50,1089,50,50,0.5,100,25,aachen_osm_gtfs_bike_agg50_p50_b50_u100,5030,200,100,n_minus_one_most_expensive,true,,,,false,,sd,sd_n_minus_1,,,,,,,,,100,,,Gurobi,gurobi_10min,true,600.0,20260829,8,8,50,,true,ok,132.84099984169006,network_balanced,network_balanced_hardness_sweep,8,,600.0,145.67700004577637
1,,300,,100,-52.0,Optimal,1.0087173,BlCSolver,fixed_network_path,0.5,cologne_network_balanced_n50_b50_u100_blc_astar_fixed_network_path,cologne,,false,0.0,50,1089,50,50,0.5,100,25,aachen_osm_gtfs_bike_agg50_p50_b50_u100,5030,200,100,fixed_network_path,,,,,,508231,blc,blc_astar_fixed_network_path,,,,0,0,astar,null,,100,true,1,Gurobi,gurobi_10min,true,600.0,20260829,8,8,50,,true,ok,14.187000036239624,network_balanced,network_balanced_hardness_sweep,8,8,600.0,26.247999906539917
1,,300,,100,-52.0,Optimal,1.3767684,BlCSolver,n_minus_one_most_expensive,0.5,cologne_network_balanced_n50_b50_u100_blc_astar_n_minus_1,cologne,,false,0.0,50,1089,50,50,0.5,100,25,aachen_osm_gtfs_bike_agg50_p50_b50_u100,5030,200,100,n_minus_one_most_expensive,,,,,,508231,blc,blc_astar_n_minus_1,,,,0,0,astar,null,,100,true,1,Gurobi,gurobi_10min,true,600.0,20260829,8,8,50,,true,ok,13.473000049591064,network_balanced,network_balanced_hardness_sweep,8,8,600.0,21.311000108718872
0,,,,,-52.0,Optimal,,MIPSolver,,0.5,cologne_network_balanced_n50_b50_u100_path_dominance,cologne,true,false,0.0,50,1089,50,50,0.5,100,25,aachen_osm_gtfs_bike_agg50_p50_b50_u100,5030,200,100,,,0.4789998531341553,600.0,labeling,,,path,path_dominance,false,"{""U45"":1,""U23"":1,""U49"":1,""U96"":1,""U10"":1,""U4"":1,""U60"":1,""U5"":1,""U62"":1,""U98"":1,""U2"":1,""U74"":1,""U19"":1,""U37"":1,""U44"":1,""U91"":1,""U92"":1,""U82"":1,""U73"":1,""U81"":1,""U85"":1,""U53"":1,""U16"":1,""U8"":1,""U41"":1,""U95"":1,""U32"":1,""U31"":1,""U47"":1,""U7"":1,""U25"":1,""U75"":1,""U50"":1,""U83"":1,""U93"":1,""U94"":1,""U78"":1,""U84"":1,""U46"":1,""U39"":1,""U68"":1,""U71"":1,""U58"":1,""U12"":1,""U1"":1,""U24"":1,""U42"":2,""U43"":1,""U87"":1,""U3"":1,""U36"":1,""U21"":1,""U63"":1,""U88"":1,""U20"":1,""U30"":1,""U33"":1,""U80"":1,""U66"":1,""U79"":1,""U27"":1,""U48"":1,""U57"":1,""U76"":1,""U64"":1,""U99"":1,""U9"":1,""U15"":1,""U29"":1,""U97"":1,""U14"":1,""U67"":1,""U6"":1,""U77"":1,""U61"":1,""U13"":1,""U51"":1,""U28"":1,""U100"":1,""U52"":1,""U17"":1,""U22"":1,""U69"":1,""U65"":1,""U59"":1,""U56"":1,""U11"":1,""U86"":1,""U26"":1,""U40"":1,""U72"":1,""U70"":1,""U34"":1,""U38"":1,""U89"":1,""U55"":1,""U18"":1,""U35"":1,""U90"":1,""U54"":1}",599.5210001468658,,,,,true,100,,,Gurobi,gurobi_10min,true,600.0,20260829,8,8,50,,true,ok,0.0,network_balanced,network_balanced_hardness_sweep,8,,599.5210001468658,0.5099999904632568
0,,,,,-52.0,Optimal,,MIPSolver,,0.5,cologne_network_balanced_n50_b50_u100_path_no_dominance,cologne,false,false,0.0,50,1089,50,50,0.5,100,25,aachen_osm_gtfs_bike_agg50_p50_b50_u100,5030,200,100,,,0.5069999694824219,600.0,labeling,,,path,path_no_dominance,false,"{""U45"":1,""U23"":1,""U49"":1,""U96"":1,""U10"":1,""U4"":1,""U60"":1,""U5"":1,""U62"":1,""U98"":1,""U2"":1,""U74"":1,""U19"":1,""U37"":1,""U44"":1,""U91"":1,""U92"":1,""U82"":1,""U73"":1,""U81"":1,""U85"":1,""U53"":1,""U16"":1,""U8"":1,""U41"":1,""U95"":1,""U32"":1,""U31"":1,""U47"":1,""U7"":1,""U25"":1,""U75"":1,""U50"":1,""U83"":1,""U93"":1,""U94"":1,""U78"":1,""U84"":1,""U46"":1,""U39"":1,""U68"":1,""U71"":1,""U58"":1,""U12"":1,""U1"":1,""U24"":1,""U42"":2,""U43"":1,""U87"":1,""U3"":1,""U36"":1,""U21"":1,""U63"":1,""U88"":1,""U20"":1,""U30"":1,""U33"":1,""U80"":1,""U66"":1,""U79"":1,""U27"":1,""U48"":1,""U57"":1,""U76"":1,""U64"":1,""U99"":1,""U9"":1,""U15"":1,""U29"":1,""U97"":1,""U14"":1,""U67"":1,""U6"":1,""U77"":1,""U61"":1,""U13"":1,""U51"":1,""U28"":1,""U100"":2,""U52"":1,""U17"":1,""U22"":1,""U69"":1,""U65"":1,""U59"":1,""U56"":1,""U11"":1,""U86"":1,""U26"":1,""U40"":1,""U72"":1,""U70"":1,""U34"":1,""U38"":1,""U89"":1,""U55"":1,""U18"":1,""U35"":1,""U90"":1,""U54"":2}",599.4930000305176,,,,,false,100,,,Gurobi,gurobi_10min,true,600.0,20260829,8,8,50,,true,ok,0.009999990463256836,network_balanced,network_balanced_hardness_sweep,8,,599.4930000305176,0.5369999408721924
1,,,,,-106.0,Optimal,,MIPSolver,fixed_network_path,0.5,cologne_network_balanced_n150_b50_u100_sd_fixed_network_path,cologne,,false,0.0,150,3665,150,150,0.5,300,75,aachen_osm_gtfs_bike_agg150_p150_b50_u100,21061,600,100,fixed_network_path,true,,,,false,,sd,sd_fixed_network_path,,,,,,,,,100,,,Gurobi,gurobi_10min,true,600.0,20260829,8,8,150,,true,ok,108.59700012207031,network_balanced,network_balanced_hardness_sweep,8,,600.0,197.15499997138977
1,,,,,-115.99976467286851,Optimal,,MIPSolver,n_minus_one_most_expensive,0.5,cologne_network_balanced_n150_b50_u100_sd_n_minus_1,cologne,,false,0.0,150,3665,150,150,0.5,300,75,aachen_osm_gtfs_bike_agg150_p150_b50_u100,21061,600,100,n_minus_one_most_expensive,true,,,,false,,sd,sd_n_minus_1,,,,,,,,,100,,,Gurobi,gurobi_10min,true,600.0,20260829,8,8,150,,true,ok,117.77499985694885,network_balanced,network_balanced_hardness_sweep,8,,600.0,190.2300000190735
1,,400,,100,-106.0,Optimal,5.003732,BlCSolver,fixed_network_path,0.5,cologne_network_balanced_n150_b50_u100_blc_astar_fixed_network_path,cologne,,false,0.0,150,3665,150,150,0.5,300,75,aachen_osm_gtfs_bike_agg150_p150_b50_u100,21061,600,100,fixed_network_path,,,,,,2127362,blc,blc_astar_fixed_network_path,,,,0,0,astar,null,,100,true,1,Gurobi,gurobi_10min,true,600.0,20260829,8,8,150,,true,ok,124.79200005531311,network_balanced,network_balanced_hardness_sweep,8,8,600.0,198.87000012397766
1,,300,,100,-106.0,Optimal,4.2320291999999995,BlCSolver,n_minus_one_most_expensive,0.5,cologne_network_balanced_n150_b50_u100_blc_astar_n_minus_1,cologne,,false,0.0,150,3665,150,150,0.5,300,75,aachen_osm_gtfs_bike_agg150_p150_b50_u100,21061,600,100,n_minus_one_most_expensive,,,,,,2127362,blc,blc_astar_n_minus_1,,,,0,0,astar,null,,100,true,1,Gurobi,gurobi_10min,true,600.0,20260829,8,8,150,,true,ok,156.57800006866455,network_balanced,network_balanced_hardness_sweep,8,8,600.0,212.45000004768372
0,,,,,-106.0,Optimal,,MIPSolver,,0.5,cologne_network_balanced_n150_b50_u100_path_dominance,cologne,true,false,0.0,150,3665,150,150,0.5,300,75,aachen_osm_gtfs_bike_agg150_p150_b50_u100,21061,600,100,,,2.691999912261963,600.0,labeling,,,path,path_dominance,false,"{""U45"":1,""U23"":1,""U49"":1,""U96"":1,""U10"":1,""U4"":2,""U60"":1,""U5"":1,""U62"":1,""U98"":1,""U2"":1,""U74"":1,""U19"":1,""U37"":1,""U44"":1,""U91"":1,""U92"":1,""U82"":1,""U73"":1,""U81"":1,""U85"":1,""U53"":1,""U16"":1,""U8"":1,""U41"":1,""U95"":1,""U32"":1,""U31"":2,""U47"":1,""U7"":1,""U25"":1,""U75"":1,""U50"":1,""U83"":1,""U93"":1,""U94"":1,""U78"":1,""U84"":1,""U46"":1,""U39"":1,""U68"":1,""U71"":1,""U58"":1,""U12"":1,""U1"":1,""U24"":1,""U42"":1,""U43"":1,""U87"":1,""U3"":1,""U36"":1,""U21"":1,""U63"":1,""U88"":1,""U20"":1,""U30"":1,""U33"":1,""U80"":1,""U66"":1,""U79"":1,""U27"":1,""U48"":1,""U57"":1,""U76"":1,""U64"":1,""U99"":1,""U9"":1,""U15"":1,""U29"":1,""U97"":1,""U14"":1,""U67"":1,""U6"":1,""U77"":1,""U61"":1,""U13"":1,""U51"":1,""U28"":1,""U100"":1,""U52"":1,""U17"":1,""U22"":1,""U69"":1,""U65"":1,""U59"":1,""U56"":1,""U11"":1,""U86"":1,""U26"":1,""U40"":1,""U72"":1,""U70"":1,""U34"":1,""U38"":1,""U89"":1,""U55"":1,""U18"":1,""U35"":1,""U90"":1,""U54"":1}",597.308000087738,,,,,true,100,,,Gurobi,gurobi_10min,true,600.0,20260829,8,8,150,,true,ok,0.011999845504760742,network_balanced,network_balanced_hardness_sweep,8,,597.308000087738,2.8219997882843018
0,,,,,-106.0,Optimal,,MIPSolver,,0.5,cologne_network_balanced_n150_b50_u100_path_no_dominance,cologne,false,false,0.0,150,3665,150,150,0.5,300,75,aachen_osm_gtfs_bike_agg150_p150_b50_u100,21061,600,100,,,2.61899995803833,600.0,labeling,,,path,path_no_dominance,false,"{""U45"":1,""U23"":1,""U49"":1,""U96"":1,""U10"":1,""U4"":2,""U60"":1,""U5"":1,""U62"":1,""U98"":1,""U2"":1,""U74"":1,""U19"":1,""U37"":1,""U44"":1,""U91"":1,""U92"":1,""U82"":1,""U73"":1,""U81"":1,""U85"":1,""U53"":1,""U16"":1,""U8"":1,""U41"":1,""U95"":1,""U32"":1,""U31"":2,""U47"":1,""U7"":1,""U25"":1,""U75"":1,""U50"":1,""U83"":1,""U93"":1,""U94"":1,""U78"":1,""U84"":1,""U46"":1,""U39"":1,""U68"":1,""U71"":1,""U58"":1,""U12"":1,""U1"":1,""U24"":1,""U42"":1,""U43"":1,""U87"":1,""U3"":1,""U36"":1,""U21"":1,""U63"":1,""U88"":1,""U20"":1,""U30"":1,""U33"":1,""U80"":1,""U66"":1,""U79"":1,""U27"":1,""U48"":1,""U57"":1,""U76"":1,""U64"":1,""U99"":1,""U9"":1,""U15"":1,""U29"":1,""U97"":1,""U14"":1,""U67"":1,""U6"":1,""U77"":1,""U61"":1,""U13"":1,""U51"":1,""U28"":1,""U100"":1,""U52"":1,""U17"":1,""U22"":1,""U69"":1,""U65"":1,""U59"":1,""U56"":1,""U11"":1,""U86"":1,""U26"":1,""U40"":1,""U72"":1,""U70"":1,""U34"":1,""U38"":1,""U89"":1,""U55"":1,""U18"":1,""U35"":1,""U90"":1,""U54"":1}",597.3810000419617,,,,,false,100,,,Gurobi,gurobi_10min,true,600.0,20260829,8,8,150,,true,ok,0.019999980926513672,network_balanced,network_balanced_hardness_sweep,8,,597.3810000419617,2.763000011444092
99,,,,,-1206.0,Optimal,,MIPSolver,fixed_network_path,0.5,heidelberg_network_balanced_n50_b50_u100_sd_fixed_network_path,heidelberg,,false,0.0,50,826,50,50,0.5,100,25,aachen_osm_gtfs_bike_agg50_p50_b50_u100,3365,200,100,fixed_network_path,true,,,,false,,sd,sd_fixed_network_path,,,,,,,,,100,,,Gurobi,gurobi_10min,true,600.0,20260829,8,8,50,,true,ok,33.62100005149841,network_balanced,network_balanced_hardness_sweep,8,,600.0,44.53800010681152
3612,,,,,-1210.37458590541,Optimal,,MIPSolver,n_minus_one_most_expensive,0.5,heidelberg_network_balanced_n50_b50_u100_sd_n_minus_1,heidelberg,,false,9.367481805431862e-5,50,826,50,50,0.5,100,25,aachen_osm_gtfs_bike_agg50_p50_b50_u100,3365,200,100,n_minus_one_most_expensive,true,,,,false,,sd,sd_n_minus_1,,,,,,,,,100,,,Gurobi,gurobi_10min,true,600.0,20260829,8,8,50,,true,ok,282.0860002040863,network_balanced,network_balanced_hardness_sweep,8,,600.0,290.4119999408722
1,,500,,100,-1206.0,Optimal,1.0616991,BlCSolver,fixed_network_path,0.5,heidelberg_network_balanced_n50_b50_u100_blc_astar_fixed_network_path,heidelberg,,false,0.0,50,826,50,50,0.5,100,25,aachen_osm_gtfs_bike_agg50_p50_b50_u100,3365,200,100,fixed_network_path,,,,,,340066,blc,blc_astar_fixed_network_path,,,,0,0,astar,null,,100,true,1,Gurobi,gurobi_10min,true,600.0,20260829,8,8,50,,true,ok,13.30299997329712,network_balanced,network_balanced_hardness_sweep,8,8,600.0,22.376999855041504
1,,500,,100,-1206.0,Optimal,1.6403373,BlCSolver,n_minus_one_most_expensive,0.5,heidelberg_network_balanced_n50_b50_u100_blc_astar_n_minus_1,heidelberg,,false,0.0,50,826,50,50,0.5,100,25,aachen_osm_gtfs_bike_agg50_p50_b50_u100,3365,200,100,n_minus_one_most_expensive,,,,,,340066,blc,blc_astar_n_minus_1,,,,0,0,astar,null,,100,true,1,Gurobi,gurobi_10min,true,600.0,20260829,8,8,50,,true,ok,14.065000057220459,network_balanced,network_balanced_hardness_sweep,8,8,600.0,19.647000074386597
1,,,,,-1206.0,Optimal,,MIPSolver,,0.5,heidelberg_network_balanced_n50_b50_u100_path_dominance,heidelberg,true,false,0.0,50,826,50,50,0.5,100,25,aachen_osm_gtfs_bike_agg50_p50_b50_u100,3365,200,100,,,0.35899996757507324,600.0,labeling,,,path,path_dominance,false,"{""U45"":2,""U23"":1,""U49"":2,""U96"":1,""U10"":1,""U4"":1,""U60"":3,""U5"":1,""U62"":1,""U98"":1,""U2"":2,""U74"":1,""U19"":2,""U37"":1,""U44"":1,""U91"":2,""U92"":1,""U82"":1,""U73"":3,""U81"":1,""U85"":1,""U53"":1,""U16"":1,""U8"":1,""U41"":1,""U95"":1,""U32"":1,""U31"":1,""U47"":3,""U7"":2,""U25"":1,""U75"":1,""U50"":1,""U83"":1,""U93"":1,""U94"":1,""U78"":1,""U84"":1,""U46"":1,""U39"":1,""U68"":1,""U71"":1,""U58"":1,""U12"":1,""U1"":5,""U24"":2,""U42"":1,""U43"":1,""U87"":1,""U3"":1,""U36"":1,""U21"":1,""U63"":1,""U88"":1,""U20"":1,""U30"":1,""U33"":2,""U80"":1,""U66"":1,""U79"":1,""U27"":1,""U48"":1,""U57"":2,""U76"":1,""U64"":2,""U99"":1,""U9"":1,""U15"":1,""U29"":7,""U97"":2,""U14"":1,""U67"":1,""U6"":1,""U77"":1,""U61"":2,""U13"":1,""U51"":1,""U28"":1,""U100"":1,""U52"":1,""U17"":3,""U22"":1,""U69"":1,""U65"":1,""U59"":2,""U56"":4,""U11"":1,""U86"":1,""U26"":1,""U40"":1,""U72"":1,""U70"":1,""U34"":1,""U38"":1,""U89"":3,""U55"":2,""U18"":1,""U35"":1,""U90"":1,""U54"":2}",599.6410000324249,,,,,true,100,,,Gurobi,gurobi_10min,true,600.0,20260829,8,8,50,,true,ok,0.019999980926513672,network_balanced,network_balanced_hardness_sweep,8,,599.6410000324249,0.4049999713897705
1,,,,,-1206.0,Optimal,,MIPSolver,,0.5,heidelberg_network_balanced_n50_b50_u100_path_no_dominance,heidelberg,false,false,0.0,50,826,50,50,0.5,100,25,aachen_osm_gtfs_bike_agg50_p50_b50_u100,3365,200,100,,,0.312999963760376,600.0,labeling,,,path,path_no_dominance,false,"{""U45"":3,""U23"":1,""U49"":2,""U96"":1,""U10"":1,""U4"":1,""U60"":6,""U5"":1,""U62"":1,""U98"":1,""U2"":2,""U74"":1,""U19"":7,""U37"":1,""U44"":1,""U91"":2,""U92"":1,""U82"":1,""U73"":7,""U81"":1,""U85"":1,""U53"":1,""U16"":1,""U8"":1,""U41"":1,""U95"":2,""U32"":1,""U31"":1,""U47"":4,""U7"":2,""U25"":1,""U75"":1,""U50"":1,""U83"":1,""U93"":1,""U94"":1,""U78"":1,""U84"":1,""U46"":1,""U39"":1,""U68"":1,""U71"":1,""U58"":1,""U12"":2,""U1"":15,""U24"":2,""U42"":1,""U43"":1,""U87"":1,""U3"":1,""U36"":1,""U21"":1,""U63"":1,""U88"":1,""U20"":1,""U30"":1,""U33"":2,""U80"":1,""U66"":1,""U79"":1,""U27"":1,""U48"":1,""U57"":2,""U76"":1,""U64"":3,""U99"":1,""U9"":1,""U15"":1,""U29"":10,""U97"":7,""U14"":1,""U67"":1,""U6"":1,""U77"":1,""U61"":2,""U13"":1,""U51"":1,""U28"":1,""U100"":1,""U52"":1,""U17"":9,""U22"":1,""U69"":1,""U65"":1,""U59"":2,""U56"":10,""U11"":1,""U86"":1,""U26"":1,""U40"":1,""U72"":1,""U70"":1,""U34"":1,""U38"":1,""U89"":3,""U55"":3,""U18"":1,""U35"":1,""U90"":1,""U54"":3}",599.6870000362396,,,,,false,100,,,Gurobi,gurobi_10min,true,600.0,20260829,8,8,50,,true,ok,0.03000020980834961,network_balanced,network_balanced_hardness_sweep,8,,599.6870000362396,0.3540000915527344
11,,,,,-980.0,Optimal,,MIPSolver,fixed_network_path,0.5,heidelberg_network_balanced_n150_b50_u100_sd_fixed_network_path,heidelberg,,false,0.0,150,2047,150,150,0.5,300,75,aachen_osm_gtfs_bike_agg150_p150_b50_u100,7557,600,100,fixed_network_path,true,,,,false,,sd,sd_fixed_network_path,,,,,,,,,100,,,Gurobi,gurobi_10min,true,600.0,20260829,8,8,150,,true,ok,83.71499991416931,network_balanced,network_balanced_hardness_sweep,8,,600.0,109.40900015830994
905,,,,,-986.2494656384026,Optimal,,MIPSolver,n_minus_one_most_expensive,0.5,heidelberg_network_balanced_n150_b50_u100_sd_n_minus_1,heidelberg,,false,0.0,150,2047,150,150,0.5,300,75,aachen_osm_gtfs_bike_agg150_p150_b50_u100,7557,600,100,n_minus_one_most_expensive,true,,,,false,,sd,sd_n_minus_1,,,,,,,,,100,,,Gurobi,gurobi_10min,true,600.0,20260829,8,8,150,,true,ok,496.12999987602234,network_balanced,network_balanced_hardness_sweep,8,,600.0,517.2239999771118
1,,800,,100,-980.0,Optimal,4.5759073,BlCSolver,fixed_network_path,0.5,heidelberg_network_balanced_n150_b50_u100_blc_astar_fixed_network_path,heidelberg,,false,0.0,150,2047,150,150,0.5,300,75,aachen_osm_gtfs_bike_agg150_p150_b50_u100,7557,600,100,fixed_network_path,,,,,,763458,blc,blc_astar_fixed_network_path,,,,0,0,astar,null,,100,true,1,Gurobi,gurobi_10min,true,600.0,20260829,8,8,150,,true,ok,80.7059998512268,network_balanced,network_balanced_hardness_sweep,8,8,600.0,110.57399988174438
1,,500,,100,-980.0,Optimal,2.2098584,BlCSolver,n_minus_one_most_expensive,0.5,heidelberg_network_balanced_n150_b50_u100_blc_astar_n_minus_1,heidelberg,,false,0.0,150,2047,150,150,0.5,300,75,aachen_osm_gtfs_bike_agg150_p150_b50_u100,7557,600,100,n_minus_one_most_expensive,,,,,,763458,blc,blc_astar_n_minus_1,,,,0,0,astar,null,,100,true,1,Gurobi,gurobi_10min,true,600.0,20260829,8,8,150,,true,ok,98.10199999809265,network_balanced,network_balanced_hardness_sweep,8,8,600.0,122.15900015830994
1,,,,,-980.0,Optimal,,MIPSolver,,0.5,heidelberg_network_balanced_n150_b50_u100_path_dominance,heidelberg,true,false,0.0,150,2047,150,150,0.5,300,75,aachen_osm_gtfs_bike_agg150_p150_b50_u100,7557,600,100,,,0.9030003547668457,600.0,labeling,,,path,path_dominance,false,"{""U45"":4,""U23"":1,""U49"":1,""U96"":1,""U10"":1,""U4"":1,""U60"":1,""U5"":1,""U62"":1,""U98"":1,""U2"":1,""U74"":1,""U19"":1,""U37"":1,""U44"":1,""U91"":1,""U92"":1,""U82"":1,""U73"":2,""U81"":1,""U85"":1,""U53"":1,""U16"":1,""U8"":12,""U41"":1,""U95"":1,""U32"":1,""U31"":1,""U47"":1,""U7"":2,""U25"":1,""U75"":1,""U50"":1,""U83"":1,""U93"":1,""U94"":1,""U78"":1,""U84"":1,""U46"":1,""U39"":1,""U68"":1,""U71"":1,""U58"":17,""U12"":1,""U1"":1,""U24"":6,""U42"":1,""U43"":1,""U87"":1,""U3"":1,""U36"":1,""U21"":3,""U63"":1,""U88"":2,""U20"":1,""U30"":1,""U33"":1,""U80"":1,""U66"":11,""U79"":1,""U27"":8,""U48"":1,""U57"":1,""U76"":1,""U64"":1,""U99"":4,""U9"":4,""U15"":1,""U29"":3,""U97"":1,""U14"":1,""U67"":1,""U6"":1,""U77"":1,""U61"":1,""U13"":1,""U51"":2,""U28"":3,""U100"":1,""U52"":1,""U17"":1,""U22"":1,""U69"":1,""U65"":1,""U59"":1,""U56"":1,""U11"":1,""U86"":1,""U26"":1,""U40"":2,""U72"":1,""U70"":1,""U34"":1,""U38"":1,""U89"":2,""U55"":2,""U18"":1,""U35"":1,""U90"":1,""U54"":1}",599.0969996452332,,,,,true,100,,,Gurobi,gurobi_10min,true,600.0,20260829,8,8,150,,true,ok,0.016000032424926758,network_balanced,network_balanced_hardness_sweep,8,,599.0969996452332,0.9690001010894775
0,,,,,-980.0,Optimal,,MIPSolver,,0.5,heidelberg_network_balanced_n150_b50_u100_path_no_dominance,heidelberg,false,false,0.0,150,2047,150,150,0.5,300,75,aachen_osm_gtfs_bike_agg150_p150_b50_u100,7557,600,100,,,0.940000057220459,600.0,labeling,,,path,path_no_dominance,false,"{""U45"":42,""U23"":2,""U49"":1,""U96"":1,""U10"":1,""U4"":1,""U60"":1,""U5"":1,""U62"":1,""U98"":1,""U2"":1,""U74"":1,""U19"":1,""U37"":1,""U44"":1,""U91"":1,""U92"":1,""U82"":1,""U73"":2,""U81"":1,""U85"":1,""U53"":2,""U16"":1,""U8"":45,""U41"":1,""U95"":1,""U32"":1,""U31"":1,""U47"":1,""U7"":3,""U25"":1,""U75"":1,""U50"":1,""U83"":2,""U93"":1,""U94"":1,""U78"":1,""U84"":1,""U46"":1,""U39"":2,""U68"":1,""U71"":1,""U58"":246,""U12"":1,""U1"":1,""U24"":46,""U42"":1,""U43"":1,""U87"":1,""U3"":1,""U36"":1,""U21"":9,""U63"":1,""U88"":2,""U20"":1,""U30"":1,""U33"":1,""U80"":1,""U66"":87,""U79"":2,""U27"":207,""U48"":1,""U57"":1,""U76"":2,""U64"":1,""U99"":13,""U9"":6,""U15"":1,""U29"":3,""U97"":1,""U14"":1,""U67"":1,""U6"":1,""U77"":1,""U61"":1,""U13"":1,""U51"":2,""U28"":6,""U100"":1,""U52"":1,""U17"":1,""U22"":1,""U69"":1,""U65"":2,""U59"":1,""U56"":1,""U11"":1,""U86"":1,""U26"":2,""U40"":2,""U72"":1,""U70"":1,""U34"":1,""U38"":1,""U89"":2,""U55"":22,""U18"":1,""U35"":1,""U90"":1,""U54"":1}",599.0599999427795,,,,,false,100,,,Gurobi,gurobi_10min,true,600.0,20260829,8,8,150,,true,ok,0.04900002479553223,network_balanced,network_balanced_hardness_sweep,8,,599.0599999427795,1.0360000133514404
1,,,,,-154.0,Optimal,,MIPSolver,fixed_network_path,0.5,karlsruhe_network_balanced_n50_b50_u100_sd_fixed_network_path,karlsruhe,,false,0.0,50,837,50,50,0.5,100,25,aachen_osm_gtfs_bike_agg50_p50_b50_u100,4270,200,100,fixed_network_path,true,,,,false,,sd,sd_fixed_network_path,,,,,,,,,100,,,Gurobi,gurobi_10min,true,600.0,20260829,8,8,50,,true,ok,12.187999963760376,network_balanced,network_balanced_hardness_sweep,8,,600.0,25.752000093460083
2,,,,,-154.6249268647644,Optimal,,MIPSolver,n_minus_one_most_expensive,0.5,karlsruhe_network_balanced_n50_b50_u100_sd_n_minus_1,karlsruhe,,false,0.0,50,837,50,50,0.5,100,25,aachen_osm_gtfs_bike_agg50_p50_b50_u100,4270,200,100,n_minus_one_most_expensive,true,,,,false,,sd,sd_n_minus_1,,,,,,,,,100,,,Gurobi,gurobi_10min,true,600.0,20260829,8,8,50,,true,ok,87.55399990081787,network_balanced,network_balanced_hardness_sweep,8,,600.0,98.12999987602234
1,,200,,100,-154.0,Optimal,0.4597464,BlCSolver,fixed_network_path,0.5,karlsruhe_network_balanced_n50_b50_u100_blc_astar_fixed_network_path,karlsruhe,,false,0.0,50,837,50,50,0.5,100,25,aachen_osm_gtfs_bike_agg50_p50_b50_u100,4270,200,100,fixed_network_path,,,,,,431471,blc,blc_astar_fixed_network_path,,,,0,0,astar,null,,100,true,1,Gurobi,gurobi_10min,true,600.0,20260829,8,8,50,,true,ok,12.101999998092651,network_balanced,network_balanced_hardness_sweep,8,8,600.0,22.700999975204468
1,,200,,100,-154.0,Optimal,0.4448067,BlCSolver,n_minus_one_most_expensive,0.5,karlsruhe_network_balanced_n50_b50_u100_blc_astar_n_minus_1,karlsruhe,,false,0.0,50,837,50,50,0.5,100,25,aachen_osm_gtfs_bike_agg50_p50_b50_u100,4270,200,100,n_minus_one_most_expensive,,,,,,431471,blc,blc_astar_n_minus_1,,,,0,0,astar,null,,100,true,1,Gurobi,gurobi_10min,true,600.0,20260829,8,8,50,,true,ok,12.328999996185303,network_balanced,network_balanced_hardness_sweep,8,8,600.0,19.63700008392334
0,,,,,-154.0,Optimal,,MIPSolver,,0.5,karlsruhe_network_balanced_n50_b50_u100_path_dominance,karlsruhe,true,false,0.0,50,837,50,50,0.5,100,25,aachen_osm_gtfs_bike_agg50_p50_b50_u100,4270,200,100,,,0.4180002212524414,600.0,labeling,,,path,path_dominance,false,"{""U45"":1,""U23"":1,""U49"":1,""U96"":1,""U10"":1,""U4"":1,""U60"":1,""U5"":1,""U62"":1,""U98"":1,""U2"":1,""U74"":1,""U19"":1,""U37"":1,""U44"":1,""U91"":1,""U92"":1,""U82"":1,""U73"":1,""U81"":1,""U85"":1,""U53"":1,""U16"":1,""U8"":1,""U41"":1,""U95"":1,""U32"":2,""U31"":1,""U47"":1,""U7"":1,""U25"":1,""U75"":1,""U50"":1,""U83"":1,""U93"":1,""U94"":1,""U78"":1,""U84"":1,""U46"":1,""U39"":1,""U68"":1,""U71"":1,""U58"":1,""U12"":1,""U1"":1,""U24"":1,""U42"":2,""U43"":1,""U87"":1,""U3"":1,""U36"":1,""U21"":1,""U63"":1,""U88"":1,""U20"":1,""U30"":1,""U33"":1,""U80"":1,""U66"":1,""U79"":2,""U27"":1,""U48"":1,""U57"":1,""U76"":1,""U64"":1,""U99"":1,""U9"":1,""U15"":1,""U29"":1,""U97"":1,""U14"":1,""U67"":1,""U6"":1,""U77"":1,""U61"":1,""U13"":1,""U51"":1,""U28"":1,""U100"":1,""U52"":1,""U17"":1,""U22"":1,""U69"":1,""U65"":1,""U59"":1,""U56"":1,""U11"":1,""U86"":1,""U26"":1,""U40"":1,""U72"":1,""U70"":1,""U34"":1,""U38"":1,""U89"":1,""U55"":1,""U18"":1,""U35"":1,""U90"":1,""U54"":1}",599.5819997787476,,,,,true,100,,,Gurobi,gurobi_10min,true,600.0,20260829,8,8,50,,true,ok,0.009999990463256836,network_balanced,network_balanced_hardness_sweep,8,,599.5819997787476,0.4650001525878906
0,,,,,-154.0,Optimal,,MIPSolver,,0.5,karlsruhe_network_balanced_n50_b50_u100_path_no_dominance,karlsruhe,false,false,0.0,50,837,50,50,0.5,100,25,aachen_osm_gtfs_bike_agg50_p50_b50_u100,4270,200,100,,,0.5739996433258057,600.0,labeling,,,path,path_no_dominance,false,"{""U45"":1,""U23"":1,""U49"":1,""U96"":1,""U10"":1,""U4"":1,""U60"":1,""U5"":1,""U62"":1,""U98"":1,""U2"":1,""U74"":1,""U19"":1,""U37"":1,""U44"":1,""U91"":1,""U92"":1,""U82"":1,""U73"":1,""U81"":1,""U85"":1,""U53"":1,""U16"":1,""U8"":1,""U41"":1,""U95"":1,""U32"":2,""U31"":1,""U47"":1,""U7"":1,""U25"":1,""U75"":1,""U50"":1,""U83"":1,""U93"":1,""U94"":1,""U78"":1,""U84"":1,""U46"":1,""U39"":1,""U68"":1,""U71"":1,""U58"":1,""U12"":1,""U1"":1,""U24"":1,""U42"":2,""U43"":1,""U87"":1,""U3"":1,""U36"":1,""U21"":1,""U63"":1,""U88"":1,""U20"":1,""U30"":1,""U33"":1,""U80"":1,""U66"":1,""U79"":2,""U27"":1,""U48"":1,""U57"":1,""U76"":1,""U64"":1,""U99"":1,""U9"":1,""U15"":1,""U29"":1,""U97"":1,""U14"":1,""U67"":1,""U6"":1,""U77"":1,""U61"":1,""U13"":1,""U51"":1,""U28"":1,""U100"":1,""U52"":1,""U17"":1,""U22"":1,""U69"":1,""U65"":1,""U59"":1,""U56"":1,""U11"":1,""U86"":1,""U26"":1,""U40"":1,""U72"":1,""U70"":1,""U34"":1,""U38"":1,""U89"":1,""U55"":1,""U18"":1,""U35"":1,""U90"":1,""U54"":1}",599.4260003566742,,,,,false,100,,,Gurobi,gurobi_10min,true,600.0,20260829,8,8,50,,true,ok,0.003000020980834961,network_balanced,network_balanced_hardness_sweep,8,,599.4260003566742,0.6190001964569092
9,,,,,-257.0,Optimal,,MIPSolver,fixed_network_path,0.5,karlsruhe_network_balanced_n150_b50_u100_sd_fixed_network_path,karlsruhe,,false,0.0,150,2480,150,150,0.5,300,75,aachen_osm_gtfs_bike_agg150_p150_b50_u100,13876,600,100,fixed_network_path,true,,,,false,,sd,sd_fixed_network_path,,,,,,,,,100,,,Gurobi,gurobi_10min,true,600.0,20260829,8,8,150,,true,ok,132.82299995422363,network_balanced,network_balanced_hardness_sweep,8,,600.0,187.37900018692017
11,,,,,-271.3743209113284,Optimal,,MIPSolver,n_minus_one_most_expensive,0.5,karlsruhe_network_balanced_n150_b50_u100_sd_n_minus_1,karlsruhe,,false,0.0,150,2480,150,150,0.5,300,75,aachen_osm_gtfs_bike_agg150_p150_b50_u100,13876,600,100,n_minus_one_most_expensive,true,,,,false,,sd,sd_n_minus_1,,,,,,,,,100,,,Gurobi,gurobi_10min,true,600.0,20260829,8,8,150,,true,ok,466.9390001296997,network_balanced,network_balanced_hardness_sweep,8,,600.0,508.345999956131
1,,500,,100,-257.0,Optimal,5.4140154,BlCSolver,fixed_network_path,0.5,karlsruhe_network_balanced_n150_b50_u100_blc_astar_fixed_network_path,karlsruhe,,false,0.0,150,2480,150,150,0.5,300,75,aachen_osm_gtfs_bike_agg150_p150_b50_u100,13876,600,100,fixed_network_path,,,,,,1401677,blc,blc_astar_fixed_network_path,,,,0,0,astar,null,,100,true,1,Gurobi,gurobi_10min,true,600.0,20260829,8,8,150,,true,ok,78.13000011444092,network_balanced,network_balanced_hardness_sweep,8,8,600.0,127.3420000076294
1,,400,,100,-257.0,Optimal,4.0113746,BlCSolver,n_minus_one_most_expensive,0.5,karlsruhe_network_balanced_n150_b50_u100_blc_astar_n_minus_1,karlsruhe,,false,0.0,150,2480,150,150,0.5,300,75,aachen_osm_gtfs_bike_agg150_p150_b50_u100,13876,600,100,n_minus_one_most_expensive,,,,,,1401677,blc,blc_astar_n_minus_1,,,,0,0,astar,null,,100,true,1,Gurobi,gurobi_10min,true,600.0,20260829,8,8,150,,true,ok,70.24900007247925,network_balanced,network_balanced_hardness_sweep,8,8,600.0,106.69799995422363
1,,,,,-257.0,Optimal,,MIPSolver,,0.5,karlsruhe_network_balanced_n150_b50_u100_path_dominance,karlsruhe,true,false,0.0,150,2480,150,150,0.5,300,75,aachen_osm_gtfs_bike_agg150_p150_b50_u100,13876,600,100,,,1.751000165939331,600.0,labeling,,,path,path_dominance,false,"{""U45"":1,""U23"":1,""U49"":1,""U96"":2,""U10"":1,""U4"":1,""U60"":1,""U5"":1,""U62"":1,""U98"":1,""U2"":1,""U74"":1,""U19"":1,""U37"":1,""U44"":1,""U91"":1,""U92"":1,""U82"":1,""U73"":1,""U81"":1,""U85"":1,""U53"":1,""U16"":1,""U8"":1,""U41"":1,""U95"":1,""U32"":1,""U31"":1,""U47"":1,""U7"":1,""U25"":1,""U75"":1,""U50"":1,""U83"":1,""U93"":3,""U94"":1,""U78"":1,""U84"":1,""U46"":1,""U39"":1,""U68"":1,""U71"":1,""U58"":1,""U12"":1,""U1"":1,""U24"":1,""U42"":1,""U43"":1,""U87"":1,""U3"":1,""U36"":1,""U21"":1,""U63"":1,""U88"":1,""U20"":1,""U30"":1,""U33"":2,""U80"":1,""U66"":1,""U79"":1,""U27"":1,""U48"":1,""U57"":1,""U76"":1,""U64"":1,""U99"":1,""U9"":1,""U15"":1,""U29"":1,""U97"":1,""U14"":1,""U67"":1,""U6"":1,""U77"":1,""U61"":1,""U13"":1,""U51"":1,""U28"":1,""U100"":1,""U52"":1,""U17"":1,""U22"":1,""U69"":1,""U65"":1,""U59"":3,""U56"":1,""U11"":1,""U86"":1,""U26"":1,""U40"":1,""U72"":1,""U70"":4,""U34"":1,""U38"":1,""U89"":1,""U55"":1,""U18"":1,""U35"":1,""U90"":1,""U54"":1}",598.2489998340607,,,,,true,100,,,Gurobi,gurobi_10min,true,600.0,20260829,8,8,150,,true,ok,0.019999980926513672,network_balanced,network_balanced_hardness_sweep,8,,598.2489998340607,1.8589999675750732
1,,,,,-257.0,Optimal,,MIPSolver,,0.5,karlsruhe_network_balanced_n150_b50_u100_path_no_dominance,karlsruhe,false,false,0.0,150,2480,150,150,0.5,300,75,aachen_osm_gtfs_bike_agg150_p150_b50_u100,13876,600,100,,,1.7160000801086426,600.0,labeling,,,path,path_no_dominance,false,"{""U45"":1,""U23"":1,""U49"":1,""U96"":2,""U10"":1,""U4"":1,""U60"":1,""U5"":1,""U62"":1,""U98"":1,""U2"":1,""U74"":1,""U19"":1,""U37"":1,""U44"":1,""U91"":1,""U92"":1,""U82"":1,""U73"":1,""U81"":1,""U85"":1,""U53"":1,""U16"":1,""U8"":1,""U41"":1,""U95"":1,""U32"":1,""U31"":1,""U47"":1,""U7"":1,""U25"":1,""U75"":1,""U50"":1,""U83"":1,""U93"":5,""U94"":1,""U78"":1,""U84"":1,""U46"":1,""U39"":1,""U68"":1,""U71"":1,""U58"":1,""U12"":1,""U1"":1,""U24"":1,""U42"":1,""U43"":1,""U87"":1,""U3"":1,""U36"":1,""U21"":1,""U63"":1,""U88"":1,""U20"":1,""U30"":1,""U33"":2,""U80"":1,""U66"":1,""U79"":1,""U27"":1,""U48"":1,""U57"":1,""U76"":1,""U64"":1,""U99"":1,""U9"":1,""U15"":1,""U29"":1,""U97"":1,""U14"":1,""U67"":1,""U6"":1,""U77"":1,""U61"":1,""U13"":1,""U51"":1,""U28"":1,""U100"":1,""U52"":1,""U17"":1,""U22"":1,""U69"":1,""U65"":1,""U59"":3,""U56"":1,""U11"":1,""U86"":1,""U26"":1,""U40"":1,""U72"":1,""U70"":18,""U34"":1,""U38"":1,""U89"":1,""U55"":1,""U18"":1,""U35"":1,""U90"":1,""U54"":1}",598.2839999198914,,,,,false,100,,,Gurobi,gurobi_10min,true,600.0,20260829,8,8,150,,true,ok,0.019999980926513672,network_balanced,network_balanced_hardness_sweep,8,,598.2839999198914,1.811000108718872
1,,,,,-102.0,Optimal,,MIPSolver,,0.5,cologne_network_balanced_n50_b50_u300_sd_fixed_network_path,cologne,,false,0.0,50,1089,50,50,0.5,100,25,aachen_osm_gtfs_bike_agg50_p50_b50_u300,5030,200,300,fixed_network_path,true,,,,false,,sd,sd_fixed_network_path,,,,,,,,,300,,,Gurobi,gurobi_10min,true,600.0,20260829,16,16,50,,true,ok,54.08200001716614,network_balanced,network_balanced_hardness_sweep,16,,600.0,103.45700001716614
1,,,,,-108.24951137083099,Optimal,,MIPSolver,,0.5,cologne_network_balanced_n50_b50_u300_sd_n_minus_1,cologne,,false,0.0,50,1089,50,50,0.5,100,25,aachen_osm_gtfs_bike_agg50_p50_b50_u300,5030,200,300,n_minus_one_most_expensive,true,,,,false,,sd,sd_n_minus_1,,,,,,,,,300,,,Gurobi,gurobi_10min,true,600.0,20260829,16,16,50,,true,ok,70.4670000076294,network_balanced,network_balanced_hardness_sweep,16,,600.0,107.41300010681152
1,,600,,300,-102.0,Optimal,2.3815551,BlCSolver,,0.5,cologne_network_balanced_n50_b50_u300_blc_astar_fixed_network_path,cologne,,false,0.0,50,1089,50,50,0.5,100,25,aachen_osm_gtfs_bike_agg50_p50_b50_u300,5030,200,300,fixed_network_path,,,,,,1514631,blc,blc_astar_fixed_network_path,,,,0,0,astar,null,,300,true,16,Gurobi,gurobi_10min,true,600.0,20260829,16,16,50,,true,ok,59.978999853134155,network_balanced,network_balanced_hardness_sweep,16,16,600.0,97.82200002670288
1,,600,,300,-102.0,Optimal,0.43226359999999997,BlCSolver,,0.5,cologne_network_balanced_n50_b50_u300_blc_astar_n_minus_1,cologne,,false,0.0,50,1089,50,50,0.5,100,25,aachen_osm_gtfs_bike_agg50_p50_b50_u300,5030,200,300,n_minus_one_most_expensive,,,,,,1514631,blc,blc_astar_n_minus_1,,,,0,0,astar,null,,300,true,16,Gurobi,gurobi_10min,true,600.0,20260829,16,16,50,,true,ok,58.91600012779236,network_balanced,network_balanced_hardness_sweep,16,16,600.0,83.77700018882751
0,,,,,-102.0,Optimal,,MIPSolver,,0.5,cologne_network_balanced_n50_b50_u300_path_dominance,cologne,,false,0.0,50,1089,50,50,0.5,100,25,aachen_osm_gtfs_bike_agg50_p50_b50_u300,5030,200,300,,,3.614000082015991,600.0,labeling,,,path,path_dominance,false,"{""U23"":1,""U96"":1,""U10"":1,""U126"":1,""U176"":1,""U111"":1,""U19"":1,""U166"":1,""U91"":1,""U189"":1,""U107"":1,""U212"":1,""U121"":1,""U292"":1,""U16"":1,""U155"":1,""U293"":1,""U264"":1,""U7"":1,""U132"":1,""U219"":1,""U257"":1,""U184"":1,""U129"":1,""U275"":1,""U238"":1,""U142"":1,""U1"":2,""U24"":1,""U263"":1,""U43"":1,""U260"":1,""U87"":1,""U109"":1,""U138"":1,""U229"":1,""U119"":1,""U179"":1,""U282"":1,""U243"":1,""U186"":1,""U48"":1,""U57"":1,""U76"":1,""U9"":1,""U29"":1,""U117"":1,""U285"":1,""U67"":1,""U6"":1,""U13"":1,""U149"":1,""U152"":1,""U289"":1,""U188"":1,""U135"":1,""U144"":1,""U148"":1,""U116"":1,""U274"":1,""U167"":1,""U217"":1,""U118"":1,""U187"":1,""U225"":1,""U115"":1,""U250"":1,""U209"":1,""U241"":1,""U262"":1,""U35"":1,""U90"":1,""U54"":1,""U45"":1,""U49"":1,""U62"":1,""U5"":1,""U74"":1,""U203"":1,""U255"":1,""U82"":1,""U73"":1,""U81"":1,""U213"":1,""U8"":1,""U41"":1,""U300"":1,""U177"":1,""U31"":1,""U75"":1,""U83"":1,""U50"":1,""U93"":1,""U216"":1,""U139"":1,""U270"":1,""U78"":1,""U84"":1,""U269"":1,""U46"":1,""U147"":1,""U39"":1,""U68"":1,""U248"":1,""U71"":1,""U291"":1,""U192"":1,""U259"":1,""U103"":1,""U102"":1,""U222"":1,""U183"":1,""U156"":1,""U287"":1,""U204"":1,""U128"":1,""U235"":1,""U154"":1,""U273"":1,""U198"":1,""U226"":1,""U178"":1,""U27"":1,""U191"":1,""U223"":1,""U124"":1,""U267"":1,""U64"":1,""U127"":1,""U182"":1,""U207"":1,""U161"":1,""U130"":1,""U268"":1,""U61"":1,""U141"":1,""U239"":1,""U51"":1,""U158"":1,""U28"":1,""U52"":1,""U157"":1,""U251"":1,""U17"":1,""U195"":1,""U254"":1,""U69"":1,""U112"":1,""U40"":1,""U164"":1,""U72"":1,""U34"":1,""U133"":1,""U199"":1,""U175"":1,""U201"":1,""U281"":1,""U60"":1,""U2"":1,""U153"":1,""U37"":1,""U92"":1,""U196"":1,""U231"":1,""U296"":1,""U286"":1,""U221"":1,""U32"":1,""U151"":1,""U47"":1,""U218"":1,""U298"":1,""U94"":1,""U101"":1,""U283"":1,""U108"":1,""U122"":1,""U123"":1,""U134"":1,""U58"":1,""U205"":1,""U172"":1,""U290"":1,""U12"":1,""U169"":1,""U224"":1,""U3"":1,""U266"":1,""U63"":1,""U240"":1,""U136"":1,""U20"":1,""U190"":1,""U277"":1,""U30"":1,""U80"":1,""U171"":1,""U220"":1,""U279"":1,""U206"":1,""U202"":1,""U271"":1,""U97"":1,""U284"":1,""U77"":1,""U247"":1,""U232"":1,""U105"":1,""U114"":2,""U227"":1,""U59"":1,""U56"":1,""U86"":1,""U26"":1,""U236"":1,""U70"":1,""U208"":1,""U140"":1,""U125"":1,""U163"":1,""U89"":1,""U55"":1,""U110"":1,""U159"":1,""U185"":1,""U214"":1,""U120"":1,""U4"":1,""U98"":1,""U146"":1,""U276"":1,""U173"":1,""U245"":1,""U44"":1,""U193"":1,""U137"":1,""U168"":1,""U85"":1,""U53"":1,""U95"":1,""U297"":1,""U234"":1,""U194"":1,""U200"":1,""U25"":1,""U145"":1,""U228"":1,""U174"":1,""U165"":1,""U258"":1,""U288"":1,""U215"":1,""U237"":1,""U42"":1,""U113"":1,""U106"":1,""U150"":1,""U104"":1,""U244"":1,""U36"":1,""U21"":1,""U242"":1,""U88"":1,""U131"":1,""U33"":1,""U66"":1,""U246"":1,""U272"":1,""U79"":1,""U253"":1,""U261"":1,""U99"":1,""U230"":1,""U170"":1,""U15"":1,""U294"":1,""U280"":1,""U14"":1,""U249"":1,""U252"":1,""U256"":1,""U233"":1,""U100"":1,""U278"":1,""U160"":1,""U22"":1,""U65"":1,""U11"":1,""U180"":1,""U162"":1,""U265"":1,""U295"":1,""U197"":1,""U143"":1,""U210"":1,""U38"":1,""U18"":1,""U299"":1,""U211"":1,""U181"":1}",596.385999917984,,,,,true,300,,,Gurobi,gurobi_10min,true,600.0,20260829,16,16,50,,true,ok,0.00800013542175293,network_balanced,network_balanced_hardness_sweep,16,,596.385999917984,5.504000186920166
0,,,,,-102.0,Optimal,,MIPSolver,,0.5,cologne_network_balanced_n50_b50_u300_path_no_dominance,cologne,,false,0.0,50,1089,50,50,0.5,100,25,aachen_osm_gtfs_bike_agg50_p50_b50_u300,5030,200,300,,,1.5950000286102295,600.0,labeling,,,path,path_no_dominance,false,"{""U23"":1,""U96"":1,""U10"":1,""U126"":1,""U176"":1,""U111"":1,""U19"":1,""U166"":1,""U91"":1,""U189"":1,""U107"":1,""U212"":1,""U121"":1,""U292"":1,""U16"":1,""U155"":1,""U293"":1,""U264"":1,""U7"":1,""U132"":1,""U219"":1,""U257"":1,""U184"":1,""U129"":1,""U275"":1,""U238"":1,""U142"":1,""U1"":2,""U24"":1,""U263"":1,""U43"":1,""U260"":1,""U87"":1,""U109"":1,""U138"":1,""U229"":1,""U119"":1,""U179"":1,""U282"":1,""U243"":1,""U186"":1,""U48"":1,""U57"":1,""U76"":1,""U9"":1,""U29"":1,""U117"":1,""U285"":1,""U67"":1,""U6"":1,""U13"":1,""U149"":1,""U152"":1,""U289"":1,""U188"":1,""U135"":1,""U144"":1,""U148"":1,""U116"":1,""U274"":1,""U167"":1,""U217"":1,""U118"":1,""U187"":1,""U225"":1,""U115"":1,""U250"":1,""U209"":1,""U241"":1,""U262"":1,""U35"":1,""U90"":1,""U54"":1,""U45"":1,""U49"":1,""U62"":1,""U5"":1,""U74"":1,""U203"":1,""U255"":1,""U82"":1,""U73"":1,""U81"":1,""U213"":1,""U8"":1,""U41"":1,""U300"":1,""U177"":1,""U31"":1,""U75"":1,""U83"":1,""U50"":1,""U93"":1,""U216"":1,""U139"":1,""U270"":1,""U78"":1,""U84"":1,""U269"":1,""U46"":1,""U147"":1,""U39"":1,""U68"":1,""U248"":1,""U71"":1,""U291"":1,""U192"":1,""U259"":1,""U103"":1,""U102"":1,""U222"":1,""U183"":1,""U156"":1,""U287"":1,""U204"":1,""U128"":1,""U235"":1,""U154"":1,""U273"":1,""U198"":1,""U226"":1,""U178"":1,""U27"":1,""U191"":1,""U223"":1,""U124"":1,""U267"":1,""U64"":1,""U127"":1,""U182"":1,""U207"":1,""U161"":1,""U130"":2,""U268"":1,""U61"":1,""U141"":1,""U239"":1,""U51"":1,""U158"":1,""U28"":1,""U52"":1,""U157"":1,""U251"":1,""U17"":1,""U195"":1,""U254"":1,""U69"":1,""U112"":1,""U40"":1,""U164"":1,""U72"":1,""U34"":1,""U133"":1,""U199"":1,""U175"":1,""U201"":1,""U281"":1,""U60"":1,""U2"":1,""U153"":1,""U37"":1,""U92"":1,""U196"":1,""U231"":1,""U296"":1,""U286"":1,""U221"":1,""U32"":2,""U151"":1,""U47"":1,""U218"":1,""U298"":1,""U94"":1,""U101"":1,""U283"":1,""U108"":1,""U122"":1,""U123"":1,""U134"":1,""U58"":1,""U205"":1,""U172"":1,""U290"":1,""U12"":1,""U169"":1,""U224"":1,""U3"":1,""U266"":1,""U63"":1,""U240"":1,""U136"":1,""U20"":1,""U190"":1,""U277"":1,""U30"":1,""U80"":1,""U171"":1,""U220"":1,""U279"":1,""U206"":1,""U202"":1,""U271"":1,""U97"":1,""U284"":1,""U77"":1,""U247"":1,""U232"":1,""U105"":1,""U114"":2,""U227"":2,""U59"":1,""U56"":1,""U86"":2,""U26"":1,""U236"":1,""U70"":1,""U208"":1,""U140"":1,""U125"":1,""U163"":1,""U89"":1,""U55"":1,""U110"":1,""U159"":1,""U185"":1,""U214"":1,""U120"":1,""U4"":1,""U98"":1,""U146"":2,""U276"":1,""U173"":1,""U245"":1,""U44"":1,""U193"":1,""U137"":1,""U168"":1,""U85"":1,""U53"":1,""U95"":1,""U297"":1,""U234"":1,""U194"":1,""U200"":1,""U25"":1,""U145"":1,""U228"":1,""U174"":1,""U165"":1,""U258"":1,""U288"":1,""U215"":1,""U237"":1,""U42"":1,""U113"":1,""U106"":1,""U150"":2,""U104"":1,""U244"":1,""U36"":1,""U21"":1,""U242"":1,""U88"":1,""U131"":1,""U33"":1,""U66"":1,""U246"":1,""U272"":1,""U79"":1,""U253"":1,""U261"":1,""U99"":1,""U230"":1,""U170"":1,""U15"":1,""U294"":1,""U280"":1,""U14"":1,""U249"":1,""U252"":1,""U256"":1,""U233"":1,""U100"":1,""U278"":1,""U160"":1,""U22"":1,""U65"":1,""U11"":1,""U180"":1,""U162"":1,""U265"":1,""U295"":1,""U197"":1,""U143"":1,""U210"":1,""U38"":1,""U18"":1,""U299"":1,""U211"":1,""U181"":1}",598.4049999713898,,,,,false,300,,,Gurobi,gurobi_10min,true,600.0,20260829,16,16,50,,true,ok,0.007999897003173828,network_balanced,network_balanced_hardness_sweep,16,,598.4049999713898,1.6470000743865967
1,,,,,-153.0,Optimal,,MIPSolver,,0.5,cologne_network_balanced_n50_b50_u500_sd_fixed_network_path,cologne,,false,0.0,50,1089,50,50,0.5,100,25,aachen_osm_gtfs_bike_agg50_p50_b50_u500,5030,200,500,fixed_network_path,true,,,,false,,sd,sd_fixed_network_path,,,,,,,,,500,,,Gurobi,gurobi_10min,true,600.0,20260829,16,16,50,,true,ok,112.3970000743866,network_balanced,network_balanced_hardness_sweep,16,,600.0,210.92599987983704
2,,,,,-157.37466261427548,Optimal,,MIPSolver,,0.5,cologne_network_balanced_n50_b50_u500_sd_n_minus_1,cologne,,false,0.0,50,1089,50,50,0.5,100,25,aachen_osm_gtfs_bike_agg50_p50_b50_u500,5030,200,500,n_minus_one_most_expensive,true,,,,false,,sd,sd_n_minus_1,,,,,,,,,500,,,Gurobi,gurobi_10min,true,600.0,20260829,16,16,50,,true,ok,491.396999835968,network_balanced,network_balanced_hardness_sweep,16,,600.0,574.183000087738
1,,2500,,500,-153.0,Optimal,3.1181865999999996,BlCSolver,,0.5,cologne_network_balanced_n50_b50_u500_blc_astar_fixed_network_path,cologne,,false,0.0,50,1089,50,50,0.5,100,25,aachen_osm_gtfs_bike_agg50_p50_b50_u500,5030,200,500,fixed_network_path,,,,,,2521031,blc,blc_astar_fixed_network_path,,,,0,0,astar,null,,500,true,16,Gurobi,gurobi_10min,true,600.0,20260829,16,16,50,,true,ok,125.40199995040894,network_balanced,network_balanced_hardness_sweep,16,16,600.0,195.86899995803833
1,,1500,,500,-153.0,Optimal,2.61679,BlCSolver,,0.5,cologne_network_balanced_n50_b50_u500_blc_astar_n_minus_1,cologne,,false,0.0,50,1089,50,50,0.5,100,25,aachen_osm_gtfs_bike_agg50_p50_b50_u500,5030,200,500,n_minus_one_most_expensive,,,,,,2521031,blc,blc_astar_n_minus_1,,,,0,0,astar,null,,500,true,16,Gurobi,gurobi_10min,true,600.0,20260829,16,16,50,,true,ok,184.04100012779236,network_balanced,network_balanced_hardness_sweep,16,16,600.0,226.18200016021729
0,,,,,-153.0,Optimal,,MIPSolver,,0.5,cologne_network_balanced_n50_b50_u500_path_dominance,cologne,,false,0.0,50,1089,50,50,0.5,100,25,aachen_osm_gtfs_bike_agg50_p50_b50_u500,5030,200,500,,,2.927999973297119,600.0,labeling,,,path,path_dominance,false,"{""U23"":1,""U96"":1,""U327"":1,""U10"":1,""U396"":1,""U126"":1,""U176"":1,""U448"":1,""U111"":1,""U432"":1,""U381"":1,""U19"":1,""U166"":1,""U91"":1,""U189"":1,""U466"":1,""U107"":1,""U212"":1,""U121"":1,""U292"":1,""U16"":1,""U155"":1,""U363"":1,""U390"":1,""U372"":1,""U293"":1,""U415"":1,""U385"":1,""U431"":1,""U264"":1,""U7"":1,""U132"":1,""U219"":1,""U257"":1,""U184"":1,""U420"":1,""U346"":1,""U129"":1,""U334"":1,""U275"":1,""U238"":1,""U326"":1,""U439"":1,""U142"":1,""U1"":1,""U24"":1,""U263"":1,""U374"":1,""U43"":1,""U345"":1,""U481"":1,""U302"":1,""U260"":1,""U404"":1,""U87"":1,""U109"":1,""U138"":1,""U324"":1,""U229"":1,""U119"":1,""U347"":1,""U179"":1,""U282"":1,""U397"":1,""U357"":1,""U316"":1,""U475"":1,""U491"":1,""U243"":1,""U323"":1,""U485"":1,""U377"":1,""U186"":1,""U371"":1,""U386"":1,""U437"":1,""U359"":1,""U48"":1,""U57"":1,""U76"":1,""U9"":1,""U488"":1,""U29"":1,""U473"":1,""U471"":1,""U117"":1,""U285"":1,""U331"":2,""U413"":1,""U67"":1,""U6"":1,""U13"":1,""U351"":1,""U492"":1,""U149"":1,""U152"":1,""U489"":1,""U289"":1,""U188"":1,""U444"":1,""U456"":1,""U472"":1,""U135"":1,""U144"":1,""U148"":1,""U116"":1,""U399"":1,""U274"":1,""U167"":1,""U341"":1,""U217"":2,""U421"":1,""U428"":1,""U446"":1,""U118"":1,""U187"":1,""U225"":1,""U115"":1,""U250"":1,""U332"":1,""U438"":1,""U209"":1,""U241"":1,""U262"":1,""U35"":1,""U90"":1,""U54"":1,""U305"":1,""U452"":1,""U416"":1,""U45"":1,""U49"":1,""U443"":1,""U321"":1,""U319"":1,""U417"":1,""U469"":1,""U62"":1,""U5"":1,""U435"":1,""U74"":1,""U307"":1,""U203"":1,""U434"":1,""U255"":1,""U82"":1,""U73"":1,""U81"":1,""U445"":1,""U496"":1,""U213"":1,""U8"":1,""U393"":1,""U41"":1,""U403"":1,""U300"":1,""U455"":1,""U450"":1,""U177"":1,""U318"":1,""U31"":1,""U356"":1,""U75"":1,""U83"":1,""U50"":1,""U93"":1,""U216"":1,""U139"":1,""U270"":1,""U430"":1,""U370"":1,""U78"":1,""U84"":1,""U269"":1,""U436"":1,""U46"":1,""U147"":1,""U39"":1,""U68"":1,""U248"":1,""U71"":1,""U291"":1,""U322"":1,""U335"":1,""U192"":1,""U259"":1,""U419"":1,""U103"":1,""U102"":1,""U222"":1,""U462"":1,""U476"":1,""U364"":1,""U369"":1,""U479"":1,""U183"":1,""U156"":1,""U287"":1,""U204"":1,""U355"":1,""U398"":1,""U441"":1,""U373"":1,""U406"":1,""U354"":1,""U128"":1,""U459"":1,""U382"":1,""U235"":1,""U154"":1,""U273"":1,""U198"":1,""U494"":1,""U226"":1,""U340"":1,""U178"":1,""U27"":1,""U191"":1,""U223"":1,""U124"":1,""U267"":1,""U378"":1,""U64"":1,""U495"":1,""U127"":1,""U182"":1,""U344"":1,""U207"":1,""U161"":1,""U130"":1,""U268"":1,""U394"":1,""U454"":1,""U61"":1,""U141"":1,""U464"":1,""U477"":1,""U433"":1,""U497"":1,""U239"":1,""U51"":1,""U498"":1,""U158"":1,""U28"":1,""U52"":1,""U157"":1,""U251"":1,""U17"":1,""U195"":1,""U254"":1,""U314"":1,""U349"":1,""U391"":1,""U69"":1,""U112"":1,""U320"":1,""U411"":1,""U329"":1,""U40"":1,""U164"":1,""U72"":1,""U474"":1,""U34"":1,""U133"":2,""U199"":1,""U425"":1,""U175"":1,""U405"":1,""U361"":1,""U201"":1,""U281"":1,""U304"":1,""U338"":1,""U60"":1,""U2"":1,""U153"":1,""U333"":1,""U37"":1,""U92"":1,""U451"":1,""U449"":1,""U196"":1,""U231"":1,""U493"":1,""U296"":1,""U308"":1,""U286"":1,""U221"":1,""U32"":1,""U151"":1,""U376"":1,""U47"":1,""U218"":1,""U298"":1,""U328"":1,""U94"":1,""U101"":1,""U283"":1,""U108"":1,""U122"":1,""U123"":1,""U134"":1,""U58"":1,""U205"":1,""U172"":1,""U368"":1,""U458"":1,""U290"":1,""U12"":1,""U169"":1,""U483"":1,""U484"":1,""U486"":1,""U224"":1,""U337"":1,""U3"":1,""U266"":1,""U63"":1,""U240"":1,""U136"":1,""U20"":1,""U190"":1,""U277"":1,""U343"":1,""U30"":1,""U409"":1,""U80"":1,""U171"":1,""U330"":1,""U220"":1,""U279"":1,""U315"":1,""U388"":1,""U309"":1,""U447"":1,""U206"":1,""U202"":1,""U271"":1,""U401"":1,""U470"":1,""U383"":1,""U339"":1,""U97"":1,""U408"":1,""U392"":1,""U284"":1,""U77"":1,""U379"":1,""U247"":1,""U457"":1,""U468"":1,""U350"":1,""U232"":1,""U105"":1,""U353"":1,""U482"":1,""U352"":1,""U114"":1,""U227"":1,""U303"":1,""U59"":1,""U56"":1,""U86"":1,""U26"":1,""U236"":1,""U70"":1,""U208"":1,""U140"":1,""U125"":1,""U163"":1,""U414"":1,""U89"":1,""U55"":1,""U110"":1,""U358"":1,""U442"":1,""U490"":1,""U159"":1,""U185"":1,""U214"":1,""U120"":1,""U4"":1,""U98"":1,""U146"":1,""U276"":1,""U173"":1,""U312"":1,""U389"":1,""U245"":1,""U44"":1,""U412"":1,""U193"":1,""U137"":1,""U168"":1,""U85"":1,""U53"":1,""U325"":1,""U418"":1,""U95"":1,""U402"":1,""U297"":1,""U424"":1,""U467"":1,""U400"":1,""U380"":1,""U234"":1,""U194"":1,""U200"":1,""U25"":1,""U145"":1,""U228"":1,""U301"":1,""U174"":1,""U165"":1,""U460"":1,""U500"":1,""U453"":1,""U258"":1,""U288"":1,""U215"":1,""U237"":1,""U465"":1,""U42"":1,""U360"":1,""U113"":1,""U463"":1,""U106"":1,""U150"":1,""U348"":1,""U104"":1,""U440"":1,""U461"":1,""U244"":1,""U426"":1,""U36"":1,""U21"":1,""U242"":1,""U306"":1,""U88"":1,""U375"":1,""U342"":1,""U131"":1,""U33"":1,""U66"":1,""U246"":1,""U272"":1,""U480"":1,""U79"":1,""U253"":1,""U261"":1,""U387"":1,""U99"":1,""U230"":1,""U317"":1,""U170"":1,""U313"":1,""U15"":1,""U384"":1,""U423"":1,""U294"":1,""U280"":1,""U14"":1,""U249"":1,""U252"":1,""U256"":1,""U233"":1,""U422"":1,""U362"":1,""U100"":1,""U278"":1,""U160"":1,""U410"":1,""U22"":1,""U65"":1,""U310"":1,""U11"":1,""U180"":1,""U407"":1,""U427"":1,""U162"":1,""U265"":1,""U365"":1,""U295"":1,""U336"":1,""U197"":1,""U395"":1,""U143"":1,""U210"":1,""U367"":1,""U487"":1,""U38"":1,""U366"":1,""U18"":1,""U299"":1,""U499"":1,""U211"":1,""U311"":1,""U478"":1,""U429"":1,""U181"":1}",597.0720000267029,,,,,true,500,,,Gurobi,gurobi_10min,true,600.0,20260829,16,16,50,,true,ok,0.01100015640258789,network_balanced,network_balanced_hardness_sweep,16,,597.0720000267029,3.003000020980835
0,,,,,-153.0,Optimal,,MIPSolver,,0.5,cologne_network_balanced_n50_b50_u500_path_no_dominance,cologne,,false,0.0,50,1089,50,50,0.5,100,25,aachen_osm_gtfs_bike_agg50_p50_b50_u500,5030,200,500,,,2.889000177383423,600.0,labeling,,,path,path_no_dominance,false,"{""U23"":1,""U96"":1,""U327"":1,""U10"":1,""U396"":1,""U126"":1,""U176"":1,""U448"":1,""U111"":1,""U432"":1,""U381"":1,""U19"":1,""U166"":1,""U91"":1,""U189"":1,""U466"":1,""U107"":1,""U212"":1,""U121"":1,""U292"":1,""U16"":1,""U155"":1,""U363"":1,""U390"":1,""U372"":1,""U293"":1,""U415"":1,""U385"":1,""U431"":1,""U264"":1,""U7"":1,""U132"":1,""U219"":1,""U257"":1,""U184"":1,""U420"":1,""U346"":1,""U129"":1,""U334"":1,""U275"":1,""U238"":1,""U326"":1,""U439"":1,""U142"":1,""U1"":1,""U24"":2,""U263"":1,""U374"":1,""U43"":1,""U345"":2,""U481"":1,""U302"":1,""U260"":1,""U404"":1,""U87"":1,""U109"":1,""U138"":1,""U324"":1,""U229"":1,""U119"":1,""U347"":1,""U179"":1,""U282"":1,""U397"":1,""U357"":1,""U316"":1,""U475"":1,""U491"":1,""U243"":1,""U323"":1,""U485"":1,""U377"":1,""U186"":2,""U371"":1,""U386"":1,""U437"":1,""U359"":1,""U48"":1,""U57"":1,""U76"":1,""U9"":1,""U488"":1,""U29"":1,""U473"":1,""U471"":1,""U117"":1,""U285"":2,""U331"":2,""U413"":1,""U67"":1,""U6"":1,""U13"":1,""U351"":1,""U492"":1,""U149"":1,""U152"":1,""U489"":1,""U289"":1,""U188"":1,""U444"":1,""U456"":1,""U472"":1,""U135"":1,""U144"":1,""U148"":1,""U116"":1,""U399"":1,""U274"":1,""U167"":1,""U341"":1,""U217"":2,""U421"":1,""U428"":1,""U446"":1,""U118"":1,""U187"":1,""U225"":1,""U115"":1,""U250"":1,""U332"":1,""U438"":1,""U209"":1,""U241"":1,""U262"":1,""U35"":1,""U90"":1,""U54"":1,""U305"":1,""U452"":1,""U416"":1,""U45"":1,""U49"":1,""U443"":1,""U321"":1,""U319"":2,""U417"":1,""U469"":1,""U62"":1,""U5"":1,""U435"":1,""U74"":1,""U307"":1,""U203"":1,""U434"":1,""U255"":1,""U82"":1,""U73"":1,""U81"":1,""U445"":1,""U496"":1,""U213"":1,""U8"":1,""U393"":1,""U41"":1,""U403"":1,""U300"":1,""U455"":1,""U450"":1,""U177"":1,""U318"":1,""U31"":1,""U356"":1,""U75"":1,""U83"":1,""U50"":1,""U93"":1,""U216"":1,""U139"":1,""U270"":1,""U430"":1,""U370"":1,""U78"":1,""U84"":1,""U269"":1,""U436"":1,""U46"":1,""U147"":2,""U39"":1,""U68"":1,""U248"":2,""U71"":1,""U291"":1,""U322"":1,""U335"":1,""U192"":1,""U259"":1,""U419"":1,""U103"":1,""U102"":1,""U222"":1,""U462"":1,""U476"":1,""U364"":1,""U369"":1,""U479"":1,""U183"":1,""U156"":1,""U287"":1,""U204"":1,""U355"":2,""U398"":1,""U441"":1,""U373"":1,""U406"":1,""U354"":1,""U128"":1,""U459"":1,""U382"":1,""U235"":1,""U154"":1,""U273"":1,""U198"":1,""U494"":1,""U226"":1,""U340"":1,""U178"":1,""U27"":1,""U191"":1,""U223"":1,""U124"":1,""U267"":1,""U378"":1,""U64"":1,""U495"":1,""U127"":1,""U182"":1,""U344"":1,""U207"":1,""U161"":1,""U130"":1,""U268"":1,""U394"":1,""U454"":1,""U61"":1,""U141"":1,""U464"":1,""U477"":1,""U433"":1,""U497"":1,""U239"":1,""U51"":1,""U498"":2,""U158"":1,""U28"":1,""U52"":1,""U157"":1,""U251"":1,""U17"":1,""U195"":1,""U254"":1,""U314"":1,""U349"":1,""U391"":1,""U69"":1,""U112"":1,""U320"":1,""U411"":1,""U329"":1,""U40"":1,""U164"":1,""U72"":1,""U474"":1,""U34"":1,""U133"":2,""U199"":2,""U425"":1,""U175"":1,""U405"":1,""U361"":1,""U201"":1,""U281"":1,""U304"":1,""U338"":1,""U60"":1,""U2"":1,""U153"":1,""U333"":1,""U37"":1,""U92"":1,""U451"":1,""U449"":1,""U196"":1,""U231"":1,""U493"":1,""U296"":1,""U308"":1,""U286"":1,""U221"":1,""U32"":1,""U151"":1,""U376"":1,""U47"":1,""U218"":1,""U298"":1,""U328"":1,""U94"":1,""U101"":1,""U283"":1,""U108"":1,""U122"":1,""U123"":1,""U134"":2,""U58"":1,""U205"":1,""U172"":1,""U368"":1,""U458"":1,""U290"":1,""U12"":1,""U169"":1,""U483"":1,""U484"":1,""U486"":1,""U224"":1,""U337"":1,""U3"":1,""U266"":2,""U63"":1,""U240"":1,""U136"":1,""U20"":1,""U190"":1,""U277"":1,""U343"":1,""U30"":1,""U409"":1,""U80"":1,""U171"":1,""U330"":1,""U220"":1,""U279"":1,""U315"":1,""U388"":1,""U309"":1,""U447"":1,""U206"":2,""U202"":1,""U271"":1,""U401"":1,""U470"":1,""U383"":1,""U339"":1,""U97"":1,""U408"":1,""U392"":1,""U284"":1,""U77"":1,""U379"":1,""U247"":1,""U457"":1,""U468"":1,""U350"":1,""U232"":1,""U105"":1,""U353"":1,""U482"":1,""U352"":1,""U114"":1,""U227"":1,""U303"":1,""U59"":1,""U56"":1,""U86"":1,""U26"":1,""U236"":1,""U70"":1,""U208"":1,""U140"":1,""U125"":1,""U163"":1,""U414"":1,""U89"":1,""U55"":1,""U110"":1,""U358"":1,""U442"":1,""U490"":1,""U159"":1,""U185"":1,""U214"":1,""U120"":1,""U4"":2,""U98"":1,""U146"":1,""U276"":1,""U173"":1,""U312"":1,""U389"":1,""U245"":1,""U44"":1,""U412"":1,""U193"":1,""U137"":1,""U168"":1,""U85"":1,""U53"":1,""U325"":1,""U418"":1,""U95"":1,""U402"":1,""U297"":1,""U424"":1,""U467"":1,""U400"":1,""U380"":1,""U234"":1,""U194"":1,""U200"":1,""U25"":2,""U145"":1,""U228"":1,""U301"":1,""U174"":1,""U165"":1,""U460"":1,""U500"":2,""U453"":1,""U258"":1,""U288"":1,""U215"":1,""U237"":1,""U465"":1,""U42"":1,""U360"":2,""U113"":1,""U463"":1,""U106"":1,""U150"":1,""U348"":1,""U104"":1,""U440"":1,""U461"":1,""U244"":1,""U426"":1,""U36"":1,""U21"":1,""U242"":1,""U306"":1,""U88"":1,""U375"":1,""U342"":1,""U131"":1,""U33"":1,""U66"":1,""U246"":1,""U272"":2,""U480"":1,""U79"":1,""U253"":1,""U261"":1,""U387"":1,""U99"":1,""U230"":1,""U317"":1,""U170"":1,""U313"":1,""U15"":1,""U384"":1,""U423"":1,""U294"":1,""U280"":1,""U14"":1,""U249"":1,""U252"":1,""U256"":1,""U233"":1,""U422"":1,""U362"":1,""U100"":1,""U278"":1,""U160"":1,""U410"":1,""U22"":1,""U65"":1,""U310"":2,""U11"":1,""U180"":1,""U407"":2,""U427"":1,""U162"":1,""U265"":1,""U365"":1,""U295"":2,""U336"":2,""U197"":1,""U395"":1,""U143"":1,""U210"":1,""U367"":1,""U487"":1,""U38"":1,""U366"":1,""U18"":1,""U299"":1,""U499"":1,""U211"":1,""U311"":1,""U478"":1,""U429"":1,""U181"":1}",597.1109998226166,,,,,false,500,,,Gurobi,gurobi_10min,true,600.0,20260829,16,16,50,,true,ok,0.007999897003173828,network_balanced,network_balanced_hardness_sweep,16,,597.1109998226166,3.074000120162964
1,,,,,-581.0,Optimal,,MIPSolver,,0.5,cologne_network_balanced_n50_b50_u750_sd_fixed_network_path,cologne,,false,0.0,50,1089,50,50,0.5,100,25,aachen_osm_gtfs_bike_agg50_p50_b50_u750,5030,200,750,fixed_network_path,true,,,,false,,sd,sd_fixed_network_path,,,,,,,,,750,,,Gurobi,gurobi_10min,true,600.0,20260829,16,16,50,,true,ok,200.97900009155273,network_balanced,network_balanced_hardness_sweep,16,,600.0,372.5920000076294
1,,,,,-534.0,Timelimit,,MIPSolver,,0.5,cologne_network_balanced_n50_b50_u750_sd_n_minus_1,cologne,,false,0.140676489454954,50,1089,50,50,0.5,100,25,aachen_osm_gtfs_bike_agg50_p50_b50_u750,5030,200,750,n_minus_one_most_expensive,true,,,,false,,sd,sd_n_minus_1,,,,,,,,,750,,,Gurobi,gurobi_10min,true,600.0,20260829,16,16,50,,true,timeout,601.1049997806549,network_balanced,network_balanced_hardness_sweep,16,,600.0,736.308000087738
1,,3000,,750,-581.0,Optimal,3.7839076,BlCSolver,,0.5,cologne_network_balanced_n50_b50_u750_blc_astar_fixed_network_path,cologne,,false,0.0,50,1089,50,50,0.5,100,25,aachen_osm_gtfs_bike_agg50_p50_b50_u750,5030,200,750,fixed_network_path,,,,,,3779031,blc,blc_astar_fixed_network_path,,,,0,0,astar,null,,750,true,16,Gurobi,gurobi_10min,true,600.0,20260829,16,16,50,,true,ok,275.2589998245239,network_balanced,network_balanced_hardness_sweep,16,16,600.0,383.1029999256134
1,,3000,,750,-581.0,Optimal,4.6861223,BlCSolver,,0.5,cologne_network_balanced_n50_b50_u750_blc_astar_n_minus_1,cologne,,false,0.0,50,1089,50,50,0.5,100,25,aachen_osm_gtfs_bike_agg50_p50_b50_u750,5030,200,750,n_minus_one_most_expensive,,,,,,3779031,blc,blc_astar_n_minus_1,,,,0,0,astar,null,,750,true,16,Gurobi,gurobi_10min,true,600.0,20260829,16,16,50,,true,ok,322.1800000667572,network_balanced,network_balanced_hardness_sweep,16,16,600.0,391.1870000362396
0,,,,,-581.0,Optimal,,MIPSolver,,0.5,cologne_network_balanced_n50_b50_u750_path_dominance,cologne,,false,0.0,50,1089,50,50,0.5,100,25,aachen_osm_gtfs_bike_agg50_p50_b50_u750,5030,200,750,,,4.634999752044678,600.0,labeling,,,path,path_dominance,false,"{""U396"":1,""U448"":1,""U19"":1,""U166"":1,""U91"":1,""U155"":1,""U415"":1,""U385"":1,""U184"":1,""U716"":1,""U238"":1,""U326"":1,""U142"":1,""U619"":1,""U24"":1,""U109"":1,""U229"":1,""U569"":1,""U179"":1,""U397"":1,""U491"":1,""U243"":1,""U485"":1,""U186"":1,""U359"":1,""U691"":1,""U285"":1,""U492"":1,""U614"":1,""U444"":1,""U583"":1,""U728"":1,""U735"":1,""U616"":1,""U341"":1,""U118"":1,""U533"":1,""U35"":1,""U49"":1,""U321"":1,""U685"":1,""U62"":1,""U5"":1,""U74"":1,""U203"":1,""U729"":1,""U81"":1,""U571"":1,""U213"":1,""U8"":1,""U455"":1,""U177"":1,""U318"":1,""U31"":1,""U611"":1,""U83"":1,""U50"":1,""U139"":1,""U634"":1,""U370"":1,""U508"":1,""U269"":1,""U46"":1,""U147"":1,""U322"":1,""U666"":1,""U71"":1,""U335"":1,""U419"":1,""U578"":1,""U579"":1,""U156"":1,""U592"":1,""U584"":1,""U534"":1,""U441"":1,""U273"":1,""U340"":1,""U223"":1,""U378"":1,""U64"":1,""U495"":1,""U344"":1,""U594"":1,""U700"":1,""U130"":1,""U454"":1,""U477"":1,""U239"":1,""U51"":1,""U731"":1,""U607"":1,""U617"":1,""U320"":1,""U411"":1,""U34"":1,""U199"":1,""U405"":1,""U304"":1,""U338"":1,""U518"":1,""U37"":1,""U590"":1,""U706"":1,""U296"":2,""U221"":1,""U376"":1,""U328"":1,""U743"":1,""U669"":1,""U108"":1,""U134"":1,""U484"":1,""U486"":1,""U693"":1,""U627"":1,""U63"":1,""U718"":1,""U20"":1,""U171"":1,""U279"":1,""U501"":1,""U660"":1,""U206"":1,""U202"":1,""U339"":1,""U633"":1,""U284"":2,""U247"":1,""U653"":1,""U680"":1,""U232"":1,""U105"":1,""U723"":1,""U352"":1,""U114"":1,""U227"":1,""U56"":1,""U574"":1,""U613"":1,""U70"":1,""U414"":1,""U442"":1,""U490"":1,""U120"":1,""U146"":1,""U173"":1,""U412"":1,""U85"":1,""U418"":1,""U721"":1,""U549"":1,""U467"":1,""U400"":1,""U380"":1,""U194"":1,""U200"":1,""U558"":1,""U453"":1,""U258"":1,""U360"":1,""U670"":1,""U662"":1,""U106"":1,""U694"":1,""U598"":1,""U567"":1,""U36"":1,""U242"":1,""U375"":1,""U521"":1,""U586"":1,""U66"":1,""U79"":1,""U387"":1,""U99"":1,""U317"":1,""U313"":1,""U541"":1,""U562"":1,""U509"":1,""U278"":1,""U410"":1,""U22"":1,""U603"":1,""U310"":1,""U395"":1,""U367"":1,""U181"":1,""U96"":1,""U10"":1,""U381"":1,""U189"":1,""U107"":1,""U697"":1,""U372"":1,""U293"":1,""U264"":1,""U7"":1,""U551"":1,""U636"":1,""U647"":1,""U563"":1,""U374"":1,""U345"":1,""U502"":1,""U678"":1,""U481"":1,""U404"":1,""U138"":1,""U324"":1,""U119"":1,""U347"":1,""U316"":1,""U730"":1,""U377"":1,""U386"":1,""U437"":1,""U529"":1,""U595"":1,""U48"":1,""U9"":1,""U559"":1,""U652"":1,""U512"":1,""U625"":1,""U152"":1,""U289"":1,""U188"":1,""U639"":1,""U646"":1,""U399"":1,""U274"":1,""U446"":1,""U631"":1,""U438"":1,""U90"":1,""U54"":1,""U435"":1,""U307"":1,""U732"":1,""U713"":1,""U445"":1,""U393"":1,""U403"":1,""U450"":1,""U737"":1,""U356"":1,""U93"":1,""U430"":1,""U84"":1,""U291"":1,""U687"":1,""U548"":1,""U192"":1,""U259"":1,""U102"":1,""U476"":1,""U364"":1,""U556"":1,""U355"":1,""U373"":1,""U128"":1,""U459"":1,""U657"":1,""U198"":1,""U494"":1,""U27"":1,""U191"":1,""U124"":1,""U664"":1,""U623"":1,""U635"":1,""U733"":1,""U637"":1,""U28"":1,""U52"":1,""U251"":1,""U314"":1,""U254"":1,""U69"":1,""U507"":1,""U112"":1,""U329"":1,""U201"":1,""U281"":1,""U2"":1,""U333"":1,""U704"":1,""U92"":1,""U449"":1,""U308"":1,""U286"":1,""U32"":1,""U298"":1,""U283"":1,""U707"":1,""U123"":1,""U668"":1,""U58"":1,""U205"":1,""U172"":1,""U12"":1,""U654"":1,""U626"":1,""U224"":1,""U609"":1,""U277"":1,""U30"":1,""U409"":1,""U517"":1,""U593"":1,""U330"":1,""U220"":1,""U388"":1,""U736"":1,""U309"":1,""U724"":1,""U271"":1,""U643"":1,""U620"":1,""U674"":1,""U379"":1,""U683"":1,""U86"":2,""U26"":1,""U236"":1,""U163"":1,""U110"":1,""U655"":1,""U629"":1,""U358"":1,""U514"":1,""U608"":1,""U618"":1,""U159"":1,""U98"":1,""U744"":1,""U245"":1,""U44"":1,""U649"":1,""U712"":1,""U137"":1,""U168"":1,""U53"":1,""U673"":1,""U95"":1,""U424"":1,""U539"":1,""U301"":1,""U165"":1,""U460"":1,""U500"":1,""U288"":1,""U570"":2,""U547"":1,""U638"":1,""U532"":1,""U426"":1,""U21"":1,""U306"":1,""U342"":1,""U33"":1,""U272"":1,""U253"":1,""U170"":1,""U15"":1,""U601"":1,""U575"":1,""U100"":1,""U621"":1,""U65"":1,""U747"":1,""U427"":1,""U365"":1,""U295"":1,""U526"":1,""U600"":1,""U38"":1,""U366"":1,""U499"":1,""U478"":1,""U23"":1,""U126"":1,""U111"":1,""U432"":1,""U519"":1,""U606"":1,""U212"":1,""U612"":1,""U16"":1,""U663"":1,""U561"":1,""U557"":1,""U538"":1,""U431"":1,""U553"":1,""U257"":1,""U420"":1,""U129"":1,""U651"":1,""U523"":1,""U275"":1,""U439"":1,""U263"":1,""U87"":1,""U708"":1,""U282"":1,""U741"":1,""U748"":1,""U357"":1,""U475"":1,""U323"":1,""U645"":1,""U667"":1,""U580"":1,""U525"":1,""U57"":1,""U473"":1,""U589"":1,""U331"":1,""U413"":1,""U6"":1,""U560"":1,""U632"":1,""U682"":1,""U576"":1,""U456"":1,""U148"":1,""U671"":1,""U505"":1,""U217"":1,""U428"":1,""U187"":1,""U332"":1,""U209"":1,""U262"":1,""U305"":1,""U452"":1,""U45"":1,""U443"":1,""U417"":1,""U319"":1,""U469"":1,""U255"":1,""U73"":1,""U734"":1,""U715"":1,""U41"":1,""U75"":1,""U248"":1,""U103"":1,""U222"":1,""U479"":1,""U659"":1,""U369"":1,""U398"":1,""U537"":1,""U406"":1,""U661"":1,""U354"":1,""U235"":1,""U648"":1,""U226"":1,""U178"":1,""U727"":1,""U267"":1,""U688"":1,""U161"":1,""U394"":1,""U497"":1,""U498"":1,""U749"":1,""U195"":1,""U349"":1,""U391"":1,""U542"":1,""U699"":1,""U572"":1,""U679"":1,""U722"":1,""U72"":1,""U698"":1,""U677"":1,""U361"":1,""U60"":1,""U153"":1,""U451"":1,""U196"":1,""U231"":1,""U493"":1,""U151"":1,""U47"":1,""U218"":1,""U530"":1,""U535"":1,""U94"":1,""U644"":1,""U368"":1,""U290"":1,""U169"":1,""U3"":1,""U266"":2,""U240"":1,""U136"":1,""U343"":1,""U585"":1,""U315"":1,""U676"":1,""U628"":1,""U383"":1,""U97"":1,""U408"":1,""U615"":1,""U77"":1,""U350"":1,""U353"":1,""U516"":1,""U703"":1,""U604"":1,""U684"":1,""U140"":1,""U125"":1,""U89"":1,""U506"":1,""U312"":1,""U276"":1,""U689"":1,""U193"":2,""U234"":1,""U145"":1,""U237"":1,""U465"":1,""U591"":2,""U150"":1,""U348"":1,""U527"":1,""U581"":1,""U461"":1,""U244"":1,""U88"":1,""U131"":1,""U480"":1,""U261"":1,""U711"":1,""U230"":1,""U423"":1,""U573"":1,""U280"":1,""U14"":1,""U692"":1,""U726"":1,""U252"":1,""U256"":1,""U524"":1,""U710"":1,""U162"":1,""U540"":1,""U143"":1,""U210"":2,""U299"":1,""U696"":1,""U640"":1,""U311"":1,""U327"":1,""U605"":1,""U176"":1,""U466"":1,""U566"":1,""U121"":1,""U292"":1,""U363"":1,""U390"":1,""U132"":1,""U219"":1,""U515"":1,""U346"":1,""U334"":1,""U1"":1,""U43"":1,""U597"":1,""U302"":1,""U260"":1,""U702"":1,""U543"":1,""U725"":1,""U371"":1,""U658"":1,""U528"":1,""U552"":1,""U503"":1,""U642"":1,""U76"":1,""U488"":1,""U29"":1,""U471"":1,""U117"":1,""U709"":1,""U67"":1,""U510"":1,""U13"":1,""U351"":1,""U149"":1,""U489"":1,""U472"":1,""U135"":1,""U144"":1,""U116"":1,""U624"":1,""U565"":1,""U167"":1,""U421"":1,""U225"":1,""U115"":1,""U250"":1,""U650"":1,""U241"":1,""U568"":1,""U720"":1,""U416"":1,""U434"":1,""U531"":1,""U82"":1,""U496"":1,""U690"":1,""U582"":1,""U300"":1,""U622"":1,""U216"":1,""U588"":2,""U270"":1,""U738"":1,""U78"":1,""U436"":1,""U39"":1,""U68"":1,""U462"":1,""U183"":1,""U287"":1,""U602"":1,""U204"":1,""U382"":2,""U714"":1,""U154"":1,""U630"":1,""U641"":1,""U127"":1,""U182"":1,""U564"":1,""U207"":1,""U268"":1,""U61"":1,""U656"":1,""U141"":1,""U464"":1,""U433"":1,""U158"":1,""U157"":2,""U17"":1,""U686"":1,""U740"":1,""U40"":1,""U164"":1,""U474"":1,""U545"":1,""U133"":1,""U596"":1,""U745"":1,""U425"":1,""U175"":1,""U504"":1,""U739"":1,""U511"":1,""U577"":1,""U717"":1,""U101"":1,""U122"":1,""U458"":1,""U483"":1,""U546"":1,""U719"":1,""U337"":1,""U190"":1,""U80"":1,""U447"":1,""U470"":1,""U401"":1,""U695"":1,""U392"":1,""U742"":1,""U457"":1,""U468"":1,""U672"":1,""U750"":1,""U482"":1,""U303"":1,""U59"":1,""U208"":1,""U681"":1,""U55"":1,""U185"":1,""U610"":1,""U214"":1,""U665"":1,""U4"":1,""U389"":1,""U746"":1,""U544"":1,""U599"":1,""U325"":1,""U522"":1,""U402"":1,""U297"":1,""U25"":1,""U228"":1,""U587"":1,""U174"":1,""U705"":1,""U215"":1,""U42"":1,""U463"":1,""U113"":1,""U675"":1,""U440"":1,""U104"":1,""U246"":1,""U536"":1,""U384"":1,""U294"":1,""U701"":1,""U249"":1,""U233"":1,""U422"":1,""U362"":1,""U550"":1,""U160"":1,""U513"":1,""U407"":1,""U11"":1,""U180"":1,""U265"":1,""U554"":1,""U336"":1,""U197"":1,""U487"":1,""U18"":1,""U520"":1,""U555"":1,""U211"":1,""U429"":1}",595.3650002479553,,,,,true,750,,,Gurobi,gurobi_10min,true,600.0,20260829,16,16,50,,true,ok,0.010999917984008789,network_balanced,network_balanced_hardness_sweep,16,,595.3650002479553,4.710999965667725
0,,,,,-581.0,Optimal,,MIPSolver,,0.5,cologne_network_balanced_n50_b50_u750_path_no_dominance,cologne,,false,0.0,50,1089,50,50,0.5,100,25,aachen_osm_gtfs_bike_agg50_p50_b50_u750,5030,200,750,,,4.301999568939209,600.0,labeling,,,path,path_no_dominance,false,"{""U396"":1,""U448"":1,""U19"":1,""U166"":1,""U91"":1,""U155"":1,""U415"":1,""U385"":1,""U184"":1,""U716"":1,""U238"":1,""U326"":1,""U142"":1,""U619"":1,""U24"":1,""U109"":1,""U229"":1,""U569"":1,""U179"":1,""U397"":2,""U491"":1,""U243"":1,""U485"":1,""U186"":1,""U359"":2,""U691"":1,""U285"":1,""U492"":1,""U614"":1,""U444"":1,""U583"":1,""U728"":1,""U735"":1,""U616"":1,""U341"":1,""U118"":1,""U533"":1,""U35"":1,""U49"":1,""U321"":1,""U685"":1,""U62"":1,""U5"":1,""U74"":1,""U203"":1,""U729"":1,""U81"":1,""U571"":1,""U213"":1,""U8"":1,""U455"":1,""U177"":1,""U318"":1,""U31"":1,""U611"":1,""U83"":1,""U50"":1,""U139"":1,""U634"":1,""U370"":1,""U508"":1,""U269"":1,""U46"":1,""U147"":1,""U322"":1,""U666"":1,""U71"":1,""U335"":1,""U419"":1,""U578"":1,""U579"":1,""U156"":1,""U592"":1,""U584"":1,""U534"":1,""U441"":1,""U273"":1,""U340"":1,""U223"":1,""U378"":1,""U64"":1,""U495"":1,""U344"":1,""U594"":1,""U700"":1,""U130"":1,""U454"":1,""U477"":1,""U239"":1,""U51"":1,""U731"":1,""U607"":1,""U617"":1,""U320"":1,""U411"":1,""U34"":1,""U199"":1,""U405"":1,""U304"":1,""U338"":1,""U518"":1,""U37"":1,""U590"":1,""U706"":1,""U296"":2,""U221"":1,""U376"":1,""U328"":1,""U743"":1,""U669"":1,""U108"":1,""U134"":1,""U484"":1,""U486"":1,""U693"":2,""U627"":1,""U63"":2,""U718"":1,""U20"":1,""U171"":1,""U279"":1,""U501"":1,""U660"":1,""U206"":2,""U202"":1,""U339"":1,""U633"":1,""U284"":2,""U247"":2,""U653"":1,""U680"":1,""U232"":1,""U105"":1,""U723"":1,""U352"":1,""U114"":1,""U227"":1,""U56"":1,""U574"":1,""U613"":1,""U70"":1,""U414"":2,""U442"":1,""U490"":1,""U120"":1,""U146"":2,""U173"":1,""U412"":1,""U85"":2,""U418"":1,""U721"":1,""U549"":1,""U467"":1,""U400"":1,""U380"":1,""U194"":1,""U200"":1,""U558"":1,""U453"":1,""U258"":1,""U360"":1,""U670"":1,""U662"":1,""U106"":1,""U694"":1,""U598"":2,""U567"":1,""U36"":1,""U242"":1,""U375"":1,""U521"":1,""U586"":1,""U66"":1,""U79"":1,""U387"":1,""U99"":1,""U317"":1,""U313"":1,""U541"":1,""U562"":1,""U509"":1,""U278"":1,""U410"":2,""U22"":1,""U603"":1,""U310"":1,""U395"":1,""U367"":1,""U181"":1,""U96"":1,""U10"":1,""U381"":1,""U189"":1,""U107"":1,""U697"":1,""U372"":1,""U293"":1,""U264"":1,""U7"":1,""U551"":1,""U636"":1,""U647"":1,""U563"":1,""U374"":1,""U345"":1,""U502"":1,""U678"":1,""U481"":1,""U404"":1,""U138"":1,""U324"":1,""U119"":1,""U347"":1,""U316"":1,""U730"":1,""U377"":1,""U386"":1,""U437"":1,""U529"":1,""U595"":1,""U48"":1,""U9"":1,""U559"":1,""U652"":1,""U512"":1,""U625"":1,""U152"":1,""U289"":1,""U188"":1,""U639"":1,""U646"":1,""U399"":1,""U274"":1,""U446"":1,""U631"":1,""U438"":1,""U90"":1,""U54"":2,""U435"":1,""U307"":1,""U732"":2,""U713"":1,""U445"":2,""U393"":1,""U403"":1,""U450"":1,""U737"":2,""U356"":1,""U93"":1,""U430"":1,""U84"":1,""U291"":1,""U687"":1,""U548"":1,""U192"":1,""U259"":1,""U102"":2,""U476"":1,""U364"":1,""U556"":1,""U355"":1,""U373"":1,""U128"":1,""U459"":1,""U657"":1,""U198"":1,""U494"":1,""U27"":1,""U191"":1,""U124"":1,""U664"":1,""U623"":1,""U635"":1,""U733"":1,""U637"":1,""U28"":1,""U52"":1,""U251"":1,""U314"":1,""U254"":1,""U69"":1,""U507"":1,""U112"":1,""U329"":1,""U201"":1,""U281"":1,""U2"":1,""U333"":1,""U704"":1,""U92"":2,""U449"":1,""U308"":1,""U286"":1,""U32"":1,""U298"":1,""U283"":1,""U707"":1,""U123"":1,""U668"":1,""U58"":1,""U205"":1,""U172"":1,""U12"":1,""U654"":1,""U626"":1,""U224"":1,""U609"":1,""U277"":1,""U30"":1,""U409"":1,""U517"":1,""U593"":1,""U330"":1,""U220"":1,""U388"":1,""U736"":1,""U309"":1,""U724"":1,""U271"":1,""U643"":1,""U620"":1,""U674"":1,""U379"":1,""U683"":1,""U86"":2,""U26"":1,""U236"":1,""U163"":1,""U110"":1,""U655"":1,""U629"":1,""U358"":1,""U514"":1,""U608"":1,""U618"":1,""U159"":1,""U98"":1,""U744"":1,""U245"":1,""U44"":1,""U649"":1,""U712"":1,""U137"":1,""U168"":1,""U53"":1,""U673"":1,""U95"":1,""U424"":1,""U539"":1,""U301"":1,""U165"":1,""U460"":1,""U500"":1,""U288"":1,""U570"":2,""U547"":1,""U638"":1,""U532"":2,""U426"":1,""U21"":1,""U306"":1,""U342"":1,""U33"":1,""U272"":1,""U253"":1,""U170"":1,""U15"":1,""U601"":1,""U575"":1,""U100"":1,""U621"":1,""U65"":1,""U747"":1,""U427"":1,""U365"":1,""U295"":1,""U526"":1,""U600"":1,""U38"":1,""U366"":1,""U499"":1,""U478"":1,""U23"":1,""U126"":1,""U111"":1,""U432"":1,""U519"":1,""U606"":1,""U212"":1,""U612"":1,""U16"":1,""U663"":1,""U561"":1,""U557"":1,""U538"":1,""U431"":1,""U553"":1,""U257"":1,""U420"":1,""U129"":1,""U651"":1,""U523"":1,""U275"":1,""U439"":1,""U263"":1,""U87"":1,""U708"":1,""U282"":1,""U741"":1,""U748"":1,""U357"":1,""U475"":1,""U323"":1,""U645"":1,""U667"":1,""U580"":1,""U525"":1,""U57"":1,""U473"":1,""U589"":1,""U331"":1,""U413"":1,""U6"":1,""U560"":1,""U632"":1,""U682"":1,""U576"":1,""U456"":1,""U148"":1,""U671"":1,""U505"":1,""U217"":1,""U428"":1,""U187"":1,""U332"":1,""U209"":1,""U262"":1,""U305"":1,""U452"":1,""U45"":1,""U443"":1,""U417"":1,""U319"":1,""U469"":1,""U255"":2,""U73"":1,""U734"":1,""U715"":1,""U41"":1,""U75"":1,""U248"":1,""U103"":1,""U222"":1,""U479"":1,""U659"":1,""U369"":1,""U398"":1,""U537"":1,""U406"":1,""U661"":1,""U354"":1,""U235"":1,""U648"":1,""U226"":1,""U178"":1,""U727"":1,""U267"":1,""U688"":1,""U161"":1,""U394"":1,""U497"":1,""U498"":1,""U749"":1,""U195"":1,""U349"":1,""U391"":1,""U542"":1,""U699"":1,""U572"":1,""U679"":1,""U722"":1,""U72"":1,""U698"":1,""U677"":1,""U361"":1,""U60"":1,""U153"":1,""U451"":1,""U196"":1,""U231"":1,""U493"":1,""U151"":1,""U47"":1,""U218"":1,""U530"":1,""U535"":1,""U94"":1,""U644"":1,""U368"":1,""U290"":1,""U169"":1,""U3"":1,""U266"":3,""U240"":1,""U136"":1,""U343"":1,""U585"":1,""U315"":1,""U676"":1,""U628"":1,""U383"":1,""U97"":1,""U408"":1,""U615"":1,""U77"":1,""U350"":1,""U353"":1,""U516"":1,""U703"":1,""U604"":1,""U684"":1,""U140"":1,""U125"":1,""U89"":1,""U506"":1,""U312"":1,""U276"":1,""U689"":1,""U193"":2,""U234"":1,""U145"":1,""U237"":1,""U465"":1,""U591"":2,""U150"":1,""U348"":1,""U527"":1,""U581"":1,""U461"":1,""U244"":1,""U88"":1,""U131"":1,""U480"":1,""U261"":1,""U711"":1,""U230"":1,""U423"":1,""U573"":1,""U280"":1,""U14"":1,""U692"":1,""U726"":1,""U252"":1,""U256"":1,""U524"":1,""U710"":1,""U162"":1,""U540"":1,""U143"":1,""U210"":2,""U299"":1,""U696"":1,""U640"":1,""U311"":1,""U327"":1,""U605"":1,""U176"":1,""U466"":1,""U566"":1,""U121"":1,""U292"":1,""U363"":2,""U390"":1,""U132"":1,""U219"":1,""U515"":1,""U346"":1,""U334"":1,""U1"":1,""U43"":1,""U597"":1,""U302"":1,""U260"":2,""U702"":1,""U543"":1,""U725"":2,""U371"":1,""U658"":1,""U528"":1,""U552"":1,""U503"":1,""U642"":1,""U76"":1,""U488"":1,""U29"":1,""U471"":1,""U117"":1,""U709"":1,""U67"":1,""U510"":1,""U13"":1,""U351"":1,""U149"":1,""U489"":1,""U472"":1,""U135"":1,""U144"":1,""U116"":1,""U624"":1,""U565"":1,""U167"":1,""U421"":1,""U225"":2,""U115"":2,""U250"":1,""U650"":1,""U241"":1,""U568"":1,""U720"":1,""U416"":1,""U434"":1,""U531"":1,""U82"":1,""U496"":1,""U690"":1,""U582"":1,""U300"":1,""U622"":1,""U216"":1,""U588"":2,""U270"":1,""U738"":1,""U78"":1,""U436"":1,""U39"":1,""U68"":1,""U462"":1,""U183"":1,""U287"":1,""U602"":1,""U204"":1,""U382"":2,""U714"":1,""U154"":1,""U630"":1,""U641"":1,""U127"":1,""U182"":1,""U564"":1,""U207"":1,""U268"":1,""U61"":1,""U656"":1,""U141"":1,""U464"":1,""U433"":1,""U158"":1,""U157"":2,""U17"":1,""U686"":1,""U740"":1,""U40"":1,""U164"":1,""U474"":1,""U545"":1,""U133"":1,""U596"":1,""U745"":2,""U425"":1,""U175"":1,""U504"":1,""U739"":1,""U511"":1,""U577"":2,""U717"":1,""U101"":1,""U122"":1,""U458"":1,""U483"":1,""U546"":1,""U719"":1,""U337"":1,""U190"":1,""U80"":1,""U447"":1,""U470"":1,""U401"":1,""U695"":1,""U392"":1,""U742"":1,""U457"":1,""U468"":1,""U672"":1,""U750"":1,""U482"":1,""U303"":1,""U59"":1,""U208"":1,""U681"":1,""U55"":1,""U185"":1,""U610"":1,""U214"":1,""U665"":1,""U4"":1,""U389"":1,""U746"":1,""U544"":1,""U599"":1,""U325"":1,""U522"":1,""U402"":1,""U297"":1,""U25"":1,""U228"":1,""U587"":1,""U174"":1,""U705"":1,""U215"":1,""U42"":1,""U463"":1,""U113"":1,""U675"":1,""U440"":1,""U104"":1,""U246"":1,""U536"":1,""U384"":1,""U294"":1,""U701"":1,""U249"":1,""U233"":1,""U422"":1,""U362"":1,""U550"":1,""U160"":1,""U513"":1,""U407"":1,""U11"":1,""U180"":1,""U265"":1,""U554"":1,""U336"":1,""U197"":1,""U487"":1,""U18"":1,""U520"":1,""U555"":1,""U211"":1,""U429"":1}",595.6980004310608,,,,,false,750,,,Gurobi,gurobi_10min,true,600.0,20260829,16,16,50,,true,ok,0.009999990463256836,network_balanced,network_balanced_hardness_sweep,16,,595.6980004310608,4.397000074386597
1,,,,,-306.0,Optimal,,MIPSolver,,0.5,cologne_network_balanced_n50_b50_u1000_sd_fixed_network_path,cologne,,false,0.0,50,1089,50,50,0.5,100,25,aachen_osm_gtfs_bike_agg50_p50_b50_u1000,5030,200,1000,fixed_network_path,true,,,,false,,sd,sd_fixed_network_path,,,,,,,,,1000,,,Gurobi,gurobi_10min,true,600.0,20260829,16,16,50,,true,ok,241.3899998664856,network_balanced,network_balanced_hardness_sweep,16,,600.0,467.789999961853
1,,,,,-259.0,Timelimit,,MIPSolver,,0.5,cologne_network_balanced_n50_b50_u1000_sd_n_minus_1,cologne,,false,0.28280651895521725,50,1089,50,50,0.5,100,25,aachen_osm_gtfs_bike_agg50_p50_b50_u1000,5030,200,1000,n_minus_one_most_expensive,true,,,,false,,sd,sd_n_minus_1,,,,,,,,,1000,,,Gurobi,gurobi_10min,true,600.0,20260829,16,16,50,,true,timeout,601.779000043869,network_balanced,network_balanced_hardness_sweep,16,,600.0,792.6080000400543
1,,4000,,1000,-306.0,Optimal,5.9516966,BlCSolver,,0.5,cologne_network_balanced_n50_b50_u1000_blc_astar_fixed_network_path,cologne,,false,0.0,50,1089,50,50,0.5,100,25,aachen_osm_gtfs_bike_agg50_p50_b50_u1000,5030,200,1000,fixed_network_path,,,,,,5037031,blc,blc_astar_fixed_network_path,,,,0,0,astar,null,,1000,true,16,Gurobi,gurobi_10min,true,600.0,20260829,16,16,50,,true,ok,301.21200013160706,network_balanced,network_balanced_hardness_sweep,16,16,600.0,450.74699997901917
1,,4000,,1000,-306.0,Optimal,6.0238475000000005,BlCSolver,,0.5,cologne_network_balanced_n50_b50_u1000_blc_astar_n_minus_1,cologne,,false,0.0,50,1089,50,50,0.5,100,25,aachen_osm_gtfs_bike_agg50_p50_b50_u1000,5030,200,1000,n_minus_one_most_expensive,,,,,,5037031,blc,blc_astar_n_minus_1,,,,0,0,astar,null,,1000,true,16,Gurobi,gurobi_10min,true,600.0,20260829,16,16,50,,true,ok,312.1340000629425,network_balanced,network_balanced_hardness_sweep,16,16,600.0,401.22199988365173
0,,,,,-306.0,Optimal,,MIPSolver,,0.5,cologne_network_balanced_n50_b50_u1000_path_dominance,cologne,,false,0.0,50,1089,50,50,0.5,100,25,aachen_osm_gtfs_bike_agg50_p50_b50_u1000,5030,200,1000,,,5.662000417709351,600.0,labeling,,,path,path_dominance,false,"{""U828"":1,""U396"":1,""U448"":1,""U893"":1,""U19"":1,""U166"":1,""U91"":1,""U155"":1,""U415"":1,""U385"":1,""U980"":1,""U184"":1,""U909"":1,""U716"":1,""U238"":1,""U326"":1,""U851"":1,""U993"":1,""U917"":1,""U930"":1,""U142"":1,""U619"":1,""U24"":1,""U109"":1,""U229"":1,""U569"":1,""U179"":1,""U397"":1,""U491"":1,""U892"":1,""U243"":1,""U485"":1,""U961"":1,""U186"":1,""U359"":1,""U874"":1,""U876"":1,""U691"":1,""U285"":1,""U981"":1,""U492"":1,""U867"":1,""U614"":1,""U444"":1,""U583"":1,""U728"":1,""U735"":1,""U886"":1,""U616"":1,""U341"":1,""U816"":1,""U118"":1,""U533"":1,""U35"":1,""U49"":1,""U321"":1,""U685"":1,""U62"":1,""U5"":1,""U74"":1,""U203"":1,""U729"":1,""U81"":1,""U571"":1,""U776"":1,""U820"":1,""U979"":1,""U984"":1,""U213"":1,""U8"":1,""U455"":1,""U177"":1,""U318"":1,""U31"":1,""U611"":1,""U83"":1,""U50"":1,""U139"":1,""U634"":1,""U751"":1,""U370"":1,""U864"":1,""U508"":1,""U869"":1,""U269"":1,""U46"":1,""U147"":1,""U322"":1,""U666"":1,""U839"":1,""U71"":1,""U335"":1,""U419"":1,""U578"":1,""U579"":1,""U156"":1,""U953"":1,""U592"":1,""U584"":1,""U534"":1,""U441"":1,""U966"":1,""U757"":1,""U761"":1,""U783"":1,""U273"":1,""U340"":1,""U919"":1,""U223"":1,""U378"":1,""U64"":1,""U495"":1,""U344"":1,""U594"":1,""U700"":1,""U842"":1,""U130"":1,""U922"":1,""U987"":1,""U454"":1,""U477"":1,""U239"":1,""U51"":1,""U731"":1,""U868"":1,""U989"":1,""U819"":1,""U946"":1,""U607"":1,""U617"":1,""U320"":1,""U411"":1,""U810"":1,""U34"":1,""U760"":1,""U934"":1,""U199"":1,""U405"":1,""U787"":1,""U304"":1,""U338"":1,""U518"":1,""U772"":1,""U37"":1,""U590"":1,""U706"":1,""U881"":1,""U296"":1,""U221"":1,""U954"":1,""U376"":1,""U328"":1,""U743"":1,""U669"":1,""U108"":1,""U134"":1,""U484"":1,""U486"":1,""U693"":1,""U627"":1,""U63"":1,""U718"":1,""U20"":1,""U847"":1,""U885"":1,""U171"":1,""U279"":1,""U501"":1,""U660"":1,""U794"":1,""U206"":1,""U202"":1,""U921"":1,""U339"":1,""U633"":1,""U818"":1,""U284"":1,""U882"":1,""U976"":1,""U247"":1,""U653"":1,""U879"":1,""U680"":1,""U232"":1,""U105"":1,""U723"":1,""U352"":1,""U114"":1,""U227"":1,""U56"":1,""U574"":1,""U613"":1,""U70"":1,""U414"":1,""U877"":1,""U442"":1,""U490"":1,""U838"":1,""U848"":1,""U931"":1,""U120"":1,""U146"":1,""U173"":1,""U412"":1,""U965"":1,""U821"":1,""U85"":1,""U418"":1,""U721"":1,""U549"":1,""U467"":1,""U400"":1,""U380"":1,""U194"":1,""U200"":1,""U843"":1,""U558"":1,""U453"":1,""U258"":1,""U360"":1,""U670"":1,""U662"":1,""U106"":1,""U694"":1,""U598"":1,""U567"":1,""U36"":1,""U242"":1,""U894"":1,""U375"":1,""U521"":1,""U586"":1,""U66"":1,""U79"":1,""U387"":1,""U99"":1,""U317"":1,""U313"":1,""U541"":1,""U840"":1,""U562"":1,""U824"":1,""U871"":1,""U509"":1,""U911"":1,""U278"":1,""U410"":1,""U22"":1,""U804"":1,""U603"":1,""U310"":1,""U395"":1,""U367"":1,""U939"":1,""U181"":1,""U929"":1,""U96"":1,""U10"":1,""U785"":1,""U924"":1,""U789"":1,""U381"":1,""U189"":1,""U107"":1,""U974"":1,""U784"":2,""U697"":1,""U372"":1,""U293"":1,""U836"":1,""U991"":1,""U264"":1,""U7"":1,""U551"":1,""U636"":1,""U647"":1,""U782"":1,""U856"":1,""U563"":1,""U374"":1,""U345"":1,""U502"":1,""U678"":1,""U481"":1,""U855"":1,""U404"":1,""U138"":1,""U324"":1,""U920"":1,""U119"":1,""U347"":1,""U764"":1,""U316"":1,""U900"":1,""U730"":1,""U377"":1,""U386"":1,""U437"":1,""U529"":1,""U595"":1,""U48"":1,""U943"":1,""U859"":1,""U9"":1,""U559"":1,""U652"":1,""U862"":1,""U512"":1,""U625"":1,""U152"":1,""U945"":1,""U289"":1,""U896"":1,""U188"":1,""U639"":1,""U646"":1,""U769"":1,""U399"":1,""U274"":1,""U446"":1,""U631"":1,""U438"":1,""U90"":1,""U54"":1,""U996"":1,""U866"":1,""U435"":1,""U307"":1,""U923"":1,""U732"":1,""U713"":1,""U445"":1,""U393"":1,""U403"":1,""U937"":1,""U450"":1,""U737"":1,""U356"":1,""U93"":1,""U430"":1,""U84"":1,""U291"":1,""U687"":1,""U548"":1,""U192"":1,""U259"":1,""U102"":1,""U476"":1,""U364"":1,""U556"":1,""U887"":1,""U958"":1,""U355"":1,""U373"":1,""U891"":1,""U128"":1,""U459"":1,""U657"":1,""U198"":1,""U494"":1,""U27"":1,""U191"":1,""U124"":1,""U985"":1,""U664"":1,""U623"":1,""U635"":1,""U733"":1,""U637"":1,""U28"":1,""U52"":1,""U251"":1,""U314"":1,""U952"":1,""U254"":1,""U950"":1,""U69"":1,""U507"":1,""U112"":1,""U849"":1,""U329"":1,""U201"":1,""U281"":1,""U774"":1,""U2"":1,""U333"":1,""U704"":1,""U92"":1,""U766"":1,""U449"":1,""U308"":1,""U286"":1,""U32"":1,""U298"":1,""U283"":1,""U707"":1,""U123"":1,""U668"":1,""U58"":1,""U205"":1,""U172"":1,""U12"":1,""U654"":1,""U626"":1,""U224"":1,""U609"":1,""U277"":1,""U30"":1,""U409"":1,""U517"":1,""U593"":1,""U803"":1,""U330"":1,""U220"":1,""U388"":1,""U736"":1,""U309"":1,""U724"":1,""U271"":1,""U643"":1,""U620"":1,""U674"":1,""U379"":1,""U683"":1,""U834"":1,""U86"":1,""U26"":1,""U236"":1,""U825"":1,""U951"":1,""U163"":1,""U110"":1,""U949"":1,""U655"":1,""U629"":1,""U358"":1,""U514"":1,""U608"":1,""U618"":1,""U770"":1,""U159"":1,""U947"":1,""U98"":1,""U744"":1,""U245"":1,""U44"":1,""U649"":1,""U712"":1,""U137"":1,""U168"":1,""U53"":1,""U975"":1,""U673"":1,""U95"":1,""U424"":1,""U539"":1,""U301"":1,""U165"":1,""U460"":1,""U500"":1,""U942"":1,""U288"":1,""U570"":1,""U928"":1,""U962"":1,""U547"":1,""U638"":1,""U532"":1,""U426"":1,""U21"":1,""U306"":1,""U963"":1,""U342"":1,""U33"":1,""U272"":1,""U253"":1,""U777"":1,""U992"":1,""U170"":1,""U15"":1,""U601"":1,""U575"":1,""U977"":1,""U100"":1,""U799"":1,""U621"":1,""U65"":1,""U747"":1,""U427"":1,""U365"":1,""U295"":1,""U970"":1,""U526"":1,""U835"":1,""U801"":1,""U600"":1,""U38"":1,""U366"":1,""U499"":1,""U478"":1,""U23"":1,""U982"":1,""U845"":1,""U126"":1,""U111"":1,""U432"":1,""U519"":1,""U802"":1,""U606"":1,""U212"":1,""U612"":1,""U16"":1,""U875"":1,""U663"":1,""U561"":1,""U557"":1,""U538"":1,""U431"":1,""U553"":1,""U257"":1,""U758"":1,""U420"":1,""U906"":1,""U762"":1,""U129"":1,""U651"":1,""U941"":1,""U523"":1,""U275"":1,""U439"":1,""U800"":1,""U263"":1,""U935"":1,""U87"":1,""U708"":1,""U282"":1,""U741"":1,""U748"":1,""U357"":1,""U815"":1,""U475"":1,""U323"":1,""U645"":1,""U667"":1,""U580"":1,""U525"":1,""U57"":1,""U473"":1,""U589"":1,""U826"":1,""U331"":1,""U413"":1,""U6"":1,""U560"":1,""U632"":1,""U682"":1,""U576"":1,""U846"":1,""U926"":1,""U456"":1,""U148"":1,""U671"":1,""U505"":1,""U753"":1,""U217"":1,""U428"":1,""U933"":1,""U187"":1,""U332"":1,""U823"":1,""U209"":1,""U262"":1,""U305"":1,""U452"":1,""U45"":1,""U889"":1,""U443"":1,""U417"":1,""U319"":1,""U853"":1,""U469"":1,""U255"":1,""U73"":1,""U734"":1,""U715"":1,""U983"":1,""U910"":1,""U41"":1,""U75"":1,""U248"":1,""U103"":1,""U222"":1,""U795"":1,""U479"":1,""U659"":1,""U369"":1,""U897"":1,""U811"":1,""U398"":1,""U537"":1,""U406"":1,""U806"":1,""U661"":1,""U354"":1,""U235"":1,""U648"":1,""U226"":1,""U178"":1,""U727"":1,""U267"":1,""U688"":1,""U161"":1,""U394"":1,""U497"":1,""U830"":1,""U498"":1,""U749"":1,""U999"":1,""U195"":1,""U349"":1,""U767"":1,""U391"":1,""U542"":1,""U878"":1,""U699"":1,""U572"":1,""U679"":1,""U722"":1,""U72"":1,""U698"":1,""U677"":1,""U361"":1,""U60"":1,""U153"":1,""U913"":1,""U773"":1,""U451"":1,""U196"":1,""U231"":1,""U493"":1,""U908"":1,""U151"":1,""U47"":2,""U218"":1,""U530"":1,""U986"":1,""U535"":1,""U94"":1,""U788"":1,""U644"":1,""U368"":1,""U759"":1,""U290"":1,""U169"":1,""U3"":1,""U266"":1,""U240"":1,""U136"":1,""U343"":1,""U585"":2,""U315"":1,""U676"":1,""U628"":1,""U383"":1,""U990"":1,""U97"":1,""U865"":1,""U408"":1,""U755"":1,""U615"":1,""U77"":1,""U884"":1,""U350"":1,""U940"":1,""U353"":1,""U960"":1,""U516"":1,""U703"":1,""U604"":1,""U684"":1,""U140"":1,""U125"":1,""U912"":1,""U89"":1,""U780"":1,""U506"":1,""U972"":1,""U312"":1,""U276"":1,""U689"":1,""U193"":1,""U234"":1,""U145"":1,""U817"":1,""U237"":1,""U465"":1,""U591"":1,""U150"":1,""U348"":2,""U527"":1,""U581"":1,""U461"":1,""U813"":1,""U244"":1,""U88"":1,""U903"":1,""U131"":1,""U870"":1,""U973"":1,""U480"":1,""U997"":1,""U812"":1,""U261"":1,""U711"":1,""U230"":1,""U423"":1,""U901"":1,""U573"":1,""U280"":1,""U14"":1,""U692"":1,""U726"":1,""U252"":1,""U256"":1,""U916"":1,""U915"":1,""U907"":1,""U524"":1,""U918"":1,""U932"":1,""U710"":1,""U162"":1,""U899"":1,""U540"":1,""U854"":1,""U858"":1,""U756"":1,""U143"":1,""U210"":1,""U814"":1,""U805"":1,""U299"":1,""U883"":1,""U696"":1,""U640"":1,""U311"":1,""U852"":1,""U327"":1,""U827"":1,""U605"":1,""U176"":1,""U466"":1,""U566"":1,""U121"":1,""U292"":1,""U971"":1,""U363"":1,""U390"":1,""U905"":1,""U132"":1,""U219"":1,""U515"":1,""U790"":1,""U346"":1,""U334"":1,""U850"":1,""U779"":1,""U1"":1,""U43"":1,""U597"":1,""U302"":1,""U260"":1,""U860"":1,""U702"":1,""U543"":1,""U957"":1,""U725"":1,""U371"":1,""U658"":1,""U528"":1,""U552"":1,""U503"":1,""U642"":1,""U76"":1,""U488"":1,""U29"":1,""U471"":1,""U117"":1,""U709"":1,""U67"":1,""U510"":1,""U13"":1,""U351"":1,""U149"":1,""U895"":1,""U489"":1,""U472"":1,""U872"":1,""U135"":1,""U144"":1,""U116"":1,""U624"":1,""U565"":1,""U167"":1,""U421"":1,""U225"":1,""U115"":1,""U250"":1,""U650"":1,""U241"":1,""U568"":1,""U720"":1,""U775"":1,""U416"":1,""U763"":1,""U434"":1,""U531"":1,""U797"":1,""U754"":1,""U994"":1,""U82"":1,""U496"":1,""U690"":1,""U880"":1,""U582"":1,""U300"":1,""U622"":1,""U964"":1,""U216"":1,""U861"":1,""U588"":1,""U270"":1,""U738"":1,""U78"":1,""U436"":1,""U39"":1,""U68"":1,""U969"":1,""U462"":1,""U183"":1,""U287"":1,""U602"":1,""U204"":1,""U904"":1,""U807"":1,""U382"":1,""U791"":1,""U714"":1,""U154"":1,""U844"":1,""U630"":1,""U641"":1,""U781"":1,""U127"":1,""U182"":1,""U564"":1,""U207"":1,""U268"":1,""U61"":1,""U656"":1,""U141"":1,""U464"":2,""U433"":1,""U857"":1,""U158"":1,""U948"":1,""U157"":1,""U17"":1,""U686"":1,""U902"":1,""U740"":1,""U752"":1,""U40"":1,""U164"":1,""U474"":1,""U545"":1,""U133"":1,""U596"":1,""U745"":1,""U425"":1,""U175"":1,""U978"":1,""U504"":1,""U1000"":1,""U995"":1,""U739"":1,""U837"":1,""U511"":1,""U577"":1,""U717"":1,""U786"":1,""U968"":1,""U101"":1,""U768"":1,""U122"":1,""U936"":1,""U458"":1,""U483"":1,""U546"":1,""U841"":1,""U719"":1,""U337"":1,""U190"":1,""U80"":1,""U793"":1,""U447"":1,""U470"":1,""U401"":1,""U925"":1,""U695"":1,""U392"":1,""U833"":1,""U742"":1,""U832"":1,""U457"":1,""U468"":1,""U672"":1,""U750"":1,""U956"":1,""U482"":1,""U303"":1,""U59"":1,""U831"":1,""U914"":1,""U809"":1,""U822"":1,""U208"":1,""U681"":1,""U944"":1,""U55"":1,""U185"":1,""U610"":1,""U214"":1,""U665"":1,""U988"":1,""U4"":1,""U389"":1,""U746"":1,""U765"":2,""U959"":1,""U544"":1,""U599"":1,""U325"":1,""U522"":1,""U890"":1,""U402"":1,""U297"":1,""U25"":1,""U228"":1,""U587"":1,""U174"":1,""U778"":1,""U705"":1,""U792"":1,""U796"":1,""U215"":1,""U798"":1,""U42"":1,""U463"":1,""U113"":1,""U675"":1,""U440"":1,""U104"":1,""U998"":1,""U771"":1,""U808"":1,""U938"":1,""U246"":1,""U536"":1,""U384"":1,""U955"":1,""U294"":1,""U873"":1,""U967"":1,""U701"":1,""U249"":1,""U233"":1,""U863"":1,""U888"":1,""U422"":1,""U362"":1,""U550"":1,""U160"":1,""U513"":1,""U407"":1,""U11"":1,""U180"":1,""U265"":1,""U554"":1,""U336"":1,""U197"":1,""U927"":1,""U487"":1,""U829"":1,""U18"":1,""U520"":1,""U555"":1,""U211"":1,""U898"":1,""U429"":1}",594.3379995822906,,,,,true,1000,,,Gurobi,gurobi_10min,true,600.0,20260829,16,16,50,,true,ok,0.011999845504760742,network_balanced,network_balanced_hardness_sweep,16,,594.3379995822906,5.754999876022339
0,,,,,-306.0,Optimal,,MIPSolver,,0.5,cologne_network_balanced_n50_b50_u1000_path_no_dominance,cologne,,false,0.0,50,1089,50,50,0.5,100,25,aachen_osm_gtfs_bike_agg50_p50_b50_u1000,5030,200,1000,,,5.549999952316284,600.0,labeling,,,path,path_no_dominance,false,"{""U828"":1,""U396"":1,""U448"":1,""U893"":1,""U19"":1,""U166"":1,""U91"":1,""U155"":1,""U415"":1,""U385"":1,""U980"":1,""U184"":1,""U909"":2,""U716"":1,""U238"":1,""U326"":1,""U851"":1,""U993"":1,""U917"":1,""U930"":1,""U142"":1,""U619"":1,""U24"":1,""U109"":1,""U229"":1,""U569"":1,""U179"":2,""U397"":1,""U491"":1,""U892"":1,""U243"":1,""U485"":1,""U961"":1,""U186"":1,""U359"":1,""U874"":1,""U876"":1,""U691"":1,""U285"":1,""U981"":1,""U492"":1,""U867"":1,""U614"":1,""U444"":1,""U583"":1,""U728"":1,""U735"":1,""U886"":1,""U616"":1,""U341"":1,""U816"":1,""U118"":2,""U533"":1,""U35"":1,""U49"":1,""U321"":1,""U685"":1,""U62"":1,""U5"":1,""U74"":1,""U203"":1,""U729"":1,""U81"":1,""U571"":1,""U776"":1,""U820"":1,""U979"":1,""U984"":1,""U213"":1,""U8"":1,""U455"":1,""U177"":2,""U318"":1,""U31"":1,""U611"":1,""U83"":1,""U50"":1,""U139"":1,""U634"":1,""U751"":1,""U370"":1,""U864"":1,""U508"":1,""U869"":1,""U269"":1,""U46"":1,""U147"":1,""U322"":1,""U666"":1,""U839"":1,""U71"":1,""U335"":2,""U419"":1,""U578"":1,""U579"":1,""U156"":1,""U953"":1,""U592"":1,""U584"":1,""U534"":1,""U441"":1,""U966"":1,""U757"":1,""U761"":1,""U783"":1,""U273"":1,""U340"":1,""U919"":1,""U223"":1,""U378"":1,""U64"":2,""U495"":1,""U344"":1,""U594"":1,""U700"":1,""U842"":2,""U130"":1,""U922"":1,""U987"":1,""U454"":1,""U477"":1,""U239"":1,""U51"":1,""U731"":1,""U868"":1,""U989"":1,""U819"":1,""U946"":1,""U607"":1,""U617"":1,""U320"":1,""U411"":1,""U810"":2,""U34"":1,""U760"":1,""U934"":1,""U199"":1,""U405"":1,""U787"":1,""U304"":2,""U338"":1,""U518"":1,""U772"":2,""U37"":1,""U590"":1,""U706"":1,""U881"":1,""U296"":1,""U221"":1,""U954"":1,""U376"":1,""U328"":1,""U743"":1,""U669"":1,""U108"":1,""U134"":1,""U484"":1,""U486"":1,""U693"":1,""U627"":1,""U63"":1,""U718"":1,""U20"":1,""U847"":1,""U885"":1,""U171"":1,""U279"":1,""U501"":1,""U660"":1,""U794"":1,""U206"":1,""U202"":1,""U921"":1,""U339"":1,""U633"":1,""U818"":1,""U284"":1,""U882"":1,""U976"":1,""U247"":1,""U653"":1,""U879"":1,""U680"":1,""U232"":1,""U105"":1,""U723"":1,""U352"":1,""U114"":1,""U227"":1,""U56"":1,""U574"":1,""U613"":1,""U70"":1,""U414"":1,""U877"":1,""U442"":2,""U490"":1,""U838"":1,""U848"":1,""U931"":1,""U120"":1,""U146"":1,""U173"":1,""U412"":1,""U965"":1,""U821"":1,""U85"":1,""U418"":1,""U721"":1,""U549"":1,""U467"":1,""U400"":1,""U380"":1,""U194"":1,""U200"":1,""U843"":1,""U558"":1,""U453"":1,""U258"":1,""U360"":1,""U670"":1,""U662"":2,""U106"":1,""U694"":1,""U598"":1,""U567"":1,""U36"":1,""U242"":1,""U894"":1,""U375"":1,""U521"":1,""U586"":1,""U66"":1,""U79"":1,""U387"":1,""U99"":1,""U317"":1,""U313"":1,""U541"":1,""U840"":1,""U562"":1,""U824"":1,""U871"":1,""U509"":1,""U911"":1,""U278"":1,""U410"":1,""U22"":1,""U804"":1,""U603"":1,""U310"":2,""U395"":1,""U367"":1,""U939"":1,""U181"":1,""U929"":1,""U96"":1,""U10"":1,""U785"":1,""U924"":1,""U789"":1,""U381"":1,""U189"":1,""U107"":1,""U974"":1,""U784"":2,""U697"":1,""U372"":1,""U293"":1,""U836"":1,""U991"":1,""U264"":1,""U7"":1,""U551"":1,""U636"":1,""U647"":1,""U782"":1,""U856"":1,""U563"":1,""U374"":1,""U345"":1,""U502"":1,""U678"":1,""U481"":2,""U855"":1,""U404"":1,""U138"":1,""U324"":1,""U920"":1,""U119"":1,""U347"":1,""U764"":1,""U316"":1,""U900"":1,""U730"":1,""U377"":1,""U386"":1,""U437"":1,""U529"":1,""U595"":1,""U48"":1,""U943"":1,""U859"":1,""U9"":1,""U559"":1,""U652"":1,""U862"":1,""U512"":1,""U625"":1,""U152"":1,""U945"":1,""U289"":1,""U896"":1,""U188"":1,""U639"":1,""U646"":1,""U769"":1,""U399"":1,""U274"":1,""U446"":1,""U631"":1,""U438"":1,""U90"":2,""U54"":1,""U996"":1,""U866"":1,""U435"":1,""U307"":1,""U923"":1,""U732"":1,""U713"":1,""U445"":1,""U393"":1,""U403"":1,""U937"":1,""U450"":1,""U737"":1,""U356"":1,""U93"":1,""U430"":1,""U84"":1,""U291"":1,""U687"":1,""U548"":1,""U192"":1,""U259"":1,""U102"":1,""U476"":1,""U364"":1,""U556"":1,""U887"":1,""U958"":1,""U355"":1,""U373"":1,""U891"":1,""U128"":1,""U459"":1,""U657"":1,""U198"":1,""U494"":1,""U27"":1,""U191"":1,""U124"":1,""U985"":1,""U664"":1,""U623"":1,""U635"":1,""U733"":1,""U637"":1,""U28"":1,""U52"":1,""U251"":1,""U314"":1,""U952"":1,""U254"":1,""U950"":1,""U69"":1,""U507"":1,""U112"":1,""U849"":1,""U329"":1,""U201"":1,""U281"":1,""U774"":1,""U2"":1,""U333"":1,""U704"":1,""U92"":1,""U766"":1,""U449"":1,""U308"":1,""U286"":2,""U32"":1,""U298"":1,""U283"":1,""U707"":1,""U123"":1,""U668"":1,""U58"":1,""U205"":1,""U172"":1,""U12"":1,""U654"":1,""U626"":1,""U224"":1,""U609"":1,""U277"":1,""U30"":1,""U409"":1,""U517"":1,""U593"":1,""U803"":1,""U330"":1,""U220"":1,""U388"":1,""U736"":1,""U309"":1,""U724"":1,""U271"":1,""U643"":1,""U620"":1,""U674"":1,""U379"":1,""U683"":1,""U834"":1,""U86"":1,""U26"":1,""U236"":1,""U825"":1,""U951"":1,""U163"":1,""U110"":1,""U949"":1,""U655"":1,""U629"":1,""U358"":1,""U514"":1,""U608"":1,""U618"":1,""U770"":1,""U159"":1,""U947"":1,""U98"":1,""U744"":1,""U245"":1,""U44"":1,""U649"":1,""U712"":1,""U137"":1,""U168"":1,""U53"":1,""U975"":1,""U673"":1,""U95"":1,""U424"":1,""U539"":1,""U301"":2,""U165"":1,""U460"":1,""U500"":1,""U942"":1,""U288"":1,""U570"":1,""U928"":1,""U962"":1,""U547"":1,""U638"":1,""U532"":1,""U426"":1,""U21"":1,""U306"":1,""U963"":1,""U342"":1,""U33"":1,""U272"":1,""U253"":1,""U777"":1,""U992"":1,""U170"":1,""U15"":1,""U601"":1,""U575"":1,""U977"":1,""U100"":1,""U799"":1,""U621"":1,""U65"":1,""U747"":1,""U427"":1,""U365"":1,""U295"":1,""U970"":1,""U526"":1,""U835"":1,""U801"":1,""U600"":1,""U38"":1,""U366"":1,""U499"":1,""U478"":1,""U23"":2,""U982"":1,""U845"":1,""U126"":1,""U111"":1,""U432"":1,""U519"":1,""U802"":1,""U606"":1,""U212"":2,""U612"":1,""U16"":1,""U875"":1,""U663"":1,""U561"":1,""U557"":1,""U538"":1,""U431"":1,""U553"":1,""U257"":1,""U758"":1,""U420"":1,""U906"":1,""U762"":1,""U129"":1,""U651"":1,""U941"":1,""U523"":1,""U275"":1,""U439"":1,""U800"":1,""U263"":1,""U935"":1,""U87"":1,""U708"":1,""U282"":1,""U741"":1,""U748"":1,""U357"":1,""U815"":1,""U475"":1,""U323"":1,""U645"":1,""U667"":1,""U580"":1,""U525"":1,""U57"":1,""U473"":1,""U589"":1,""U826"":1,""U331"":1,""U413"":1,""U6"":1,""U560"":1,""U632"":1,""U682"":1,""U576"":1,""U846"":1,""U926"":1,""U456"":1,""U148"":1,""U671"":1,""U505"":2,""U753"":1,""U217"":1,""U428"":1,""U933"":1,""U187"":1,""U332"":1,""U823"":1,""U209"":1,""U262"":1,""U305"":1,""U452"":1,""U45"":1,""U889"":1,""U443"":1,""U417"":1,""U319"":1,""U853"":1,""U469"":1,""U255"":1,""U73"":1,""U734"":1,""U715"":1,""U983"":1,""U910"":1,""U41"":1,""U75"":1,""U248"":1,""U103"":1,""U222"":1,""U795"":1,""U479"":1,""U659"":1,""U369"":1,""U897"":1,""U811"":1,""U398"":1,""U537"":1,""U406"":1,""U806"":1,""U661"":1,""U354"":1,""U235"":1,""U648"":1,""U226"":1,""U178"":1,""U727"":1,""U267"":1,""U688"":1,""U161"":1,""U394"":1,""U497"":1,""U830"":1,""U498"":1,""U749"":1,""U999"":1,""U195"":1,""U349"":1,""U767"":1,""U391"":1,""U542"":1,""U878"":1,""U699"":1,""U572"":1,""U679"":1,""U722"":1,""U72"":1,""U698"":1,""U677"":1,""U361"":1,""U60"":1,""U153"":1,""U913"":1,""U773"":1,""U451"":1,""U196"":2,""U231"":1,""U493"":1,""U908"":1,""U151"":1,""U47"":2,""U218"":1,""U530"":1,""U986"":1,""U535"":1,""U94"":1,""U788"":1,""U644"":1,""U368"":1,""U759"":2,""U290"":1,""U169"":1,""U3"":1,""U266"":1,""U240"":1,""U136"":1,""U343"":1,""U585"":2,""U315"":1,""U676"":1,""U628"":1,""U383"":1,""U990"":1,""U97"":1,""U865"":1,""U408"":1,""U755"":1,""U615"":1,""U77"":1,""U884"":1,""U350"":1,""U940"":1,""U353"":1,""U960"":2,""U516"":1,""U703"":1,""U604"":1,""U684"":1,""U140"":1,""U125"":1,""U912"":1,""U89"":1,""U780"":1,""U506"":1,""U972"":1,""U312"":1,""U276"":1,""U689"":1,""U193"":1,""U234"":1,""U145"":1,""U817"":1,""U237"":1,""U465"":1,""U591"":1,""U150"":1,""U348"":2,""U527"":2,""U581"":1,""U461"":1,""U813"":1,""U244"":1,""U88"":1,""U903"":1,""U131"":1,""U870"":1,""U973"":1,""U480"":2,""U997"":1,""U812"":1,""U261"":1,""U711"":1,""U230"":1,""U423"":1,""U901"":1,""U573"":1,""U280"":1,""U14"":1,""U692"":2,""U726"":1,""U252"":1,""U256"":1,""U916"":1,""U915"":1,""U907"":1,""U524"":1,""U918"":1,""U932"":1,""U710"":1,""U162"":1,""U899"":1,""U540"":1,""U854"":1,""U858"":1,""U756"":1,""U143"":1,""U210"":1,""U814"":1,""U805"":1,""U299"":1,""U883"":1,""U696"":1,""U640"":1,""U311"":1,""U852"":1,""U327"":1,""U827"":1,""U605"":1,""U176"":1,""U466"":1,""U566"":1,""U121"":1,""U292"":1,""U971"":1,""U363"":1,""U390"":1,""U905"":1,""U132"":1,""U219"":1,""U515"":1,""U790"":1,""U346"":1,""U334"":1,""U850"":1,""U779"":1,""U1"":1,""U43"":1,""U597"":1,""U302"":1,""U260"":1,""U860"":1,""U702"":1,""U543"":1,""U957"":1,""U725"":1,""U371"":1,""U658"":1,""U528"":1,""U552"":1,""U503"":1,""U642"":1,""U76"":1,""U488"":1,""U29"":1,""U471"":1,""U117"":1,""U709"":1,""U67"":1,""U510"":1,""U13"":1,""U351"":1,""U149"":1,""U895"":1,""U489"":1,""U472"":1,""U872"":1,""U135"":1,""U144"":1,""U116"":1,""U624"":1,""U565"":1,""U167"":1,""U421"":1,""U225"":1,""U115"":1,""U250"":1,""U650"":1,""U241"":1,""U568"":1,""U720"":1,""U775"":1,""U416"":1,""U763"":1,""U434"":1,""U531"":1,""U797"":1,""U754"":1,""U994"":1,""U82"":1,""U496"":1,""U690"":1,""U880"":1,""U582"":1,""U300"":1,""U622"":1,""U964"":1,""U216"":1,""U861"":1,""U588"":1,""U270"":1,""U738"":1,""U78"":1,""U436"":1,""U39"":1,""U68"":1,""U969"":1,""U462"":1,""U183"":1,""U287"":1,""U602"":1,""U204"":1,""U904"":1,""U807"":1,""U382"":1,""U791"":1,""U714"":1,""U154"":1,""U844"":1,""U630"":1,""U641"":1,""U781"":1,""U127"":1,""U182"":1,""U564"":1,""U207"":1,""U268"":1,""U61"":1,""U656"":1,""U141"":1,""U464"":2,""U433"":1,""U857"":1,""U158"":1,""U948"":1,""U157"":1,""U17"":1,""U686"":1,""U902"":1,""U740"":1,""U752"":1,""U40"":2,""U164"":1,""U474"":1,""U545"":1,""U133"":1,""U596"":1,""U745"":1,""U425"":1,""U175"":1,""U978"":1,""U504"":1,""U1000"":1,""U995"":1,""U739"":1,""U837"":1,""U511"":1,""U577"":1,""U717"":1,""U786"":1,""U968"":1,""U101"":1,""U768"":1,""U122"":1,""U936"":1,""U458"":1,""U483"":1,""U546"":1,""U841"":1,""U719"":1,""U337"":1,""U190"":1,""U80"":1,""U793"":1,""U447"":1,""U470"":1,""U401"":1,""U925"":1,""U695"":1,""U392"":1,""U833"":1,""U742"":1,""U832"":1,""U457"":1,""U468"":1,""U672"":1,""U750"":1,""U956"":1,""U482"":1,""U303"":1,""U59"":1,""U831"":1,""U914"":1,""U809"":1,""U822"":1,""U208"":1,""U681"":1,""U944"":1,""U55"":1,""U185"":1,""U610"":1,""U214"":1,""U665"":1,""U988"":1,""U4"":1,""U389"":1,""U746"":1,""U765"":2,""U959"":1,""U544"":1,""U599"":1,""U325"":1,""U522"":1,""U890"":1,""U402"":1,""U297"":2,""U25"":1,""U228"":1,""U587"":1,""U174"":1,""U778"":1,""U705"":1,""U792"":1,""U796"":1,""U215"":1,""U798"":1,""U42"":2,""U463"":1,""U113"":1,""U675"":1,""U440"":1,""U104"":1,""U998"":1,""U771"":1,""U808"":1,""U938"":1,""U246"":1,""U536"":1,""U384"":1,""U955"":1,""U294"":1,""U873"":1,""U967"":1,""U701"":1,""U249"":1,""U233"":1,""U863"":1,""U888"":1,""U422"":1,""U362"":1,""U550"":1,""U160"":1,""U513"":1,""U407"":1,""U11"":1,""U180"":2,""U265"":1,""U554"":2,""U336"":1,""U197"":1,""U927"":1,""U487"":1,""U829"":1,""U18"":1,""U520"":1,""U555"":1,""U211"":1,""U898"":1,""U429"":1}",594.4500000476837,,,,,false,1000,,,Gurobi,gurobi_10min,true,600.0,20260829,16,16,50,,true,ok,0.009999990463256836,network_balanced,network_balanced_hardness_sweep,16,,594.4500000476837,5.6529998779296875
1,,,,,-306.0,Optimal,,MIPSolver,,0.5,cologne_network_balanced_n100_b50_u300_sd_fixed_network_path,cologne,,false,0.0,100,2264,100,100,0.5,200,50,aachen_osm_gtfs_bike_agg100_p100_b50_u300,13325,400,300,fixed_network_path,true,,,,false,,sd,sd_fixed_network_path,,,,,,,,,300,,,Gurobi,gurobi_10min,true,600.0,20260829,16,16,100,,true,ok,246.74900007247925,network_balanced,network_balanced_hardness_sweep,16,,600.0,425.0169999599457
0,,,,,,Memory_Limit,,MIPSolver,,0.5,cologne_network_balanced_n100_b50_u300_sd_n_minus_1,cologne,,false,1.0e100,100,2264,100,100,0.5,200,50,aachen_osm_gtfs_bike_agg100_p100_b50_u300,13325,400,300,n_minus_one_most_expensive,true,,,,false,,sd,sd_n_minus_1,,,,,,,,,300,,,Gurobi,gurobi_10min,true,600.0,20260829,16,16,100,,true,memory_limit,199.61600017547607,network_balanced,network_balanced_hardness_sweep,16,,600.0,339.28200006484985
1,,1200,,300,-306.0,Optimal,2.6852284,BlCSolver,,0.5,cologne_network_balanced_n100_b50_u300_blc_astar_fixed_network_path,cologne,,false,0.0,100,2264,100,100,0.5,200,50,aachen_osm_gtfs_bike_agg100_p100_b50_u300,13325,400,300,fixed_network_path,,,,,,4011426,blc,blc_astar_fixed_network_path,,,,0,0,astar,null,,300,true,16,Gurobi,gurobi_10min,true,600.0,20260829,16,16,100,,true,ok,313.4539999961853,network_balanced,network_balanced_hardness_sweep,16,16,600.0,435.85399985313416
1,,900,,300,-306.0,Optimal,2.4971738,BlCSolver,,0.5,cologne_network_balanced_n100_b50_u300_blc_astar_n_minus_1,cologne,,false,0.0,100,2264,100,100,0.5,200,50,aachen_osm_gtfs_bike_agg100_p100_b50_u300,13325,400,300,n_minus_one_most_expensive,,,,,,4011426,blc,blc_astar_n_minus_1,,,,0,0,astar,null,,300,true,16,Gurobi,gurobi_10min,true,600.0,20260829,16,16,100,,true,ok,269.4839999675751,network_balanced,network_balanced_hardness_sweep,16,16,600.0,347.27999997138977
0,,,,,-306.0,Optimal,,MIPSolver,,0.5,cologne_network_balanced_n100_b50_u300_path_dominance,cologne,,false,0.0,100,2264,100,100,0.5,200,50,aachen_osm_gtfs_bike_agg100_p100_b50_u300,13325,400,300,,,4.76200008392334,600.0,labeling,,,path,path_dominance,false,"{""U23"":1,""U96"":1,""U10"":1,""U126"":1,""U176"":1,""U111"":1,""U19"":1,""U166"":1,""U91"":1,""U189"":1,""U107"":1,""U212"":1,""U121"":1,""U292"":1,""U16"":1,""U155"":1,""U293"":2,""U264"":1,""U7"":1,""U132"":1,""U219"":1,""U257"":1,""U184"":1,""U129"":1,""U275"":1,""U238"":1,""U142"":1,""U1"":1,""U24"":1,""U263"":1,""U43"":1,""U260"":1,""U87"":1,""U109"":1,""U138"":1,""U229"":1,""U119"":1,""U179"":1,""U282"":1,""U243"":1,""U186"":1,""U48"":1,""U57"":1,""U76"":1,""U9"":1,""U29"":1,""U117"":1,""U285"":1,""U67"":1,""U6"":1,""U13"":1,""U149"":1,""U152"":1,""U289"":1,""U188"":1,""U135"":1,""U144"":1,""U148"":1,""U116"":1,""U274"":1,""U167"":1,""U217"":1,""U118"":1,""U187"":1,""U225"":1,""U115"":1,""U250"":1,""U209"":1,""U241"":1,""U262"":1,""U35"":1,""U90"":1,""U54"":1,""U45"":1,""U49"":1,""U62"":1,""U5"":1,""U74"":1,""U203"":1,""U255"":1,""U82"":1,""U73"":1,""U81"":1,""U213"":1,""U8"":1,""U41"":1,""U300"":1,""U177"":1,""U31"":1,""U75"":1,""U83"":1,""U50"":1,""U93"":1,""U216"":1,""U139"":1,""U270"":1,""U78"":1,""U84"":1,""U269"":1,""U46"":1,""U147"":1,""U39"":1,""U68"":1,""U248"":1,""U71"":1,""U291"":1,""U192"":2,""U259"":1,""U103"":1,""U102"":1,""U222"":2,""U183"":1,""U156"":1,""U287"":1,""U204"":1,""U128"":1,""U235"":1,""U154"":1,""U273"":1,""U198"":1,""U226"":1,""U178"":1,""U27"":1,""U191"":1,""U223"":1,""U124"":1,""U267"":1,""U64"":1,""U127"":1,""U182"":1,""U207"":1,""U161"":1,""U130"":1,""U268"":1,""U61"":1,""U141"":1,""U239"":1,""U51"":1,""U158"":1,""U28"":1,""U52"":1,""U157"":1,""U251"":1,""U17"":1,""U195"":1,""U254"":1,""U69"":1,""U112"":1,""U40"":1,""U164"":1,""U72"":2,""U34"":1,""U133"":1,""U199"":1,""U175"":1,""U201"":1,""U281"":1,""U60"":1,""U2"":1,""U153"":1,""U37"":1,""U92"":1,""U196"":1,""U231"":1,""U296"":1,""U286"":1,""U221"":1,""U32"":1,""U151"":1,""U47"":1,""U218"":1,""U298"":1,""U94"":1,""U101"":1,""U283"":1,""U108"":2,""U122"":1,""U123"":1,""U134"":1,""U58"":1,""U205"":1,""U172"":1,""U290"":1,""U12"":1,""U169"":1,""U224"":1,""U3"":1,""U266"":1,""U63"":1,""U240"":1,""U136"":1,""U20"":1,""U190"":1,""U277"":1,""U30"":1,""U80"":1,""U171"":1,""U220"":1,""U279"":1,""U206"":1,""U202"":1,""U271"":1,""U97"":1,""U284"":1,""U77"":1,""U247"":1,""U232"":1,""U105"":1,""U114"":1,""U227"":1,""U59"":1,""U56"":1,""U86"":1,""U26"":1,""U236"":1,""U70"":1,""U208"":1,""U140"":1,""U125"":1,""U163"":1,""U89"":1,""U55"":1,""U110"":1,""U159"":1,""U185"":1,""U214"":1,""U120"":1,""U4"":1,""U98"":1,""U146"":1,""U276"":1,""U173"":1,""U245"":1,""U44"":1,""U193"":1,""U137"":1,""U168"":1,""U85"":1,""U53"":1,""U95"":1,""U297"":2,""U234"":1,""U194"":1,""U200"":1,""U25"":1,""U145"":1,""U228"":1,""U174"":1,""U165"":1,""U258"":1,""U288"":1,""U215"":1,""U237"":1,""U42"":1,""U113"":1,""U106"":1,""U150"":1,""U104"":1,""U244"":1,""U36"":1,""U21"":1,""U242"":1,""U88"":1,""U131"":1,""U33"":1,""U66"":1,""U246"":1,""U272"":1,""U79"":1,""U253"":1,""U261"":1,""U99"":1,""U230"":1,""U170"":1,""U15"":1,""U294"":1,""U280"":1,""U14"":1,""U249"":1,""U252"":1,""U256"":1,""U233"":1,""U100"":1,""U278"":1,""U160"":1,""U22"":1,""U65"":1,""U11"":1,""U180"":1,""U162"":1,""U265"":1,""U295"":1,""U197"":1,""U143"":1,""U210"":1,""U38"":1,""U18"":1,""U299"":1,""U211"":1,""U181"":1}",595.2379999160767,,,,,true,300,,,Gurobi,gurobi_10min,true,600.0,20260829,16,16,100,,true,ok,0.019999980926513672,network_balanced,network_balanced_hardness_sweep,16,,595.2379999160767,5.023000001907349
0,,,,,-306.0,Optimal,,MIPSolver,,0.5,cologne_network_balanced_n100_b50_u300_path_no_dominance,cologne,,false,0.0,100,2264,100,100,0.5,200,50,aachen_osm_gtfs_bike_agg100_p100_b50_u300,13325,400,300,,,4.753000259399414,600.0,labeling,,,path,path_no_dominance,false,"{""U23"":1,""U96"":1,""U10"":1,""U126"":1,""U176"":1,""U111"":1,""U19"":1,""U166"":1,""U91"":1,""U189"":1,""U107"":1,""U212"":1,""U121"":1,""U292"":1,""U16"":1,""U155"":1,""U293"":2,""U264"":1,""U7"":1,""U132"":1,""U219"":1,""U257"":1,""U184"":1,""U129"":1,""U275"":1,""U238"":1,""U142"":1,""U1"":1,""U24"":1,""U263"":1,""U43"":1,""U260"":1,""U87"":1,""U109"":1,""U138"":1,""U229"":1,""U119"":1,""U179"":1,""U282"":1,""U243"":1,""U186"":1,""U48"":1,""U57"":1,""U76"":1,""U9"":1,""U29"":1,""U117"":1,""U285"":1,""U67"":1,""U6"":1,""U13"":1,""U149"":1,""U152"":1,""U289"":1,""U188"":1,""U135"":1,""U144"":1,""U148"":1,""U116"":1,""U274"":1,""U167"":1,""U217"":1,""U118"":1,""U187"":1,""U225"":1,""U115"":1,""U250"":1,""U209"":1,""U241"":1,""U262"":1,""U35"":1,""U90"":1,""U54"":1,""U45"":1,""U49"":1,""U62"":1,""U5"":1,""U74"":1,""U203"":1,""U255"":1,""U82"":1,""U73"":1,""U81"":1,""U213"":1,""U8"":1,""U41"":1,""U300"":1,""U177"":1,""U31"":1,""U75"":1,""U83"":1,""U50"":1,""U93"":1,""U216"":1,""U139"":1,""U270"":1,""U78"":1,""U84"":1,""U269"":1,""U46"":1,""U147"":1,""U39"":1,""U68"":1,""U248"":1,""U71"":1,""U291"":1,""U192"":2,""U259"":1,""U103"":1,""U102"":1,""U222"":2,""U183"":1,""U156"":1,""U287"":1,""U204"":1,""U128"":1,""U235"":1,""U154"":1,""U273"":1,""U198"":1,""U226"":1,""U178"":1,""U27"":1,""U191"":1,""U223"":1,""U124"":1,""U267"":1,""U64"":1,""U127"":1,""U182"":1,""U207"":1,""U161"":1,""U130"":1,""U268"":1,""U61"":1,""U141"":1,""U239"":1,""U51"":1,""U158"":1,""U28"":1,""U52"":1,""U157"":1,""U251"":1,""U17"":1,""U195"":1,""U254"":1,""U69"":1,""U112"":1,""U40"":1,""U164"":1,""U72"":2,""U34"":1,""U133"":1,""U199"":1,""U175"":1,""U201"":2,""U281"":1,""U60"":1,""U2"":1,""U153"":1,""U37"":1,""U92"":1,""U196"":1,""U231"":1,""U296"":1,""U286"":1,""U221"":1,""U32"":1,""U151"":1,""U47"":1,""U218"":1,""U298"":1,""U94"":1,""U101"":1,""U283"":1,""U108"":2,""U122"":1,""U123"":1,""U134"":1,""U58"":1,""U205"":1,""U172"":1,""U290"":1,""U12"":1,""U169"":1,""U224"":1,""U3"":1,""U266"":1,""U63"":1,""U240"":1,""U136"":1,""U20"":1,""U190"":1,""U277"":1,""U30"":1,""U80"":1,""U171"":1,""U220"":1,""U279"":1,""U206"":1,""U202"":1,""U271"":1,""U97"":1,""U284"":1,""U77"":1,""U247"":1,""U232"":1,""U105"":1,""U114"":1,""U227"":1,""U59"":1,""U56"":1,""U86"":1,""U26"":1,""U236"":1,""U70"":1,""U208"":1,""U140"":1,""U125"":1,""U163"":1,""U89"":1,""U55"":1,""U110"":1,""U159"":1,""U185"":1,""U214"":1,""U120"":1,""U4"":1,""U98"":1,""U146"":1,""U276"":1,""U173"":1,""U245"":1,""U44"":1,""U193"":1,""U137"":1,""U168"":1,""U85"":1,""U53"":1,""U95"":1,""U297"":2,""U234"":1,""U194"":1,""U200"":1,""U25"":1,""U145"":1,""U228"":1,""U174"":1,""U165"":1,""U258"":1,""U288"":1,""U215"":1,""U237"":1,""U42"":1,""U113"":1,""U106"":1,""U150"":1,""U104"":1,""U244"":1,""U36"":1,""U21"":1,""U242"":1,""U88"":1,""U131"":2,""U33"":1,""U66"":1,""U246"":1,""U272"":1,""U79"":1,""U253"":1,""U261"":1,""U99"":1,""U230"":1,""U170"":1,""U15"":1,""U294"":1,""U280"":1,""U14"":1,""U249"":1,""U252"":1,""U256"":1,""U233"":1,""U100"":1,""U278"":1,""U160"":1,""U22"":1,""U65"":1,""U11"":1,""U180"":1,""U162"":1,""U265"":1,""U295"":1,""U197"":1,""U143"":1,""U210"":1,""U38"":1,""U18"":1,""U299"":1,""U211"":1,""U181"":1}",595.2469997406006,,,,,false,300,,,Gurobi,gurobi_10min,true,600.0,20260829,16,16,100,,true,ok,0.009999990463256836,network_balanced,network_balanced_hardness_sweep,16,,595.2469997406006,4.865999937057495
1,,,,,-455.0,Timelimit,,MIPSolver,,0.5,cologne_network_balanced_n100_b50_u750_sd_fixed_network_path,cologne,,false,0.014653648939106761,100,2264,100,100,0.5,200,50,aachen_osm_gtfs_bike_agg100_p100_b50_u750,13325,400,750,fixed_network_path,true,,,,false,,sd,sd_fixed_network_path,,,,,,,,,750,,,Gurobi,gurobi_10min,true,600.0,20260829,16,16,100,,true,timeout,602.9270000457764,network_balanced,network_balanced_hardness_sweep,16,,600.0,1012.4319999217987
0,,,,,,Memory_Limit,,MIPSolver,,0.5,cologne_network_balanced_n100_b50_u750_sd_n_minus_1,cologne,,false,1.0e100,100,2264,100,100,0.5,200,50,aachen_osm_gtfs_bike_agg100_p100_b50_u750,13325,400,750,n_minus_one_most_expensive,true,,,,false,,sd,sd_n_minus_1,,,,,,,,,750,,,Gurobi,gurobi_10min,true,600.0,20260829,16,16,100,,true,memory_limit,330.8489999771118,network_balanced,network_balanced_hardness_sweep,16,,600.0,695.8659999370575
1,,750,,750,,Timelimit,2.1446712,BlCSolver,,0.5,cologne_network_balanced_n100_b50_u750_blc_astar_fixed_network_path,cologne,,false,1.0e100,100,2264,100,100,0.5,200,50,aachen_osm_gtfs_bike_agg100_p100_b50_u750,13325,400,750,fixed_network_path,,,,,,10008576,blc,blc_astar_fixed_network_path,,,,0,0,astar,null,,750,true,16,Gurobi,gurobi_10min,true,600.0,20260829,16,16,100,,true,timeout,600.5550000667572,network_balanced,network_balanced_hardness_sweep,16,16,600.0,912.5999999046326
1,,750,,750,,Timelimit,2.2774518,BlCSolver,,0.5,cologne_network_balanced_n100_b50_u750_blc_astar_n_minus_1,cologne,,false,1.0e100,100,2264,100,100,0.5,200,50,aachen_osm_gtfs_bike_agg100_p100_b50_u750,13325,400,750,n_minus_one_most_expensive,,,,,,10008576,blc,blc_astar_n_minus_1,,,,0,0,astar,null,,750,true,16,Gurobi,gurobi_10min,true,600.0,20260829,16,16,100,,true,timeout,600.6630001068115,network_balanced,network_balanced_hardness_sweep,16,16,600.0,810.8029999732971
0,,,,,-455.0,Optimal,,MIPSolver,,0.5,cologne_network_balanced_n100_b50_u750_path_dominance,cologne,,false,0.0,100,2264,100,100,0.5,200,50,aachen_osm_gtfs_bike_agg100_p100_b50_u750,13325,400,750,,,20.37700080871582,600.0,labeling,,,path,path_dominance,false,"{""U396"":1,""U448"":1,""U19"":1,""U166"":1,""U91"":1,""U155"":1,""U415"":1,""U385"":1,""U184"":1,""U716"":1,""U238"":1,""U326"":1,""U142"":1,""U619"":1,""U24"":2,""U109"":1,""U229"":1,""U569"":1,""U179"":1,""U397"":1,""U491"":1,""U243"":1,""U485"":1,""U186"":1,""U359"":1,""U691"":1,""U285"":1,""U492"":1,""U614"":1,""U444"":1,""U583"":1,""U728"":1,""U735"":1,""U616"":1,""U341"":1,""U118"":1,""U533"":1,""U35"":1,""U49"":1,""U321"":1,""U685"":1,""U62"":1,""U5"":1,""U74"":1,""U203"":1,""U729"":1,""U81"":1,""U571"":1,""U213"":1,""U8"":1,""U455"":1,""U177"":1,""U318"":1,""U31"":1,""U611"":1,""U83"":1,""U50"":1,""U139"":1,""U634"":1,""U370"":1,""U508"":1,""U269"":1,""U46"":1,""U147"":1,""U322"":1,""U666"":1,""U71"":1,""U335"":1,""U419"":1,""U578"":1,""U579"":1,""U156"":1,""U592"":1,""U584"":1,""U534"":1,""U441"":1,""U273"":1,""U340"":1,""U223"":1,""U378"":1,""U64"":1,""U495"":1,""U344"":1,""U594"":1,""U700"":1,""U130"":1,""U454"":1,""U477"":1,""U239"":1,""U51"":1,""U731"":1,""U607"":1,""U617"":1,""U320"":1,""U411"":1,""U34"":1,""U199"":1,""U405"":1,""U304"":1,""U338"":1,""U518"":1,""U37"":1,""U590"":1,""U706"":1,""U296"":1,""U221"":2,""U376"":1,""U328"":1,""U743"":1,""U669"":1,""U108"":1,""U134"":1,""U484"":1,""U486"":1,""U693"":1,""U627"":1,""U63"":1,""U718"":1,""U20"":1,""U171"":1,""U279"":1,""U501"":1,""U660"":1,""U206"":1,""U202"":1,""U339"":1,""U633"":1,""U284"":1,""U247"":1,""U653"":1,""U680"":1,""U232"":1,""U105"":1,""U723"":1,""U352"":1,""U114"":1,""U227"":1,""U56"":1,""U574"":1,""U613"":1,""U70"":1,""U414"":1,""U442"":1,""U490"":1,""U120"":1,""U146"":1,""U173"":1,""U412"":1,""U85"":1,""U418"":1,""U721"":1,""U549"":1,""U467"":1,""U400"":1,""U380"":1,""U194"":1,""U200"":1,""U558"":1,""U453"":1,""U258"":1,""U360"":1,""U670"":2,""U662"":1,""U106"":1,""U694"":1,""U598"":1,""U567"":1,""U36"":1,""U242"":1,""U375"":1,""U521"":1,""U586"":1,""U66"":1,""U79"":1,""U387"":1,""U99"":1,""U317"":1,""U313"":1,""U541"":1,""U562"":1,""U509"":1,""U278"":1,""U410"":1,""U22"":1,""U603"":1,""U310"":1,""U395"":1,""U367"":1,""U181"":1,""U96"":1,""U10"":1,""U381"":1,""U189"":1,""U107"":1,""U697"":1,""U372"":1,""U293"":1,""U264"":1,""U7"":1,""U551"":1,""U636"":1,""U647"":1,""U563"":1,""U374"":1,""U345"":1,""U502"":1,""U678"":1,""U481"":1,""U404"":1,""U138"":1,""U324"":1,""U119"":1,""U347"":1,""U316"":1,""U730"":1,""U377"":1,""U386"":1,""U437"":1,""U529"":1,""U595"":1,""U48"":1,""U9"":1,""U559"":1,""U652"":1,""U512"":1,""U625"":1,""U152"":1,""U289"":1,""U188"":1,""U639"":1,""U646"":1,""U399"":1,""U274"":1,""U446"":1,""U631"":1,""U438"":1,""U90"":1,""U54"":1,""U435"":1,""U307"":1,""U732"":1,""U713"":1,""U445"":1,""U393"":1,""U403"":1,""U450"":1,""U737"":1,""U356"":1,""U93"":1,""U430"":1,""U84"":1,""U291"":1,""U687"":1,""U548"":1,""U192"":1,""U259"":1,""U102"":1,""U476"":1,""U364"":1,""U556"":1,""U355"":1,""U373"":1,""U128"":1,""U459"":1,""U657"":1,""U198"":1,""U494"":1,""U27"":1,""U191"":1,""U124"":2,""U664"":1,""U623"":1,""U635"":1,""U733"":1,""U637"":1,""U28"":1,""U52"":1,""U251"":1,""U314"":1,""U254"":1,""U69"":1,""U507"":1,""U112"":1,""U329"":1,""U201"":1,""U281"":1,""U2"":1,""U333"":1,""U704"":1,""U92"":1,""U449"":1,""U308"":1,""U286"":1,""U32"":1,""U298"":1,""U283"":1,""U707"":1,""U123"":1,""U668"":2,""U58"":1,""U205"":1,""U172"":1,""U12"":1,""U654"":1,""U626"":1,""U224"":1,""U609"":1,""U277"":1,""U30"":1,""U409"":1,""U517"":1,""U593"":1,""U330"":1,""U220"":1,""U388"":1,""U736"":1,""U309"":1,""U724"":1,""U271"":1,""U643"":1,""U620"":1,""U674"":1,""U379"":1,""U683"":1,""U86"":1,""U26"":1,""U236"":1,""U163"":1,""U110"":1,""U655"":1,""U629"":1,""U358"":1,""U514"":1,""U608"":1,""U618"":1,""U159"":1,""U98"":1,""U744"":1,""U245"":1,""U44"":1,""U649"":1,""U712"":1,""U137"":1,""U168"":1,""U53"":1,""U673"":1,""U95"":1,""U424"":1,""U539"":1,""U301"":1,""U165"":1,""U460"":1,""U500"":1,""U288"":1,""U570"":1,""U547"":1,""U638"":1,""U532"":1,""U426"":1,""U21"":1,""U306"":1,""U342"":1,""U33"":1,""U272"":1,""U253"":1,""U170"":1,""U15"":1,""U601"":1,""U575"":1,""U100"":1,""U621"":1,""U65"":1,""U747"":1,""U427"":1,""U365"":1,""U295"":1,""U526"":1,""U600"":1,""U38"":1,""U366"":1,""U499"":1,""U478"":1,""U23"":1,""U126"":1,""U111"":1,""U432"":1,""U519"":1,""U606"":1,""U212"":1,""U612"":1,""U16"":1,""U663"":1,""U561"":1,""U557"":1,""U538"":1,""U431"":1,""U553"":1,""U257"":1,""U420"":1,""U129"":1,""U651"":1,""U523"":1,""U275"":1,""U439"":1,""U263"":1,""U87"":1,""U708"":1,""U282"":1,""U741"":1,""U748"":1,""U357"":1,""U475"":1,""U323"":1,""U645"":1,""U667"":2,""U580"":1,""U525"":1,""U57"":1,""U473"":1,""U589"":1,""U331"":1,""U413"":1,""U6"":1,""U560"":1,""U632"":1,""U682"":1,""U576"":1,""U456"":1,""U148"":1,""U671"":1,""U505"":1,""U217"":1,""U428"":1,""U187"":1,""U332"":1,""U209"":1,""U262"":1,""U305"":1,""U452"":1,""U45"":1,""U443"":1,""U417"":1,""U319"":1,""U469"":1,""U255"":1,""U73"":1,""U734"":1,""U715"":1,""U41"":1,""U75"":1,""U248"":1,""U103"":1,""U222"":1,""U479"":1,""U659"":1,""U369"":1,""U398"":1,""U537"":1,""U406"":1,""U661"":1,""U354"":1,""U235"":1,""U648"":1,""U226"":1,""U178"":1,""U727"":1,""U267"":1,""U688"":1,""U161"":1,""U394"":1,""U497"":1,""U498"":1,""U749"":1,""U195"":1,""U349"":1,""U391"":1,""U542"":1,""U699"":1,""U572"":1,""U679"":1,""U722"":1,""U72"":1,""U698"":1,""U677"":1,""U361"":1,""U60"":1,""U153"":1,""U451"":1,""U196"":1,""U231"":1,""U493"":1,""U151"":1,""U47"":1,""U218"":1,""U530"":1,""U535"":1,""U94"":1,""U644"":1,""U368"":1,""U290"":1,""U169"":1,""U3"":1,""U266"":1,""U240"":1,""U136"":1,""U343"":1,""U585"":1,""U315"":1,""U676"":1,""U628"":1,""U383"":1,""U97"":1,""U408"":1,""U615"":1,""U77"":1,""U350"":1,""U353"":1,""U516"":1,""U703"":1,""U604"":1,""U684"":1,""U140"":1,""U125"":1,""U89"":1,""U506"":2,""U312"":1,""U276"":1,""U689"":1,""U193"":1,""U234"":1,""U145"":1,""U237"":1,""U465"":1,""U591"":1,""U150"":1,""U348"":1,""U527"":1,""U581"":1,""U461"":1,""U244"":1,""U88"":1,""U131"":1,""U480"":1,""U261"":1,""U711"":1,""U230"":1,""U423"":1,""U573"":1,""U280"":1,""U14"":1,""U692"":1,""U726"":1,""U252"":1,""U256"":1,""U524"":1,""U710"":1,""U162"":1,""U540"":1,""U143"":1,""U210"":1,""U299"":1,""U696"":1,""U640"":1,""U311"":1,""U327"":1,""U605"":1,""U176"":1,""U466"":1,""U566"":1,""U121"":1,""U292"":1,""U363"":1,""U390"":1,""U132"":1,""U219"":1,""U515"":1,""U346"":1,""U334"":1,""U1"":1,""U43"":1,""U597"":1,""U302"":1,""U260"":1,""U702"":1,""U543"":1,""U725"":1,""U371"":1,""U658"":1,""U528"":1,""U552"":1,""U503"":1,""U642"":1,""U76"":1,""U488"":1,""U29"":1,""U471"":1,""U117"":1,""U709"":1,""U67"":1,""U510"":1,""U13"":1,""U351"":1,""U149"":1,""U489"":1,""U472"":1,""U135"":1,""U144"":1,""U116"":1,""U624"":1,""U565"":1,""U167"":1,""U421"":1,""U225"":1,""U115"":1,""U250"":1,""U650"":1,""U241"":1,""U568"":1,""U720"":1,""U416"":1,""U434"":1,""U531"":1,""U82"":1,""U496"":1,""U690"":1,""U582"":1,""U300"":1,""U622"":1,""U216"":1,""U588"":1,""U270"":1,""U738"":1,""U78"":1,""U436"":1,""U39"":1,""U68"":1,""U462"":1,""U183"":1,""U287"":1,""U602"":1,""U204"":1,""U382"":1,""U714"":1,""U154"":1,""U630"":1,""U641"":1,""U127"":1,""U182"":1,""U564"":1,""U207"":1,""U268"":1,""U61"":1,""U656"":1,""U141"":1,""U464"":1,""U433"":1,""U158"":1,""U157"":1,""U17"":1,""U686"":1,""U740"":1,""U40"":1,""U164"":1,""U474"":1,""U545"":1,""U133"":1,""U596"":1,""U745"":1,""U425"":1,""U175"":1,""U504"":1,""U739"":1,""U511"":1,""U577"":1,""U717"":1,""U101"":1,""U122"":1,""U458"":1,""U483"":1,""U546"":1,""U719"":1,""U337"":1,""U190"":1,""U80"":1,""U447"":1,""U470"":1,""U401"":1,""U695"":1,""U392"":1,""U742"":1,""U457"":1,""U468"":1,""U672"":1,""U750"":1,""U482"":1,""U303"":1,""U59"":1,""U208"":1,""U681"":1,""U55"":1,""U185"":1,""U610"":1,""U214"":1,""U665"":1,""U4"":1,""U389"":1,""U746"":1,""U544"":1,""U599"":1,""U325"":1,""U522"":1,""U402"":1,""U297"":1,""U25"":1,""U228"":1,""U587"":1,""U174"":1,""U705"":1,""U215"":1,""U42"":1,""U463"":1,""U113"":2,""U675"":1,""U440"":1,""U104"":1,""U246"":1,""U536"":1,""U384"":1,""U294"":1,""U701"":1,""U249"":1,""U233"":1,""U422"":1,""U362"":1,""U550"":2,""U160"":1,""U513"":1,""U407"":1,""U11"":1,""U180"":1,""U265"":1,""U554"":1,""U336"":1,""U197"":1,""U487"":1,""U18"":1,""U520"":1,""U555"":1,""U211"":1,""U429"":1}",579.6229991912842,,,,,true,750,,,Gurobi,gurobi_10min,true,600.0,20260829,16,16,100,,true,ok,0.020999908447265625,network_balanced,network_balanced_hardness_sweep,16,,579.6229991912842,20.55900001525879
0,,,,,-455.0,Optimal,,MIPSolver,,0.5,cologne_network_balanced_n100_b50_u750_path_no_dominance,cologne,,false,0.0,100,2264,100,100,0.5,200,50,aachen_osm_gtfs_bike_agg100_p100_b50_u750,13325,400,750,,,10.63699984550476,600.0,labeling,,,path,path_no_dominance,false,"{""U396"":1,""U448"":1,""U19"":1,""U166"":1,""U91"":1,""U155"":1,""U415"":1,""U385"":1,""U184"":1,""U716"":1,""U238"":2,""U326"":1,""U142"":1,""U619"":1,""U24"":2,""U109"":1,""U229"":1,""U569"":1,""U179"":1,""U397"":1,""U491"":1,""U243"":1,""U485"":1,""U186"":1,""U359"":1,""U691"":1,""U285"":1,""U492"":1,""U614"":1,""U444"":1,""U583"":1,""U728"":1,""U735"":1,""U616"":1,""U341"":1,""U118"":1,""U533"":1,""U35"":1,""U49"":1,""U321"":1,""U685"":1,""U62"":1,""U5"":1,""U74"":1,""U203"":1,""U729"":1,""U81"":1,""U571"":1,""U213"":1,""U8"":1,""U455"":1,""U177"":1,""U318"":1,""U31"":1,""U611"":1,""U83"":1,""U50"":1,""U139"":1,""U634"":1,""U370"":1,""U508"":1,""U269"":1,""U46"":1,""U147"":1,""U322"":1,""U666"":1,""U71"":1,""U335"":1,""U419"":1,""U578"":1,""U579"":1,""U156"":1,""U592"":1,""U584"":1,""U534"":1,""U441"":1,""U273"":1,""U340"":1,""U223"":1,""U378"":1,""U64"":1,""U495"":1,""U344"":1,""U594"":1,""U700"":1,""U130"":1,""U454"":1,""U477"":1,""U239"":1,""U51"":1,""U731"":1,""U607"":1,""U617"":1,""U320"":1,""U411"":1,""U34"":1,""U199"":1,""U405"":1,""U304"":1,""U338"":1,""U518"":1,""U37"":1,""U590"":1,""U706"":1,""U296"":1,""U221"":2,""U376"":1,""U328"":1,""U743"":1,""U669"":1,""U108"":1,""U134"":1,""U484"":1,""U486"":2,""U693"":1,""U627"":1,""U63"":1,""U718"":1,""U20"":1,""U171"":1,""U279"":1,""U501"":1,""U660"":1,""U206"":1,""U202"":1,""U339"":1,""U633"":1,""U284"":1,""U247"":1,""U653"":1,""U680"":1,""U232"":1,""U105"":1,""U723"":1,""U352"":1,""U114"":1,""U227"":1,""U56"":1,""U574"":1,""U613"":1,""U70"":1,""U414"":1,""U442"":1,""U490"":1,""U120"":1,""U146"":1,""U173"":1,""U412"":1,""U85"":1,""U418"":1,""U721"":1,""U549"":1,""U467"":1,""U400"":1,""U380"":1,""U194"":1,""U200"":1,""U558"":1,""U453"":1,""U258"":1,""U360"":1,""U670"":2,""U662"":1,""U106"":1,""U694"":1,""U598"":1,""U567"":1,""U36"":1,""U242"":1,""U375"":1,""U521"":1,""U586"":1,""U66"":1,""U79"":1,""U387"":1,""U99"":1,""U317"":1,""U313"":1,""U541"":1,""U562"":1,""U509"":1,""U278"":1,""U410"":1,""U22"":1,""U603"":1,""U310"":1,""U395"":1,""U367"":1,""U181"":1,""U96"":1,""U10"":1,""U381"":1,""U189"":1,""U107"":1,""U697"":1,""U372"":1,""U293"":1,""U264"":1,""U7"":1,""U551"":1,""U636"":1,""U647"":1,""U563"":1,""U374"":1,""U345"":1,""U502"":1,""U678"":1,""U481"":1,""U404"":1,""U138"":1,""U324"":1,""U119"":1,""U347"":1,""U316"":1,""U730"":1,""U377"":1,""U386"":1,""U437"":1,""U529"":1,""U595"":1,""U48"":1,""U9"":1,""U559"":1,""U652"":1,""U512"":1,""U625"":1,""U152"":1,""U289"":1,""U188"":1,""U639"":1,""U646"":1,""U399"":1,""U274"":1,""U446"":1,""U631"":1,""U438"":1,""U90"":1,""U54"":1,""U435"":1,""U307"":1,""U732"":1,""U713"":1,""U445"":1,""U393"":1,""U403"":1,""U450"":1,""U737"":1,""U356"":1,""U93"":1,""U430"":1,""U84"":1,""U291"":1,""U687"":1,""U548"":1,""U192"":1,""U259"":1,""U102"":1,""U476"":1,""U364"":1,""U556"":1,""U355"":1,""U373"":1,""U128"":1,""U459"":1,""U657"":1,""U198"":1,""U494"":1,""U27"":1,""U191"":1,""U124"":2,""U664"":1,""U623"":1,""U635"":1,""U733"":1,""U637"":1,""U28"":1,""U52"":1,""U251"":1,""U314"":1,""U254"":1,""U69"":1,""U507"":1,""U112"":1,""U329"":1,""U201"":1,""U281"":1,""U2"":1,""U333"":1,""U704"":1,""U92"":1,""U449"":1,""U308"":1,""U286"":1,""U32"":1,""U298"":1,""U283"":1,""U707"":1,""U123"":1,""U668"":2,""U58"":1,""U205"":1,""U172"":1,""U12"":1,""U654"":1,""U626"":1,""U224"":2,""U609"":1,""U277"":1,""U30"":1,""U409"":1,""U517"":1,""U593"":1,""U330"":1,""U220"":1,""U388"":1,""U736"":1,""U309"":1,""U724"":1,""U271"":1,""U643"":1,""U620"":1,""U674"":1,""U379"":1,""U683"":1,""U86"":1,""U26"":1,""U236"":1,""U163"":1,""U110"":1,""U655"":1,""U629"":1,""U358"":1,""U514"":1,""U608"":1,""U618"":1,""U159"":1,""U98"":1,""U744"":1,""U245"":1,""U44"":1,""U649"":1,""U712"":1,""U137"":1,""U168"":1,""U53"":1,""U673"":1,""U95"":1,""U424"":1,""U539"":1,""U301"":1,""U165"":1,""U460"":1,""U500"":1,""U288"":1,""U570"":1,""U547"":1,""U638"":1,""U532"":1,""U426"":1,""U21"":1,""U306"":1,""U342"":1,""U33"":1,""U272"":1,""U253"":1,""U170"":1,""U15"":1,""U601"":1,""U575"":1,""U100"":1,""U621"":1,""U65"":1,""U747"":1,""U427"":1,""U365"":1,""U295"":1,""U526"":1,""U600"":1,""U38"":1,""U366"":1,""U499"":1,""U478"":1,""U23"":1,""U126"":1,""U111"":1,""U432"":1,""U519"":1,""U606"":1,""U212"":1,""U612"":1,""U16"":1,""U663"":1,""U561"":1,""U557"":1,""U538"":1,""U431"":1,""U553"":1,""U257"":1,""U420"":1,""U129"":1,""U651"":1,""U523"":1,""U275"":1,""U439"":1,""U263"":1,""U87"":1,""U708"":1,""U282"":1,""U741"":1,""U748"":1,""U357"":1,""U475"":1,""U323"":1,""U645"":1,""U667"":2,""U580"":1,""U525"":1,""U57"":1,""U473"":1,""U589"":1,""U331"":1,""U413"":1,""U6"":1,""U560"":1,""U632"":2,""U682"":1,""U576"":1,""U456"":1,""U148"":1,""U671"":1,""U505"":1,""U217"":1,""U428"":1,""U187"":1,""U332"":1,""U209"":1,""U262"":1,""U305"":1,""U452"":1,""U45"":1,""U443"":1,""U417"":1,""U319"":1,""U469"":1,""U255"":1,""U73"":1,""U734"":1,""U715"":1,""U41"":1,""U75"":1,""U248"":1,""U103"":1,""U222"":1,""U479"":1,""U659"":1,""U369"":1,""U398"":1,""U537"":1,""U406"":1,""U661"":1,""U354"":1,""U235"":1,""U648"":1,""U226"":1,""U178"":1,""U727"":1,""U267"":1,""U688"":1,""U161"":1,""U394"":1,""U497"":1,""U498"":1,""U749"":1,""U195"":1,""U349"":1,""U391"":1,""U542"":1,""U699"":1,""U572"":1,""U679"":1,""U722"":1,""U72"":1,""U698"":1,""U677"":1,""U361"":1,""U60"":1,""U153"":1,""U451"":1,""U196"":1,""U231"":1,""U493"":1,""U151"":1,""U47"":1,""U218"":1,""U530"":1,""U535"":1,""U94"":1,""U644"":1,""U368"":1,""U290"":1,""U169"":1,""U3"":1,""U266"":1,""U240"":1,""U136"":1,""U343"":1,""U585"":1,""U315"":1,""U676"":1,""U628"":1,""U383"":1,""U97"":1,""U408"":1,""U615"":1,""U77"":1,""U350"":1,""U353"":1,""U516"":1,""U703"":1,""U604"":1,""U684"":1,""U140"":1,""U125"":1,""U89"":1,""U506"":2,""U312"":1,""U276"":1,""U689"":1,""U193"":1,""U234"":1,""U145"":1,""U237"":1,""U465"":1,""U591"":1,""U150"":1,""U348"":1,""U527"":1,""U581"":1,""U461"":1,""U244"":1,""U88"":1,""U131"":1,""U480"":1,""U261"":1,""U711"":1,""U230"":1,""U423"":1,""U573"":1,""U280"":1,""U14"":1,""U692"":1,""U726"":1,""U252"":1,""U256"":1,""U524"":1,""U710"":1,""U162"":1,""U540"":1,""U143"":1,""U210"":1,""U299"":1,""U696"":1,""U640"":1,""U311"":1,""U327"":1,""U605"":1,""U176"":1,""U466"":1,""U566"":1,""U121"":1,""U292"":1,""U363"":1,""U390"":1,""U132"":1,""U219"":1,""U515"":1,""U346"":1,""U334"":1,""U1"":1,""U43"":1,""U597"":1,""U302"":1,""U260"":1,""U702"":1,""U543"":1,""U725"":1,""U371"":1,""U658"":1,""U528"":1,""U552"":1,""U503"":1,""U642"":1,""U76"":1,""U488"":1,""U29"":1,""U471"":1,""U117"":1,""U709"":1,""U67"":1,""U510"":1,""U13"":1,""U351"":1,""U149"":1,""U489"":1,""U472"":1,""U135"":1,""U144"":1,""U116"":1,""U624"":1,""U565"":1,""U167"":1,""U421"":1,""U225"":1,""U115"":1,""U250"":1,""U650"":1,""U241"":1,""U568"":1,""U720"":1,""U416"":1,""U434"":1,""U531"":1,""U82"":1,""U496"":1,""U690"":1,""U582"":1,""U300"":1,""U622"":1,""U216"":1,""U588"":1,""U270"":1,""U738"":1,""U78"":1,""U436"":1,""U39"":1,""U68"":1,""U462"":1,""U183"":1,""U287"":1,""U602"":1,""U204"":1,""U382"":1,""U714"":1,""U154"":1,""U630"":1,""U641"":1,""U127"":1,""U182"":1,""U564"":1,""U207"":1,""U268"":1,""U61"":1,""U656"":1,""U141"":1,""U464"":1,""U433"":1,""U158"":1,""U157"":1,""U17"":1,""U686"":1,""U740"":1,""U40"":1,""U164"":1,""U474"":1,""U545"":1,""U133"":1,""U596"":1,""U745"":1,""U425"":1,""U175"":1,""U504"":1,""U739"":1,""U511"":1,""U577"":1,""U717"":1,""U101"":1,""U122"":1,""U458"":1,""U483"":1,""U546"":1,""U719"":1,""U337"":1,""U190"":1,""U80"":1,""U447"":1,""U470"":1,""U401"":1,""U695"":1,""U392"":1,""U742"":1,""U457"":1,""U468"":1,""U672"":1,""U750"":1,""U482"":1,""U303"":1,""U59"":1,""U208"":1,""U681"":1,""U55"":1,""U185"":1,""U610"":1,""U214"":1,""U665"":1,""U4"":1,""U389"":1,""U746"":1,""U544"":1,""U599"":1,""U325"":1,""U522"":1,""U402"":1,""U297"":1,""U25"":1,""U228"":1,""U587"":1,""U174"":1,""U705"":1,""U215"":1,""U42"":1,""U463"":1,""U113"":2,""U675"":1,""U440"":1,""U104"":1,""U246"":1,""U536"":1,""U384"":1,""U294"":1,""U701"":1,""U249"":1,""U233"":1,""U422"":1,""U362"":1,""U550"":2,""U160"":1,""U513"":1,""U407"":1,""U11"":1,""U180"":1,""U265"":1,""U554"":1,""U336"":1,""U197"":1,""U487"":1,""U18"":1,""U520"":1,""U555"":1,""U211"":1,""U429"":1}",589.3630001544952,,,,,false,750,,,Gurobi,gurobi_10min,true,600.0,20260829,16,16,100,,true,ok,0.019999980926513672,network_balanced,network_balanced_hardness_sweep,16,,589.3630001544952,10.736999988555908
1,,,,,,Memory_Limit,,MIPSolver,,0.5,cologne_network_balanced_n100_b50_u1000_sd_fixed_network_path,cologne,,false,1.0e100,100,2264,100,100,0.5,200,50,aachen_osm_gtfs_bike_agg100_p100_b50_u1000,13325,400,1000,fixed_network_path,true,,,,false,,sd,sd_fixed_network_path,,,,,,,,,1000,,,Gurobi,gurobi_10min,true,600.0,20260829,16,16,100,,true,memory_limit,527.9320001602173,network_balanced,network_balanced_hardness_sweep,16,,600.0,1110.8629999160767
1,,1000,,1000,,Timelimit,3.4912451,BlCSolver,,0.5,cologne_network_balanced_n100_b50_u1000_blc_astar_fixed_network_path,cologne,,false,1.0e100,100,2264,100,100,0.5,200,50,aachen_osm_gtfs_bike_agg100_p100_b50_u1000,13325,400,1000,fixed_network_path,,,,,,13340326,blc,blc_astar_fixed_network_path,,,,0,0,astar,null,,1000,true,16,Gurobi,gurobi_10min,true,600.0,20260829,16,16,100,,true,timeout,600.7800002098083,network_balanced,network_balanced_hardness_sweep,16,16,600.0,1038.861999988556
,,0,,1000,,Memory_Limit,0.0,BlCSolver,,0.5,cologne_network_balanced_n100_b50_u1000_blc_astar_n_minus_1,cologne,,false,,100,2264,100,100,0.5,200,50,aachen_osm_gtfs_bike_agg100_p100_b50_u1000,13325,400,1000,n_minus_one_most_expensive,,,,,,13340326,blc,blc_astar_n_minus_1,,,,0,0,astar,null,,1000,true,16,Gurobi,gurobi_10min,true,600.0,20260829,16,16,100,,true,memory_limit,,network_balanced,network_balanced_hardness_sweep,16,16,600.0,541.0980000495911
1,,,,,-520.0,Optimal,,MIPSolver,,0.5,cologne_network_balanced_n100_b50_u1000_path_dominance,cologne,,false,0.0,100,2264,100,100,0.5,200,50,aachen_osm_gtfs_bike_agg100_p100_b50_u1000,13325,400,1000,,,17.395000457763672,600.0,labeling,,,path,path_dominance,false,"{""U828"":1,""U396"":1,""U448"":1,""U893"":1,""U19"":1,""U166"":1,""U91"":1,""U155"":1,""U415"":1,""U385"":1,""U980"":1,""U184"":1,""U909"":1,""U716"":1,""U238"":1,""U326"":1,""U851"":1,""U993"":1,""U917"":1,""U930"":1,""U142"":1,""U619"":1,""U24"":1,""U109"":1,""U229"":1,""U569"":1,""U179"":1,""U397"":1,""U491"":1,""U892"":1,""U243"":1,""U485"":1,""U961"":1,""U186"":1,""U359"":1,""U874"":1,""U876"":1,""U691"":1,""U285"":1,""U981"":1,""U492"":1,""U867"":1,""U614"":1,""U444"":1,""U583"":1,""U728"":1,""U735"":1,""U886"":1,""U616"":1,""U341"":1,""U816"":1,""U118"":1,""U533"":1,""U35"":1,""U49"":1,""U321"":1,""U685"":1,""U62"":1,""U5"":1,""U74"":1,""U203"":1,""U729"":1,""U81"":1,""U571"":1,""U776"":1,""U820"":1,""U979"":1,""U984"":1,""U213"":1,""U8"":1,""U455"":1,""U177"":1,""U318"":1,""U31"":1,""U611"":1,""U83"":1,""U50"":1,""U139"":1,""U634"":1,""U751"":1,""U370"":1,""U864"":1,""U508"":1,""U869"":1,""U269"":1,""U46"":1,""U147"":1,""U322"":1,""U666"":1,""U839"":1,""U71"":1,""U335"":1,""U419"":1,""U578"":1,""U579"":1,""U156"":1,""U953"":1,""U592"":1,""U584"":1,""U534"":1,""U441"":2,""U966"":1,""U757"":1,""U761"":1,""U783"":1,""U273"":1,""U340"":1,""U919"":1,""U223"":1,""U378"":1,""U64"":1,""U495"":2,""U344"":1,""U594"":1,""U700"":1,""U842"":1,""U130"":1,""U922"":1,""U987"":1,""U454"":1,""U477"":1,""U239"":1,""U51"":1,""U731"":1,""U868"":1,""U989"":1,""U819"":1,""U946"":1,""U607"":1,""U617"":1,""U320"":1,""U411"":1,""U810"":1,""U34"":1,""U760"":1,""U934"":1,""U199"":1,""U405"":1,""U787"":1,""U304"":1,""U338"":1,""U518"":1,""U772"":1,""U37"":1,""U590"":1,""U706"":1,""U881"":1,""U296"":1,""U221"":1,""U954"":1,""U376"":1,""U328"":1,""U743"":1,""U669"":1,""U108"":1,""U134"":1,""U484"":1,""U486"":1,""U693"":1,""U627"":1,""U63"":1,""U718"":1,""U20"":1,""U847"":1,""U885"":1,""U171"":1,""U279"":1,""U501"":1,""U660"":1,""U794"":1,""U206"":1,""U202"":1,""U921"":1,""U339"":1,""U633"":1,""U818"":1,""U284"":1,""U882"":1,""U976"":1,""U247"":1,""U653"":1,""U879"":1,""U680"":1,""U232"":1,""U105"":1,""U723"":1,""U352"":1,""U114"":1,""U227"":1,""U56"":1,""U574"":1,""U613"":1,""U70"":1,""U414"":1,""U877"":1,""U442"":1,""U490"":1,""U838"":1,""U848"":1,""U931"":1,""U120"":1,""U146"":1,""U173"":1,""U412"":1,""U965"":1,""U821"":1,""U85"":1,""U418"":1,""U721"":1,""U549"":1,""U467"":1,""U400"":2,""U380"":1,""U194"":1,""U200"":1,""U843"":1,""U558"":1,""U453"":1,""U258"":1,""U360"":1,""U670"":1,""U662"":1,""U106"":1,""U694"":1,""U598"":1,""U567"":1,""U36"":1,""U242"":1,""U894"":1,""U375"":1,""U521"":1,""U586"":1,""U66"":1,""U79"":1,""U387"":1,""U99"":1,""U317"":1,""U313"":1,""U541"":1,""U840"":1,""U562"":1,""U824"":1,""U871"":1,""U509"":1,""U911"":1,""U278"":1,""U410"":1,""U22"":1,""U804"":1,""U603"":1,""U310"":1,""U395"":1,""U367"":1,""U939"":1,""U181"":1,""U929"":1,""U96"":1,""U10"":1,""U785"":1,""U924"":1,""U789"":1,""U381"":1,""U189"":1,""U107"":1,""U974"":1,""U784"":1,""U697"":1,""U372"":1,""U293"":1,""U836"":1,""U991"":1,""U264"":1,""U7"":1,""U551"":1,""U636"":1,""U647"":1,""U782"":1,""U856"":1,""U563"":1,""U374"":1,""U345"":1,""U502"":1,""U678"":1,""U481"":1,""U855"":1,""U404"":1,""U138"":1,""U324"":1,""U920"":1,""U119"":1,""U347"":1,""U764"":1,""U316"":1,""U900"":1,""U730"":1,""U377"":1,""U386"":1,""U437"":1,""U529"":1,""U595"":1,""U48"":1,""U943"":1,""U859"":1,""U9"":1,""U559"":1,""U652"":1,""U862"":1,""U512"":1,""U625"":1,""U152"":1,""U945"":1,""U289"":1,""U896"":1,""U188"":1,""U639"":1,""U646"":1,""U769"":1,""U399"":1,""U274"":1,""U446"":1,""U631"":1,""U438"":1,""U90"":1,""U54"":1,""U996"":1,""U866"":1,""U435"":1,""U307"":1,""U923"":1,""U732"":1,""U713"":1,""U445"":1,""U393"":1,""U403"":1,""U937"":1,""U450"":1,""U737"":1,""U356"":1,""U93"":1,""U430"":1,""U84"":1,""U291"":1,""U687"":1,""U548"":1,""U192"":1,""U259"":1,""U102"":1,""U476"":1,""U364"":1,""U556"":1,""U887"":1,""U958"":1,""U355"":1,""U373"":1,""U891"":1,""U128"":1,""U459"":1,""U657"":1,""U198"":1,""U494"":1,""U27"":1,""U191"":1,""U124"":1,""U985"":1,""U664"":1,""U623"":1,""U635"":1,""U733"":1,""U637"":1,""U28"":1,""U52"":1,""U251"":1,""U314"":1,""U952"":1,""U254"":1,""U950"":1,""U69"":1,""U507"":1,""U112"":1,""U849"":1,""U329"":1,""U201"":1,""U281"":1,""U774"":1,""U2"":1,""U333"":1,""U704"":1,""U92"":1,""U766"":1,""U449"":1,""U308"":1,""U286"":1,""U32"":1,""U298"":1,""U283"":1,""U707"":1,""U123"":1,""U668"":1,""U58"":1,""U205"":1,""U172"":1,""U12"":1,""U654"":1,""U626"":1,""U224"":1,""U609"":1,""U277"":1,""U30"":1,""U409"":1,""U517"":1,""U593"":1,""U803"":1,""U330"":1,""U220"":1,""U388"":1,""U736"":1,""U309"":1,""U724"":1,""U271"":1,""U643"":1,""U620"":1,""U674"":1,""U379"":1,""U683"":1,""U834"":1,""U86"":1,""U26"":1,""U236"":1,""U825"":1,""U951"":1,""U163"":1,""U110"":1,""U949"":1,""U655"":1,""U629"":1,""U358"":1,""U514"":1,""U608"":1,""U618"":1,""U770"":1,""U159"":1,""U947"":1,""U98"":1,""U744"":1,""U245"":1,""U44"":1,""U649"":1,""U712"":1,""U137"":1,""U168"":1,""U53"":1,""U975"":1,""U673"":1,""U95"":1,""U424"":1,""U539"":1,""U301"":1,""U165"":1,""U460"":1,""U500"":1,""U942"":1,""U288"":1,""U570"":1,""U928"":1,""U962"":1,""U547"":1,""U638"":1,""U532"":1,""U426"":1,""U21"":1,""U306"":1,""U963"":1,""U342"":1,""U33"":1,""U272"":1,""U253"":1,""U777"":1,""U992"":1,""U170"":1,""U15"":1,""U601"":1,""U575"":1,""U977"":1,""U100"":1,""U799"":1,""U621"":1,""U65"":1,""U747"":1,""U427"":1,""U365"":1,""U295"":1,""U970"":1,""U526"":1,""U835"":1,""U801"":1,""U600"":1,""U38"":1,""U366"":1,""U499"":1,""U478"":1,""U23"":1,""U982"":1,""U845"":1,""U126"":1,""U111"":1,""U432"":1,""U519"":1,""U802"":1,""U606"":1,""U212"":1,""U612"":1,""U16"":1,""U875"":1,""U663"":1,""U561"":1,""U557"":1,""U538"":1,""U431"":1,""U553"":1,""U257"":1,""U758"":1,""U420"":1,""U906"":1,""U762"":1,""U129"":1,""U651"":1,""U941"":1,""U523"":1,""U275"":1,""U439"":1,""U800"":1,""U263"":1,""U935"":1,""U87"":1,""U708"":1,""U282"":1,""U741"":1,""U748"":1,""U357"":1,""U815"":1,""U475"":1,""U323"":1,""U645"":1,""U667"":1,""U580"":1,""U525"":1,""U57"":1,""U473"":1,""U589"":1,""U826"":1,""U331"":1,""U413"":1,""U6"":1,""U560"":1,""U632"":1,""U682"":1,""U576"":1,""U846"":1,""U926"":1,""U456"":1,""U148"":1,""U671"":1,""U505"":1,""U753"":1,""U217"":1,""U428"":1,""U933"":1,""U187"":1,""U332"":1,""U823"":1,""U209"":1,""U262"":1,""U305"":1,""U452"":1,""U45"":1,""U889"":1,""U443"":1,""U417"":1,""U319"":1,""U853"":1,""U469"":1,""U255"":1,""U73"":1,""U734"":1,""U715"":1,""U983"":1,""U910"":1,""U41"":1,""U75"":1,""U248"":1,""U103"":1,""U222"":1,""U795"":1,""U479"":1,""U659"":1,""U369"":1,""U897"":1,""U811"":1,""U398"":1,""U537"":1,""U406"":1,""U806"":1,""U661"":1,""U354"":1,""U235"":1,""U648"":1,""U226"":1,""U178"":1,""U727"":1,""U267"":1,""U688"":1,""U161"":1,""U394"":1,""U497"":1,""U830"":1,""U498"":1,""U749"":1,""U999"":1,""U195"":1,""U349"":1,""U767"":1,""U391"":1,""U542"":1,""U878"":1,""U699"":1,""U572"":1,""U679"":1,""U722"":1,""U72"":1,""U698"":1,""U677"":1,""U361"":1,""U60"":1,""U153"":1,""U913"":1,""U773"":1,""U451"":1,""U196"":1,""U231"":1,""U493"":1,""U908"":1,""U151"":1,""U47"":1,""U218"":1,""U530"":1,""U986"":1,""U535"":1,""U94"":1,""U788"":1,""U644"":1,""U368"":1,""U759"":1,""U290"":1,""U169"":1,""U3"":1,""U266"":1,""U240"":1,""U136"":1,""U343"":1,""U585"":1,""U315"":1,""U676"":1,""U628"":1,""U383"":1,""U990"":1,""U97"":1,""U865"":1,""U408"":1,""U755"":1,""U615"":1,""U77"":1,""U884"":1,""U350"":1,""U940"":1,""U353"":1,""U960"":1,""U516"":1,""U703"":1,""U604"":1,""U684"":1,""U140"":1,""U125"":1,""U912"":1,""U89"":1,""U780"":1,""U506"":1,""U972"":1,""U312"":1,""U276"":1,""U689"":1,""U193"":1,""U234"":1,""U145"":1,""U817"":1,""U237"":1,""U465"":1,""U591"":1,""U150"":1,""U348"":1,""U527"":1,""U581"":1,""U461"":1,""U813"":1,""U244"":1,""U88"":1,""U903"":1,""U131"":1,""U870"":1,""U973"":1,""U480"":1,""U997"":1,""U812"":1,""U261"":1,""U711"":1,""U230"":2,""U423"":1,""U901"":1,""U573"":1,""U280"":1,""U14"":1,""U692"":1,""U726"":1,""U252"":1,""U256"":1,""U916"":1,""U915"":1,""U907"":1,""U524"":1,""U918"":1,""U932"":1,""U710"":1,""U162"":1,""U899"":1,""U540"":1,""U854"":1,""U858"":1,""U756"":1,""U143"":1,""U210"":1,""U814"":1,""U805"":1,""U299"":1,""U883"":1,""U696"":1,""U640"":1,""U311"":1,""U852"":1,""U327"":1,""U827"":1,""U605"":1,""U176"":1,""U466"":1,""U566"":1,""U121"":1,""U292"":1,""U971"":1,""U363"":1,""U390"":1,""U905"":1,""U132"":1,""U219"":1,""U515"":1,""U790"":1,""U346"":1,""U334"":1,""U850"":1,""U779"":1,""U1"":1,""U43"":1,""U597"":1,""U302"":1,""U260"":1,""U860"":1,""U702"":1,""U543"":1,""U957"":1,""U725"":1,""U371"":1,""U658"":1,""U528"":1,""U552"":1,""U503"":1,""U642"":1,""U76"":1,""U488"":1,""U29"":1,""U471"":1,""U117"":1,""U709"":1,""U67"":1,""U510"":1,""U13"":1,""U351"":1,""U149"":1,""U895"":1,""U489"":1,""U472"":1,""U872"":1,""U135"":1,""U144"":1,""U116"":1,""U624"":1,""U565"":1,""U167"":1,""U421"":1,""U225"":1,""U115"":3,""U250"":1,""U650"":1,""U241"":1,""U568"":1,""U720"":1,""U775"":1,""U416"":1,""U763"":1,""U434"":1,""U531"":1,""U797"":1,""U754"":1,""U994"":1,""U82"":1,""U496"":1,""U690"":1,""U880"":1,""U582"":1,""U300"":1,""U622"":1,""U964"":1,""U216"":1,""U861"":1,""U588"":2,""U270"":1,""U738"":1,""U78"":1,""U436"":1,""U39"":1,""U68"":1,""U969"":1,""U462"":1,""U183"":1,""U287"":1,""U602"":1,""U204"":1,""U904"":1,""U807"":1,""U382"":1,""U791"":1,""U714"":1,""U154"":1,""U844"":1,""U630"":1,""U641"":1,""U781"":1,""U127"":1,""U182"":1,""U564"":1,""U207"":1,""U268"":1,""U61"":2,""U656"":1,""U141"":1,""U464"":1,""U433"":1,""U857"":1,""U158"":1,""U948"":1,""U157"":1,""U17"":1,""U686"":1,""U902"":1,""U740"":2,""U752"":1,""U40"":1,""U164"":1,""U474"":1,""U545"":1,""U133"":1,""U596"":1,""U745"":1,""U425"":1,""U175"":1,""U978"":1,""U504"":1,""U1000"":1,""U995"":1,""U739"":1,""U837"":1,""U511"":1,""U577"":1,""U717"":1,""U786"":2,""U968"":1,""U101"":1,""U768"":1,""U122"":1,""U936"":1,""U458"":1,""U483"":1,""U546"":1,""U841"":1,""U719"":1,""U337"":1,""U190"":1,""U80"":1,""U793"":1,""U447"":1,""U470"":1,""U401"":1,""U925"":1,""U695"":1,""U392"":1,""U833"":1,""U742"":1,""U832"":1,""U457"":1,""U468"":1,""U672"":1,""U750"":1,""U956"":1,""U482"":1,""U303"":1,""U59"":1,""U831"":1,""U914"":1,""U809"":1,""U822"":1,""U208"":1,""U681"":1,""U944"":1,""U55"":1,""U185"":1,""U610"":1,""U214"":1,""U665"":1,""U988"":1,""U4"":1,""U389"":1,""U746"":1,""U765"":1,""U959"":1,""U544"":1,""U599"":1,""U325"":1,""U522"":1,""U890"":1,""U402"":1,""U297"":1,""U25"":1,""U228"":1,""U587"":1,""U174"":1,""U778"":1,""U705"":1,""U792"":1,""U796"":1,""U215"":1,""U798"":1,""U42"":1,""U463"":1,""U113"":1,""U675"":2,""U440"":1,""U104"":1,""U998"":1,""U771"":1,""U808"":1,""U938"":1,""U246"":1,""U536"":1,""U384"":1,""U955"":1,""U294"":1,""U873"":1,""U967"":1,""U701"":1,""U249"":1,""U233"":1,""U863"":1,""U888"":1,""U422"":1,""U362"":1,""U550"":1,""U160"":1,""U513"":1,""U407"":1,""U11"":1,""U180"":1,""U265"":1,""U554"":1,""U336"":1,""U197"":1,""U927"":1,""U487"":1,""U829"":1,""U18"":1,""U520"":1,""U555"":1,""U211"":1,""U898"":1,""U429"":1}",582.6049995422363,,,,,true,1000,,,Gurobi,gurobi_10min,true,600.0,20260829,16,16,100,,true,ok,0.028999805450439453,network_balanced,network_balanced_hardness_sweep,16,,582.6049995422363,17.6729998588562
1,,,,,-520.0,Optimal,,MIPSolver,,0.5,cologne_network_balanced_n100_b50_u1000_path_no_dominance,cologne,,false,0.0,100,2264,100,100,0.5,200,50,aachen_osm_gtfs_bike_agg100_p100_b50_u1000,13325,400,1000,,,18.557998657226562,600.0,labeling,,,path,path_no_dominance,false,"{""U828"":1,""U396"":1,""U448"":1,""U893"":1,""U19"":1,""U166"":1,""U91"":1,""U155"":1,""U415"":1,""U385"":1,""U980"":1,""U184"":1,""U909"":1,""U716"":1,""U238"":1,""U326"":1,""U851"":1,""U993"":1,""U917"":1,""U930"":1,""U142"":1,""U619"":1,""U24"":1,""U109"":1,""U229"":1,""U569"":1,""U179"":1,""U397"":1,""U491"":1,""U892"":1,""U243"":1,""U485"":1,""U961"":1,""U186"":1,""U359"":1,""U874"":1,""U876"":1,""U691"":1,""U285"":1,""U981"":1,""U492"":1,""U867"":1,""U614"":1,""U444"":1,""U583"":1,""U728"":1,""U735"":1,""U886"":1,""U616"":1,""U341"":1,""U816"":1,""U118"":1,""U533"":1,""U35"":1,""U49"":1,""U321"":1,""U685"":1,""U62"":1,""U5"":1,""U74"":1,""U203"":1,""U729"":1,""U81"":1,""U571"":1,""U776"":1,""U820"":1,""U979"":1,""U984"":1,""U213"":1,""U8"":1,""U455"":1,""U177"":1,""U318"":1,""U31"":1,""U611"":1,""U83"":1,""U50"":1,""U139"":1,""U634"":1,""U751"":1,""U370"":1,""U864"":1,""U508"":1,""U869"":1,""U269"":1,""U46"":1,""U147"":1,""U322"":1,""U666"":1,""U839"":1,""U71"":1,""U335"":1,""U419"":1,""U578"":1,""U579"":1,""U156"":1,""U953"":1,""U592"":1,""U584"":1,""U534"":1,""U441"":2,""U966"":1,""U757"":1,""U761"":1,""U783"":1,""U273"":1,""U340"":1,""U919"":1,""U223"":1,""U378"":1,""U64"":1,""U495"":2,""U344"":1,""U594"":1,""U700"":1,""U842"":1,""U130"":1,""U922"":1,""U987"":1,""U454"":1,""U477"":1,""U239"":1,""U51"":1,""U731"":1,""U868"":1,""U989"":1,""U819"":1,""U946"":1,""U607"":1,""U617"":1,""U320"":1,""U411"":1,""U810"":1,""U34"":1,""U760"":1,""U934"":1,""U199"":1,""U405"":1,""U787"":1,""U304"":1,""U338"":1,""U518"":1,""U772"":1,""U37"":1,""U590"":1,""U706"":1,""U881"":1,""U296"":1,""U221"":1,""U954"":1,""U376"":1,""U328"":1,""U743"":1,""U669"":1,""U108"":1,""U134"":1,""U484"":1,""U486"":1,""U693"":1,""U627"":1,""U63"":1,""U718"":1,""U20"":1,""U847"":1,""U885"":1,""U171"":1,""U279"":1,""U501"":1,""U660"":1,""U794"":1,""U206"":1,""U202"":1,""U921"":1,""U339"":1,""U633"":1,""U818"":1,""U284"":1,""U882"":1,""U976"":1,""U247"":1,""U653"":1,""U879"":1,""U680"":1,""U232"":1,""U105"":1,""U723"":1,""U352"":1,""U114"":1,""U227"":1,""U56"":1,""U574"":1,""U613"":1,""U70"":1,""U414"":1,""U877"":1,""U442"":1,""U490"":1,""U838"":1,""U848"":1,""U931"":1,""U120"":1,""U146"":1,""U173"":1,""U412"":1,""U965"":1,""U821"":1,""U85"":1,""U418"":1,""U721"":1,""U549"":1,""U467"":1,""U400"":2,""U380"":1,""U194"":1,""U200"":1,""U843"":1,""U558"":1,""U453"":1,""U258"":1,""U360"":1,""U670"":1,""U662"":1,""U106"":1,""U694"":1,""U598"":1,""U567"":1,""U36"":1,""U242"":1,""U894"":1,""U375"":1,""U521"":1,""U586"":1,""U66"":1,""U79"":1,""U387"":1,""U99"":1,""U317"":1,""U313"":1,""U541"":1,""U840"":1,""U562"":1,""U824"":1,""U871"":1,""U509"":1,""U911"":1,""U278"":1,""U410"":1,""U22"":1,""U804"":1,""U603"":1,""U310"":1,""U395"":1,""U367"":1,""U939"":1,""U181"":1,""U929"":1,""U96"":1,""U10"":1,""U785"":1,""U924"":1,""U789"":1,""U381"":1,""U189"":1,""U107"":1,""U974"":1,""U784"":1,""U697"":1,""U372"":1,""U293"":1,""U836"":1,""U991"":1,""U264"":1,""U7"":1,""U551"":1,""U636"":1,""U647"":1,""U782"":1,""U856"":1,""U563"":1,""U374"":1,""U345"":1,""U502"":1,""U678"":1,""U481"":1,""U855"":1,""U404"":1,""U138"":1,""U324"":2,""U920"":1,""U119"":1,""U347"":1,""U764"":1,""U316"":1,""U900"":1,""U730"":1,""U377"":1,""U386"":1,""U437"":1,""U529"":1,""U595"":1,""U48"":1,""U943"":1,""U859"":1,""U9"":1,""U559"":1,""U652"":1,""U862"":1,""U512"":1,""U625"":1,""U152"":1,""U945"":1,""U289"":1,""U896"":1,""U188"":1,""U639"":1,""U646"":1,""U769"":1,""U399"":1,""U274"":1,""U446"":1,""U631"":1,""U438"":1,""U90"":1,""U54"":1,""U996"":1,""U866"":1,""U435"":1,""U307"":1,""U923"":1,""U732"":1,""U713"":1,""U445"":1,""U393"":1,""U403"":1,""U937"":1,""U450"":1,""U737"":1,""U356"":1,""U93"":1,""U430"":1,""U84"":1,""U291"":1,""U687"":1,""U548"":1,""U192"":1,""U259"":1,""U102"":1,""U476"":1,""U364"":1,""U556"":1,""U887"":1,""U958"":1,""U355"":1,""U373"":1,""U891"":1,""U128"":1,""U459"":1,""U657"":1,""U198"":1,""U494"":1,""U27"":1,""U191"":1,""U124"":1,""U985"":1,""U664"":1,""U623"":1,""U635"":1,""U733"":1,""U637"":1,""U28"":1,""U52"":1,""U251"":1,""U314"":1,""U952"":1,""U254"":1,""U950"":1,""U69"":1,""U507"":1,""U112"":1,""U849"":1,""U329"":1,""U201"":1,""U281"":1,""U774"":1,""U2"":1,""U333"":1,""U704"":1,""U92"":1,""U766"":1,""U449"":1,""U308"":1,""U286"":1,""U32"":1,""U298"":1,""U283"":1,""U707"":1,""U123"":1,""U668"":1,""U58"":1,""U205"":1,""U172"":1,""U12"":1,""U654"":1,""U626"":1,""U224"":1,""U609"":1,""U277"":1,""U30"":1,""U409"":1,""U517"":1,""U593"":1,""U803"":1,""U330"":1,""U220"":1,""U388"":1,""U736"":1,""U309"":1,""U724"":1,""U271"":1,""U643"":1,""U620"":1,""U674"":1,""U379"":1,""U683"":1,""U834"":1,""U86"":1,""U26"":1,""U236"":1,""U825"":1,""U951"":1,""U163"":1,""U110"":1,""U949"":1,""U655"":1,""U629"":1,""U358"":1,""U514"":1,""U608"":1,""U618"":1,""U770"":1,""U159"":1,""U947"":1,""U98"":1,""U744"":1,""U245"":1,""U44"":1,""U649"":1,""U712"":1,""U137"":1,""U168"":1,""U53"":1,""U975"":1,""U673"":1,""U95"":1,""U424"":1,""U539"":1,""U301"":1,""U165"":1,""U460"":1,""U500"":1,""U942"":1,""U288"":1,""U570"":1,""U928"":1,""U962"":1,""U547"":1,""U638"":1,""U532"":1,""U426"":1,""U21"":1,""U306"":1,""U963"":1,""U342"":1,""U33"":1,""U272"":1,""U253"":1,""U777"":1,""U992"":1,""U170"":1,""U15"":1,""U601"":1,""U575"":1,""U977"":1,""U100"":1,""U799"":1,""U621"":1,""U65"":1,""U747"":1,""U427"":1,""U365"":1,""U295"":1,""U970"":1,""U526"":1,""U835"":1,""U801"":1,""U600"":1,""U38"":1,""U366"":1,""U499"":1,""U478"":1,""U23"":1,""U982"":1,""U845"":1,""U126"":1,""U111"":1,""U432"":1,""U519"":1,""U802"":1,""U606"":1,""U212"":1,""U612"":1,""U16"":1,""U875"":1,""U663"":1,""U561"":1,""U557"":1,""U538"":1,""U431"":1,""U553"":1,""U257"":1,""U758"":1,""U420"":2,""U906"":1,""U762"":1,""U129"":1,""U651"":1,""U941"":1,""U523"":1,""U275"":1,""U439"":1,""U800"":1,""U263"":1,""U935"":1,""U87"":1,""U708"":1,""U282"":1,""U741"":1,""U748"":1,""U357"":1,""U815"":1,""U475"":1,""U323"":1,""U645"":1,""U667"":1,""U580"":1,""U525"":1,""U57"":1,""U473"":1,""U589"":1,""U826"":1,""U331"":1,""U413"":1,""U6"":1,""U560"":1,""U632"":1,""U682"":1,""U576"":1,""U846"":1,""U926"":1,""U456"":1,""U148"":1,""U671"":1,""U505"":1,""U753"":1,""U217"":1,""U428"":1,""U933"":1,""U187"":1,""U332"":1,""U823"":1,""U209"":1,""U262"":1,""U305"":1,""U452"":1,""U45"":1,""U889"":1,""U443"":1,""U417"":1,""U319"":1,""U853"":1,""U469"":1,""U255"":1,""U73"":1,""U734"":1,""U715"":1,""U983"":1,""U910"":1,""U41"":1,""U75"":1,""U248"":1,""U103"":1,""U222"":1,""U795"":1,""U479"":1,""U659"":1,""U369"":1,""U897"":1,""U811"":1,""U398"":1,""U537"":1,""U406"":1,""U806"":1,""U661"":1,""U354"":1,""U235"":1,""U648"":1,""U226"":1,""U178"":1,""U727"":1,""U267"":1,""U688"":1,""U161"":1,""U394"":1,""U497"":1,""U830"":1,""U498"":1,""U749"":1,""U999"":1,""U195"":1,""U349"":1,""U767"":1,""U391"":1,""U542"":1,""U878"":1,""U699"":1,""U572"":1,""U679"":1,""U722"":1,""U72"":1,""U698"":1,""U677"":1,""U361"":1,""U60"":1,""U153"":1,""U913"":1,""U773"":1,""U451"":1,""U196"":1,""U231"":1,""U493"":1,""U908"":1,""U151"":1,""U47"":1,""U218"":1,""U530"":1,""U986"":1,""U535"":1,""U94"":1,""U788"":1,""U644"":1,""U368"":1,""U759"":1,""U290"":1,""U169"":1,""U3"":1,""U266"":1,""U240"":1,""U136"":1,""U343"":1,""U585"":1,""U315"":1,""U676"":1,""U628"":1,""U383"":1,""U990"":1,""U97"":1,""U865"":1,""U408"":1,""U755"":1,""U615"":1,""U77"":1,""U884"":1,""U350"":1,""U940"":1,""U353"":1,""U960"":1,""U516"":1,""U703"":1,""U604"":1,""U684"":1,""U140"":1,""U125"":1,""U912"":1,""U89"":1,""U780"":1,""U506"":1,""U972"":1,""U312"":1,""U276"":1,""U689"":1,""U193"":1,""U234"":1,""U145"":1,""U817"":1,""U237"":1,""U465"":1,""U591"":1,""U150"":1,""U348"":1,""U527"":1,""U581"":1,""U461"":1,""U813"":1,""U244"":1,""U88"":1,""U903"":1,""U131"":1,""U870"":1,""U973"":1,""U480"":1,""U997"":1,""U812"":1,""U261"":1,""U711"":1,""U230"":2,""U423"":1,""U901"":1,""U573"":1,""U280"":1,""U14"":1,""U692"":1,""U726"":1,""U252"":1,""U256"":1,""U916"":1,""U915"":1,""U907"":1,""U524"":1,""U918"":1,""U932"":1,""U710"":1,""U162"":1,""U899"":1,""U540"":1,""U854"":1,""U858"":1,""U756"":1,""U143"":1,""U210"":1,""U814"":1,""U805"":1,""U299"":1,""U883"":1,""U696"":1,""U640"":1,""U311"":1,""U852"":1,""U327"":1,""U827"":1,""U605"":1,""U176"":1,""U466"":1,""U566"":1,""U121"":1,""U292"":1,""U971"":1,""U363"":1,""U390"":1,""U905"":1,""U132"":1,""U219"":1,""U515"":1,""U790"":1,""U346"":1,""U334"":1,""U850"":1,""U779"":1,""U1"":1,""U43"":1,""U597"":1,""U302"":1,""U260"":1,""U860"":1,""U702"":1,""U543"":1,""U957"":1,""U725"":1,""U371"":1,""U658"":1,""U528"":1,""U552"":1,""U503"":1,""U642"":1,""U76"":1,""U488"":1,""U29"":1,""U471"":1,""U117"":1,""U709"":1,""U67"":1,""U510"":1,""U13"":1,""U351"":1,""U149"":1,""U895"":1,""U489"":1,""U472"":1,""U872"":1,""U135"":1,""U144"":1,""U116"":1,""U624"":1,""U565"":1,""U167"":1,""U421"":1,""U225"":1,""U115"":3,""U250"":1,""U650"":1,""U241"":1,""U568"":1,""U720"":1,""U775"":1,""U416"":1,""U763"":1,""U434"":1,""U531"":1,""U797"":1,""U754"":1,""U994"":1,""U82"":1,""U496"":1,""U690"":1,""U880"":1,""U582"":1,""U300"":1,""U622"":1,""U964"":1,""U216"":1,""U861"":1,""U588"":2,""U270"":1,""U738"":1,""U78"":1,""U436"":1,""U39"":1,""U68"":1,""U969"":1,""U462"":1,""U183"":1,""U287"":1,""U602"":1,""U204"":1,""U904"":1,""U807"":1,""U382"":1,""U791"":1,""U714"":1,""U154"":1,""U844"":1,""U630"":1,""U641"":1,""U781"":1,""U127"":1,""U182"":1,""U564"":1,""U207"":1,""U268"":1,""U61"":2,""U656"":1,""U141"":1,""U464"":1,""U433"":1,""U857"":1,""U158"":1,""U948"":1,""U157"":1,""U17"":1,""U686"":1,""U902"":1,""U740"":2,""U752"":1,""U40"":1,""U164"":1,""U474"":1,""U545"":1,""U133"":1,""U596"":1,""U745"":1,""U425"":1,""U175"":1,""U978"":1,""U504"":1,""U1000"":1,""U995"":1,""U739"":1,""U837"":1,""U511"":1,""U577"":1,""U717"":1,""U786"":3,""U968"":1,""U101"":1,""U768"":1,""U122"":1,""U936"":1,""U458"":1,""U483"":1,""U546"":1,""U841"":1,""U719"":1,""U337"":1,""U190"":1,""U80"":1,""U793"":1,""U447"":1,""U470"":1,""U401"":1,""U925"":1,""U695"":1,""U392"":1,""U833"":1,""U742"":1,""U832"":1,""U457"":1,""U468"":1,""U672"":1,""U750"":1,""U956"":1,""U482"":1,""U303"":1,""U59"":1,""U831"":1,""U914"":1,""U809"":1,""U822"":1,""U208"":1,""U681"":1,""U944"":1,""U55"":1,""U185"":1,""U610"":1,""U214"":1,""U665"":1,""U988"":1,""U4"":1,""U389"":1,""U746"":1,""U765"":1,""U959"":1,""U544"":1,""U599"":1,""U325"":1,""U522"":1,""U890"":1,""U402"":1,""U297"":1,""U25"":1,""U228"":1,""U587"":1,""U174"":1,""U778"":1,""U705"":1,""U792"":1,""U796"":1,""U215"":1,""U798"":1,""U42"":1,""U463"":1,""U113"":1,""U675"":2,""U440"":1,""U104"":1,""U998"":1,""U771"":1,""U808"":1,""U938"":1,""U246"":1,""U536"":1,""U384"":1,""U955"":1,""U294"":1,""U873"":1,""U967"":1,""U701"":1,""U249"":1,""U233"":1,""U863"":1,""U888"":1,""U422"":1,""U362"":1,""U550"":1,""U160"":1,""U513"":1,""U407"":1,""U11"":1,""U180"":1,""U265"":1,""U554"":1,""U336"":1,""U197"":1,""U927"":1,""U487"":1,""U829"":1,""U18"":1,""U520"":1,""U555"":1,""U211"":1,""U898"":1,""U429"":1}",581.4420013427734,,,,,false,1000,,,Gurobi,gurobi_10min,true,600.0,20260829,16,16,100,,true,ok,0.031000137329101562,network_balanced,network_balanced_hardness_sweep,16,,581.4420013427734,18.818000078201294
1,,,,,-52.0,Optimal,,MIPSolver,,0.5,cologne_network_balanced_n150_b50_u300_sd_fixed_network_path,cologne,,false,9.103205396694573e-5,150,3665,150,150,0.5,300,75,aachen_osm_gtfs_bike_agg150_p150_b50_u300,21061,600,300,fixed_network_path,true,,,,false,,sd,sd_fixed_network_path,,,,,,,,,300,,,Gurobi,gurobi_10min,true,600.0,20260829,16,16,150,,true,ok,416.4729998111725,network_balanced,network_balanced_hardness_sweep,16,,600.0,756.9769999980927
0,,,,,,Memory_Limit,,MIPSolver,,0.5,cologne_network_balanced_n150_b50_u300_sd_n_minus_1,cologne,,false,1.0e100,150,3665,150,150,0.5,300,75,aachen_osm_gtfs_bike_agg150_p150_b50_u300,21061,600,300,n_minus_one_most_expensive,true,,,,false,,sd,sd_n_minus_1,,,,,,,,,300,,,Gurobi,gurobi_10min,true,600.0,20260829,16,16,150,,true,memory_limit,210.08500003814697,network_balanced,network_balanced_hardness_sweep,16,,600.0,452.0699999332428
1,,900,,300,-52.0,Optimal,4.343285,BlCSolver,,0.5,cologne_network_balanced_n150_b50_u300_blc_astar_fixed_network_path,cologne,,false,0.0,150,3665,150,150,0.5,300,75,aachen_osm_gtfs_bike_agg150_p150_b50_u300,21061,600,300,fixed_network_path,,,,,,6339962,blc,blc_astar_fixed_network_path,,,,0,0,astar,null,,300,true,16,Gurobi,gurobi_10min,true,600.0,20260829,16,16,150,,true,ok,334.3589999675751,network_balanced,network_balanced_hardness_sweep,16,16,600.0,569.2869999408722
1,,900,,300,-52.0,Optimal,3.8591676,BlCSolver,,0.5,cologne_network_balanced_n150_b50_u300_blc_astar_n_minus_1,cologne,,false,0.0,150,3665,150,150,0.5,300,75,aachen_osm_gtfs_bike_agg150_p150_b50_u300,21061,600,300,n_minus_one_most_expensive,,,,,,6339962,blc,blc_astar_n_minus_1,,,,0,0,astar,null,,300,true,16,Gurobi,gurobi_10min,true,600.0,20260829,16,16,150,,true,ok,331.70700001716614,network_balanced,network_balanced_hardness_sweep,16,16,600.0,488.2699999809265
0,,,,,-52.0,Optimal,,MIPSolver,,0.5,cologne_network_balanced_n150_b50_u300_path_dominance,cologne,,false,0.0,150,3665,150,150,0.5,300,75,aachen_osm_gtfs_bike_agg150_p150_b50_u300,21061,600,300,,,8.538999795913696,600.0,labeling,,,path,path_dominance,false,"{""U23"":1,""U96"":1,""U10"":1,""U126"":1,""U176"":1,""U111"":1,""U19"":1,""U166"":1,""U91"":1,""U189"":1,""U107"":1,""U212"":1,""U121"":1,""U292"":1,""U16"":1,""U155"":1,""U293"":1,""U264"":1,""U7"":1,""U132"":1,""U219"":1,""U257"":1,""U184"":1,""U129"":1,""U275"":1,""U238"":1,""U142"":1,""U1"":1,""U24"":1,""U263"":1,""U43"":1,""U260"":1,""U87"":1,""U109"":1,""U138"":1,""U229"":1,""U119"":1,""U179"":1,""U282"":1,""U243"":1,""U186"":1,""U48"":1,""U57"":1,""U76"":1,""U9"":1,""U29"":1,""U117"":1,""U285"":1,""U67"":1,""U6"":1,""U13"":1,""U149"":1,""U152"":1,""U289"":1,""U188"":1,""U135"":1,""U144"":1,""U148"":1,""U116"":1,""U274"":1,""U167"":1,""U217"":1,""U118"":1,""U187"":1,""U225"":1,""U115"":1,""U250"":1,""U209"":1,""U241"":1,""U262"":1,""U35"":1,""U90"":1,""U54"":1,""U45"":1,""U49"":1,""U62"":1,""U5"":1,""U74"":1,""U203"":1,""U255"":1,""U82"":1,""U73"":1,""U81"":1,""U213"":1,""U8"":1,""U41"":1,""U300"":1,""U177"":1,""U31"":1,""U75"":1,""U83"":1,""U50"":1,""U93"":1,""U216"":1,""U139"":1,""U270"":1,""U78"":1,""U84"":1,""U269"":1,""U46"":1,""U147"":1,""U39"":1,""U68"":1,""U248"":1,""U71"":1,""U291"":1,""U192"":1,""U259"":1,""U103"":1,""U102"":1,""U222"":1,""U183"":1,""U156"":1,""U287"":1,""U204"":1,""U128"":1,""U235"":1,""U154"":1,""U273"":1,""U198"":1,""U226"":1,""U178"":1,""U27"":1,""U191"":1,""U223"":1,""U124"":1,""U267"":1,""U64"":1,""U127"":1,""U182"":1,""U207"":1,""U161"":1,""U130"":1,""U268"":1,""U61"":1,""U141"":1,""U239"":1,""U51"":1,""U158"":1,""U28"":1,""U52"":1,""U157"":1,""U251"":1,""U17"":1,""U195"":1,""U254"":1,""U69"":1,""U112"":1,""U40"":1,""U164"":1,""U72"":1,""U34"":1,""U133"":1,""U199"":1,""U175"":1,""U201"":1,""U281"":1,""U60"":1,""U2"":1,""U153"":1,""U37"":1,""U92"":1,""U196"":1,""U231"":1,""U296"":1,""U286"":1,""U221"":1,""U32"":1,""U151"":1,""U47"":1,""U218"":1,""U298"":1,""U94"":1,""U101"":1,""U283"":1,""U108"":1,""U122"":1,""U123"":1,""U134"":1,""U58"":1,""U205"":1,""U172"":1,""U290"":1,""U12"":1,""U169"":1,""U224"":1,""U3"":1,""U266"":1,""U63"":1,""U240"":1,""U136"":1,""U20"":1,""U190"":1,""U277"":1,""U30"":1,""U80"":1,""U171"":1,""U220"":1,""U279"":2,""U206"":1,""U202"":1,""U271"":1,""U97"":1,""U284"":1,""U77"":1,""U247"":1,""U232"":1,""U105"":1,""U114"":1,""U227"":1,""U59"":1,""U56"":1,""U86"":1,""U26"":1,""U236"":1,""U70"":1,""U208"":1,""U140"":1,""U125"":1,""U163"":1,""U89"":1,""U55"":1,""U110"":1,""U159"":1,""U185"":1,""U214"":1,""U120"":1,""U4"":1,""U98"":1,""U146"":1,""U276"":1,""U173"":1,""U245"":1,""U44"":1,""U193"":1,""U137"":1,""U168"":1,""U85"":1,""U53"":1,""U95"":1,""U297"":1,""U234"":1,""U194"":1,""U200"":1,""U25"":1,""U145"":1,""U228"":1,""U174"":1,""U165"":1,""U258"":1,""U288"":1,""U215"":1,""U237"":1,""U42"":1,""U113"":1,""U106"":1,""U150"":1,""U104"":1,""U244"":1,""U36"":1,""U21"":1,""U242"":1,""U88"":1,""U131"":1,""U33"":1,""U66"":1,""U246"":1,""U272"":1,""U79"":1,""U253"":1,""U261"":1,""U99"":1,""U230"":1,""U170"":1,""U15"":1,""U294"":1,""U280"":1,""U14"":1,""U249"":1,""U252"":1,""U256"":1,""U233"":1,""U100"":1,""U278"":1,""U160"":1,""U22"":1,""U65"":1,""U11"":1,""U180"":1,""U162"":1,""U265"":1,""U295"":1,""U197"":1,""U143"":1,""U210"":1,""U38"":1,""U18"":1,""U299"":1,""U211"":1,""U181"":1}",591.4610002040863,,,,,true,300,,,Gurobi,gurobi_10min,true,600.0,20260829,16,16,150,,true,ok,0.03099989891052246,network_balanced,network_balanced_hardness_sweep,16,,591.4610002040863,8.719000101089478
0,,,,,-52.0,Optimal,,MIPSolver,,0.5,cologne_network_balanced_n150_b50_u300_path_no_dominance,cologne,,false,0.0,150,3665,150,150,0.5,300,75,aachen_osm_gtfs_bike_agg150_p150_b50_u300,21061,600,300,,,8.208999872207642,600.0,labeling,,,path,path_no_dominance,false,"{""U23"":1,""U96"":1,""U10"":1,""U126"":1,""U176"":1,""U111"":1,""U19"":1,""U166"":1,""U91"":1,""U189"":1,""U107"":1,""U212"":1,""U121"":1,""U292"":1,""U16"":1,""U155"":1,""U293"":1,""U264"":1,""U7"":1,""U132"":1,""U219"":1,""U257"":1,""U184"":1,""U129"":1,""U275"":1,""U238"":1,""U142"":1,""U1"":1,""U24"":1,""U263"":1,""U43"":1,""U260"":1,""U87"":1,""U109"":1,""U138"":1,""U229"":1,""U119"":1,""U179"":1,""U282"":1,""U243"":1,""U186"":1,""U48"":1,""U57"":1,""U76"":1,""U9"":1,""U29"":1,""U117"":1,""U285"":1,""U67"":1,""U6"":1,""U13"":1,""U149"":1,""U152"":1,""U289"":1,""U188"":1,""U135"":1,""U144"":1,""U148"":1,""U116"":1,""U274"":1,""U167"":1,""U217"":1,""U118"":1,""U187"":1,""U225"":1,""U115"":1,""U250"":1,""U209"":1,""U241"":1,""U262"":1,""U35"":1,""U90"":1,""U54"":1,""U45"":1,""U49"":1,""U62"":1,""U5"":1,""U74"":1,""U203"":1,""U255"":1,""U82"":1,""U73"":1,""U81"":1,""U213"":1,""U8"":1,""U41"":1,""U300"":1,""U177"":1,""U31"":1,""U75"":1,""U83"":1,""U50"":1,""U93"":1,""U216"":1,""U139"":1,""U270"":1,""U78"":1,""U84"":1,""U269"":1,""U46"":1,""U147"":1,""U39"":1,""U68"":1,""U248"":1,""U71"":1,""U291"":1,""U192"":1,""U259"":1,""U103"":1,""U102"":1,""U222"":1,""U183"":1,""U156"":1,""U287"":1,""U204"":1,""U128"":1,""U235"":1,""U154"":1,""U273"":1,""U198"":1,""U226"":1,""U178"":1,""U27"":1,""U191"":1,""U223"":1,""U124"":1,""U267"":1,""U64"":1,""U127"":1,""U182"":1,""U207"":1,""U161"":1,""U130"":1,""U268"":1,""U61"":1,""U141"":1,""U239"":1,""U51"":1,""U158"":1,""U28"":1,""U52"":1,""U157"":1,""U251"":1,""U17"":1,""U195"":1,""U254"":1,""U69"":1,""U112"":1,""U40"":1,""U164"":1,""U72"":1,""U34"":1,""U133"":1,""U199"":1,""U175"":1,""U201"":1,""U281"":1,""U60"":1,""U2"":1,""U153"":1,""U37"":1,""U92"":1,""U196"":1,""U231"":1,""U296"":1,""U286"":1,""U221"":1,""U32"":1,""U151"":1,""U47"":1,""U218"":1,""U298"":1,""U94"":1,""U101"":1,""U283"":1,""U108"":1,""U122"":1,""U123"":1,""U134"":1,""U58"":1,""U205"":1,""U172"":1,""U290"":1,""U12"":1,""U169"":1,""U224"":1,""U3"":1,""U266"":1,""U63"":1,""U240"":1,""U136"":1,""U20"":1,""U190"":1,""U277"":1,""U30"":1,""U80"":1,""U171"":1,""U220"":1,""U279"":2,""U206"":1,""U202"":1,""U271"":1,""U97"":1,""U284"":1,""U77"":1,""U247"":1,""U232"":1,""U105"":1,""U114"":1,""U227"":1,""U59"":1,""U56"":1,""U86"":1,""U26"":1,""U236"":1,""U70"":1,""U208"":1,""U140"":1,""U125"":1,""U163"":1,""U89"":1,""U55"":1,""U110"":1,""U159"":1,""U185"":1,""U214"":1,""U120"":1,""U4"":1,""U98"":1,""U146"":1,""U276"":1,""U173"":1,""U245"":1,""U44"":1,""U193"":1,""U137"":1,""U168"":1,""U85"":1,""U53"":1,""U95"":1,""U297"":1,""U234"":1,""U194"":1,""U200"":1,""U25"":1,""U145"":1,""U228"":1,""U174"":1,""U165"":1,""U258"":1,""U288"":1,""U215"":1,""U237"":1,""U42"":1,""U113"":1,""U106"":1,""U150"":1,""U104"":1,""U244"":1,""U36"":1,""U21"":1,""U242"":1,""U88"":1,""U131"":1,""U33"":1,""U66"":1,""U246"":1,""U272"":1,""U79"":1,""U253"":1,""U261"":1,""U99"":1,""U230"":1,""U170"":1,""U15"":1,""U294"":1,""U280"":1,""U14"":1,""U249"":1,""U252"":1,""U256"":1,""U233"":1,""U100"":1,""U278"":1,""U160"":1,""U22"":1,""U65"":1,""U11"":1,""U180"":1,""U162"":1,""U265"":1,""U295"":1,""U197"":1,""U143"":1,""U210"":1,""U38"":1,""U18"":1,""U299"":1,""U211"":1,""U181"":1}",591.7910001277924,,,,,false,300,,,Gurobi,gurobi_10min,true,600.0,20260829,16,16,150,,true,ok,0.021999835968017578,network_balanced,network_balanced_hardness_sweep,16,,591.7910001277924,8.395999908447266
1,,,,,,Memory_Limit,,MIPSolver,,0.5,cologne_network_balanced_n150_b50_u500_sd_fixed_network_path,cologne,,false,1.0e100,150,3665,150,150,0.5,300,75,aachen_osm_gtfs_bike_agg150_p150_b50_u500,21061,600,500,fixed_network_path,true,,,,false,,sd,sd_fixed_network_path,,,,,,,,,500,,,Gurobi,gurobi_10min,true,600.0,20260829,16,16,150,,true,memory_limit,496.37199997901917,network_balanced,network_balanced_hardness_sweep,16,,600.0,981.1309998035431
0,,,,,,Memory_Limit,,MIPSolver,,0.5,cologne_network_balanced_n150_b50_u500_sd_n_minus_1,cologne,,false,1.0e100,150,3665,150,150,0.5,300,75,aachen_osm_gtfs_bike_agg150_p150_b50_u500,21061,600,500,n_minus_one_most_expensive,true,,,,false,,sd,sd_n_minus_1,,,,,,,,,500,,,Gurobi,gurobi_10min,true,600.0,20260829,16,16,150,,true,memory_limit,271.83899998664856,network_balanced,network_balanced_hardness_sweep,16,,600.0,634.8340001106262
1,,500,,500,,Timelimit,3.7516739,BlCSolver,,0.5,cologne_network_balanced_n150_b50_u500_blc_astar_fixed_network_path,cologne,,false,1.0e100,150,3665,150,150,0.5,300,75,aachen_osm_gtfs_bike_agg150_p150_b50_u500,21061,600,500,fixed_network_path,,,,,,10552562,blc,blc_astar_fixed_network_path,,,,0,0,astar,null,,500,true,16,Gurobi,gurobi_10min,true,600.0,20260829,16,16,150,,true,timeout,600.7309999465942,network_balanced,network_balanced_hardness_sweep,16,16,600.0,967.9099998474121
1,,500,,500,,Timelimit,2.7179808,BlCSolver,,0.5,cologne_network_balanced_n150_b50_u500_blc_astar_n_minus_1,cologne,,false,1.0e100,150,3665,150,150,0.5,300,75,aachen_osm_gtfs_bike_agg150_p150_b50_u500,21061,600,500,n_minus_one_most_expensive,,,,,,10552562,blc,blc_astar_n_minus_1,,,,0,0,astar,null,,500,true,16,Gurobi,gurobi_10min,true,600.0,20260829,16,16,150,,true,timeout,600.960000038147,network_balanced,network_balanced_hardness_sweep,16,16,600.0,861.7639999389648
0,,,,,-145.0,Optimal,,MIPSolver,,0.5,cologne_network_balanced_n150_b50_u500_path_dominance,cologne,,false,0.0,150,3665,150,150,0.5,300,75,aachen_osm_gtfs_bike_agg150_p150_b50_u500,21061,600,500,,,13.32800030708313,600.0,labeling,,,path,path_dominance,false,"{""U23"":1,""U96"":1,""U327"":1,""U10"":1,""U396"":1,""U126"":1,""U176"":1,""U448"":1,""U111"":1,""U432"":1,""U381"":1,""U19"":1,""U166"":1,""U91"":1,""U189"":1,""U466"":1,""U107"":1,""U212"":1,""U121"":1,""U292"":1,""U16"":1,""U155"":1,""U363"":1,""U390"":1,""U372"":2,""U293"":2,""U415"":1,""U385"":1,""U431"":1,""U264"":1,""U7"":1,""U132"":1,""U219"":1,""U257"":1,""U184"":1,""U420"":1,""U346"":1,""U129"":1,""U334"":1,""U275"":1,""U238"":1,""U326"":1,""U439"":1,""U142"":1,""U1"":1,""U24"":1,""U263"":1,""U374"":1,""U43"":1,""U345"":1,""U481"":1,""U302"":1,""U260"":1,""U404"":1,""U87"":1,""U109"":1,""U138"":1,""U324"":1,""U229"":1,""U119"":1,""U347"":1,""U179"":1,""U282"":1,""U397"":1,""U357"":1,""U316"":1,""U475"":1,""U491"":1,""U243"":1,""U323"":1,""U485"":1,""U377"":1,""U186"":1,""U371"":1,""U386"":1,""U437"":1,""U359"":1,""U48"":1,""U57"":1,""U76"":1,""U9"":1,""U488"":1,""U29"":1,""U473"":1,""U471"":1,""U117"":1,""U285"":1,""U331"":1,""U413"":1,""U67"":1,""U6"":1,""U13"":1,""U351"":1,""U492"":1,""U149"":1,""U152"":1,""U489"":2,""U289"":1,""U188"":1,""U444"":1,""U456"":1,""U472"":1,""U135"":1,""U144"":1,""U148"":1,""U116"":1,""U399"":1,""U274"":1,""U167"":1,""U341"":1,""U217"":1,""U421"":1,""U428"":1,""U446"":1,""U118"":1,""U187"":1,""U225"":1,""U115"":1,""U250"":1,""U332"":1,""U438"":1,""U209"":1,""U241"":1,""U262"":1,""U35"":1,""U90"":1,""U54"":1,""U305"":1,""U452"":1,""U416"":1,""U45"":1,""U49"":1,""U443"":1,""U321"":1,""U319"":1,""U417"":1,""U469"":1,""U62"":1,""U5"":1,""U435"":1,""U74"":1,""U307"":1,""U203"":1,""U434"":1,""U255"":1,""U82"":1,""U73"":1,""U81"":1,""U445"":1,""U496"":1,""U213"":1,""U8"":1,""U393"":1,""U41"":1,""U403"":1,""U300"":1,""U455"":1,""U450"":1,""U177"":1,""U318"":1,""U31"":1,""U356"":1,""U75"":1,""U83"":1,""U50"":1,""U93"":1,""U216"":1,""U139"":1,""U270"":1,""U430"":1,""U370"":1,""U78"":1,""U84"":1,""U269"":1,""U436"":1,""U46"":1,""U147"":1,""U39"":1,""U68"":1,""U248"":1,""U71"":1,""U291"":1,""U322"":1,""U335"":1,""U192"":1,""U259"":1,""U419"":1,""U103"":1,""U102"":1,""U222"":1,""U462"":1,""U476"":1,""U364"":1,""U369"":1,""U479"":1,""U183"":1,""U156"":1,""U287"":1,""U204"":1,""U355"":1,""U398"":1,""U441"":1,""U373"":1,""U406"":1,""U354"":1,""U128"":1,""U459"":1,""U382"":1,""U235"":1,""U154"":1,""U273"":1,""U198"":1,""U494"":1,""U226"":1,""U340"":1,""U178"":1,""U27"":1,""U191"":1,""U223"":1,""U124"":1,""U267"":1,""U378"":1,""U64"":1,""U495"":1,""U127"":1,""U182"":1,""U344"":1,""U207"":1,""U161"":1,""U130"":1,""U268"":1,""U394"":1,""U454"":1,""U61"":1,""U141"":1,""U464"":1,""U477"":1,""U433"":1,""U497"":1,""U239"":1,""U51"":1,""U498"":1,""U158"":1,""U28"":1,""U52"":1,""U157"":1,""U251"":1,""U17"":1,""U195"":1,""U254"":1,""U314"":1,""U349"":1,""U391"":1,""U69"":1,""U112"":1,""U320"":1,""U411"":1,""U329"":1,""U40"":1,""U164"":1,""U72"":1,""U474"":1,""U34"":1,""U133"":1,""U199"":1,""U425"":1,""U175"":1,""U405"":1,""U361"":1,""U201"":1,""U281"":1,""U304"":1,""U338"":1,""U60"":1,""U2"":1,""U153"":1,""U333"":1,""U37"":1,""U92"":1,""U451"":1,""U449"":1,""U196"":1,""U231"":1,""U493"":1,""U296"":1,""U308"":1,""U286"":1,""U221"":1,""U32"":1,""U151"":1,""U376"":1,""U47"":1,""U218"":1,""U298"":1,""U328"":1,""U94"":1,""U101"":1,""U283"":1,""U108"":1,""U122"":1,""U123"":1,""U134"":1,""U58"":1,""U205"":1,""U172"":1,""U368"":1,""U458"":1,""U290"":1,""U12"":1,""U169"":1,""U483"":1,""U484"":1,""U486"":1,""U224"":1,""U337"":1,""U3"":1,""U266"":1,""U63"":1,""U240"":1,""U136"":1,""U20"":1,""U190"":1,""U277"":1,""U343"":1,""U30"":1,""U409"":1,""U80"":1,""U171"":1,""U330"":1,""U220"":1,""U279"":1,""U315"":1,""U388"":1,""U309"":1,""U447"":1,""U206"":1,""U202"":1,""U271"":1,""U401"":1,""U470"":1,""U383"":1,""U339"":1,""U97"":1,""U408"":1,""U392"":1,""U284"":1,""U77"":1,""U379"":1,""U247"":1,""U457"":1,""U468"":1,""U350"":1,""U232"":1,""U105"":1,""U353"":1,""U482"":1,""U352"":1,""U114"":1,""U227"":1,""U303"":1,""U59"":1,""U56"":1,""U86"":1,""U26"":1,""U236"":1,""U70"":1,""U208"":1,""U140"":1,""U125"":1,""U163"":1,""U414"":1,""U89"":1,""U55"":1,""U110"":1,""U358"":1,""U442"":1,""U490"":1,""U159"":1,""U185"":1,""U214"":1,""U120"":1,""U4"":1,""U98"":1,""U146"":1,""U276"":1,""U173"":1,""U312"":1,""U389"":1,""U245"":1,""U44"":1,""U412"":1,""U193"":1,""U137"":1,""U168"":1,""U85"":1,""U53"":1,""U325"":1,""U418"":1,""U95"":1,""U402"":1,""U297"":1,""U424"":1,""U467"":1,""U400"":1,""U380"":1,""U234"":1,""U194"":1,""U200"":1,""U25"":1,""U145"":1,""U228"":1,""U301"":1,""U174"":1,""U165"":1,""U460"":1,""U500"":1,""U453"":1,""U258"":1,""U288"":1,""U215"":1,""U237"":1,""U465"":1,""U42"":1,""U360"":1,""U113"":1,""U463"":1,""U106"":1,""U150"":1,""U348"":1,""U104"":1,""U440"":1,""U461"":1,""U244"":1,""U426"":1,""U36"":1,""U21"":1,""U242"":1,""U306"":1,""U88"":1,""U375"":1,""U342"":1,""U131"":1,""U33"":1,""U66"":1,""U246"":1,""U272"":1,""U480"":1,""U79"":1,""U253"":1,""U261"":1,""U387"":1,""U99"":1,""U230"":1,""U317"":1,""U170"":1,""U313"":1,""U15"":1,""U384"":1,""U423"":1,""U294"":1,""U280"":1,""U14"":1,""U249"":1,""U252"":1,""U256"":1,""U233"":1,""U422"":1,""U362"":1,""U100"":1,""U278"":1,""U160"":1,""U410"":1,""U22"":1,""U65"":1,""U310"":1,""U11"":1,""U180"":1,""U407"":1,""U427"":1,""U162"":1,""U265"":1,""U365"":1,""U295"":1,""U336"":1,""U197"":1,""U395"":1,""U143"":1,""U210"":1,""U367"":1,""U487"":1,""U38"":1,""U366"":1,""U18"":1,""U299"":1,""U499"":1,""U211"":1,""U311"":1,""U478"":1,""U429"":1,""U181"":1}",586.6719996929169,,,,,true,500,,,Gurobi,gurobi_10min,true,600.0,20260829,16,16,150,,true,ok,0.03099989891052246,network_balanced,network_balanced_hardness_sweep,16,,586.6719996929169,13.551999807357788
0,,,,,-145.0,Optimal,,MIPSolver,,0.5,cologne_network_balanced_n150_b50_u500_path_no_dominance,cologne,,false,0.0,150,3665,150,150,0.5,300,75,aachen_osm_gtfs_bike_agg150_p150_b50_u500,21061,600,500,,,13.855999946594238,600.0,labeling,,,path,path_no_dominance,false,"{""U23"":1,""U96"":1,""U327"":1,""U10"":1,""U396"":1,""U126"":1,""U176"":1,""U448"":1,""U111"":1,""U432"":1,""U381"":1,""U19"":1,""U166"":1,""U91"":1,""U189"":1,""U466"":1,""U107"":1,""U212"":1,""U121"":1,""U292"":1,""U16"":1,""U155"":1,""U363"":1,""U390"":2,""U372"":2,""U293"":2,""U415"":1,""U385"":1,""U431"":1,""U264"":1,""U7"":1,""U132"":1,""U219"":1,""U257"":1,""U184"":1,""U420"":1,""U346"":1,""U129"":1,""U334"":1,""U275"":1,""U238"":1,""U326"":1,""U439"":1,""U142"":1,""U1"":1,""U24"":1,""U263"":1,""U374"":1,""U43"":1,""U345"":1,""U481"":1,""U302"":1,""U260"":1,""U404"":1,""U87"":1,""U109"":1,""U138"":1,""U324"":1,""U229"":1,""U119"":1,""U347"":1,""U179"":1,""U282"":1,""U397"":1,""U357"":1,""U316"":1,""U475"":1,""U491"":1,""U243"":1,""U323"":1,""U485"":1,""U377"":1,""U186"":1,""U371"":1,""U386"":1,""U437"":1,""U359"":1,""U48"":1,""U57"":1,""U76"":1,""U9"":1,""U488"":1,""U29"":1,""U473"":1,""U471"":1,""U117"":1,""U285"":1,""U331"":1,""U413"":1,""U67"":1,""U6"":1,""U13"":1,""U351"":1,""U492"":1,""U149"":1,""U152"":1,""U489"":2,""U289"":1,""U188"":1,""U444"":1,""U456"":1,""U472"":1,""U135"":1,""U144"":1,""U148"":1,""U116"":1,""U399"":1,""U274"":1,""U167"":1,""U341"":1,""U217"":1,""U421"":1,""U428"":1,""U446"":1,""U118"":1,""U187"":1,""U225"":1,""U115"":1,""U250"":1,""U332"":1,""U438"":1,""U209"":1,""U241"":1,""U262"":1,""U35"":1,""U90"":1,""U54"":1,""U305"":1,""U452"":1,""U416"":1,""U45"":1,""U49"":1,""U443"":1,""U321"":1,""U319"":1,""U417"":1,""U469"":1,""U62"":1,""U5"":1,""U435"":1,""U74"":1,""U307"":1,""U203"":1,""U434"":1,""U255"":1,""U82"":1,""U73"":1,""U81"":1,""U445"":1,""U496"":1,""U213"":1,""U8"":1,""U393"":1,""U41"":1,""U403"":1,""U300"":1,""U455"":1,""U450"":1,""U177"":1,""U318"":1,""U31"":1,""U356"":1,""U75"":1,""U83"":1,""U50"":1,""U93"":1,""U216"":1,""U139"":1,""U270"":1,""U430"":1,""U370"":1,""U78"":1,""U84"":1,""U269"":1,""U436"":1,""U46"":1,""U147"":1,""U39"":1,""U68"":1,""U248"":1,""U71"":1,""U291"":1,""U322"":1,""U335"":1,""U192"":1,""U259"":1,""U419"":1,""U103"":1,""U102"":1,""U222"":1,""U462"":1,""U476"":1,""U364"":1,""U369"":1,""U479"":1,""U183"":1,""U156"":1,""U287"":1,""U204"":1,""U355"":1,""U398"":1,""U441"":1,""U373"":1,""U406"":1,""U354"":1,""U128"":1,""U459"":1,""U382"":1,""U235"":1,""U154"":1,""U273"":1,""U198"":1,""U494"":1,""U226"":1,""U340"":1,""U178"":1,""U27"":1,""U191"":1,""U223"":1,""U124"":1,""U267"":1,""U378"":1,""U64"":1,""U495"":1,""U127"":1,""U182"":1,""U344"":1,""U207"":1,""U161"":1,""U130"":1,""U268"":1,""U394"":1,""U454"":1,""U61"":1,""U141"":1,""U464"":1,""U477"":1,""U433"":1,""U497"":1,""U239"":1,""U51"":1,""U498"":1,""U158"":1,""U28"":1,""U52"":1,""U157"":1,""U251"":1,""U17"":1,""U195"":1,""U254"":1,""U314"":1,""U349"":1,""U391"":1,""U69"":1,""U112"":1,""U320"":1,""U411"":1,""U329"":1,""U40"":1,""U164"":1,""U72"":1,""U474"":1,""U34"":1,""U133"":1,""U199"":1,""U425"":1,""U175"":1,""U405"":1,""U361"":1,""U201"":1,""U281"":1,""U304"":1,""U338"":1,""U60"":1,""U2"":1,""U153"":1,""U333"":1,""U37"":1,""U92"":1,""U451"":1,""U449"":1,""U196"":1,""U231"":1,""U493"":1,""U296"":1,""U308"":1,""U286"":1,""U221"":1,""U32"":1,""U151"":1,""U376"":1,""U47"":1,""U218"":1,""U298"":1,""U328"":1,""U94"":1,""U101"":1,""U283"":1,""U108"":1,""U122"":1,""U123"":1,""U134"":1,""U58"":1,""U205"":1,""U172"":1,""U368"":1,""U458"":1,""U290"":1,""U12"":1,""U169"":1,""U483"":1,""U484"":1,""U486"":1,""U224"":1,""U337"":1,""U3"":1,""U266"":1,""U63"":1,""U240"":1,""U136"":1,""U20"":1,""U190"":1,""U277"":1,""U343"":1,""U30"":1,""U409"":1,""U80"":1,""U171"":1,""U330"":1,""U220"":1,""U279"":1,""U315"":1,""U388"":1,""U309"":1,""U447"":1,""U206"":1,""U202"":1,""U271"":1,""U401"":1,""U470"":1,""U383"":1,""U339"":1,""U97"":1,""U408"":1,""U392"":1,""U284"":1,""U77"":1,""U379"":1,""U247"":1,""U457"":1,""U468"":1,""U350"":1,""U232"":1,""U105"":1,""U353"":1,""U482"":1,""U352"":1,""U114"":1,""U227"":1,""U303"":1,""U59"":1,""U56"":1,""U86"":1,""U26"":1,""U236"":1,""U70"":1,""U208"":1,""U140"":1,""U125"":1,""U163"":1,""U414"":1,""U89"":1,""U55"":1,""U110"":1,""U358"":1,""U442"":1,""U490"":1,""U159"":1,""U185"":1,""U214"":1,""U120"":1,""U4"":1,""U98"":1,""U146"":1,""U276"":1,""U173"":1,""U312"":1,""U389"":1,""U245"":1,""U44"":1,""U412"":1,""U193"":1,""U137"":1,""U168"":1,""U85"":1,""U53"":1,""U325"":1,""U418"":1,""U95"":1,""U402"":1,""U297"":1,""U424"":1,""U467"":1,""U400"":1,""U380"":1,""U234"":1,""U194"":1,""U200"":1,""U25"":1,""U145"":1,""U228"":1,""U301"":1,""U174"":2,""U165"":1,""U460"":1,""U500"":1,""U453"":1,""U258"":1,""U288"":1,""U215"":1,""U237"":1,""U465"":1,""U42"":1,""U360"":1,""U113"":1,""U463"":1,""U106"":1,""U150"":1,""U348"":1,""U104"":1,""U440"":1,""U461"":1,""U244"":1,""U426"":1,""U36"":1,""U21"":1,""U242"":1,""U306"":1,""U88"":1,""U375"":1,""U342"":1,""U131"":1,""U33"":1,""U66"":1,""U246"":1,""U272"":1,""U480"":1,""U79"":1,""U253"":1,""U261"":1,""U387"":1,""U99"":1,""U230"":1,""U317"":1,""U170"":1,""U313"":1,""U15"":1,""U384"":1,""U423"":1,""U294"":1,""U280"":1,""U14"":1,""U249"":1,""U252"":1,""U256"":1,""U233"":1,""U422"":1,""U362"":1,""U100"":1,""U278"":1,""U160"":1,""U410"":1,""U22"":1,""U65"":1,""U310"":1,""U11"":1,""U180"":1,""U407"":1,""U427"":1,""U162"":1,""U265"":1,""U365"":1,""U295"":1,""U336"":1,""U197"":1,""U395"":1,""U143"":1,""U210"":1,""U367"":1,""U487"":1,""U38"":1,""U366"":1,""U18"":1,""U299"":1,""U499"":1,""U211"":1,""U311"":1,""U478"":1,""U429"":1,""U181"":1}",586.1440000534058,,,,,false,500,,,Gurobi,gurobi_10min,true,600.0,20260829,16,16,150,,true,ok,0.021000146865844727,network_balanced,network_balanced_hardness_sweep,16,,586.1440000534058,14.045000076293945
1,,,,,,Memory_Limit,,MIPSolver,,0.5,cologne_network_balanced_n150_b50_u750_sd_fixed_network_path,cologne,,false,1.0e100,150,3665,150,150,0.5,300,75,aachen_osm_gtfs_bike_agg150_p150_b50_u750,21061,600,750,fixed_network_path,true,,,,false,,sd,sd_fixed_network_path,,,,,,,,,750,,,Gurobi,gurobi_10min,true,600.0,20260829,16,16,150,,true,memory_limit,472.2190001010895,network_balanced,network_balanced_hardness_sweep,16,,600.0,1214.1779999732971
,,0,,750,,Memory_Limit,0.0,BlCSolver,,0.5,cologne_network_balanced_n150_b50_u750_blc_astar_fixed_network_path,cologne,,false,,150,3665,150,150,0.5,300,75,aachen_osm_gtfs_bike_agg150_p150_b50_u750,21061,600,750,fixed_network_path,,,,,,15818312,blc,blc_astar_fixed_network_path,,,,0,0,astar,null,,750,true,16,Gurobi,gurobi_10min,true,600.0,20260829,16,16,150,,true,memory_limit,,network_balanced,network_balanced_hardness_sweep,16,16,600.0,695.1719999313354
,,0,,750,,Memory_Limit,0.0,BlCSolver,,0.5,cologne_network_balanced_n150_b50_u750_blc_astar_n_minus_1,cologne,,false,,150,3665,150,150,0.5,300,75,aachen_osm_gtfs_bike_agg150_p150_b50_u750,21061,600,750,n_minus_one_most_expensive,,,,,,15818312,blc,blc_astar_n_minus_1,,,,0,0,astar,null,,750,true,16,Gurobi,gurobi_10min,true,600.0,20260829,16,16,150,,true,memory_limit,,network_balanced,network_balanced_hardness_sweep,16,16,600.0,537.0360000133514
1,,,,,-416.0,Optimal,,MIPSolver,,0.5,cologne_network_balanced_n150_b50_u750_path_dominance,cologne,,false,0.0,150,3665,150,150,0.5,300,75,aachen_osm_gtfs_bike_agg150_p150_b50_u750,21061,600,750,,,20.332000494003296,600.0,labeling,,,path,path_dominance,false,"{""U396"":1,""U448"":1,""U19"":1,""U166"":1,""U91"":1,""U155"":1,""U415"":1,""U385"":1,""U184"":1,""U716"":1,""U238"":1,""U326"":1,""U142"":1,""U619"":1,""U24"":1,""U109"":1,""U229"":1,""U569"":1,""U179"":1,""U397"":1,""U491"":1,""U243"":1,""U485"":1,""U186"":1,""U359"":1,""U691"":1,""U285"":1,""U492"":1,""U614"":1,""U444"":1,""U583"":1,""U728"":1,""U735"":1,""U616"":1,""U341"":1,""U118"":1,""U533"":1,""U35"":1,""U49"":1,""U321"":1,""U685"":1,""U62"":1,""U5"":1,""U74"":1,""U203"":1,""U729"":1,""U81"":1,""U571"":1,""U213"":1,""U8"":1,""U455"":1,""U177"":1,""U318"":1,""U31"":1,""U611"":1,""U83"":1,""U50"":1,""U139"":1,""U634"":1,""U370"":1,""U508"":1,""U269"":1,""U46"":1,""U147"":1,""U322"":1,""U666"":1,""U71"":1,""U335"":1,""U419"":1,""U578"":1,""U579"":1,""U156"":1,""U592"":1,""U584"":1,""U534"":1,""U441"":1,""U273"":1,""U340"":1,""U223"":1,""U378"":1,""U64"":1,""U495"":1,""U344"":1,""U594"":1,""U700"":1,""U130"":1,""U454"":1,""U477"":1,""U239"":1,""U51"":1,""U731"":1,""U607"":1,""U617"":1,""U320"":1,""U411"":2,""U34"":1,""U199"":1,""U405"":1,""U304"":1,""U338"":1,""U518"":1,""U37"":1,""U590"":1,""U706"":1,""U296"":1,""U221"":1,""U376"":1,""U328"":1,""U743"":1,""U669"":1,""U108"":1,""U134"":1,""U484"":1,""U486"":1,""U693"":1,""U627"":1,""U63"":1,""U718"":1,""U20"":1,""U171"":1,""U279"":1,""U501"":1,""U660"":1,""U206"":1,""U202"":1,""U339"":1,""U633"":1,""U284"":1,""U247"":1,""U653"":1,""U680"":1,""U232"":1,""U105"":1,""U723"":1,""U352"":1,""U114"":1,""U227"":1,""U56"":1,""U574"":1,""U613"":1,""U70"":2,""U414"":1,""U442"":1,""U490"":1,""U120"":1,""U146"":1,""U173"":1,""U412"":1,""U85"":1,""U418"":1,""U721"":1,""U549"":1,""U467"":1,""U400"":1,""U380"":1,""U194"":1,""U200"":1,""U558"":1,""U453"":1,""U258"":1,""U360"":1,""U670"":1,""U662"":1,""U106"":1,""U694"":1,""U598"":1,""U567"":1,""U36"":1,""U242"":1,""U375"":1,""U521"":1,""U586"":1,""U66"":5,""U79"":1,""U387"":1,""U99"":1,""U317"":1,""U313"":1,""U541"":1,""U562"":1,""U509"":1,""U278"":1,""U410"":1,""U22"":1,""U603"":1,""U310"":1,""U395"":1,""U367"":1,""U181"":1,""U96"":1,""U10"":1,""U381"":1,""U189"":1,""U107"":1,""U697"":1,""U372"":1,""U293"":1,""U264"":1,""U7"":1,""U551"":1,""U636"":1,""U647"":1,""U563"":1,""U374"":1,""U345"":1,""U502"":1,""U678"":3,""U481"":1,""U404"":1,""U138"":1,""U324"":1,""U119"":1,""U347"":1,""U316"":1,""U730"":1,""U377"":1,""U386"":1,""U437"":1,""U529"":1,""U595"":1,""U48"":1,""U9"":1,""U559"":1,""U652"":1,""U512"":1,""U625"":1,""U152"":1,""U289"":1,""U188"":1,""U639"":1,""U646"":1,""U399"":1,""U274"":1,""U446"":1,""U631"":1,""U438"":1,""U90"":1,""U54"":1,""U435"":1,""U307"":1,""U732"":1,""U713"":1,""U445"":1,""U393"":1,""U403"":1,""U450"":1,""U737"":1,""U356"":1,""U93"":1,""U430"":1,""U84"":1,""U291"":1,""U687"":1,""U548"":1,""U192"":1,""U259"":1,""U102"":1,""U476"":1,""U364"":1,""U556"":1,""U355"":1,""U373"":1,""U128"":1,""U459"":1,""U657"":1,""U198"":1,""U494"":1,""U27"":1,""U191"":1,""U124"":1,""U664"":1,""U623"":1,""U635"":1,""U733"":1,""U637"":1,""U28"":1,""U52"":1,""U251"":1,""U314"":1,""U254"":1,""U69"":1,""U507"":1,""U112"":1,""U329"":1,""U201"":1,""U281"":1,""U2"":1,""U333"":1,""U704"":1,""U92"":1,""U449"":1,""U308"":1,""U286"":1,""U32"":1,""U298"":1,""U283"":1,""U707"":1,""U123"":1,""U668"":1,""U58"":1,""U205"":1,""U172"":1,""U12"":1,""U654"":1,""U626"":1,""U224"":1,""U609"":1,""U277"":1,""U30"":1,""U409"":1,""U517"":1,""U593"":1,""U330"":1,""U220"":1,""U388"":1,""U736"":1,""U309"":1,""U724"":1,""U271"":1,""U643"":1,""U620"":1,""U674"":1,""U379"":1,""U683"":1,""U86"":1,""U26"":1,""U236"":1,""U163"":1,""U110"":1,""U655"":1,""U629"":1,""U358"":1,""U514"":1,""U608"":1,""U618"":1,""U159"":1,""U98"":1,""U744"":1,""U245"":1,""U44"":1,""U649"":1,""U712"":1,""U137"":1,""U168"":1,""U53"":1,""U673"":1,""U95"":1,""U424"":1,""U539"":1,""U301"":1,""U165"":1,""U460"":1,""U500"":1,""U288"":1,""U570"":1,""U547"":1,""U638"":1,""U532"":1,""U426"":1,""U21"":1,""U306"":1,""U342"":1,""U33"":1,""U272"":1,""U253"":1,""U170"":1,""U15"":1,""U601"":1,""U575"":1,""U100"":1,""U621"":1,""U65"":1,""U747"":1,""U427"":1,""U365"":1,""U295"":1,""U526"":1,""U600"":1,""U38"":1,""U366"":1,""U499"":1,""U478"":1,""U23"":1,""U126"":1,""U111"":1,""U432"":1,""U519"":1,""U606"":1,""U212"":1,""U612"":1,""U16"":1,""U663"":1,""U561"":1,""U557"":1,""U538"":1,""U431"":1,""U553"":1,""U257"":1,""U420"":1,""U129"":1,""U651"":2,""U523"":1,""U275"":1,""U439"":1,""U263"":1,""U87"":1,""U708"":1,""U282"":1,""U741"":1,""U748"":1,""U357"":1,""U475"":1,""U323"":1,""U645"":1,""U667"":1,""U580"":1,""U525"":1,""U57"":1,""U473"":1,""U589"":1,""U331"":1,""U413"":1,""U6"":1,""U560"":1,""U632"":1,""U682"":1,""U576"":1,""U456"":1,""U148"":1,""U671"":1,""U505"":1,""U217"":1,""U428"":1,""U187"":1,""U332"":1,""U209"":1,""U262"":1,""U305"":1,""U452"":1,""U45"":1,""U443"":1,""U417"":1,""U319"":1,""U469"":1,""U255"":1,""U73"":1,""U734"":1,""U715"":1,""U41"":1,""U75"":1,""U248"":1,""U103"":1,""U222"":1,""U479"":1,""U659"":1,""U369"":1,""U398"":1,""U537"":1,""U406"":1,""U661"":1,""U354"":1,""U235"":1,""U648"":2,""U226"":1,""U178"":1,""U727"":1,""U267"":1,""U688"":1,""U161"":1,""U394"":1,""U497"":1,""U498"":1,""U749"":1,""U195"":1,""U349"":1,""U391"":1,""U542"":1,""U699"":1,""U572"":1,""U679"":1,""U722"":1,""U72"":2,""U698"":1,""U677"":1,""U361"":1,""U60"":1,""U153"":1,""U451"":1,""U196"":1,""U231"":1,""U493"":1,""U151"":1,""U47"":1,""U218"":1,""U530"":1,""U535"":1,""U94"":1,""U644"":1,""U368"":1,""U290"":1,""U169"":1,""U3"":1,""U266"":1,""U240"":1,""U136"":1,""U343"":1,""U585"":1,""U315"":1,""U676"":1,""U628"":1,""U383"":1,""U97"":1,""U408"":1,""U615"":1,""U77"":1,""U350"":1,""U353"":1,""U516"":1,""U703"":1,""U604"":1,""U684"":1,""U140"":1,""U125"":1,""U89"":1,""U506"":1,""U312"":1,""U276"":1,""U689"":1,""U193"":1,""U234"":1,""U145"":1,""U237"":1,""U465"":1,""U591"":1,""U150"":1,""U348"":1,""U527"":1,""U581"":1,""U461"":1,""U244"":1,""U88"":1,""U131"":1,""U480"":1,""U261"":1,""U711"":1,""U230"":1,""U423"":1,""U573"":1,""U280"":1,""U14"":1,""U692"":1,""U726"":1,""U252"":1,""U256"":1,""U524"":1,""U710"":1,""U162"":1,""U540"":1,""U143"":1,""U210"":1,""U299"":1,""U696"":1,""U640"":1,""U311"":1,""U327"":1,""U605"":1,""U176"":1,""U466"":1,""U566"":1,""U121"":1,""U292"":1,""U363"":1,""U390"":1,""U132"":1,""U219"":1,""U515"":1,""U346"":1,""U334"":1,""U1"":1,""U43"":1,""U597"":1,""U302"":1,""U260"":1,""U702"":1,""U543"":1,""U725"":1,""U371"":1,""U658"":1,""U528"":1,""U552"":1,""U503"":1,""U642"":1,""U76"":1,""U488"":1,""U29"":1,""U471"":1,""U117"":1,""U709"":1,""U67"":1,""U510"":1,""U13"":1,""U351"":1,""U149"":1,""U489"":1,""U472"":1,""U135"":1,""U144"":1,""U116"":1,""U624"":1,""U565"":1,""U167"":1,""U421"":1,""U225"":1,""U115"":1,""U250"":1,""U650"":1,""U241"":1,""U568"":1,""U720"":1,""U416"":1,""U434"":1,""U531"":1,""U82"":1,""U496"":1,""U690"":1,""U582"":1,""U300"":1,""U622"":1,""U216"":1,""U588"":1,""U270"":1,""U738"":1,""U78"":1,""U436"":1,""U39"":1,""U68"":1,""U462"":1,""U183"":1,""U287"":1,""U602"":1,""U204"":1,""U382"":1,""U714"":1,""U154"":1,""U630"":1,""U641"":1,""U127"":1,""U182"":1,""U564"":1,""U207"":1,""U268"":1,""U61"":1,""U656"":1,""U141"":1,""U464"":1,""U433"":1,""U158"":1,""U157"":1,""U17"":1,""U686"":1,""U740"":1,""U40"":1,""U164"":1,""U474"":1,""U545"":1,""U133"":1,""U596"":1,""U745"":1,""U425"":1,""U175"":1,""U504"":1,""U739"":1,""U511"":1,""U577"":1,""U717"":1,""U101"":1,""U122"":1,""U458"":1,""U483"":1,""U546"":1,""U719"":1,""U337"":1,""U190"":1,""U80"":1,""U447"":1,""U470"":1,""U401"":1,""U695"":1,""U392"":1,""U742"":1,""U457"":1,""U468"":1,""U672"":1,""U750"":1,""U482"":1,""U303"":1,""U59"":1,""U208"":1,""U681"":1,""U55"":2,""U185"":1,""U610"":1,""U214"":1,""U665"":1,""U4"":1,""U389"":1,""U746"":1,""U544"":1,""U599"":1,""U325"":1,""U522"":1,""U402"":1,""U297"":1,""U25"":1,""U228"":1,""U587"":1,""U174"":1,""U705"":1,""U215"":1,""U42"":1,""U463"":1,""U113"":1,""U675"":1,""U440"":1,""U104"":1,""U246"":1,""U536"":1,""U384"":1,""U294"":1,""U701"":1,""U249"":1,""U233"":1,""U422"":1,""U362"":1,""U550"":1,""U160"":1,""U513"":1,""U407"":1,""U11"":1,""U180"":1,""U265"":1,""U554"":1,""U336"":1,""U197"":1,""U487"":1,""U18"":1,""U520"":1,""U555"":1,""U211"":1,""U429"":1}",579.6679995059967,,,,,true,750,,,Gurobi,gurobi_10min,true,600.0,20260829,16,16,150,,true,ok,0.03099989891052246,network_balanced,network_balanced_hardness_sweep,16,,579.6679995059967,20.544000148773193
1,,,,,-416.0,Optimal,,MIPSolver,,0.5,cologne_network_balanced_n150_b50_u750_path_no_dominance,cologne,,false,0.0,150,3665,150,150,0.5,300,75,aachen_osm_gtfs_bike_agg150_p150_b50_u750,21061,600,750,,,20.415000200271606,600.0,labeling,,,path,path_no_dominance,false,"{""U396"":1,""U448"":1,""U19"":1,""U166"":1,""U91"":1,""U155"":1,""U415"":1,""U385"":1,""U184"":1,""U716"":1,""U238"":1,""U326"":1,""U142"":1,""U619"":1,""U24"":1,""U109"":1,""U229"":1,""U569"":1,""U179"":1,""U397"":1,""U491"":1,""U243"":1,""U485"":1,""U186"":1,""U359"":1,""U691"":1,""U285"":1,""U492"":1,""U614"":1,""U444"":1,""U583"":1,""U728"":1,""U735"":1,""U616"":1,""U341"":1,""U118"":1,""U533"":1,""U35"":1,""U49"":1,""U321"":1,""U685"":1,""U62"":1,""U5"":1,""U74"":1,""U203"":1,""U729"":1,""U81"":1,""U571"":1,""U213"":1,""U8"":1,""U455"":1,""U177"":1,""U318"":1,""U31"":1,""U611"":1,""U83"":1,""U50"":1,""U139"":1,""U634"":1,""U370"":1,""U508"":1,""U269"":1,""U46"":1,""U147"":1,""U322"":1,""U666"":1,""U71"":1,""U335"":1,""U419"":1,""U578"":1,""U579"":1,""U156"":1,""U592"":1,""U584"":1,""U534"":1,""U441"":1,""U273"":1,""U340"":1,""U223"":1,""U378"":1,""U64"":1,""U495"":1,""U344"":1,""U594"":1,""U700"":1,""U130"":1,""U454"":1,""U477"":1,""U239"":1,""U51"":1,""U731"":1,""U607"":1,""U617"":1,""U320"":1,""U411"":2,""U34"":1,""U199"":1,""U405"":1,""U304"":1,""U338"":1,""U518"":1,""U37"":1,""U590"":1,""U706"":1,""U296"":1,""U221"":1,""U376"":1,""U328"":1,""U743"":1,""U669"":1,""U108"":1,""U134"":1,""U484"":1,""U486"":1,""U693"":1,""U627"":1,""U63"":1,""U718"":1,""U20"":1,""U171"":1,""U279"":1,""U501"":1,""U660"":1,""U206"":1,""U202"":1,""U339"":1,""U633"":1,""U284"":1,""U247"":1,""U653"":1,""U680"":1,""U232"":1,""U105"":1,""U723"":1,""U352"":1,""U114"":1,""U227"":1,""U56"":1,""U574"":1,""U613"":1,""U70"":2,""U414"":1,""U442"":1,""U490"":1,""U120"":1,""U146"":1,""U173"":1,""U412"":1,""U85"":1,""U418"":1,""U721"":1,""U549"":1,""U467"":1,""U400"":1,""U380"":1,""U194"":1,""U200"":1,""U558"":1,""U453"":1,""U258"":1,""U360"":1,""U670"":1,""U662"":1,""U106"":1,""U694"":1,""U598"":1,""U567"":1,""U36"":1,""U242"":1,""U375"":1,""U521"":1,""U586"":1,""U66"":5,""U79"":1,""U387"":1,""U99"":1,""U317"":1,""U313"":1,""U541"":1,""U562"":1,""U509"":1,""U278"":1,""U410"":1,""U22"":1,""U603"":1,""U310"":1,""U395"":1,""U367"":1,""U181"":1,""U96"":1,""U10"":1,""U381"":1,""U189"":1,""U107"":1,""U697"":1,""U372"":1,""U293"":1,""U264"":1,""U7"":1,""U551"":1,""U636"":1,""U647"":1,""U563"":1,""U374"":1,""U345"":1,""U502"":1,""U678"":3,""U481"":1,""U404"":1,""U138"":1,""U324"":1,""U119"":1,""U347"":1,""U316"":1,""U730"":1,""U377"":1,""U386"":1,""U437"":1,""U529"":1,""U595"":1,""U48"":1,""U9"":1,""U559"":1,""U652"":1,""U512"":1,""U625"":1,""U152"":1,""U289"":1,""U188"":1,""U639"":1,""U646"":1,""U399"":1,""U274"":1,""U446"":1,""U631"":1,""U438"":1,""U90"":1,""U54"":1,""U435"":1,""U307"":1,""U732"":1,""U713"":1,""U445"":1,""U393"":1,""U403"":1,""U450"":1,""U737"":1,""U356"":1,""U93"":1,""U430"":1,""U84"":1,""U291"":1,""U687"":1,""U548"":1,""U192"":1,""U259"":1,""U102"":1,""U476"":1,""U364"":1,""U556"":1,""U355"":1,""U373"":1,""U128"":1,""U459"":1,""U657"":1,""U198"":1,""U494"":1,""U27"":1,""U191"":1,""U124"":1,""U664"":1,""U623"":1,""U635"":1,""U733"":1,""U637"":1,""U28"":1,""U52"":1,""U251"":1,""U314"":1,""U254"":1,""U69"":1,""U507"":1,""U112"":1,""U329"":1,""U201"":1,""U281"":1,""U2"":1,""U333"":1,""U704"":1,""U92"":1,""U449"":1,""U308"":1,""U286"":1,""U32"":1,""U298"":1,""U283"":1,""U707"":1,""U123"":1,""U668"":1,""U58"":1,""U205"":1,""U172"":1,""U12"":1,""U654"":1,""U626"":1,""U224"":1,""U609"":1,""U277"":1,""U30"":1,""U409"":1,""U517"":1,""U593"":1,""U330"":1,""U220"":1,""U388"":1,""U736"":1,""U309"":1,""U724"":1,""U271"":1,""U643"":1,""U620"":1,""U674"":1,""U379"":1,""U683"":1,""U86"":1,""U26"":1,""U236"":1,""U163"":1,""U110"":1,""U655"":1,""U629"":1,""U358"":1,""U514"":1,""U608"":1,""U618"":1,""U159"":1,""U98"":1,""U744"":1,""U245"":1,""U44"":1,""U649"":1,""U712"":1,""U137"":1,""U168"":1,""U53"":1,""U673"":1,""U95"":1,""U424"":1,""U539"":1,""U301"":1,""U165"":1,""U460"":1,""U500"":1,""U288"":1,""U570"":1,""U547"":1,""U638"":1,""U532"":1,""U426"":1,""U21"":1,""U306"":1,""U342"":1,""U33"":1,""U272"":1,""U253"":1,""U170"":1,""U15"":1,""U601"":1,""U575"":1,""U100"":1,""U621"":1,""U65"":1,""U747"":1,""U427"":1,""U365"":1,""U295"":1,""U526"":1,""U600"":1,""U38"":1,""U366"":1,""U499"":1,""U478"":1,""U23"":1,""U126"":1,""U111"":1,""U432"":1,""U519"":1,""U606"":1,""U212"":1,""U612"":1,""U16"":1,""U663"":1,""U561"":1,""U557"":1,""U538"":1,""U431"":1,""U553"":1,""U257"":1,""U420"":1,""U129"":1,""U651"":2,""U523"":1,""U275"":1,""U439"":1,""U263"":1,""U87"":1,""U708"":1,""U282"":1,""U741"":1,""U748"":1,""U357"":1,""U475"":1,""U323"":1,""U645"":1,""U667"":1,""U580"":1,""U525"":1,""U57"":1,""U473"":1,""U589"":1,""U331"":1,""U413"":1,""U6"":1,""U560"":1,""U632"":1,""U682"":1,""U576"":1,""U456"":1,""U148"":1,""U671"":1,""U505"":1,""U217"":1,""U428"":1,""U187"":1,""U332"":1,""U209"":1,""U262"":1,""U305"":1,""U452"":1,""U45"":1,""U443"":1,""U417"":1,""U319"":1,""U469"":1,""U255"":1,""U73"":1,""U734"":1,""U715"":1,""U41"":1,""U75"":1,""U248"":1,""U103"":1,""U222"":1,""U479"":1,""U659"":1,""U369"":1,""U398"":1,""U537"":1,""U406"":1,""U661"":1,""U354"":1,""U235"":1,""U648"":2,""U226"":1,""U178"":1,""U727"":1,""U267"":1,""U688"":1,""U161"":1,""U394"":1,""U497"":2,""U498"":1,""U749"":1,""U195"":1,""U349"":1,""U391"":1,""U542"":1,""U699"":1,""U572"":1,""U679"":1,""U722"":1,""U72"":2,""U698"":1,""U677"":1,""U361"":1,""U60"":1,""U153"":1,""U451"":1,""U196"":1,""U231"":1,""U493"":1,""U151"":1,""U47"":1,""U218"":1,""U530"":1,""U535"":1,""U94"":1,""U644"":1,""U368"":1,""U290"":1,""U169"":1,""U3"":1,""U266"":1,""U240"":1,""U136"":1,""U343"":1,""U585"":1,""U315"":1,""U676"":1,""U628"":1,""U383"":1,""U97"":1,""U408"":1,""U615"":1,""U77"":1,""U350"":1,""U353"":1,""U516"":1,""U703"":1,""U604"":1,""U684"":1,""U140"":1,""U125"":1,""U89"":1,""U506"":1,""U312"":1,""U276"":1,""U689"":1,""U193"":1,""U234"":1,""U145"":1,""U237"":1,""U465"":1,""U591"":1,""U150"":1,""U348"":1,""U527"":1,""U581"":1,""U461"":1,""U244"":1,""U88"":1,""U131"":1,""U480"":1,""U261"":1,""U711"":1,""U230"":1,""U423"":1,""U573"":1,""U280"":1,""U14"":1,""U692"":1,""U726"":1,""U252"":1,""U256"":1,""U524"":1,""U710"":1,""U162"":1,""U540"":1,""U143"":1,""U210"":1,""U299"":1,""U696"":1,""U640"":1,""U311"":1,""U327"":1,""U605"":1,""U176"":1,""U466"":1,""U566"":1,""U121"":1,""U292"":1,""U363"":1,""U390"":1,""U132"":1,""U219"":1,""U515"":1,""U346"":1,""U334"":1,""U1"":1,""U43"":1,""U597"":1,""U302"":1,""U260"":1,""U702"":1,""U543"":1,""U725"":1,""U371"":1,""U658"":1,""U528"":1,""U552"":1,""U503"":1,""U642"":1,""U76"":1,""U488"":1,""U29"":1,""U471"":1,""U117"":1,""U709"":1,""U67"":1,""U510"":1,""U13"":1,""U351"":1,""U149"":1,""U489"":1,""U472"":1,""U135"":1,""U144"":1,""U116"":1,""U624"":1,""U565"":1,""U167"":1,""U421"":1,""U225"":1,""U115"":1,""U250"":1,""U650"":1,""U241"":1,""U568"":2,""U720"":1,""U416"":1,""U434"":1,""U531"":1,""U82"":1,""U496"":1,""U690"":1,""U582"":1,""U300"":1,""U622"":1,""U216"":1,""U588"":1,""U270"":1,""U738"":1,""U78"":1,""U436"":1,""U39"":1,""U68"":1,""U462"":1,""U183"":1,""U287"":1,""U602"":1,""U204"":1,""U382"":1,""U714"":1,""U154"":1,""U630"":1,""U641"":1,""U127"":1,""U182"":1,""U564"":1,""U207"":1,""U268"":1,""U61"":1,""U656"":1,""U141"":1,""U464"":1,""U433"":1,""U158"":1,""U157"":1,""U17"":1,""U686"":1,""U740"":1,""U40"":1,""U164"":1,""U474"":1,""U545"":1,""U133"":1,""U596"":1,""U745"":1,""U425"":1,""U175"":1,""U504"":1,""U739"":1,""U511"":1,""U577"":1,""U717"":1,""U101"":1,""U122"":1,""U458"":1,""U483"":1,""U546"":1,""U719"":1,""U337"":1,""U190"":1,""U80"":1,""U447"":1,""U470"":1,""U401"":1,""U695"":1,""U392"":1,""U742"":1,""U457"":1,""U468"":1,""U672"":1,""U750"":1,""U482"":2,""U303"":1,""U59"":1,""U208"":1,""U681"":1,""U55"":2,""U185"":1,""U610"":1,""U214"":1,""U665"":1,""U4"":1,""U389"":1,""U746"":1,""U544"":1,""U599"":1,""U325"":1,""U522"":1,""U402"":1,""U297"":1,""U25"":1,""U228"":1,""U587"":1,""U174"":1,""U705"":1,""U215"":1,""U42"":1,""U463"":1,""U113"":1,""U675"":1,""U440"":1,""U104"":1,""U246"":1,""U536"":1,""U384"":1,""U294"":1,""U701"":1,""U249"":1,""U233"":1,""U422"":1,""U362"":1,""U550"":1,""U160"":1,""U513"":1,""U407"":1,""U11"":1,""U180"":1,""U265"":1,""U554"":1,""U336"":2,""U197"":1,""U487"":1,""U18"":1,""U520"":1,""U555"":1,""U211"":1,""U429"":1}",579.5849997997284,,,,,false,750,,,Gurobi,gurobi_10min,true,600.0,20260829,16,16,150,,true,ok,0.031000137329101562,network_balanced,network_balanced_hardness_sweep,16,,579.5849997997284,20.652999877929688
,,0,,1000,,Memory_Limit,0.0,BlCSolver,,0.5,cologne_network_balanced_n150_b50_u1000_blc_astar_fixed_network_path,cologne,,false,,150,3665,150,150,0.5,300,75,aachen_osm_gtfs_bike_agg150_p150_b50_u1000,21061,600,1000,fixed_network_path,,,,,,21084062,blc,blc_astar_fixed_network_path,,,,0,0,astar,null,,1000,true,16,Gurobi,gurobi_10min,true,600.0,20260829,16,16,150,,true,memory_limit,,network_balanced,network_balanced_hardness_sweep,16,16,600.0,854.5409998893738
,,0,,1000,,Memory_Limit,0.0,BlCSolver,,0.5,cologne_network_balanced_n150_b50_u1000_blc_astar_n_minus_1,cologne,,false,,150,3665,150,150,0.5,300,75,aachen_osm_gtfs_bike_agg150_p150_b50_u1000,21061,600,1000,n_minus_one_most_expensive,,,,,,21084062,blc,blc_astar_n_minus_1,,,,0,0,astar,null,,1000,true,16,Gurobi,gurobi_10min,true,600.0,20260829,16,16,150,,true,memory_limit,,network_balanced,network_balanced_hardness_sweep,16,16,600.0,653.8810000419617
0,,,,,-717.0,Optimal,,MIPSolver,,0.5,cologne_network_balanced_n150_b50_u1000_path_dominance,cologne,,false,0.0,150,3665,150,150,0.5,300,75,aachen_osm_gtfs_bike_agg150_p150_b50_u1000,21061,600,1000,,,27.046000242233276,600.0,labeling,,,path,path_dominance,false,"{""U828"":1,""U396"":1,""U448"":1,""U893"":1,""U19"":1,""U166"":1,""U91"":1,""U155"":1,""U415"":1,""U385"":1,""U980"":1,""U184"":1,""U909"":1,""U716"":1,""U238"":1,""U326"":1,""U851"":1,""U993"":1,""U917"":1,""U930"":1,""U142"":1,""U619"":1,""U24"":1,""U109"":1,""U229"":1,""U569"":1,""U179"":1,""U397"":1,""U491"":1,""U892"":1,""U243"":1,""U485"":1,""U961"":1,""U186"":1,""U359"":1,""U874"":1,""U876"":1,""U691"":1,""U285"":1,""U981"":1,""U492"":1,""U867"":1,""U614"":1,""U444"":1,""U583"":1,""U728"":1,""U735"":1,""U886"":1,""U616"":1,""U341"":1,""U816"":1,""U118"":1,""U533"":1,""U35"":1,""U49"":1,""U321"":1,""U685"":1,""U62"":1,""U5"":1,""U74"":1,""U203"":1,""U729"":1,""U81"":1,""U571"":1,""U776"":1,""U820"":1,""U979"":1,""U984"":1,""U213"":1,""U8"":1,""U455"":1,""U177"":1,""U318"":1,""U31"":1,""U611"":1,""U83"":1,""U50"":1,""U139"":1,""U634"":1,""U751"":1,""U370"":1,""U864"":1,""U508"":1,""U869"":1,""U269"":1,""U46"":1,""U147"":1,""U322"":1,""U666"":1,""U839"":1,""U71"":1,""U335"":1,""U419"":1,""U578"":1,""U579"":1,""U156"":1,""U953"":1,""U592"":1,""U584"":1,""U534"":1,""U441"":1,""U966"":1,""U757"":1,""U761"":1,""U783"":1,""U273"":1,""U340"":1,""U919"":1,""U223"":1,""U378"":1,""U64"":1,""U495"":1,""U344"":1,""U594"":1,""U700"":1,""U842"":2,""U130"":1,""U922"":1,""U987"":1,""U454"":1,""U477"":1,""U239"":1,""U51"":1,""U731"":1,""U868"":1,""U989"":1,""U819"":1,""U946"":1,""U607"":1,""U617"":1,""U320"":1,""U411"":1,""U810"":1,""U34"":1,""U760"":1,""U934"":1,""U199"":1,""U405"":1,""U787"":1,""U304"":1,""U338"":1,""U518"":1,""U772"":1,""U37"":1,""U590"":1,""U706"":1,""U881"":1,""U296"":1,""U221"":1,""U954"":1,""U376"":1,""U328"":1,""U743"":1,""U669"":1,""U108"":1,""U134"":1,""U484"":1,""U486"":1,""U693"":1,""U627"":1,""U63"":1,""U718"":1,""U20"":1,""U847"":1,""U885"":1,""U171"":1,""U279"":1,""U501"":1,""U660"":1,""U794"":1,""U206"":1,""U202"":1,""U921"":1,""U339"":1,""U633"":1,""U818"":1,""U284"":1,""U882"":1,""U976"":1,""U247"":1,""U653"":1,""U879"":1,""U680"":1,""U232"":1,""U105"":1,""U723"":1,""U352"":1,""U114"":1,""U227"":1,""U56"":1,""U574"":1,""U613"":1,""U70"":1,""U414"":1,""U877"":1,""U442"":1,""U490"":1,""U838"":1,""U848"":1,""U931"":1,""U120"":1,""U146"":1,""U173"":1,""U412"":1,""U965"":1,""U821"":1,""U85"":1,""U418"":1,""U721"":1,""U549"":1,""U467"":1,""U400"":1,""U380"":1,""U194"":1,""U200"":1,""U843"":1,""U558"":1,""U453"":2,""U258"":1,""U360"":1,""U670"":1,""U662"":1,""U106"":1,""U694"":1,""U598"":1,""U567"":1,""U36"":1,""U242"":1,""U894"":1,""U375"":1,""U521"":1,""U586"":1,""U66"":1,""U79"":1,""U387"":1,""U99"":1,""U317"":1,""U313"":1,""U541"":1,""U840"":1,""U562"":1,""U824"":1,""U871"":1,""U509"":1,""U911"":1,""U278"":1,""U410"":1,""U22"":1,""U804"":1,""U603"":1,""U310"":1,""U395"":1,""U367"":1,""U939"":1,""U181"":1,""U929"":1,""U96"":1,""U10"":1,""U785"":1,""U924"":1,""U789"":1,""U381"":1,""U189"":1,""U107"":1,""U974"":1,""U784"":1,""U697"":1,""U372"":1,""U293"":1,""U836"":1,""U991"":1,""U264"":1,""U7"":1,""U551"":1,""U636"":1,""U647"":1,""U782"":1,""U856"":1,""U563"":1,""U374"":1,""U345"":1,""U502"":1,""U678"":1,""U481"":1,""U855"":1,""U404"":1,""U138"":1,""U324"":1,""U920"":1,""U119"":1,""U347"":1,""U764"":1,""U316"":1,""U900"":1,""U730"":1,""U377"":1,""U386"":1,""U437"":1,""U529"":1,""U595"":1,""U48"":1,""U943"":1,""U859"":1,""U9"":1,""U559"":1,""U652"":1,""U862"":1,""U512"":1,""U625"":1,""U152"":1,""U945"":1,""U289"":1,""U896"":1,""U188"":1,""U639"":1,""U646"":1,""U769"":1,""U399"":1,""U274"":1,""U446"":1,""U631"":1,""U438"":1,""U90"":1,""U54"":1,""U996"":1,""U866"":1,""U435"":1,""U307"":1,""U923"":1,""U732"":1,""U713"":1,""U445"":1,""U393"":1,""U403"":1,""U937"":1,""U450"":1,""U737"":1,""U356"":1,""U93"":1,""U430"":1,""U84"":1,""U291"":1,""U687"":1,""U548"":1,""U192"":1,""U259"":1,""U102"":1,""U476"":1,""U364"":1,""U556"":1,""U887"":1,""U958"":1,""U355"":1,""U373"":1,""U891"":1,""U128"":1,""U459"":1,""U657"":1,""U198"":1,""U494"":1,""U27"":1,""U191"":1,""U124"":1,""U985"":1,""U664"":1,""U623"":1,""U635"":1,""U733"":1,""U637"":1,""U28"":2,""U52"":1,""U251"":1,""U314"":1,""U952"":1,""U254"":1,""U950"":1,""U69"":1,""U507"":1,""U112"":1,""U849"":1,""U329"":1,""U201"":1,""U281"":1,""U774"":1,""U2"":1,""U333"":1,""U704"":1,""U92"":1,""U766"":1,""U449"":1,""U308"":1,""U286"":1,""U32"":1,""U298"":1,""U283"":1,""U707"":1,""U123"":1,""U668"":1,""U58"":1,""U205"":1,""U172"":1,""U12"":1,""U654"":1,""U626"":1,""U224"":1,""U609"":1,""U277"":1,""U30"":1,""U409"":1,""U517"":1,""U593"":1,""U803"":1,""U330"":1,""U220"":1,""U388"":1,""U736"":1,""U309"":1,""U724"":1,""U271"":1,""U643"":1,""U620"":1,""U674"":1,""U379"":1,""U683"":1,""U834"":1,""U86"":1,""U26"":1,""U236"":1,""U825"":1,""U951"":1,""U163"":1,""U110"":2,""U949"":1,""U655"":1,""U629"":1,""U358"":1,""U514"":1,""U608"":2,""U618"":1,""U770"":1,""U159"":1,""U947"":1,""U98"":1,""U744"":1,""U245"":1,""U44"":1,""U649"":1,""U712"":1,""U137"":1,""U168"":1,""U53"":1,""U975"":1,""U673"":1,""U95"":1,""U424"":1,""U539"":1,""U301"":1,""U165"":1,""U460"":1,""U500"":1,""U942"":1,""U288"":1,""U570"":1,""U928"":1,""U962"":1,""U547"":1,""U638"":1,""U532"":1,""U426"":1,""U21"":1,""U306"":1,""U963"":1,""U342"":1,""U33"":1,""U272"":1,""U253"":1,""U777"":1,""U992"":1,""U170"":1,""U15"":1,""U601"":1,""U575"":1,""U977"":1,""U100"":1,""U799"":1,""U621"":1,""U65"":1,""U747"":1,""U427"":1,""U365"":1,""U295"":1,""U970"":1,""U526"":1,""U835"":1,""U801"":1,""U600"":1,""U38"":1,""U366"":1,""U499"":1,""U478"":1,""U23"":1,""U982"":1,""U845"":1,""U126"":1,""U111"":1,""U432"":1,""U519"":1,""U802"":1,""U606"":1,""U212"":1,""U612"":1,""U16"":1,""U875"":1,""U663"":1,""U561"":1,""U557"":1,""U538"":1,""U431"":1,""U553"":1,""U257"":1,""U758"":1,""U420"":1,""U906"":1,""U762"":1,""U129"":1,""U651"":1,""U941"":1,""U523"":1,""U275"":2,""U439"":1,""U800"":1,""U263"":1,""U935"":1,""U87"":1,""U708"":1,""U282"":1,""U741"":1,""U748"":1,""U357"":1,""U815"":1,""U475"":1,""U323"":1,""U645"":1,""U667"":1,""U580"":1,""U525"":1,""U57"":1,""U473"":1,""U589"":1,""U826"":1,""U331"":1,""U413"":1,""U6"":1,""U560"":1,""U632"":1,""U682"":1,""U576"":1,""U846"":1,""U926"":1,""U456"":1,""U148"":1,""U671"":1,""U505"":1,""U753"":1,""U217"":1,""U428"":1,""U933"":1,""U187"":1,""U332"":1,""U823"":1,""U209"":1,""U262"":1,""U305"":1,""U452"":1,""U45"":1,""U889"":1,""U443"":1,""U417"":1,""U319"":1,""U853"":1,""U469"":1,""U255"":1,""U73"":1,""U734"":1,""U715"":1,""U983"":1,""U910"":1,""U41"":1,""U75"":1,""U248"":1,""U103"":1,""U222"":1,""U795"":1,""U479"":1,""U659"":1,""U369"":1,""U897"":1,""U811"":1,""U398"":1,""U537"":1,""U406"":1,""U806"":1,""U661"":1,""U354"":1,""U235"":1,""U648"":1,""U226"":1,""U178"":1,""U727"":1,""U267"":1,""U688"":1,""U161"":1,""U394"":1,""U497"":1,""U830"":1,""U498"":1,""U749"":1,""U999"":1,""U195"":1,""U349"":1,""U767"":1,""U391"":1,""U542"":1,""U878"":1,""U699"":1,""U572"":1,""U679"":1,""U722"":1,""U72"":1,""U698"":1,""U677"":1,""U361"":1,""U60"":1,""U153"":1,""U913"":1,""U773"":1,""U451"":1,""U196"":1,""U231"":1,""U493"":1,""U908"":1,""U151"":1,""U47"":1,""U218"":1,""U530"":1,""U986"":1,""U535"":1,""U94"":1,""U788"":1,""U644"":1,""U368"":1,""U759"":1,""U290"":1,""U169"":1,""U3"":1,""U266"":1,""U240"":1,""U136"":1,""U343"":1,""U585"":1,""U315"":1,""U676"":1,""U628"":1,""U383"":1,""U990"":1,""U97"":1,""U865"":1,""U408"":1,""U755"":1,""U615"":1,""U77"":1,""U884"":1,""U350"":1,""U940"":1,""U353"":1,""U960"":1,""U516"":1,""U703"":1,""U604"":1,""U684"":1,""U140"":1,""U125"":1,""U912"":1,""U89"":1,""U780"":1,""U506"":1,""U972"":1,""U312"":1,""U276"":1,""U689"":1,""U193"":1,""U234"":1,""U145"":1,""U817"":1,""U237"":1,""U465"":1,""U591"":1,""U150"":1,""U348"":1,""U527"":1,""U581"":1,""U461"":1,""U813"":1,""U244"":1,""U88"":1,""U903"":1,""U131"":1,""U870"":1,""U973"":1,""U480"":1,""U997"":1,""U812"":1,""U261"":1,""U711"":1,""U230"":1,""U423"":1,""U901"":1,""U573"":1,""U280"":1,""U14"":1,""U692"":1,""U726"":1,""U252"":1,""U256"":1,""U916"":1,""U915"":1,""U907"":1,""U524"":1,""U918"":1,""U932"":1,""U710"":1,""U162"":1,""U899"":1,""U540"":1,""U854"":1,""U858"":1,""U756"":1,""U143"":1,""U210"":1,""U814"":1,""U805"":1,""U299"":1,""U883"":1,""U696"":1,""U640"":1,""U311"":1,""U852"":1,""U327"":1,""U827"":1,""U605"":1,""U176"":1,""U466"":2,""U566"":1,""U121"":2,""U292"":1,""U971"":1,""U363"":1,""U390"":1,""U905"":1,""U132"":1,""U219"":1,""U515"":1,""U790"":1,""U346"":1,""U334"":1,""U850"":1,""U779"":1,""U1"":2,""U43"":1,""U597"":1,""U302"":1,""U260"":1,""U860"":1,""U702"":1,""U543"":1,""U957"":1,""U725"":1,""U371"":1,""U658"":1,""U528"":2,""U552"":1,""U503"":1,""U642"":1,""U76"":1,""U488"":1,""U29"":1,""U471"":1,""U117"":1,""U709"":1,""U67"":1,""U510"":1,""U13"":1,""U351"":1,""U149"":1,""U895"":1,""U489"":1,""U472"":1,""U872"":1,""U135"":1,""U144"":1,""U116"":1,""U624"":1,""U565"":1,""U167"":2,""U421"":2,""U225"":1,""U115"":1,""U250"":1,""U650"":1,""U241"":1,""U568"":1,""U720"":1,""U775"":1,""U416"":1,""U763"":1,""U434"":1,""U531"":1,""U797"":1,""U754"":1,""U994"":1,""U82"":1,""U496"":1,""U690"":1,""U880"":1,""U582"":1,""U300"":1,""U622"":1,""U964"":1,""U216"":1,""U861"":1,""U588"":1,""U270"":1,""U738"":1,""U78"":1,""U436"":1,""U39"":1,""U68"":1,""U969"":1,""U462"":1,""U183"":1,""U287"":1,""U602"":1,""U204"":1,""U904"":1,""U807"":1,""U382"":1,""U791"":1,""U714"":1,""U154"":1,""U844"":1,""U630"":1,""U641"":1,""U781"":1,""U127"":1,""U182"":1,""U564"":1,""U207"":1,""U268"":1,""U61"":1,""U656"":1,""U141"":1,""U464"":1,""U433"":1,""U857"":1,""U158"":1,""U948"":1,""U157"":1,""U17"":1,""U686"":2,""U902"":1,""U740"":1,""U752"":1,""U40"":1,""U164"":1,""U474"":1,""U545"":1,""U133"":1,""U596"":1,""U745"":1,""U425"":1,""U175"":1,""U978"":1,""U504"":1,""U1000"":1,""U995"":1,""U739"":1,""U837"":1,""U511"":1,""U577"":1,""U717"":1,""U786"":1,""U968"":1,""U101"":1,""U768"":1,""U122"":1,""U936"":1,""U458"":1,""U483"":1,""U546"":1,""U841"":1,""U719"":1,""U337"":1,""U190"":1,""U80"":1,""U793"":2,""U447"":1,""U470"":1,""U401"":1,""U925"":1,""U695"":1,""U392"":1,""U833"":1,""U742"":1,""U832"":1,""U457"":1,""U468"":1,""U672"":1,""U750"":1,""U956"":1,""U482"":1,""U303"":1,""U59"":1,""U831"":1,""U914"":1,""U809"":1,""U822"":1,""U208"":1,""U681"":1,""U944"":1,""U55"":1,""U185"":1,""U610"":1,""U214"":1,""U665"":1,""U988"":1,""U4"":1,""U389"":1,""U746"":1,""U765"":1,""U959"":1,""U544"":1,""U599"":1,""U325"":1,""U522"":1,""U890"":1,""U402"":1,""U297"":1,""U25"":1,""U228"":1,""U587"":1,""U174"":1,""U778"":1,""U705"":1,""U792"":1,""U796"":1,""U215"":1,""U798"":1,""U42"":1,""U463"":1,""U113"":1,""U675"":1,""U440"":1,""U104"":1,""U998"":1,""U771"":1,""U808"":1,""U938"":1,""U246"":1,""U536"":1,""U384"":1,""U955"":1,""U294"":1,""U873"":1,""U967"":1,""U701"":1,""U249"":1,""U233"":1,""U863"":1,""U888"":1,""U422"":1,""U362"":1,""U550"":1,""U160"":1,""U513"":1,""U407"":1,""U11"":1,""U180"":1,""U265"":1,""U554"":1,""U336"":1,""U197"":1,""U927"":1,""U487"":1,""U829"":1,""U18"":1,""U520"":1,""U555"":1,""U211"":1,""U898"":1,""U429"":1}",572.9539997577667,,,,,true,1000,,,Gurobi,gurobi_10min,true,600.0,20260829,16,16,150,,true,ok,0.039999961853027344,network_balanced,network_balanced_hardness_sweep,16,,572.9539997577667,27.35099983215332
0,,,,,-717.0,Optimal,,MIPSolver,,0.5,cologne_network_balanced_n150_b50_u1000_path_no_dominance,cologne,,false,0.0,150,3665,150,150,0.5,300,75,aachen_osm_gtfs_bike_agg150_p150_b50_u1000,21061,600,1000,,,27.654000520706177,600.0,labeling,,,path,path_no_dominance,false,"{""U828"":1,""U396"":1,""U448"":1,""U893"":1,""U19"":1,""U166"":1,""U91"":1,""U155"":1,""U415"":1,""U385"":1,""U980"":1,""U184"":1,""U909"":1,""U716"":1,""U238"":1,""U326"":1,""U851"":1,""U993"":1,""U917"":1,""U930"":1,""U142"":1,""U619"":1,""U24"":1,""U109"":1,""U229"":1,""U569"":1,""U179"":1,""U397"":1,""U491"":1,""U892"":1,""U243"":1,""U485"":1,""U961"":1,""U186"":1,""U359"":1,""U874"":1,""U876"":1,""U691"":1,""U285"":1,""U981"":1,""U492"":1,""U867"":1,""U614"":1,""U444"":1,""U583"":1,""U728"":1,""U735"":1,""U886"":1,""U616"":1,""U341"":1,""U816"":1,""U118"":1,""U533"":1,""U35"":1,""U49"":1,""U321"":1,""U685"":1,""U62"":1,""U5"":1,""U74"":1,""U203"":1,""U729"":1,""U81"":1,""U571"":1,""U776"":1,""U820"":1,""U979"":1,""U984"":1,""U213"":1,""U8"":1,""U455"":1,""U177"":1,""U318"":1,""U31"":1,""U611"":1,""U83"":1,""U50"":1,""U139"":1,""U634"":1,""U751"":1,""U370"":1,""U864"":1,""U508"":1,""U869"":1,""U269"":1,""U46"":1,""U147"":1,""U322"":1,""U666"":1,""U839"":1,""U71"":1,""U335"":1,""U419"":1,""U578"":1,""U579"":1,""U156"":1,""U953"":1,""U592"":1,""U584"":1,""U534"":1,""U441"":1,""U966"":1,""U757"":1,""U761"":1,""U783"":1,""U273"":1,""U340"":1,""U919"":1,""U223"":1,""U378"":1,""U64"":1,""U495"":1,""U344"":1,""U594"":1,""U700"":1,""U842"":2,""U130"":1,""U922"":1,""U987"":1,""U454"":1,""U477"":1,""U239"":1,""U51"":1,""U731"":1,""U868"":1,""U989"":1,""U819"":1,""U946"":1,""U607"":1,""U617"":1,""U320"":1,""U411"":1,""U810"":1,""U34"":1,""U760"":1,""U934"":1,""U199"":1,""U405"":1,""U787"":1,""U304"":1,""U338"":1,""U518"":1,""U772"":1,""U37"":1,""U590"":1,""U706"":1,""U881"":1,""U296"":1,""U221"":1,""U954"":1,""U376"":1,""U328"":1,""U743"":1,""U669"":1,""U108"":1,""U134"":1,""U484"":1,""U486"":1,""U693"":1,""U627"":1,""U63"":1,""U718"":1,""U20"":1,""U847"":1,""U885"":1,""U171"":1,""U279"":1,""U501"":1,""U660"":1,""U794"":1,""U206"":1,""U202"":1,""U921"":1,""U339"":1,""U633"":1,""U818"":1,""U284"":1,""U882"":1,""U976"":1,""U247"":1,""U653"":1,""U879"":1,""U680"":1,""U232"":1,""U105"":1,""U723"":1,""U352"":1,""U114"":1,""U227"":1,""U56"":1,""U574"":1,""U613"":1,""U70"":1,""U414"":1,""U877"":1,""U442"":1,""U490"":1,""U838"":1,""U848"":1,""U931"":1,""U120"":1,""U146"":1,""U173"":1,""U412"":1,""U965"":1,""U821"":1,""U85"":1,""U418"":1,""U721"":1,""U549"":1,""U467"":1,""U400"":1,""U380"":1,""U194"":1,""U200"":1,""U843"":1,""U558"":1,""U453"":2,""U258"":1,""U360"":1,""U670"":1,""U662"":1,""U106"":1,""U694"":1,""U598"":1,""U567"":1,""U36"":1,""U242"":1,""U894"":1,""U375"":1,""U521"":1,""U586"":1,""U66"":1,""U79"":1,""U387"":1,""U99"":1,""U317"":1,""U313"":1,""U541"":1,""U840"":1,""U562"":1,""U824"":1,""U871"":1,""U509"":1,""U911"":1,""U278"":1,""U410"":1,""U22"":1,""U804"":1,""U603"":1,""U310"":1,""U395"":1,""U367"":1,""U939"":1,""U181"":1,""U929"":1,""U96"":1,""U10"":1,""U785"":1,""U924"":1,""U789"":1,""U381"":1,""U189"":1,""U107"":1,""U974"":1,""U784"":1,""U697"":1,""U372"":1,""U293"":1,""U836"":1,""U991"":1,""U264"":1,""U7"":1,""U551"":1,""U636"":1,""U647"":1,""U782"":1,""U856"":1,""U563"":1,""U374"":1,""U345"":1,""U502"":1,""U678"":1,""U481"":1,""U855"":1,""U404"":1,""U138"":1,""U324"":1,""U920"":1,""U119"":1,""U347"":1,""U764"":1,""U316"":1,""U900"":1,""U730"":1,""U377"":1,""U386"":1,""U437"":1,""U529"":1,""U595"":1,""U48"":1,""U943"":1,""U859"":1,""U9"":1,""U559"":1,""U652"":1,""U862"":1,""U512"":1,""U625"":1,""U152"":1,""U945"":1,""U289"":1,""U896"":1,""U188"":1,""U639"":1,""U646"":1,""U769"":1,""U399"":1,""U274"":1,""U446"":1,""U631"":1,""U438"":1,""U90"":1,""U54"":1,""U996"":1,""U866"":1,""U435"":1,""U307"":1,""U923"":1,""U732"":1,""U713"":1,""U445"":1,""U393"":1,""U403"":1,""U937"":1,""U450"":1,""U737"":1,""U356"":1,""U93"":1,""U430"":1,""U84"":1,""U291"":1,""U687"":1,""U548"":1,""U192"":1,""U259"":1,""U102"":1,""U476"":1,""U364"":1,""U556"":1,""U887"":1,""U958"":1,""U355"":1,""U373"":1,""U891"":1,""U128"":1,""U459"":1,""U657"":1,""U198"":1,""U494"":1,""U27"":1,""U191"":1,""U124"":1,""U985"":1,""U664"":1,""U623"":1,""U635"":1,""U733"":1,""U637"":1,""U28"":2,""U52"":1,""U251"":1,""U314"":1,""U952"":1,""U254"":1,""U950"":1,""U69"":1,""U507"":1,""U112"":1,""U849"":1,""U329"":1,""U201"":1,""U281"":1,""U774"":1,""U2"":1,""U333"":1,""U704"":1,""U92"":1,""U766"":1,""U449"":1,""U308"":1,""U286"":1,""U32"":1,""U298"":1,""U283"":1,""U707"":1,""U123"":1,""U668"":1,""U58"":1,""U205"":1,""U172"":1,""U12"":1,""U654"":1,""U626"":1,""U224"":1,""U609"":1,""U277"":1,""U30"":1,""U409"":1,""U517"":1,""U593"":1,""U803"":1,""U330"":1,""U220"":1,""U388"":1,""U736"":1,""U309"":1,""U724"":1,""U271"":1,""U643"":1,""U620"":1,""U674"":1,""U379"":1,""U683"":1,""U834"":1,""U86"":1,""U26"":1,""U236"":1,""U825"":1,""U951"":1,""U163"":1,""U110"":2,""U949"":1,""U655"":1,""U629"":1,""U358"":1,""U514"":1,""U608"":2,""U618"":1,""U770"":1,""U159"":1,""U947"":1,""U98"":1,""U744"":1,""U245"":1,""U44"":1,""U649"":1,""U712"":1,""U137"":1,""U168"":1,""U53"":1,""U975"":1,""U673"":1,""U95"":1,""U424"":1,""U539"":1,""U301"":1,""U165"":1,""U460"":1,""U500"":1,""U942"":1,""U288"":1,""U570"":1,""U928"":1,""U962"":1,""U547"":1,""U638"":1,""U532"":1,""U426"":1,""U21"":1,""U306"":1,""U963"":1,""U342"":1,""U33"":1,""U272"":1,""U253"":1,""U777"":1,""U992"":1,""U170"":1,""U15"":1,""U601"":1,""U575"":1,""U977"":1,""U100"":1,""U799"":1,""U621"":1,""U65"":1,""U747"":1,""U427"":1,""U365"":1,""U295"":1,""U970"":1,""U526"":1,""U835"":1,""U801"":1,""U600"":1,""U38"":1,""U366"":1,""U499"":1,""U478"":1,""U23"":1,""U982"":1,""U845"":1,""U126"":1,""U111"":1,""U432"":1,""U519"":1,""U802"":1,""U606"":1,""U212"":1,""U612"":1,""U16"":1,""U875"":1,""U663"":1,""U561"":1,""U557"":1,""U538"":1,""U431"":1,""U553"":1,""U257"":1,""U758"":1,""U420"":1,""U906"":1,""U762"":1,""U129"":1,""U651"":1,""U941"":1,""U523"":1,""U275"":2,""U439"":1,""U800"":1,""U263"":1,""U935"":1,""U87"":1,""U708"":1,""U282"":1,""U741"":1,""U748"":1,""U357"":1,""U815"":1,""U475"":1,""U323"":1,""U645"":1,""U667"":1,""U580"":1,""U525"":1,""U57"":1,""U473"":1,""U589"":1,""U826"":1,""U331"":1,""U413"":1,""U6"":1,""U560"":1,""U632"":1,""U682"":1,""U576"":1,""U846"":1,""U926"":1,""U456"":1,""U148"":1,""U671"":1,""U505"":1,""U753"":1,""U217"":1,""U428"":1,""U933"":1,""U187"":1,""U332"":1,""U823"":1,""U209"":1,""U262"":1,""U305"":1,""U452"":1,""U45"":1,""U889"":1,""U443"":1,""U417"":1,""U319"":1,""U853"":1,""U469"":1,""U255"":1,""U73"":1,""U734"":1,""U715"":1,""U983"":1,""U910"":1,""U41"":1,""U75"":1,""U248"":1,""U103"":1,""U222"":1,""U795"":1,""U479"":1,""U659"":1,""U369"":1,""U897"":1,""U811"":1,""U398"":1,""U537"":1,""U406"":1,""U806"":1,""U661"":1,""U354"":1,""U235"":1,""U648"":1,""U226"":1,""U178"":1,""U727"":1,""U267"":1,""U688"":1,""U161"":1,""U394"":1,""U497"":1,""U830"":1,""U498"":1,""U749"":1,""U999"":1,""U195"":1,""U349"":1,""U767"":1,""U391"":1,""U542"":1,""U878"":1,""U699"":1,""U572"":1,""U679"":1,""U722"":1,""U72"":1,""U698"":1,""U677"":1,""U361"":1,""U60"":1,""U153"":1,""U913"":1,""U773"":1,""U451"":1,""U196"":1,""U231"":1,""U493"":1,""U908"":1,""U151"":1,""U47"":1,""U218"":1,""U530"":1,""U986"":1,""U535"":1,""U94"":1,""U788"":1,""U644"":1,""U368"":1,""U759"":1,""U290"":1,""U169"":1,""U3"":1,""U266"":1,""U240"":1,""U136"":1,""U343"":1,""U585"":1,""U315"":1,""U676"":1,""U628"":1,""U383"":1,""U990"":1,""U97"":1,""U865"":1,""U408"":1,""U755"":1,""U615"":1,""U77"":1,""U884"":1,""U350"":1,""U940"":1,""U353"":1,""U960"":1,""U516"":1,""U703"":1,""U604"":1,""U684"":1,""U140"":1,""U125"":1,""U912"":1,""U89"":1,""U780"":1,""U506"":1,""U972"":1,""U312"":1,""U276"":1,""U689"":1,""U193"":1,""U234"":1,""U145"":1,""U817"":1,""U237"":1,""U465"":1,""U591"":1,""U150"":1,""U348"":1,""U527"":1,""U581"":1,""U461"":1,""U813"":1,""U244"":1,""U88"":1,""U903"":1,""U131"":1,""U870"":1,""U973"":1,""U480"":1,""U997"":1,""U812"":1,""U261"":1,""U711"":1,""U230"":1,""U423"":1,""U901"":1,""U573"":1,""U280"":1,""U14"":1,""U692"":1,""U726"":1,""U252"":1,""U256"":1,""U916"":1,""U915"":1,""U907"":1,""U524"":1,""U918"":1,""U932"":1,""U710"":1,""U162"":1,""U899"":1,""U540"":1,""U854"":1,""U858"":1,""U756"":1,""U143"":1,""U210"":1,""U814"":1,""U805"":1,""U299"":1,""U883"":1,""U696"":1,""U640"":1,""U311"":1,""U852"":1,""U327"":1,""U827"":1,""U605"":1,""U176"":1,""U466"":2,""U566"":1,""U121"":2,""U292"":1,""U971"":1,""U363"":1,""U390"":1,""U905"":1,""U132"":1,""U219"":1,""U515"":1,""U790"":1,""U346"":1,""U334"":1,""U850"":1,""U779"":1,""U1"":2,""U43"":1,""U597"":1,""U302"":1,""U260"":1,""U860"":1,""U702"":1,""U543"":1,""U957"":1,""U725"":1,""U371"":1,""U658"":1,""U528"":2,""U552"":1,""U503"":1,""U642"":1,""U76"":1,""U488"":1,""U29"":1,""U471"":1,""U117"":1,""U709"":1,""U67"":1,""U510"":1,""U13"":1,""U351"":1,""U149"":1,""U895"":1,""U489"":1,""U472"":1,""U872"":1,""U135"":1,""U144"":1,""U116"":1,""U624"":1,""U565"":2,""U167"":2,""U421"":2,""U225"":1,""U115"":1,""U250"":1,""U650"":1,""U241"":1,""U568"":1,""U720"":1,""U775"":1,""U416"":1,""U763"":1,""U434"":1,""U531"":1,""U797"":1,""U754"":1,""U994"":1,""U82"":1,""U496"":1,""U690"":1,""U880"":1,""U582"":1,""U300"":1,""U622"":1,""U964"":1,""U216"":1,""U861"":1,""U588"":1,""U270"":1,""U738"":1,""U78"":1,""U436"":1,""U39"":1,""U68"":1,""U969"":1,""U462"":1,""U183"":1,""U287"":1,""U602"":1,""U204"":1,""U904"":1,""U807"":1,""U382"":1,""U791"":1,""U714"":1,""U154"":1,""U844"":1,""U630"":1,""U641"":1,""U781"":1,""U127"":1,""U182"":1,""U564"":1,""U207"":1,""U268"":1,""U61"":1,""U656"":1,""U141"":1,""U464"":1,""U433"":1,""U857"":1,""U158"":1,""U948"":1,""U157"":1,""U17"":1,""U686"":2,""U902"":1,""U740"":1,""U752"":1,""U40"":1,""U164"":1,""U474"":1,""U545"":1,""U133"":1,""U596"":1,""U745"":1,""U425"":1,""U175"":1,""U978"":1,""U504"":1,""U1000"":1,""U995"":1,""U739"":1,""U837"":1,""U511"":1,""U577"":1,""U717"":1,""U786"":1,""U968"":1,""U101"":1,""U768"":1,""U122"":1,""U936"":1,""U458"":1,""U483"":1,""U546"":1,""U841"":1,""U719"":1,""U337"":1,""U190"":1,""U80"":1,""U793"":2,""U447"":1,""U470"":1,""U401"":1,""U925"":1,""U695"":1,""U392"":1,""U833"":1,""U742"":1,""U832"":1,""U457"":1,""U468"":1,""U672"":1,""U750"":1,""U956"":1,""U482"":1,""U303"":1,""U59"":1,""U831"":1,""U914"":1,""U809"":1,""U822"":1,""U208"":1,""U681"":1,""U944"":1,""U55"":1,""U185"":1,""U610"":1,""U214"":1,""U665"":1,""U988"":1,""U4"":1,""U389"":1,""U746"":1,""U765"":1,""U959"":1,""U544"":1,""U599"":1,""U325"":1,""U522"":1,""U890"":1,""U402"":1,""U297"":1,""U25"":1,""U228"":1,""U587"":1,""U174"":1,""U778"":1,""U705"":1,""U792"":1,""U796"":1,""U215"":1,""U798"":1,""U42"":1,""U463"":1,""U113"":1,""U675"":1,""U440"":1,""U104"":1,""U998"":1,""U771"":1,""U808"":1,""U938"":1,""U246"":1,""U536"":1,""U384"":1,""U955"":1,""U294"":1,""U873"":1,""U967"":1,""U701"":1,""U249"":1,""U233"":1,""U863"":1,""U888"":1,""U422"":1,""U362"":1,""U550"":1,""U160"":1,""U513"":1,""U407"":1,""U11"":1,""U180"":1,""U265"":1,""U554"":1,""U336"":1,""U197"":1,""U927"":1,""U487"":1,""U829"":1,""U18"":1,""U520"":1,""U555"":1,""U211"":1,""U898"":1,""U429"":1}",572.3459994792938,,,,,false,1000,,,Gurobi,gurobi_10min,true,600.0,20260829,16,16,150,,true,ok,0.03099989891052246,network_balanced,network_balanced_hardness_sweep,16,,572.3459994792938,27.94100022315979
1,,,,,-259.0,Optimal,,MIPSolver,,0.5,cologne_network_balanced_n200_b50_u300_sd_fixed_network_path,cologne,,false,0.0,200,4381,200,200,0.5,400,100,aachen_osm_gtfs_bike_agg200_p200_b50_u300,27803,800,300,fixed_network_path,true,,,,false,,sd,sd_fixed_network_path,,,,,,,,,300,,,Gurobi,gurobi_10min,true,600.0,20260829,16,16,200,,true,ok,461.51200008392334,network_balanced,network_balanced_hardness_sweep,16,,600.0,880.5969998836517
0,,,,,,Memory_Limit,,MIPSolver,,0.5,cologne_network_balanced_n200_b50_u300_sd_n_minus_1,cologne,,false,1.0e100,200,4381,200,200,0.5,400,100,aachen_osm_gtfs_bike_agg200_p200_b50_u300,27803,800,300,n_minus_one_most_expensive,true,,,,false,,sd,sd_n_minus_1,,,,,,,,,300,,,Gurobi,gurobi_10min,true,600.0,20260829,16,16,200,,true,memory_limit,232.7739999294281,network_balanced,network_balanced_hardness_sweep,16,,600.0,528.949000120163
1,,300,,300,,Timelimit,3.344979,BlCSolver,,0.5,cologne_network_balanced_n200_b50_u300_blc_astar_fixed_network_path,cologne,,false,1.0e100,200,4381,200,200,0.5,400,100,aachen_osm_gtfs_bike_agg200_p200_b50_u300,27803,800,300,fixed_network_path,,,,,,8369304,blc,blc_astar_fixed_network_path,,,,0,0,astar,null,,300,true,16,Gurobi,gurobi_10min,true,600.0,20260829,16,16,200,,true,timeout,600.6849999427795,network_balanced,network_balanced_hardness_sweep,16,16,600.0,933.771999835968
1,,300,,300,,Timelimit,1.2638572,BlCSolver,,0.5,cologne_network_balanced_n200_b50_u300_blc_astar_n_minus_1,cologne,,false,1.0e100,200,4381,200,200,0.5,400,100,aachen_osm_gtfs_bike_agg200_p200_b50_u300,27803,800,300,n_minus_one_most_expensive,,,,,,8369304,blc,blc_astar_n_minus_1,,,,0,0,astar,null,,300,true,16,Gurobi,gurobi_10min,true,600.0,20260829,16,16,200,,true,timeout,600.4390001296997,network_balanced,network_balanced_hardness_sweep,16,16,600.0,854.9560000896454
0,,,,,-259.0,Optimal,,MIPSolver,,0.5,cologne_network_balanced_n200_b50_u300_path_dominance,cologne,,false,0.0,200,4381,200,200,0.5,400,100,aachen_osm_gtfs_bike_agg200_p200_b50_u300,27803,800,300,,,18.793999910354614,600.0,labeling,,,path,path_dominance,false,"{""U23"":1,""U96"":1,""U10"":1,""U126"":1,""U176"":1,""U111"":1,""U19"":1,""U166"":1,""U91"":1,""U189"":1,""U107"":1,""U212"":1,""U121"":1,""U292"":1,""U16"":1,""U155"":1,""U293"":1,""U264"":1,""U7"":1,""U132"":1,""U219"":1,""U257"":1,""U184"":1,""U129"":1,""U275"":1,""U238"":1,""U142"":1,""U1"":1,""U24"":1,""U263"":1,""U43"":1,""U260"":1,""U87"":1,""U109"":1,""U138"":1,""U229"":1,""U119"":1,""U179"":1,""U282"":1,""U243"":1,""U186"":1,""U48"":1,""U57"":1,""U76"":1,""U9"":1,""U29"":1,""U117"":1,""U285"":1,""U67"":1,""U6"":1,""U13"":1,""U149"":1,""U152"":1,""U289"":1,""U188"":1,""U135"":1,""U144"":1,""U148"":1,""U116"":1,""U274"":1,""U167"":1,""U217"":1,""U118"":2,""U187"":1,""U225"":1,""U115"":1,""U250"":1,""U209"":1,""U241"":1,""U262"":1,""U35"":1,""U90"":1,""U54"":1,""U45"":1,""U49"":1,""U62"":1,""U5"":1,""U74"":1,""U203"":1,""U255"":1,""U82"":1,""U73"":1,""U81"":1,""U213"":1,""U8"":1,""U41"":1,""U300"":1,""U177"":1,""U31"":1,""U75"":1,""U83"":1,""U50"":1,""U93"":1,""U216"":1,""U139"":1,""U270"":1,""U78"":1,""U84"":1,""U269"":1,""U46"":1,""U147"":1,""U39"":1,""U68"":1,""U248"":1,""U71"":1,""U291"":1,""U192"":1,""U259"":1,""U103"":1,""U102"":1,""U222"":1,""U183"":1,""U156"":1,""U287"":1,""U204"":1,""U128"":1,""U235"":1,""U154"":1,""U273"":1,""U198"":1,""U226"":1,""U178"":1,""U27"":1,""U191"":1,""U223"":1,""U124"":1,""U267"":1,""U64"":1,""U127"":1,""U182"":1,""U207"":1,""U161"":1,""U130"":1,""U268"":1,""U61"":1,""U141"":1,""U239"":1,""U51"":1,""U158"":1,""U28"":1,""U52"":1,""U157"":1,""U251"":1,""U17"":1,""U195"":1,""U254"":1,""U69"":1,""U112"":1,""U40"":1,""U164"":1,""U72"":1,""U34"":1,""U133"":1,""U199"":1,""U175"":1,""U201"":2,""U281"":3,""U60"":1,""U2"":1,""U153"":1,""U37"":1,""U92"":1,""U196"":1,""U231"":1,""U296"":1,""U286"":1,""U221"":1,""U32"":1,""U151"":1,""U47"":1,""U218"":1,""U298"":1,""U94"":1,""U101"":1,""U283"":1,""U108"":1,""U122"":1,""U123"":1,""U134"":1,""U58"":1,""U205"":1,""U172"":1,""U290"":1,""U12"":1,""U169"":1,""U224"":1,""U3"":1,""U266"":1,""U63"":1,""U240"":1,""U136"":1,""U20"":1,""U190"":1,""U277"":1,""U30"":1,""U80"":1,""U171"":1,""U220"":1,""U279"":1,""U206"":1,""U202"":1,""U271"":1,""U97"":1,""U284"":1,""U77"":1,""U247"":1,""U232"":1,""U105"":1,""U114"":1,""U227"":1,""U59"":1,""U56"":1,""U86"":1,""U26"":1,""U236"":1,""U70"":1,""U208"":1,""U140"":1,""U125"":1,""U163"":1,""U89"":1,""U55"":1,""U110"":1,""U159"":1,""U185"":1,""U214"":1,""U120"":1,""U4"":1,""U98"":1,""U146"":1,""U276"":1,""U173"":1,""U245"":1,""U44"":1,""U193"":1,""U137"":1,""U168"":1,""U85"":1,""U53"":2,""U95"":1,""U297"":1,""U234"":1,""U194"":1,""U200"":1,""U25"":1,""U145"":1,""U228"":2,""U174"":1,""U165"":1,""U258"":1,""U288"":1,""U215"":1,""U237"":1,""U42"":1,""U113"":1,""U106"":1,""U150"":1,""U104"":1,""U244"":1,""U36"":1,""U21"":1,""U242"":1,""U88"":1,""U131"":1,""U33"":1,""U66"":1,""U246"":1,""U272"":1,""U79"":1,""U253"":1,""U261"":1,""U99"":1,""U230"":1,""U170"":1,""U15"":1,""U294"":1,""U280"":1,""U14"":1,""U249"":1,""U252"":1,""U256"":1,""U233"":1,""U100"":1,""U278"":1,""U160"":1,""U22"":1,""U65"":1,""U11"":1,""U180"":1,""U162"":1,""U265"":1,""U295"":1,""U197"":1,""U143"":1,""U210"":1,""U38"":1,""U18"":1,""U299"":1,""U211"":1,""U181"":1}",581.2060000896454,,,,,true,300,,,Gurobi,gurobi_10min,true,600.0,20260829,16,16,200,,true,ok,0.03099989891052246,network_balanced,network_balanced_hardness_sweep,16,,581.2060000896454,19.02500009536743
0,,,,,-259.0,Optimal,,MIPSolver,,0.5,cologne_network_balanced_n200_b50_u300_path_no_dominance,cologne,,false,0.0,200,4381,200,200,0.5,400,100,aachen_osm_gtfs_bike_agg200_p200_b50_u300,27803,800,300,,,12.30299973487854,600.0,labeling,,,path,path_no_dominance,false,"{""U23"":1,""U96"":1,""U10"":1,""U126"":1,""U176"":1,""U111"":1,""U19"":1,""U166"":1,""U91"":2,""U189"":2,""U107"":1,""U212"":1,""U121"":2,""U292"":1,""U16"":1,""U155"":1,""U293"":1,""U264"":1,""U7"":1,""U132"":1,""U219"":1,""U257"":1,""U184"":1,""U129"":1,""U275"":1,""U238"":1,""U142"":1,""U1"":1,""U24"":1,""U263"":1,""U43"":1,""U260"":1,""U87"":1,""U109"":1,""U138"":1,""U229"":1,""U119"":1,""U179"":1,""U282"":1,""U243"":1,""U186"":1,""U48"":1,""U57"":1,""U76"":1,""U9"":1,""U29"":1,""U117"":1,""U285"":1,""U67"":1,""U6"":1,""U13"":1,""U149"":1,""U152"":1,""U289"":1,""U188"":1,""U135"":1,""U144"":1,""U148"":1,""U116"":1,""U274"":1,""U167"":1,""U217"":1,""U118"":2,""U187"":1,""U225"":2,""U115"":1,""U250"":1,""U209"":1,""U241"":1,""U262"":1,""U35"":1,""U90"":1,""U54"":1,""U45"":1,""U49"":1,""U62"":1,""U5"":1,""U74"":1,""U203"":1,""U255"":1,""U82"":1,""U73"":1,""U81"":1,""U213"":1,""U8"":1,""U41"":1,""U300"":1,""U177"":1,""U31"":1,""U75"":1,""U83"":1,""U50"":1,""U93"":1,""U216"":1,""U139"":1,""U270"":1,""U78"":1,""U84"":1,""U269"":1,""U46"":1,""U147"":1,""U39"":1,""U68"":1,""U248"":1,""U71"":1,""U291"":1,""U192"":1,""U259"":1,""U103"":1,""U102"":1,""U222"":1,""U183"":1,""U156"":1,""U287"":1,""U204"":1,""U128"":1,""U235"":1,""U154"":1,""U273"":1,""U198"":1,""U226"":1,""U178"":1,""U27"":1,""U191"":1,""U223"":1,""U124"":1,""U267"":1,""U64"":2,""U127"":1,""U182"":1,""U207"":1,""U161"":1,""U130"":1,""U268"":1,""U61"":1,""U141"":1,""U239"":2,""U51"":1,""U158"":1,""U28"":1,""U52"":1,""U157"":1,""U251"":1,""U17"":1,""U195"":1,""U254"":1,""U69"":1,""U112"":1,""U40"":1,""U164"":1,""U72"":1,""U34"":1,""U133"":1,""U199"":1,""U175"":1,""U201"":2,""U281"":4,""U60"":1,""U2"":1,""U153"":1,""U37"":1,""U92"":1,""U196"":1,""U231"":1,""U296"":1,""U286"":1,""U221"":1,""U32"":1,""U151"":1,""U47"":1,""U218"":1,""U298"":1,""U94"":1,""U101"":1,""U283"":1,""U108"":1,""U122"":1,""U123"":1,""U134"":1,""U58"":1,""U205"":1,""U172"":1,""U290"":1,""U12"":1,""U169"":1,""U224"":1,""U3"":1,""U266"":1,""U63"":1,""U240"":1,""U136"":1,""U20"":1,""U190"":1,""U277"":1,""U30"":1,""U80"":1,""U171"":1,""U220"":1,""U279"":1,""U206"":1,""U202"":1,""U271"":1,""U97"":1,""U284"":1,""U77"":1,""U247"":1,""U232"":1,""U105"":1,""U114"":1,""U227"":1,""U59"":1,""U56"":1,""U86"":1,""U26"":1,""U236"":1,""U70"":1,""U208"":1,""U140"":1,""U125"":1,""U163"":1,""U89"":1,""U55"":1,""U110"":1,""U159"":1,""U185"":1,""U214"":1,""U120"":1,""U4"":1,""U98"":1,""U146"":1,""U276"":1,""U173"":1,""U245"":1,""U44"":1,""U193"":1,""U137"":1,""U168"":1,""U85"":1,""U53"":2,""U95"":1,""U297"":1,""U234"":1,""U194"":1,""U200"":1,""U25"":1,""U145"":1,""U228"":2,""U174"":1,""U165"":1,""U258"":1,""U288"":1,""U215"":1,""U237"":1,""U42"":1,""U113"":1,""U106"":1,""U150"":1,""U104"":1,""U244"":1,""U36"":1,""U21"":1,""U242"":1,""U88"":1,""U131"":1,""U33"":1,""U66"":1,""U246"":1,""U272"":1,""U79"":1,""U253"":1,""U261"":1,""U99"":1,""U230"":1,""U170"":1,""U15"":1,""U294"":1,""U280"":1,""U14"":1,""U249"":1,""U252"":1,""U256"":1,""U233"":1,""U100"":1,""U278"":1,""U160"":1,""U22"":1,""U65"":1,""U11"":1,""U180"":1,""U162"":1,""U265"":1,""U295"":1,""U197"":1,""U143"":1,""U210"":1,""U38"":1,""U18"":1,""U299"":1,""U211"":1,""U181"":1}",587.6970002651215,,,,,false,300,,,Gurobi,gurobi_10min,true,600.0,20260829,16,16,200,,true,ok,0.03099989891052246,network_balanced,network_balanced_hardness_sweep,16,,587.6970002651215,12.539000034332275
1,,,,,,Memory_Limit,,MIPSolver,,0.5,cologne_network_balanced_n200_b50_u500_sd_fixed_network_path,cologne,,false,1.0e100,200,4381,200,200,0.5,400,100,aachen_osm_gtfs_bike_agg200_p200_b50_u500,27803,800,500,fixed_network_path,true,,,,false,,sd,sd_fixed_network_path,,,,,,,,,500,,,Gurobi,gurobi_10min,true,600.0,20260829,16,16,200,,true,memory_limit,559.4869999885559,network_balanced,network_balanced_hardness_sweep,16,,600.0,1245.62299990654
,,0,,500,,Memory_Limit,0.0,BlCSolver,,0.5,cologne_network_balanced_n200_b50_u500_blc_astar_fixed_network_path,cologne,,false,,200,4381,200,200,0.5,400,100,aachen_osm_gtfs_bike_agg200_p200_b50_u500,27803,800,500,fixed_network_path,,,,,,13930304,blc,blc_astar_fixed_network_path,,,,0,0,astar,null,,500,true,16,Gurobi,gurobi_10min,true,600.0,20260829,16,16,200,,true,memory_limit,,network_balanced,network_balanced_hardness_sweep,16,16,600.0,749.824000120163
,,0,,500,,Memory_Limit,0.0,BlCSolver,,0.5,cologne_network_balanced_n200_b50_u500_blc_astar_n_minus_1,cologne,,false,,200,4381,200,200,0.5,400,100,aachen_osm_gtfs_bike_agg200_p200_b50_u500,27803,800,500,n_minus_one_most_expensive,,,,,,13930304,blc,blc_astar_n_minus_1,,,,0,0,astar,null,,500,true,16,Gurobi,gurobi_10min,true,600.0,20260829,16,16,200,,true,memory_limit,,network_balanced,network_balanced_hardness_sweep,16,16,600.0,593.3630001544952
1,,,,,-419.0,Optimal,,MIPSolver,,0.5,cologne_network_balanced_n200_b50_u500_path_dominance,cologne,,false,0.0,200,4381,200,200,0.5,400,100,aachen_osm_gtfs_bike_agg200_p200_b50_u500,27803,800,500,,,29.633000135421753,600.0,labeling,,,path,path_dominance,false,"{""U23"":1,""U96"":1,""U327"":1,""U10"":1,""U396"":1,""U126"":1,""U176"":1,""U448"":1,""U111"":1,""U432"":1,""U381"":1,""U19"":1,""U166"":1,""U91"":1,""U189"":1,""U466"":1,""U107"":1,""U212"":1,""U121"":1,""U292"":1,""U16"":1,""U155"":1,""U363"":1,""U390"":1,""U372"":1,""U293"":1,""U415"":1,""U385"":1,""U431"":1,""U264"":1,""U7"":1,""U132"":1,""U219"":1,""U257"":1,""U184"":1,""U420"":1,""U346"":1,""U129"":1,""U334"":1,""U275"":1,""U238"":1,""U326"":1,""U439"":1,""U142"":1,""U1"":1,""U24"":1,""U263"":1,""U374"":1,""U43"":1,""U345"":1,""U481"":1,""U302"":1,""U260"":1,""U404"":1,""U87"":1,""U109"":1,""U138"":1,""U324"":1,""U229"":1,""U119"":1,""U347"":1,""U179"":1,""U282"":1,""U397"":1,""U357"":1,""U316"":1,""U475"":1,""U491"":1,""U243"":1,""U323"":1,""U485"":1,""U377"":1,""U186"":1,""U371"":1,""U386"":1,""U437"":1,""U359"":1,""U48"":1,""U57"":1,""U76"":1,""U9"":1,""U488"":1,""U29"":1,""U473"":1,""U471"":1,""U117"":1,""U285"":1,""U331"":1,""U413"":2,""U67"":1,""U6"":1,""U13"":1,""U351"":1,""U492"":2,""U149"":1,""U152"":1,""U489"":1,""U289"":1,""U188"":1,""U444"":1,""U456"":1,""U472"":1,""U135"":1,""U144"":1,""U148"":1,""U116"":1,""U399"":1,""U274"":1,""U167"":1,""U341"":1,""U217"":1,""U421"":1,""U428"":1,""U446"":1,""U118"":1,""U187"":1,""U225"":1,""U115"":1,""U250"":1,""U332"":1,""U438"":1,""U209"":1,""U241"":1,""U262"":1,""U35"":1,""U90"":1,""U54"":1,""U305"":1,""U452"":1,""U416"":1,""U45"":1,""U49"":1,""U443"":1,""U321"":1,""U319"":1,""U417"":1,""U469"":1,""U62"":1,""U5"":1,""U435"":1,""U74"":1,""U307"":1,""U203"":1,""U434"":1,""U255"":1,""U82"":1,""U73"":1,""U81"":1,""U445"":1,""U496"":1,""U213"":1,""U8"":1,""U393"":1,""U41"":1,""U403"":1,""U300"":1,""U455"":1,""U450"":1,""U177"":1,""U318"":1,""U31"":1,""U356"":1,""U75"":1,""U83"":1,""U50"":1,""U93"":1,""U216"":1,""U139"":1,""U270"":1,""U430"":1,""U370"":1,""U78"":2,""U84"":1,""U269"":1,""U436"":1,""U46"":1,""U147"":1,""U39"":1,""U68"":1,""U248"":1,""U71"":1,""U291"":1,""U322"":1,""U335"":1,""U192"":1,""U259"":1,""U419"":1,""U103"":1,""U102"":1,""U222"":1,""U462"":1,""U476"":1,""U364"":1,""U369"":1,""U479"":1,""U183"":1,""U156"":1,""U287"":1,""U204"":1,""U355"":1,""U398"":1,""U441"":1,""U373"":1,""U406"":1,""U354"":1,""U128"":1,""U459"":1,""U382"":1,""U235"":1,""U154"":1,""U273"":1,""U198"":1,""U494"":1,""U226"":1,""U340"":1,""U178"":1,""U27"":1,""U191"":1,""U223"":1,""U124"":1,""U267"":1,""U378"":1,""U64"":1,""U495"":1,""U127"":1,""U182"":1,""U344"":1,""U207"":1,""U161"":1,""U130"":1,""U268"":1,""U394"":1,""U454"":1,""U61"":1,""U141"":1,""U464"":1,""U477"":1,""U433"":1,""U497"":1,""U239"":1,""U51"":1,""U498"":1,""U158"":1,""U28"":1,""U52"":1,""U157"":1,""U251"":1,""U17"":1,""U195"":1,""U254"":1,""U314"":1,""U349"":1,""U391"":1,""U69"":1,""U112"":1,""U320"":1,""U411"":1,""U329"":1,""U40"":1,""U164"":1,""U72"":1,""U474"":1,""U34"":1,""U133"":1,""U199"":1,""U425"":1,""U175"":1,""U405"":1,""U361"":1,""U201"":1,""U281"":1,""U304"":1,""U338"":1,""U60"":1,""U2"":1,""U153"":1,""U333"":1,""U37"":1,""U92"":1,""U451"":1,""U449"":1,""U196"":1,""U231"":1,""U493"":1,""U296"":1,""U308"":1,""U286"":1,""U221"":1,""U32"":1,""U151"":2,""U376"":1,""U47"":1,""U218"":1,""U298"":1,""U328"":1,""U94"":1,""U101"":1,""U283"":1,""U108"":1,""U122"":1,""U123"":1,""U134"":1,""U58"":1,""U205"":1,""U172"":1,""U368"":1,""U458"":1,""U290"":1,""U12"":1,""U169"":1,""U483"":1,""U484"":1,""U486"":1,""U224"":1,""U337"":1,""U3"":1,""U266"":1,""U63"":1,""U240"":1,""U136"":1,""U20"":1,""U190"":1,""U277"":1,""U343"":1,""U30"":1,""U409"":1,""U80"":1,""U171"":1,""U330"":1,""U220"":1,""U279"":1,""U315"":1,""U388"":1,""U309"":1,""U447"":1,""U206"":1,""U202"":1,""U271"":1,""U401"":1,""U470"":1,""U383"":1,""U339"":1,""U97"":1,""U408"":1,""U392"":1,""U284"":1,""U77"":1,""U379"":1,""U247"":1,""U457"":1,""U468"":1,""U350"":1,""U232"":1,""U105"":1,""U353"":1,""U482"":1,""U352"":1,""U114"":1,""U227"":1,""U303"":1,""U59"":1,""U56"":1,""U86"":1,""U26"":1,""U236"":1,""U70"":1,""U208"":1,""U140"":1,""U125"":1,""U163"":1,""U414"":1,""U89"":1,""U55"":1,""U110"":1,""U358"":1,""U442"":1,""U490"":1,""U159"":1,""U185"":1,""U214"":1,""U120"":1,""U4"":1,""U98"":1,""U146"":1,""U276"":1,""U173"":1,""U312"":1,""U389"":1,""U245"":1,""U44"":1,""U412"":1,""U193"":1,""U137"":1,""U168"":1,""U85"":1,""U53"":1,""U325"":1,""U418"":1,""U95"":2,""U402"":1,""U297"":1,""U424"":1,""U467"":1,""U400"":1,""U380"":1,""U234"":1,""U194"":1,""U200"":1,""U25"":1,""U145"":1,""U228"":1,""U301"":1,""U174"":1,""U165"":1,""U460"":1,""U500"":1,""U453"":1,""U258"":1,""U288"":1,""U215"":1,""U237"":1,""U465"":1,""U42"":1,""U360"":1,""U113"":1,""U463"":1,""U106"":1,""U150"":1,""U348"":1,""U104"":1,""U440"":1,""U461"":1,""U244"":1,""U426"":1,""U36"":1,""U21"":1,""U242"":1,""U306"":1,""U88"":1,""U375"":1,""U342"":1,""U131"":1,""U33"":1,""U66"":1,""U246"":1,""U272"":1,""U480"":1,""U79"":1,""U253"":1,""U261"":1,""U387"":1,""U99"":1,""U230"":1,""U317"":1,""U170"":1,""U313"":1,""U15"":1,""U384"":1,""U423"":2,""U294"":1,""U280"":1,""U14"":1,""U249"":1,""U252"":1,""U256"":1,""U233"":1,""U422"":1,""U362"":1,""U100"":1,""U278"":1,""U160"":1,""U410"":1,""U22"":1,""U65"":1,""U310"":1,""U11"":1,""U180"":1,""U407"":1,""U427"":1,""U162"":1,""U265"":1,""U365"":4,""U295"":1,""U336"":1,""U197"":1,""U395"":2,""U143"":1,""U210"":1,""U367"":1,""U487"":1,""U38"":1,""U366"":1,""U18"":1,""U299"":1,""U499"":1,""U211"":1,""U311"":1,""U478"":1,""U429"":1,""U181"":1}",570.3669998645782,,,,,true,500,,,Gurobi,gurobi_10min,true,600.0,20260829,16,16,200,,true,ok,0.037999868392944336,network_balanced,network_balanced_hardness_sweep,16,,570.3669998645782,29.88100004196167
1,,,,,-419.0,Optimal,,MIPSolver,,0.5,cologne_network_balanced_n200_b50_u500_path_no_dominance,cologne,,false,0.0,200,4381,200,200,0.5,400,100,aachen_osm_gtfs_bike_agg200_p200_b50_u500,27803,800,500,,,19.8580002784729,600.0,labeling,,,path,path_no_dominance,false,"{""U23"":1,""U96"":1,""U327"":1,""U10"":1,""U396"":1,""U126"":1,""U176"":1,""U448"":1,""U111"":1,""U432"":1,""U381"":1,""U19"":1,""U166"":1,""U91"":1,""U189"":1,""U466"":1,""U107"":1,""U212"":1,""U121"":1,""U292"":1,""U16"":1,""U155"":1,""U363"":1,""U390"":1,""U372"":1,""U293"":1,""U415"":2,""U385"":1,""U431"":1,""U264"":1,""U7"":1,""U132"":1,""U219"":1,""U257"":1,""U184"":1,""U420"":1,""U346"":1,""U129"":1,""U334"":1,""U275"":1,""U238"":1,""U326"":1,""U439"":1,""U142"":1,""U1"":1,""U24"":1,""U263"":1,""U374"":1,""U43"":1,""U345"":1,""U481"":1,""U302"":1,""U260"":1,""U404"":1,""U87"":1,""U109"":1,""U138"":1,""U324"":1,""U229"":1,""U119"":1,""U347"":1,""U179"":1,""U282"":1,""U397"":1,""U357"":1,""U316"":1,""U475"":1,""U491"":1,""U243"":1,""U323"":1,""U485"":1,""U377"":1,""U186"":1,""U371"":1,""U386"":1,""U437"":1,""U359"":1,""U48"":1,""U57"":1,""U76"":1,""U9"":1,""U488"":1,""U29"":1,""U473"":1,""U471"":1,""U117"":1,""U285"":1,""U331"":1,""U413"":2,""U67"":1,""U6"":1,""U13"":1,""U351"":1,""U492"":2,""U149"":1,""U152"":1,""U489"":1,""U289"":1,""U188"":1,""U444"":1,""U456"":1,""U472"":1,""U135"":1,""U144"":1,""U148"":1,""U116"":1,""U399"":1,""U274"":1,""U167"":1,""U341"":1,""U217"":1,""U421"":1,""U428"":1,""U446"":1,""U118"":1,""U187"":1,""U225"":1,""U115"":1,""U250"":1,""U332"":1,""U438"":1,""U209"":1,""U241"":1,""U262"":1,""U35"":1,""U90"":1,""U54"":1,""U305"":1,""U452"":1,""U416"":1,""U45"":1,""U49"":1,""U443"":1,""U321"":1,""U319"":1,""U417"":1,""U469"":1,""U62"":1,""U5"":1,""U435"":1,""U74"":1,""U307"":2,""U203"":2,""U434"":1,""U255"":1,""U82"":2,""U73"":1,""U81"":1,""U445"":1,""U496"":1,""U213"":1,""U8"":1,""U393"":1,""U41"":1,""U403"":1,""U300"":1,""U455"":1,""U450"":1,""U177"":1,""U318"":1,""U31"":1,""U356"":1,""U75"":1,""U83"":1,""U50"":1,""U93"":1,""U216"":1,""U139"":1,""U270"":1,""U430"":1,""U370"":1,""U78"":2,""U84"":1,""U269"":1,""U436"":1,""U46"":1,""U147"":1,""U39"":1,""U68"":1,""U248"":1,""U71"":1,""U291"":1,""U322"":1,""U335"":1,""U192"":1,""U259"":1,""U419"":1,""U103"":1,""U102"":1,""U222"":1,""U462"":1,""U476"":1,""U364"":1,""U369"":1,""U479"":1,""U183"":1,""U156"":1,""U287"":1,""U204"":1,""U355"":1,""U398"":1,""U441"":1,""U373"":1,""U406"":1,""U354"":1,""U128"":1,""U459"":1,""U382"":1,""U235"":1,""U154"":1,""U273"":1,""U198"":1,""U494"":1,""U226"":1,""U340"":1,""U178"":1,""U27"":1,""U191"":1,""U223"":1,""U124"":1,""U267"":1,""U378"":1,""U64"":1,""U495"":1,""U127"":1,""U182"":1,""U344"":1,""U207"":1,""U161"":1,""U130"":1,""U268"":1,""U394"":1,""U454"":1,""U61"":1,""U141"":1,""U464"":1,""U477"":1,""U433"":1,""U497"":1,""U239"":1,""U51"":1,""U498"":1,""U158"":1,""U28"":1,""U52"":1,""U157"":1,""U251"":1,""U17"":1,""U195"":1,""U254"":1,""U314"":1,""U349"":1,""U391"":1,""U69"":1,""U112"":1,""U320"":1,""U411"":1,""U329"":1,""U40"":1,""U164"":1,""U72"":1,""U474"":1,""U34"":1,""U133"":1,""U199"":1,""U425"":1,""U175"":1,""U405"":1,""U361"":1,""U201"":1,""U281"":1,""U304"":1,""U338"":1,""U60"":1,""U2"":1,""U153"":1,""U333"":1,""U37"":1,""U92"":1,""U451"":1,""U449"":1,""U196"":1,""U231"":1,""U493"":1,""U296"":1,""U308"":1,""U286"":1,""U221"":1,""U32"":1,""U151"":2,""U376"":1,""U47"":1,""U218"":1,""U298"":1,""U328"":1,""U94"":1,""U101"":1,""U283"":1,""U108"":1,""U122"":1,""U123"":1,""U134"":1,""U58"":1,""U205"":1,""U172"":1,""U368"":1,""U458"":1,""U290"":1,""U12"":1,""U169"":1,""U483"":1,""U484"":1,""U486"":1,""U224"":1,""U337"":1,""U3"":1,""U266"":1,""U63"":1,""U240"":1,""U136"":1,""U20"":1,""U190"":1,""U277"":1,""U343"":1,""U30"":1,""U409"":1,""U80"":1,""U171"":1,""U330"":1,""U220"":1,""U279"":1,""U315"":1,""U388"":1,""U309"":1,""U447"":1,""U206"":1,""U202"":1,""U271"":1,""U401"":1,""U470"":1,""U383"":1,""U339"":1,""U97"":1,""U408"":1,""U392"":1,""U284"":1,""U77"":1,""U379"":1,""U247"":1,""U457"":1,""U468"":1,""U350"":1,""U232"":1,""U105"":1,""U353"":1,""U482"":1,""U352"":1,""U114"":1,""U227"":1,""U303"":1,""U59"":1,""U56"":1,""U86"":1,""U26"":1,""U236"":1,""U70"":1,""U208"":1,""U140"":1,""U125"":1,""U163"":1,""U414"":1,""U89"":1,""U55"":1,""U110"":1,""U358"":1,""U442"":1,""U490"":1,""U159"":1,""U185"":1,""U214"":1,""U120"":1,""U4"":1,""U98"":1,""U146"":1,""U276"":1,""U173"":1,""U312"":1,""U389"":1,""U245"":1,""U44"":1,""U412"":1,""U193"":1,""U137"":1,""U168"":1,""U85"":1,""U53"":1,""U325"":1,""U418"":1,""U95"":2,""U402"":1,""U297"":1,""U424"":1,""U467"":1,""U400"":1,""U380"":1,""U234"":1,""U194"":1,""U200"":1,""U25"":1,""U145"":1,""U228"":1,""U301"":1,""U174"":2,""U165"":1,""U460"":1,""U500"":1,""U453"":1,""U258"":1,""U288"":1,""U215"":1,""U237"":1,""U465"":1,""U42"":1,""U360"":1,""U113"":1,""U463"":1,""U106"":1,""U150"":1,""U348"":1,""U104"":1,""U440"":1,""U461"":1,""U244"":1,""U426"":1,""U36"":1,""U21"":1,""U242"":1,""U306"":1,""U88"":1,""U375"":1,""U342"":1,""U131"":1,""U33"":1,""U66"":1,""U246"":1,""U272"":1,""U480"":1,""U79"":1,""U253"":2,""U261"":1,""U387"":1,""U99"":1,""U230"":1,""U317"":1,""U170"":1,""U313"":1,""U15"":1,""U384"":1,""U423"":2,""U294"":1,""U280"":1,""U14"":1,""U249"":1,""U252"":1,""U256"":1,""U233"":1,""U422"":1,""U362"":1,""U100"":1,""U278"":1,""U160"":1,""U410"":1,""U22"":1,""U65"":1,""U310"":1,""U11"":1,""U180"":1,""U407"":1,""U427"":1,""U162"":1,""U265"":1,""U365"":4,""U295"":1,""U336"":1,""U197"":1,""U395"":2,""U143"":1,""U210"":1,""U367"":1,""U487"":1,""U38"":1,""U366"":1,""U18"":1,""U299"":1,""U499"":1,""U211"":1,""U311"":1,""U478"":1,""U429"":1,""U181"":1}",580.1419997215271,,,,,false,500,,,Gurobi,gurobi_10min,true,600.0,20260829,16,16,200,,true,ok,0.03099989891052246,network_balanced,network_balanced_hardness_sweep,16,,580.1419997215271,20.072999954223633
,,0,,750,,Memory_Limit,0.0,BlCSolver,,0.5,cologne_network_balanced_n200_b50_u750_blc_astar_fixed_network_path,cologne,,false,,200,4381,200,200,0.5,400,100,aachen_osm_gtfs_bike_agg200_p200_b50_u750,27803,800,750,fixed_network_path,,,,,,20881554,blc,blc_astar_fixed_network_path,,,,0,0,astar,null,,750,true,16,Gurobi,gurobi_10min,true,600.0,20260829,16,16,200,,true,memory_limit,,network_balanced,network_balanced_hardness_sweep,16,16,600.0,986.7179999351501
,,0,,750,,Memory_Limit,0.0,BlCSolver,,0.5,cologne_network_balanced_n200_b50_u750_blc_astar_n_minus_1,cologne,,false,,200,4381,200,200,0.5,400,100,aachen_osm_gtfs_bike_agg200_p200_b50_u750,27803,800,750,n_minus_one_most_expensive,,,,,,20881554,blc,blc_astar_n_minus_1,,,,0,0,astar,null,,750,true,16,Gurobi,gurobi_10min,true,600.0,20260829,16,16,200,,true,memory_limit,,network_balanced,network_balanced_hardness_sweep,16,16,600.0,700.4690001010895
0,,,,,-795.0,Optimal,,MIPSolver,,0.5,cologne_network_balanced_n200_b50_u750_path_dominance,cologne,,false,0.0,200,4381,200,200,0.5,400,100,aachen_osm_gtfs_bike_agg200_p200_b50_u750,27803,800,750,,,51.01099872589111,600.0,labeling,,,path,path_dominance,false,"{""U396"":1,""U448"":1,""U19"":1,""U166"":1,""U91"":1,""U155"":1,""U415"":1,""U385"":1,""U184"":1,""U716"":1,""U238"":1,""U326"":1,""U142"":1,""U619"":1,""U24"":1,""U109"":1,""U229"":1,""U569"":1,""U179"":1,""U397"":1,""U491"":1,""U243"":1,""U485"":1,""U186"":1,""U359"":1,""U691"":1,""U285"":1,""U492"":1,""U614"":1,""U444"":1,""U583"":1,""U728"":1,""U735"":1,""U616"":1,""U341"":1,""U118"":1,""U533"":1,""U35"":2,""U49"":1,""U321"":1,""U685"":1,""U62"":1,""U5"":1,""U74"":1,""U203"":1,""U729"":1,""U81"":1,""U571"":1,""U213"":1,""U8"":1,""U455"":1,""U177"":1,""U318"":1,""U31"":1,""U611"":1,""U83"":1,""U50"":1,""U139"":1,""U634"":1,""U370"":1,""U508"":1,""U269"":1,""U46"":1,""U147"":1,""U322"":1,""U666"":1,""U71"":1,""U335"":1,""U419"":1,""U578"":1,""U579"":1,""U156"":1,""U592"":1,""U584"":1,""U534"":1,""U441"":1,""U273"":1,""U340"":1,""U223"":1,""U378"":1,""U64"":1,""U495"":1,""U344"":1,""U594"":1,""U700"":1,""U130"":1,""U454"":1,""U477"":1,""U239"":1,""U51"":1,""U731"":1,""U607"":1,""U617"":2,""U320"":1,""U411"":1,""U34"":1,""U199"":1,""U405"":1,""U304"":1,""U338"":1,""U518"":1,""U37"":2,""U590"":1,""U706"":1,""U296"":1,""U221"":1,""U376"":1,""U328"":1,""U743"":1,""U669"":1,""U108"":1,""U134"":1,""U484"":1,""U486"":1,""U693"":1,""U627"":1,""U63"":1,""U718"":1,""U20"":1,""U171"":1,""U279"":1,""U501"":1,""U660"":1,""U206"":1,""U202"":1,""U339"":1,""U633"":1,""U284"":1,""U247"":1,""U653"":1,""U680"":1,""U232"":1,""U105"":1,""U723"":1,""U352"":1,""U114"":2,""U227"":1,""U56"":1,""U574"":1,""U613"":1,""U70"":1,""U414"":1,""U442"":1,""U490"":1,""U120"":1,""U146"":1,""U173"":1,""U412"":1,""U85"":1,""U418"":1,""U721"":1,""U549"":1,""U467"":1,""U400"":1,""U380"":1,""U194"":1,""U200"":1,""U558"":1,""U453"":1,""U258"":1,""U360"":1,""U670"":1,""U662"":1,""U106"":1,""U694"":1,""U598"":1,""U567"":1,""U36"":1,""U242"":1,""U375"":1,""U521"":1,""U586"":1,""U66"":2,""U79"":1,""U387"":1,""U99"":1,""U317"":1,""U313"":1,""U541"":1,""U562"":1,""U509"":1,""U278"":1,""U410"":1,""U22"":1,""U603"":1,""U310"":1,""U395"":1,""U367"":1,""U181"":1,""U96"":1,""U10"":1,""U381"":1,""U189"":1,""U107"":1,""U697"":1,""U372"":1,""U293"":1,""U264"":1,""U7"":1,""U551"":1,""U636"":1,""U647"":1,""U563"":1,""U374"":1,""U345"":1,""U502"":1,""U678"":1,""U481"":1,""U404"":1,""U138"":1,""U324"":1,""U119"":1,""U347"":1,""U316"":1,""U730"":1,""U377"":1,""U386"":1,""U437"":1,""U529"":1,""U595"":1,""U48"":1,""U9"":1,""U559"":1,""U652"":1,""U512"":1,""U625"":1,""U152"":1,""U289"":1,""U188"":1,""U639"":1,""U646"":1,""U399"":1,""U274"":1,""U446"":1,""U631"":1,""U438"":1,""U90"":1,""U54"":1,""U435"":1,""U307"":1,""U732"":1,""U713"":1,""U445"":1,""U393"":1,""U403"":1,""U450"":1,""U737"":1,""U356"":1,""U93"":1,""U430"":1,""U84"":1,""U291"":1,""U687"":1,""U548"":1,""U192"":1,""U259"":1,""U102"":1,""U476"":1,""U364"":1,""U556"":1,""U355"":1,""U373"":1,""U128"":1,""U459"":1,""U657"":1,""U198"":1,""U494"":1,""U27"":1,""U191"":1,""U124"":1,""U664"":1,""U623"":1,""U635"":1,""U733"":1,""U637"":1,""U28"":1,""U52"":1,""U251"":1,""U314"":1,""U254"":1,""U69"":1,""U507"":1,""U112"":1,""U329"":1,""U201"":1,""U281"":1,""U2"":1,""U333"":1,""U704"":1,""U92"":1,""U449"":1,""U308"":1,""U286"":1,""U32"":1,""U298"":1,""U283"":1,""U707"":1,""U123"":1,""U668"":1,""U58"":1,""U205"":1,""U172"":1,""U12"":1,""U654"":1,""U626"":1,""U224"":1,""U609"":1,""U277"":1,""U30"":1,""U409"":1,""U517"":1,""U593"":1,""U330"":1,""U220"":1,""U388"":1,""U736"":1,""U309"":1,""U724"":1,""U271"":1,""U643"":1,""U620"":1,""U674"":1,""U379"":1,""U683"":1,""U86"":1,""U26"":1,""U236"":1,""U163"":1,""U110"":1,""U655"":1,""U629"":1,""U358"":1,""U514"":1,""U608"":1,""U618"":1,""U159"":1,""U98"":1,""U744"":1,""U245"":1,""U44"":1,""U649"":1,""U712"":1,""U137"":1,""U168"":1,""U53"":1,""U673"":1,""U95"":1,""U424"":1,""U539"":1,""U301"":1,""U165"":1,""U460"":1,""U500"":1,""U288"":1,""U570"":1,""U547"":1,""U638"":1,""U532"":1,""U426"":1,""U21"":1,""U306"":1,""U342"":1,""U33"":1,""U272"":1,""U253"":1,""U170"":1,""U15"":1,""U601"":1,""U575"":1,""U100"":1,""U621"":1,""U65"":1,""U747"":1,""U427"":1,""U365"":1,""U295"":1,""U526"":1,""U600"":1,""U38"":1,""U366"":1,""U499"":1,""U478"":1,""U23"":1,""U126"":1,""U111"":1,""U432"":1,""U519"":1,""U606"":1,""U212"":1,""U612"":1,""U16"":1,""U663"":1,""U561"":1,""U557"":1,""U538"":1,""U431"":1,""U553"":1,""U257"":1,""U420"":1,""U129"":1,""U651"":1,""U523"":1,""U275"":1,""U439"":1,""U263"":1,""U87"":1,""U708"":1,""U282"":1,""U741"":1,""U748"":1,""U357"":1,""U475"":1,""U323"":1,""U645"":1,""U667"":1,""U580"":1,""U525"":1,""U57"":1,""U473"":1,""U589"":1,""U331"":1,""U413"":1,""U6"":1,""U560"":1,""U632"":1,""U682"":1,""U576"":1,""U456"":1,""U148"":1,""U671"":1,""U505"":1,""U217"":1,""U428"":1,""U187"":1,""U332"":1,""U209"":1,""U262"":1,""U305"":1,""U452"":2,""U45"":1,""U443"":1,""U417"":1,""U319"":1,""U469"":1,""U255"":1,""U73"":1,""U734"":1,""U715"":1,""U41"":1,""U75"":1,""U248"":1,""U103"":1,""U222"":1,""U479"":1,""U659"":1,""U369"":1,""U398"":1,""U537"":1,""U406"":1,""U661"":1,""U354"":1,""U235"":1,""U648"":1,""U226"":1,""U178"":1,""U727"":1,""U267"":1,""U688"":1,""U161"":1,""U394"":1,""U497"":1,""U498"":1,""U749"":1,""U195"":1,""U349"":1,""U391"":1,""U542"":1,""U699"":1,""U572"":1,""U679"":1,""U722"":1,""U72"":1,""U698"":1,""U677"":1,""U361"":2,""U60"":1,""U153"":1,""U451"":1,""U196"":1,""U231"":1,""U493"":1,""U151"":1,""U47"":1,""U218"":1,""U530"":1,""U535"":1,""U94"":1,""U644"":1,""U368"":1,""U290"":1,""U169"":1,""U3"":1,""U266"":1,""U240"":1,""U136"":1,""U343"":1,""U585"":1,""U315"":1,""U676"":1,""U628"":1,""U383"":1,""U97"":1,""U408"":1,""U615"":1,""U77"":1,""U350"":1,""U353"":1,""U516"":1,""U703"":1,""U604"":1,""U684"":1,""U140"":1,""U125"":1,""U89"":3,""U506"":1,""U312"":1,""U276"":1,""U689"":1,""U193"":1,""U234"":1,""U145"":1,""U237"":1,""U465"":1,""U591"":1,""U150"":1,""U348"":1,""U527"":1,""U581"":1,""U461"":1,""U244"":1,""U88"":1,""U131"":1,""U480"":1,""U261"":1,""U711"":1,""U230"":1,""U423"":1,""U573"":1,""U280"":1,""U14"":1,""U692"":1,""U726"":1,""U252"":1,""U256"":2,""U524"":1,""U710"":1,""U162"":1,""U540"":1,""U143"":1,""U210"":1,""U299"":1,""U696"":1,""U640"":1,""U311"":1,""U327"":1,""U605"":1,""U176"":1,""U466"":1,""U566"":1,""U121"":1,""U292"":1,""U363"":1,""U390"":1,""U132"":1,""U219"":1,""U515"":1,""U346"":1,""U334"":1,""U1"":1,""U43"":1,""U597"":1,""U302"":1,""U260"":1,""U702"":1,""U543"":1,""U725"":1,""U371"":1,""U658"":1,""U528"":1,""U552"":1,""U503"":1,""U642"":1,""U76"":1,""U488"":1,""U29"":1,""U471"":1,""U117"":1,""U709"":1,""U67"":1,""U510"":2,""U13"":1,""U351"":2,""U149"":1,""U489"":1,""U472"":1,""U135"":1,""U144"":1,""U116"":1,""U624"":1,""U565"":1,""U167"":2,""U421"":1,""U225"":1,""U115"":1,""U250"":1,""U650"":1,""U241"":2,""U568"":1,""U720"":1,""U416"":1,""U434"":1,""U531"":1,""U82"":1,""U496"":1,""U690"":1,""U582"":1,""U300"":1,""U622"":1,""U216"":1,""U588"":1,""U270"":1,""U738"":1,""U78"":1,""U436"":1,""U39"":1,""U68"":1,""U462"":1,""U183"":1,""U287"":1,""U602"":1,""U204"":1,""U382"":1,""U714"":1,""U154"":1,""U630"":1,""U641"":1,""U127"":1,""U182"":1,""U564"":1,""U207"":1,""U268"":1,""U61"":1,""U656"":1,""U141"":1,""U464"":1,""U433"":1,""U158"":2,""U157"":1,""U17"":1,""U686"":1,""U740"":1,""U40"":1,""U164"":1,""U474"":1,""U545"":1,""U133"":1,""U596"":1,""U745"":1,""U425"":1,""U175"":1,""U504"":1,""U739"":1,""U511"":1,""U577"":1,""U717"":1,""U101"":1,""U122"":1,""U458"":2,""U483"":1,""U546"":1,""U719"":1,""U337"":1,""U190"":1,""U80"":1,""U447"":1,""U470"":1,""U401"":1,""U695"":1,""U392"":1,""U742"":1,""U457"":1,""U468"":1,""U672"":1,""U750"":1,""U482"":1,""U303"":1,""U59"":1,""U208"":1,""U681"":1,""U55"":1,""U185"":1,""U610"":1,""U214"":1,""U665"":1,""U4"":1,""U389"":1,""U746"":1,""U544"":1,""U599"":1,""U325"":1,""U522"":1,""U402"":1,""U297"":1,""U25"":1,""U228"":1,""U587"":1,""U174"":1,""U705"":1,""U215"":1,""U42"":1,""U463"":1,""U113"":1,""U675"":1,""U440"":1,""U104"":1,""U246"":1,""U536"":1,""U384"":1,""U294"":1,""U701"":1,""U249"":1,""U233"":1,""U422"":1,""U362"":1,""U550"":1,""U160"":1,""U513"":1,""U407"":1,""U11"":1,""U180"":1,""U265"":1,""U554"":1,""U336"":1,""U197"":1,""U487"":1,""U18"":1,""U520"":1,""U555"":1,""U211"":1,""U429"":1}",548.9890012741089,,,,,true,750,,,Gurobi,gurobi_10min,true,600.0,20260829,16,16,200,,true,ok,0.0409998893737793,network_balanced,network_balanced_hardness_sweep,16,,548.9890012741089,51.342000007629395
0,,,,,-795.0,Optimal,,MIPSolver,,0.5,cologne_network_balanced_n200_b50_u750_path_no_dominance,cologne,,false,0.0,200,4381,200,200,0.5,400,100,aachen_osm_gtfs_bike_agg200_p200_b50_u750,27803,800,750,,,26.31999969482422,600.0,labeling,,,path,path_no_dominance,false,"{""U396"":1,""U448"":1,""U19"":1,""U166"":1,""U91"":1,""U155"":1,""U415"":1,""U385"":2,""U184"":1,""U716"":1,""U238"":1,""U326"":1,""U142"":1,""U619"":1,""U24"":1,""U109"":1,""U229"":1,""U569"":1,""U179"":1,""U397"":1,""U491"":1,""U243"":1,""U485"":1,""U186"":1,""U359"":1,""U691"":1,""U285"":1,""U492"":1,""U614"":1,""U444"":1,""U583"":1,""U728"":1,""U735"":1,""U616"":1,""U341"":1,""U118"":1,""U533"":1,""U35"":2,""U49"":1,""U321"":1,""U685"":1,""U62"":1,""U5"":1,""U74"":1,""U203"":1,""U729"":1,""U81"":1,""U571"":1,""U213"":1,""U8"":1,""U455"":1,""U177"":1,""U318"":1,""U31"":1,""U611"":1,""U83"":1,""U50"":1,""U139"":1,""U634"":1,""U370"":1,""U508"":1,""U269"":1,""U46"":1,""U147"":1,""U322"":1,""U666"":1,""U71"":1,""U335"":1,""U419"":1,""U578"":2,""U579"":1,""U156"":1,""U592"":1,""U584"":1,""U534"":1,""U441"":1,""U273"":1,""U340"":1,""U223"":1,""U378"":1,""U64"":1,""U495"":1,""U344"":1,""U594"":1,""U700"":1,""U130"":1,""U454"":1,""U477"":1,""U239"":1,""U51"":1,""U731"":1,""U607"":1,""U617"":2,""U320"":1,""U411"":1,""U34"":1,""U199"":1,""U405"":1,""U304"":1,""U338"":1,""U518"":2,""U37"":2,""U590"":1,""U706"":1,""U296"":1,""U221"":1,""U376"":1,""U328"":1,""U743"":1,""U669"":1,""U108"":1,""U134"":1,""U484"":1,""U486"":1,""U693"":1,""U627"":1,""U63"":1,""U718"":1,""U20"":1,""U171"":1,""U279"":1,""U501"":1,""U660"":1,""U206"":1,""U202"":1,""U339"":1,""U633"":1,""U284"":1,""U247"":1,""U653"":1,""U680"":1,""U232"":1,""U105"":1,""U723"":1,""U352"":1,""U114"":2,""U227"":1,""U56"":1,""U574"":1,""U613"":1,""U70"":1,""U414"":1,""U442"":1,""U490"":1,""U120"":1,""U146"":1,""U173"":1,""U412"":1,""U85"":1,""U418"":1,""U721"":1,""U549"":1,""U467"":1,""U400"":1,""U380"":2,""U194"":1,""U200"":1,""U558"":1,""U453"":1,""U258"":1,""U360"":1,""U670"":1,""U662"":1,""U106"":1,""U694"":1,""U598"":1,""U567"":1,""U36"":1,""U242"":1,""U375"":1,""U521"":1,""U586"":1,""U66"":2,""U79"":1,""U387"":1,""U99"":1,""U317"":1,""U313"":1,""U541"":1,""U562"":1,""U509"":1,""U278"":1,""U410"":1,""U22"":1,""U603"":1,""U310"":1,""U395"":1,""U367"":1,""U181"":1,""U96"":1,""U10"":2,""U381"":1,""U189"":1,""U107"":1,""U697"":1,""U372"":1,""U293"":1,""U264"":1,""U7"":2,""U551"":1,""U636"":1,""U647"":2,""U563"":1,""U374"":1,""U345"":1,""U502"":1,""U678"":1,""U481"":1,""U404"":1,""U138"":1,""U324"":1,""U119"":1,""U347"":1,""U316"":1,""U730"":1,""U377"":2,""U386"":1,""U437"":1,""U529"":1,""U595"":1,""U48"":1,""U9"":1,""U559"":2,""U652"":1,""U512"":2,""U625"":1,""U152"":1,""U289"":1,""U188"":1,""U639"":1,""U646"":1,""U399"":1,""U274"":1,""U446"":1,""U631"":1,""U438"":1,""U90"":1,""U54"":1,""U435"":1,""U307"":1,""U732"":1,""U713"":1,""U445"":1,""U393"":1,""U403"":1,""U450"":1,""U737"":1,""U356"":1,""U93"":1,""U430"":1,""U84"":1,""U291"":1,""U687"":1,""U548"":1,""U192"":1,""U259"":1,""U102"":1,""U476"":1,""U364"":1,""U556"":1,""U355"":1,""U373"":1,""U128"":1,""U459"":1,""U657"":1,""U198"":1,""U494"":1,""U27"":1,""U191"":1,""U124"":1,""U664"":1,""U623"":1,""U635"":1,""U733"":1,""U637"":1,""U28"":1,""U52"":1,""U251"":1,""U314"":1,""U254"":1,""U69"":1,""U507"":1,""U112"":1,""U329"":1,""U201"":1,""U281"":1,""U2"":1,""U333"":1,""U704"":1,""U92"":1,""U449"":1,""U308"":1,""U286"":1,""U32"":1,""U298"":1,""U283"":1,""U707"":1,""U123"":1,""U668"":1,""U58"":1,""U205"":1,""U172"":1,""U12"":1,""U654"":1,""U626"":1,""U224"":2,""U609"":1,""U277"":1,""U30"":1,""U409"":1,""U517"":1,""U593"":1,""U330"":1,""U220"":1,""U388"":1,""U736"":1,""U309"":1,""U724"":1,""U271"":1,""U643"":1,""U620"":1,""U674"":1,""U379"":1,""U683"":1,""U86"":1,""U26"":1,""U236"":1,""U163"":1,""U110"":1,""U655"":1,""U629"":1,""U358"":1,""U514"":1,""U608"":1,""U618"":1,""U159"":1,""U98"":1,""U744"":1,""U245"":1,""U44"":1,""U649"":1,""U712"":1,""U137"":1,""U168"":1,""U53"":1,""U673"":1,""U95"":1,""U424"":1,""U539"":1,""U301"":1,""U165"":1,""U460"":1,""U500"":1,""U288"":1,""U570"":1,""U547"":1,""U638"":2,""U532"":1,""U426"":1,""U21"":1,""U306"":1,""U342"":1,""U33"":1,""U272"":1,""U253"":1,""U170"":1,""U15"":1,""U601"":1,""U575"":1,""U100"":1,""U621"":1,""U65"":1,""U747"":1,""U427"":1,""U365"":1,""U295"":1,""U526"":1,""U600"":1,""U38"":1,""U366"":1,""U499"":1,""U478"":1,""U23"":1,""U126"":1,""U111"":1,""U432"":1,""U519"":1,""U606"":2,""U212"":1,""U612"":1,""U16"":1,""U663"":1,""U561"":1,""U557"":1,""U538"":2,""U431"":1,""U553"":1,""U257"":1,""U420"":1,""U129"":1,""U651"":1,""U523"":1,""U275"":1,""U439"":1,""U263"":1,""U87"":1,""U708"":1,""U282"":1,""U741"":1,""U748"":1,""U357"":1,""U475"":1,""U323"":1,""U645"":1,""U667"":1,""U580"":1,""U525"":1,""U57"":1,""U473"":1,""U589"":1,""U331"":1,""U413"":1,""U6"":1,""U560"":1,""U632"":1,""U682"":1,""U576"":1,""U456"":1,""U148"":1,""U671"":1,""U505"":1,""U217"":1,""U428"":1,""U187"":1,""U332"":1,""U209"":1,""U262"":1,""U305"":1,""U452"":2,""U45"":1,""U443"":1,""U417"":1,""U319"":1,""U469"":1,""U255"":1,""U73"":1,""U734"":1,""U715"":1,""U41"":1,""U75"":1,""U248"":1,""U103"":1,""U222"":1,""U479"":1,""U659"":2,""U369"":1,""U398"":1,""U537"":1,""U406"":1,""U661"":1,""U354"":1,""U235"":1,""U648"":1,""U226"":1,""U178"":1,""U727"":1,""U267"":1,""U688"":1,""U161"":1,""U394"":1,""U497"":1,""U498"":1,""U749"":1,""U195"":1,""U349"":1,""U391"":1,""U542"":1,""U699"":1,""U572"":1,""U679"":1,""U722"":1,""U72"":1,""U698"":1,""U677"":1,""U361"":2,""U60"":1,""U153"":1,""U451"":1,""U196"":1,""U231"":1,""U493"":1,""U151"":1,""U47"":1,""U218"":1,""U530"":1,""U535"":1,""U94"":1,""U644"":1,""U368"":1,""U290"":1,""U169"":1,""U3"":1,""U266"":1,""U240"":1,""U136"":1,""U343"":1,""U585"":1,""U315"":1,""U676"":1,""U628"":1,""U383"":1,""U97"":1,""U408"":1,""U615"":1,""U77"":1,""U350"":1,""U353"":1,""U516"":1,""U703"":1,""U604"":1,""U684"":1,""U140"":1,""U125"":1,""U89"":4,""U506"":1,""U312"":1,""U276"":1,""U689"":1,""U193"":1,""U234"":1,""U145"":1,""U237"":1,""U465"":1,""U591"":1,""U150"":1,""U348"":1,""U527"":1,""U581"":1,""U461"":1,""U244"":2,""U88"":1,""U131"":1,""U480"":1,""U261"":1,""U711"":1,""U230"":1,""U423"":1,""U573"":1,""U280"":1,""U14"":1,""U692"":1,""U726"":1,""U252"":1,""U256"":2,""U524"":1,""U710"":1,""U162"":1,""U540"":1,""U143"":1,""U210"":1,""U299"":1,""U696"":1,""U640"":1,""U311"":1,""U327"":1,""U605"":1,""U176"":1,""U466"":1,""U566"":1,""U121"":1,""U292"":1,""U363"":1,""U390"":1,""U132"":1,""U219"":1,""U515"":1,""U346"":1,""U334"":1,""U1"":1,""U43"":1,""U597"":1,""U302"":1,""U260"":1,""U702"":1,""U543"":1,""U725"":1,""U371"":1,""U658"":1,""U528"":1,""U552"":1,""U503"":1,""U642"":1,""U76"":1,""U488"":1,""U29"":1,""U471"":1,""U117"":1,""U709"":1,""U67"":1,""U510"":2,""U13"":1,""U351"":2,""U149"":1,""U489"":1,""U472"":1,""U135"":1,""U144"":1,""U116"":1,""U624"":1,""U565"":1,""U167"":2,""U421"":1,""U225"":1,""U115"":1,""U250"":1,""U650"":1,""U241"":3,""U568"":1,""U720"":1,""U416"":1,""U434"":1,""U531"":1,""U82"":1,""U496"":1,""U690"":1,""U582"":1,""U300"":1,""U622"":1,""U216"":1,""U588"":1,""U270"":1,""U738"":1,""U78"":1,""U436"":1,""U39"":1,""U68"":1,""U462"":1,""U183"":1,""U287"":1,""U602"":1,""U204"":1,""U382"":1,""U714"":1,""U154"":1,""U630"":1,""U641"":1,""U127"":1,""U182"":1,""U564"":1,""U207"":1,""U268"":1,""U61"":1,""U656"":1,""U141"":1,""U464"":1,""U433"":1,""U158"":2,""U157"":1,""U17"":1,""U686"":1,""U740"":1,""U40"":1,""U164"":1,""U474"":1,""U545"":1,""U133"":1,""U596"":1,""U745"":1,""U425"":1,""U175"":1,""U504"":1,""U739"":2,""U511"":1,""U577"":1,""U717"":1,""U101"":1,""U122"":1,""U458"":3,""U483"":1,""U546"":1,""U719"":1,""U337"":1,""U190"":1,""U80"":1,""U447"":1,""U470"":1,""U401"":1,""U695"":1,""U392"":1,""U742"":1,""U457"":1,""U468"":1,""U672"":1,""U750"":1,""U482"":1,""U303"":1,""U59"":1,""U208"":1,""U681"":1,""U55"":1,""U185"":1,""U610"":1,""U214"":1,""U665"":1,""U4"":1,""U389"":1,""U746"":1,""U544"":1,""U599"":1,""U325"":1,""U522"":1,""U402"":1,""U297"":1,""U25"":1,""U228"":1,""U587"":1,""U174"":1,""U705"":1,""U215"":1,""U42"":1,""U463"":1,""U113"":1,""U675"":1,""U440"":1,""U104"":1,""U246"":1,""U536"":1,""U384"":1,""U294"":1,""U701"":1,""U249"":1,""U233"":1,""U422"":1,""U362"":1,""U550"":1,""U160"":1,""U513"":1,""U407"":1,""U11"":1,""U180"":1,""U265"":1,""U554"":1,""U336"":1,""U197"":1,""U487"":1,""U18"":1,""U520"":1,""U555"":1,""U211"":1,""U429"":1}",573.6800003051758,,,,,false,750,,,Gurobi,gurobi_10min,true,600.0,20260829,16,16,200,,true,ok,0.03299999237060547,network_balanced,network_balanced_hardness_sweep,16,,573.6800003051758,26.54200005531311
0,,,,,,Memory_Limit,,MIPSolver,,0.5,cologne_network_balanced_n100_b50_u1000_sd_n_minus_1,cologne,,false,1.0e100,100,2264,100,100,0.5,200,50,aachen_osm_gtfs_bike_agg100_p100_b50_u1000,13325,400,1000,n_minus_one_most_expensive,true,,,,false,,sd,sd_n_minus_1,,,,,,,,,1000,,,Gurobi,gurobi_10min,true,600.0,20260829,4,4,100,,true,memory_limit,381.8250000476837,network_balanced,network_balanced_hardness_sweep,4,,600.0,828.6389999389648
1,,,,,0.0,Optimal,,MIPSolver,,0.5,cologne_network_balanced_n250_b50_u100_sd_fixed_network_path,cologne,,false,0.0,250,5124,250,250,0.5,500,125,aachen_osm_gtfs_bike_agg250_p250_b50_u100,33417,1000,100,fixed_network_path,true,,,,false,,sd,sd_fixed_network_path,,,,,,,,,100,,,Gurobi,gurobi_10min,true,600.0,20260829,16,16,250,,true,ok,160.1690001487732,network_balanced,network_balanced_hardness_sweep,16,,600.0,353.90700006484985
Inf,,,,,,Memory_Limit,,MIPSolver,,0.5,cologne_network_balanced_n150_b50_u750_sd_n_minus_1,cologne,,false,Inf,150,3665,150,150,0.5,300,75,aachen_osm_gtfs_bike_agg150_p150_b50_u750,21061,600,750,n_minus_one_most_expensive,true,,,,false,,sd,sd_n_minus_1,,,,,,,,,750,,,Gurobi,gurobi_10min,true,600.0,20260829,16,16,150,,false,memory_limit,231.46099996566772,network_balanced,network_balanced_hardness_sweep,16,,600.0,809.0329999923706
Inf,,,,,,Memory_Limit,,MIPSolver,,0.5,cologne_network_balanced_n150_b50_u1000_sd_fixed_network_path,cologne,,false,Inf,150,3665,150,150,0.5,300,75,aachen_osm_gtfs_bike_agg150_p150_b50_u1000,21061,600,1000,fixed_network_path,true,,,,false,,sd,sd_fixed_network_path,,,,,,,,,1000,,,Gurobi,gurobi_10min,true,600.0,20260829,16,16,150,,false,memory_limit,92.78199982643127,network_balanced,network_balanced_hardness_sweep,16,,600.0,1153.7820000648499
Inf,,,,,,Memory_Limit,,MIPSolver,,0.5,cologne_network_balanced_n150_b50_u1000_sd_n_minus_1,cologne,,false,Inf,150,3665,150,150,0.5,300,75,aachen_osm_gtfs_bike_agg150_p150_b50_u1000,21061,600,1000,n_minus_one_most_expensive,true,,,,false,,sd,sd_n_minus_1,,,,,,,,,1000,,,Gurobi,gurobi_10min,true,600.0,20260829,16,16,150,,false,memory_limit,97.07200002670288,network_balanced,network_balanced_hardness_sweep,16,,600.0,1080.7089998722076
Inf,,,,,,Memory_Limit,,MIPSolver,,0.5,cologne_network_balanced_n200_b50_u500_sd_n_minus_1,cologne,,false,Inf,200,4381,200,200,0.5,400,100,aachen_osm_gtfs_bike_agg200_p200_b50_u500,27803,800,500,n_minus_one_most_expensive,true,,,,false,,sd,sd_n_minus_1,,,,,,,,,500,,,Gurobi,gurobi_10min,true,600.0,20260829,16,16,200,,false,memory_limit,215.31499981880188,network_balanced,network_balanced_hardness_sweep,16,,600.0,819.558000087738
0,,,,,,Memory_Limit,,MIPSolver,,0.5,cologne_network_balanced_n250_b50_u100_sd_n_minus_1,cologne,,false,1.0e100,250,5124,250,250,0.5,500,125,aachen_osm_gtfs_bike_agg250_p250_b50_u100,33417,1000,100,n_minus_one_most_expensive,true,,,,false,,sd,sd_n_minus_1,,,,,,,,,100,,,Gurobi,gurobi_10min,true,600.0,20260829,16,16,250,,false,memory_limit,161.1470000743866,network_balanced,network_balanced_hardness_sweep,16,,600.0,289.6690001487732
1,,200,,100,0.0,Optimal,4.3184077,BlCSolver,,0.5,cologne_network_balanced_n250_b50_u100_blc_astar_fixed_network_path,cologne,,false,0.0,250,5124,250,250,0.5,500,125,aachen_osm_gtfs_bike_agg250_p250_b50_u100,33417,1000,100,fixed_network_path,,,,,,3375318,blc,blc_astar_fixed_network_path,,,,0,0,astar,null,,100,true,16,Gurobi,gurobi_10min,true,600.0,20260829,16,16,250,,false,ok,212.18200016021729,network_balanced,network_balanced_hardness_sweep,16,16,600.0,384.4359998703003
1,,200,,100,0.0,Optimal,1.2608323,BlCSolver,,0.5,cologne_network_balanced_n250_b50_u100_blc_astar_n_minus_1,cologne,,false,0.0,250,5124,250,250,0.5,500,125,aachen_osm_gtfs_bike_agg250_p250_b50_u100,33417,1000,100,n_minus_one_most_expensive,,,,,,3375318,blc,blc_astar_n_minus_1,,,,0,0,astar,null,,100,true,16,Gurobi,gurobi_10min,true,600.0,20260829,16,16,250,,false,ok,215.17199993133545,network_balanced,network_balanced_hardness_sweep,16,16,600.0,342.22900009155273
0,,,,,0.0,Optimal,,MIPSolver,,0.5,cologne_network_balanced_n250_b50_u100_path_dominance,cologne,,false,0.0,250,5124,250,250,0.5,500,125,aachen_osm_gtfs_bike_agg250_p250_b50_u100,33417,1000,100,,,5.40500020980835,600.0,labeling,,,path,path_dominance,false,"{""U45"":1,""U23"":1,""U49"":1,""U96"":1,""U10"":1,""U4"":1,""U60"":1,""U5"":1,""U62"":1,""U98"":1,""U2"":1,""U74"":1,""U19"":1,""U37"":1,""U44"":1,""U91"":1,""U92"":1,""U82"":1,""U73"":1,""U81"":1,""U85"":1,""U53"":1,""U16"":1,""U8"":1,""U41"":1,""U95"":1,""U32"":1,""U31"":1,""U47"":1,""U7"":1,""U25"":1,""U75"":1,""U50"":1,""U83"":1,""U93"":1,""U94"":1,""U78"":1,""U84"":1,""U46"":1,""U39"":1,""U68"":1,""U71"":1,""U58"":1,""U12"":1,""U1"":1,""U24"":1,""U42"":1,""U43"":1,""U87"":1,""U3"":1,""U36"":1,""U21"":1,""U63"":1,""U88"":1,""U20"":1,""U30"":1,""U33"":1,""U80"":1,""U66"":1,""U79"":1,""U27"":1,""U48"":1,""U57"":1,""U76"":1,""U64"":1,""U99"":1,""U9"":1,""U15"":1,""U29"":1,""U97"":1,""U14"":1,""U67"":1,""U6"":1,""U77"":1,""U61"":1,""U13"":1,""U51"":1,""U28"":1,""U100"":1,""U52"":1,""U17"":1,""U22"":1,""U69"":1,""U65"":1,""U59"":1,""U56"":1,""U11"":1,""U86"":1,""U26"":1,""U40"":1,""U72"":1,""U70"":1,""U34"":1,""U38"":1,""U89"":1,""U55"":1,""U18"":1,""U35"":1,""U90"":1,""U54"":1}",594.5949997901917,,,,,true,100,,,Gurobi,gurobi_10min,true,600.0,20260829,16,16,250,,false,ok,0.020999908447265625,network_balanced,network_balanced_hardness_sweep,16,,594.5949997901917,7.408999919891357
0,,,,,0.0,Optimal,,MIPSolver,,0.5,cologne_network_balanced_n250_b50_u100_path_no_dominance,cologne,,false,0.0,250,5124,250,250,0.5,500,125,aachen_osm_gtfs_bike_agg250_p250_b50_u100,33417,1000,100,,,4.798999786376953,600.0,labeling,,,path,path_no_dominance,false,"{""U45"":1,""U23"":1,""U49"":1,""U96"":1,""U10"":1,""U4"":1,""U60"":1,""U5"":1,""U62"":1,""U98"":1,""U2"":1,""U74"":1,""U19"":1,""U37"":1,""U44"":1,""U91"":1,""U92"":1,""U82"":1,""U73"":1,""U81"":1,""U85"":1,""U53"":1,""U16"":1,""U8"":1,""U41"":1,""U95"":1,""U32"":1,""U31"":1,""U47"":1,""U7"":1,""U25"":1,""U75"":1,""U50"":1,""U83"":1,""U93"":1,""U94"":1,""U78"":1,""U84"":1,""U46"":1,""U39"":1,""U68"":1,""U71"":1,""U58"":1,""U12"":1,""U1"":1,""U24"":1,""U42"":1,""U43"":1,""U87"":1,""U3"":1,""U36"":1,""U21"":1,""U63"":1,""U88"":1,""U20"":1,""U30"":1,""U33"":1,""U80"":1,""U66"":1,""U79"":1,""U27"":1,""U48"":1,""U57"":1,""U76"":1,""U64"":1,""U99"":1,""U9"":1,""U15"":1,""U29"":1,""U97"":1,""U14"":1,""U67"":1,""U6"":1,""U77"":1,""U61"":1,""U13"":1,""U51"":1,""U28"":1,""U100"":1,""U52"":1,""U17"":1,""U22"":1,""U69"":1,""U65"":1,""U59"":1,""U56"":1,""U11"":1,""U86"":1,""U26"":1,""U40"":1,""U72"":1,""U70"":1,""U34"":1,""U38"":1,""U89"":1,""U55"":1,""U18"":1,""U35"":1,""U90"":1,""U54"":1}",595.201000213623,,,,,false,100,,,Gurobi,gurobi_10min,true,600.0,20260829,16,16,250,,false,ok,0.021000146865844727,network_balanced,network_balanced_hardness_sweep,16,,595.201000213623,5.001999855041504
1,,,,,,Memory_Limit,,MIPSolver,,0.5,cologne_network_balanced_n250_b50_u300_sd_fixed_network_path,cologne,,false,1.0e100,250,5124,250,250,0.5,500,125,aachen_osm_gtfs_bike_agg250_p250_b50_u300,33417,1000,300,fixed_network_path,true,,,,false,,sd,sd_fixed_network_path,,,,,,,,,300,,,Gurobi,gurobi_10min,true,600.0,20260829,16,16,250,,false,memory_limit,588.2079999446869,network_balanced,network_balanced_hardness_sweep,16,,600.0,1064.6640000343323
0,,,,,,Memory_Limit,,MIPSolver,,0.5,cologne_network_balanced_n250_b50_u300_sd_n_minus_1,cologne,,false,1.0e100,250,5124,250,250,0.5,500,125,aachen_osm_gtfs_bike_agg250_p250_b50_u300,33417,1000,300,n_minus_one_most_expensive,true,,,,false,,sd,sd_n_minus_1,,,,,,,,,300,,,Gurobi,gurobi_10min,true,600.0,20260829,16,16,250,,false,memory_limit,260.89299988746643,network_balanced,network_balanced_hardness_sweep,16,,600.0,692.337000131607
1,,300,,300,,Timelimit,2.7118441,BlCSolver,,0.5,cologne_network_balanced_n250_b50_u300_blc_astar_fixed_network_path,cologne,,false,1.0e100,250,5124,250,250,0.5,500,125,aachen_osm_gtfs_bike_agg250_p250_b50_u300,33417,1000,300,fixed_network_path,,,,,,10059118,blc,blc_astar_fixed_network_path,,,,0,0,astar,null,,300,true,16,Gurobi,gurobi_10min,true,600.0,20260829,16,16,250,,false,timeout,600.5080001354218,network_balanced,network_balanced_hardness_sweep,16,16,600.0,1105.375
,,0,,300,,Memory_Limit,0,BlCSolver,,0.5,cologne_network_balanced_n250_b50_u300_blc_astar_n_minus_1,cologne,,false,,250,5124,250,250,0.5,500,125,aachen_osm_gtfs_bike_agg250_p250_b50_u300,33417,1000,300,n_minus_one_most_expensive,,,,,,10059118,blc,blc_astar_n_minus_1,,,,0,0,astar,null,,300,true,16,Gurobi,gurobi_10min,true,600.0,20260829,16,16,250,,false,memory_limit,,network_balanced,network_balanced_hardness_sweep,16,16,600.0,579.1899998188019
0,,,,,-208.0,Optimal,,MIPSolver,,0.5,cologne_network_balanced_n250_b50_u300_path_dominance,cologne,,false,0.0,250,5124,250,250,0.5,500,125,aachen_osm_gtfs_bike_agg250_p250_b50_u300,33417,1000,300,,,16.436000108718872,600.0,labeling,,,path,path_dominance,false,"{""U23"":1,""U96"":1,""U10"":1,""U126"":1,""U176"":1,""U111"":1,""U19"":1,""U166"":1,""U91"":1,""U189"":1,""U107"":1,""U212"":1,""U121"":1,""U292"":1,""U16"":1,""U155"":1,""U293"":1,""U264"":1,""U7"":1,""U132"":1,""U219"":1,""U257"":1,""U184"":1,""U129"":1,""U275"":1,""U238"":1,""U142"":1,""U1"":1,""U24"":1,""U263"":1,""U43"":1,""U260"":1,""U87"":1,""U109"":1,""U138"":1,""U229"":1,""U119"":1,""U179"":1,""U282"":1,""U243"":1,""U186"":1,""U48"":1,""U57"":1,""U76"":1,""U9"":1,""U29"":1,""U117"":1,""U285"":1,""U67"":1,""U6"":1,""U13"":1,""U149"":1,""U152"":1,""U289"":1,""U188"":1,""U135"":1,""U144"":1,""U148"":1,""U116"":1,""U274"":1,""U167"":1,""U217"":1,""U118"":1,""U187"":1,""U225"":1,""U115"":1,""U250"":1,""U209"":1,""U241"":1,""U262"":1,""U35"":1,""U90"":1,""U54"":1,""U45"":1,""U49"":1,""U62"":1,""U5"":1,""U74"":1,""U203"":1,""U255"":1,""U82"":1,""U73"":1,""U81"":1,""U213"":1,""U8"":1,""U41"":1,""U300"":1,""U177"":1,""U31"":1,""U75"":1,""U83"":1,""U50"":1,""U93"":1,""U216"":1,""U139"":1,""U270"":1,""U78"":1,""U84"":1,""U269"":1,""U46"":1,""U147"":1,""U39"":1,""U68"":1,""U248"":1,""U71"":1,""U291"":1,""U192"":1,""U259"":2,""U103"":1,""U102"":1,""U222"":1,""U183"":1,""U156"":1,""U287"":1,""U204"":1,""U128"":1,""U235"":1,""U154"":1,""U273"":1,""U198"":1,""U226"":1,""U178"":1,""U27"":1,""U191"":1,""U223"":1,""U124"":1,""U267"":1,""U64"":1,""U127"":1,""U182"":1,""U207"":1,""U161"":1,""U130"":1,""U268"":1,""U61"":1,""U141"":1,""U239"":1,""U51"":1,""U158"":1,""U28"":1,""U52"":1,""U157"":1,""U251"":1,""U17"":1,""U195"":1,""U254"":1,""U69"":1,""U112"":1,""U40"":1,""U164"":1,""U72"":2,""U34"":1,""U133"":1,""U199"":1,""U175"":1,""U201"":1,""U281"":1,""U60"":1,""U2"":1,""U153"":1,""U37"":1,""U92"":1,""U196"":1,""U231"":1,""U296"":1,""U286"":1,""U221"":1,""U32"":1,""U151"":1,""U47"":1,""U218"":1,""U298"":1,""U94"":1,""U101"":1,""U283"":1,""U108"":1,""U122"":1,""U123"":1,""U134"":1,""U58"":1,""U205"":1,""U172"":1,""U290"":1,""U12"":1,""U169"":1,""U224"":1,""U3"":1,""U266"":1,""U63"":1,""U240"":1,""U136"":1,""U20"":1,""U190"":1,""U277"":1,""U30"":1,""U80"":1,""U171"":1,""U220"":1,""U279"":1,""U206"":1,""U202"":1,""U271"":1,""U97"":1,""U284"":1,""U77"":1,""U247"":1,""U232"":1,""U105"":1,""U114"":1,""U227"":2,""U59"":1,""U56"":1,""U86"":1,""U26"":1,""U236"":1,""U70"":1,""U208"":1,""U140"":1,""U125"":1,""U163"":1,""U89"":1,""U55"":1,""U110"":1,""U159"":1,""U185"":1,""U214"":1,""U120"":1,""U4"":1,""U98"":1,""U146"":1,""U276"":1,""U173"":1,""U245"":1,""U44"":1,""U193"":1,""U137"":1,""U168"":1,""U85"":1,""U53"":1,""U95"":1,""U297"":1,""U234"":1,""U194"":1,""U200"":1,""U25"":1,""U145"":1,""U228"":1,""U174"":1,""U165"":1,""U258"":1,""U288"":1,""U215"":1,""U237"":1,""U42"":1,""U113"":2,""U106"":1,""U150"":1,""U104"":1,""U244"":1,""U36"":1,""U21"":1,""U242"":1,""U88"":1,""U131"":1,""U33"":1,""U66"":1,""U246"":1,""U272"":1,""U79"":1,""U253"":1,""U261"":1,""U99"":1,""U230"":1,""U170"":1,""U15"":1,""U294"":1,""U280"":1,""U14"":1,""U249"":1,""U252"":1,""U256"":1,""U233"":1,""U100"":1,""U278"":1,""U160"":1,""U22"":1,""U65"":1,""U11"":1,""U180"":1,""U162"":1,""U265"":1,""U295"":1,""U197"":1,""U143"":1,""U210"":1,""U38"":1,""U18"":1,""U299"":1,""U211"":1,""U181"":1}",583.5639998912811,,,,,true,300,,,Gurobi,gurobi_10min,true,600.0,20260829,16,16,250,,false,ok,0.031000137329101562,network_balanced,network_balanced_hardness_sweep,16,,583.5639998912811,16.69000005722046
0,,,,,-208.0,Optimal,,MIPSolver,,0.5,cologne_network_balanced_n250_b50_u300_path_no_dominance,cologne,,false,0.0,250,5124,250,250,0.5,500,125,aachen_osm_gtfs_bike_agg250_p250_b50_u300,33417,1000,300,,,14.762999773025513,600.0,labeling,,,path,path_no_dominance,false,"{""U23"":1,""U96"":1,""U10"":1,""U126"":1,""U176"":1,""U111"":1,""U19"":1,""U166"":1,""U91"":1,""U189"":1,""U107"":1,""U212"":1,""U121"":1,""U292"":1,""U16"":1,""U155"":1,""U293"":1,""U264"":1,""U7"":1,""U132"":1,""U219"":1,""U257"":1,""U184"":1,""U129"":1,""U275"":1,""U238"":1,""U142"":1,""U1"":1,""U24"":1,""U263"":1,""U43"":1,""U260"":1,""U87"":1,""U109"":1,""U138"":1,""U229"":1,""U119"":1,""U179"":2,""U282"":1,""U243"":1,""U186"":1,""U48"":1,""U57"":1,""U76"":1,""U9"":1,""U29"":1,""U117"":1,""U285"":1,""U67"":1,""U6"":1,""U13"":1,""U149"":1,""U152"":1,""U289"":1,""U188"":1,""U135"":1,""U144"":1,""U148"":1,""U116"":1,""U274"":1,""U167"":1,""U217"":1,""U118"":1,""U187"":1,""U225"":1,""U115"":1,""U250"":1,""U209"":1,""U241"":1,""U262"":1,""U35"":1,""U90"":1,""U54"":1,""U45"":1,""U49"":1,""U62"":1,""U5"":1,""U74"":1,""U203"":1,""U255"":1,""U82"":1,""U73"":1,""U81"":1,""U213"":1,""U8"":1,""U41"":1,""U300"":1,""U177"":1,""U31"":1,""U75"":1,""U83"":1,""U50"":1,""U93"":1,""U216"":1,""U139"":1,""U270"":1,""U78"":2,""U84"":1,""U269"":1,""U46"":1,""U147"":1,""U39"":1,""U68"":1,""U248"":1,""U71"":1,""U291"":1,""U192"":1,""U259"":2,""U103"":1,""U102"":1,""U222"":1,""U183"":1,""U156"":1,""U287"":1,""U204"":1,""U128"":1,""U235"":1,""U154"":1,""U273"":2,""U198"":1,""U226"":1,""U178"":1,""U27"":2,""U191"":1,""U223"":1,""U124"":1,""U267"":1,""U64"":1,""U127"":1,""U182"":1,""U207"":1,""U161"":1,""U130"":1,""U268"":1,""U61"":1,""U141"":1,""U239"":1,""U51"":1,""U158"":1,""U28"":1,""U52"":1,""U157"":1,""U251"":1,""U17"":1,""U195"":1,""U254"":1,""U69"":1,""U112"":1,""U40"":1,""U164"":1,""U72"":3,""U34"":1,""U133"":1,""U199"":1,""U175"":1,""U201"":1,""U281"":1,""U60"":1,""U2"":1,""U153"":1,""U37"":1,""U92"":1,""U196"":1,""U231"":1,""U296"":1,""U286"":1,""U221"":1,""U32"":1,""U151"":1,""U47"":1,""U218"":1,""U298"":1,""U94"":1,""U101"":1,""U283"":1,""U108"":1,""U122"":1,""U123"":1,""U134"":1,""U58"":1,""U205"":1,""U172"":1,""U290"":1,""U12"":1,""U169"":1,""U224"":1,""U3"":1,""U266"":1,""U63"":1,""U240"":1,""U136"":1,""U20"":1,""U190"":1,""U277"":1,""U30"":1,""U80"":1,""U171"":1,""U220"":1,""U279"":1,""U206"":1,""U202"":1,""U271"":1,""U97"":1,""U284"":1,""U77"":1,""U247"":1,""U232"":1,""U105"":1,""U114"":1,""U227"":2,""U59"":1,""U56"":1,""U86"":1,""U26"":1,""U236"":1,""U70"":1,""U208"":1,""U140"":1,""U125"":1,""U163"":1,""U89"":1,""U55"":1,""U110"":1,""U159"":1,""U185"":1,""U214"":1,""U120"":1,""U4"":1,""U98"":1,""U146"":1,""U276"":1,""U173"":1,""U245"":1,""U44"":1,""U193"":1,""U137"":1,""U168"":1,""U85"":1,""U53"":1,""U95"":1,""U297"":1,""U234"":1,""U194"":1,""U200"":1,""U25"":1,""U145"":1,""U228"":1,""U174"":1,""U165"":1,""U258"":1,""U288"":1,""U215"":1,""U237"":1,""U42"":1,""U113"":2,""U106"":1,""U150"":1,""U104"":1,""U244"":1,""U36"":1,""U21"":1,""U242"":1,""U88"":1,""U131"":1,""U33"":1,""U66"":1,""U246"":1,""U272"":1,""U79"":1,""U253"":1,""U261"":1,""U99"":1,""U230"":1,""U170"":1,""U15"":1,""U294"":1,""U280"":1,""U14"":1,""U249"":1,""U252"":1,""U256"":1,""U233"":1,""U100"":1,""U278"":1,""U160"":1,""U22"":1,""U65"":1,""U11"":1,""U180"":1,""U162"":1,""U265"":1,""U295"":1,""U197"":1,""U143"":1,""U210"":1,""U38"":1,""U18"":1,""U299"":1,""U211"":1,""U181"":1}",585.2370002269745,,,,,false,300,,,Gurobi,gurobi_10min,true,600.0,20260829,16,16,250,,false,ok,0.03900003433227539,network_balanced,network_balanced_hardness_sweep,16,,585.2370002269745,15.97599983215332
Inf,,,,,,Memory_Limit,,MIPSolver,,0.5,cologne_network_balanced_n250_b50_u500_sd_fixed_network_path,cologne,,false,Inf,250,5124,250,250,0.5,500,125,aachen_osm_gtfs_bike_agg250_p250_b50_u500,33417,1000,500,fixed_network_path,true,,,,false,,sd,sd_fixed_network_path,,,,,,,,,500,,,Gurobi,gurobi_10min,true,600.0,20260829,16,16,250,,false,memory_limit,69.32099986076355,network_balanced,network_balanced_hardness_sweep,16,,600.0,918.6270000934601
Inf,,,,,,Memory_Limit,,MIPSolver,,0.5,cologne_network_balanced_n250_b50_u500_sd_n_minus_1,cologne,,false,Inf,250,5124,250,250,0.5,500,125,aachen_osm_gtfs_bike_agg250_p250_b50_u500,33417,1000,500,n_minus_one_most_expensive,true,,,,false,,sd,sd_n_minus_1,,,,,,,,,500,,,Gurobi,gurobi_10min,true,600.0,20260829,16,16,250,,false,memory_limit,66.72300004959106,network_balanced,network_balanced_hardness_sweep,16,,600.0,813.6319999694824
,,0,,500,,Memory_Limit,0,BlCSolver,,0.5,cologne_network_balanced_n250_b50_u500_blc_astar_fixed_network_path,cologne,,false,,250,5124,250,250,0.5,500,125,aachen_osm_gtfs_bike_agg250_p250_b50_u500,33417,1000,500,fixed_network_path,,,,,,16742918,blc,blc_astar_fixed_network_path,,,,0,0,astar,null,,500,true,16,Gurobi,gurobi_10min,true,600.0,20260829,16,16,250,,false,memory_limit,,network_balanced,network_balanced_hardness_sweep,16,16,600.0,943.771999835968
,,0,,500,,Memory_Limit,0,BlCSolver,,0.5,cologne_network_balanced_n250_b50_u500_blc_astar_n_minus_1,cologne,,false,,250,5124,250,250,0.5,500,125,aachen_osm_gtfs_bike_agg250_p250_b50_u500,33417,1000,500,n_minus_one_most_expensive,,,,,,16742918,blc,blc_astar_n_minus_1,,,,0,0,astar,null,,500,true,16,Gurobi,gurobi_10min,true,600.0,20260829,16,16,250,,false,memory_limit,,network_balanced,network_balanced_hardness_sweep,16,16,600.0,746.3510000705719
0,,,,,-431.0,Optimal,,MIPSolver,,0.5,cologne_network_balanced_n250_b50_u500_path_dominance,cologne,,false,0.0,250,5124,250,250,0.5,500,125,aachen_osm_gtfs_bike_agg250_p250_b50_u500,33417,1000,500,,,26.597000122070312,600.0,labeling,,,path,path_dominance,false,"{""U23"":1,""U96"":1,""U327"":1,""U10"":1,""U396"":1,""U126"":1,""U176"":1,""U448"":1,""U111"":1,""U432"":1,""U381"":1,""U19"":1,""U166"":1,""U91"":1,""U189"":1,""U466"":1,""U107"":1,""U212"":1,""U121"":1,""U292"":1,""U16"":1,""U155"":1,""U363"":1,""U390"":1,""U372"":1,""U293"":1,""U415"":1,""U385"":1,""U431"":1,""U264"":1,""U7"":1,""U132"":1,""U219"":1,""U257"":1,""U184"":1,""U420"":1,""U346"":1,""U129"":1,""U334"":1,""U275"":1,""U238"":1,""U326"":1,""U439"":1,""U142"":1,""U1"":1,""U24"":1,""U263"":1,""U374"":1,""U43"":1,""U345"":1,""U481"":1,""U302"":1,""U260"":1,""U404"":1,""U87"":1,""U109"":1,""U138"":1,""U324"":1,""U229"":1,""U119"":1,""U347"":1,""U179"":1,""U282"":2,""U397"":1,""U357"":1,""U316"":1,""U475"":1,""U491"":1,""U243"":1,""U323"":1,""U485"":1,""U377"":1,""U186"":1,""U371"":1,""U386"":1,""U437"":1,""U359"":1,""U48"":1,""U57"":1,""U76"":1,""U9"":1,""U488"":1,""U29"":1,""U473"":1,""U471"":1,""U117"":1,""U285"":1,""U331"":1,""U413"":1,""U67"":1,""U6"":1,""U13"":1,""U351"":1,""U492"":1,""U149"":1,""U152"":1,""U489"":1,""U289"":1,""U188"":1,""U444"":1,""U456"":1,""U472"":1,""U135"":1,""U144"":1,""U148"":1,""U116"":1,""U399"":1,""U274"":1,""U167"":1,""U341"":1,""U217"":1,""U421"":1,""U428"":1,""U446"":1,""U118"":1,""U187"":2,""U225"":1,""U115"":1,""U250"":1,""U332"":1,""U438"":1,""U209"":1,""U241"":1,""U262"":1,""U35"":1,""U90"":1,""U54"":1,""U305"":1,""U452"":1,""U416"":1,""U45"":1,""U49"":1,""U443"":1,""U321"":1,""U319"":1,""U417"":1,""U469"":1,""U62"":1,""U5"":1,""U435"":1,""U74"":1,""U307"":1,""U203"":1,""U434"":1,""U255"":1,""U82"":1,""U73"":1,""U81"":1,""U445"":1,""U496"":1,""U213"":1,""U8"":1,""U393"":1,""U41"":1,""U403"":1,""U300"":1,""U455"":1,""U450"":1,""U177"":1,""U318"":1,""U31"":1,""U356"":1,""U75"":1,""U83"":1,""U50"":1,""U93"":1,""U216"":1,""U139"":1,""U270"":1,""U430"":1,""U370"":1,""U78"":1,""U84"":1,""U269"":1,""U436"":1,""U46"":1,""U147"":1,""U39"":1,""U68"":1,""U248"":1,""U71"":1,""U291"":1,""U322"":1,""U335"":1,""U192"":1,""U259"":1,""U419"":1,""U103"":1,""U102"":1,""U222"":1,""U462"":1,""U476"":1,""U364"":1,""U369"":1,""U479"":1,""U183"":1,""U156"":1,""U287"":1,""U204"":1,""U355"":1,""U398"":1,""U441"":1,""U373"":1,""U406"":1,""U354"":1,""U128"":1,""U459"":1,""U382"":1,""U235"":1,""U154"":1,""U273"":1,""U198"":1,""U494"":1,""U226"":1,""U340"":1,""U178"":1,""U27"":1,""U191"":1,""U223"":1,""U124"":1,""U267"":1,""U378"":1,""U64"":1,""U495"":1,""U127"":1,""U182"":1,""U344"":1,""U207"":1,""U161"":1,""U130"":1,""U268"":1,""U394"":1,""U454"":1,""U61"":1,""U141"":1,""U464"":3,""U477"":1,""U433"":1,""U497"":1,""U239"":1,""U51"":1,""U498"":1,""U158"":1,""U28"":1,""U52"":1,""U157"":1,""U251"":1,""U17"":1,""U195"":1,""U254"":1,""U314"":1,""U349"":1,""U391"":1,""U69"":1,""U112"":1,""U320"":1,""U411"":1,""U329"":1,""U40"":1,""U164"":1,""U72"":1,""U474"":1,""U34"":1,""U133"":1,""U199"":1,""U425"":1,""U175"":1,""U405"":1,""U361"":1,""U201"":1,""U281"":1,""U304"":1,""U338"":1,""U60"":1,""U2"":1,""U153"":1,""U333"":1,""U37"":1,""U92"":1,""U451"":1,""U449"":1,""U196"":1,""U231"":1,""U493"":1,""U296"":1,""U308"":1,""U286"":1,""U221"":1,""U32"":1,""U151"":1,""U376"":1,""U47"":1,""U218"":1,""U298"":1,""U328"":1,""U94"":1,""U101"":1,""U283"":1,""U108"":1,""U122"":1,""U123"":1,""U134"":1,""U58"":1,""U205"":1,""U172"":1,""U368"":1,""U458"":1,""U290"":1,""U12"":1,""U169"":1,""U483"":1,""U484"":1,""U486"":1,""U224"":1,""U337"":1,""U3"":1,""U266"":1,""U63"":1,""U240"":1,""U136"":1,""U20"":1,""U190"":1,""U277"":1,""U343"":1,""U30"":1,""U409"":1,""U80"":1,""U171"":1,""U330"":1,""U220"":1,""U279"":1,""U315"":1,""U388"":1,""U309"":1,""U447"":1,""U206"":1,""U202"":1,""U271"":1,""U401"":1,""U470"":1,""U383"":1,""U339"":1,""U97"":1,""U408"":1,""U392"":1,""U284"":1,""U77"":1,""U379"":1,""U247"":1,""U457"":1,""U468"":1,""U350"":1,""U232"":1,""U105"":1,""U353"":1,""U482"":1,""U352"":1,""U114"":1,""U227"":1,""U303"":1,""U59"":1,""U56"":1,""U86"":1,""U26"":1,""U236"":1,""U70"":1,""U208"":1,""U140"":1,""U125"":1,""U163"":1,""U414"":1,""U89"":1,""U55"":1,""U110"":1,""U358"":1,""U442"":1,""U490"":1,""U159"":1,""U185"":1,""U214"":1,""U120"":1,""U4"":1,""U98"":1,""U146"":1,""U276"":1,""U173"":1,""U312"":1,""U389"":1,""U245"":1,""U44"":1,""U412"":1,""U193"":1,""U137"":1,""U168"":1,""U85"":1,""U53"":1,""U325"":1,""U418"":1,""U95"":1,""U402"":1,""U297"":1,""U424"":1,""U467"":1,""U400"":2,""U380"":1,""U234"":1,""U194"":1,""U200"":1,""U25"":1,""U145"":1,""U228"":1,""U301"":1,""U174"":1,""U165"":1,""U460"":1,""U500"":1,""U453"":1,""U258"":1,""U288"":1,""U215"":1,""U237"":1,""U465"":1,""U42"":1,""U360"":1,""U113"":1,""U463"":2,""U106"":1,""U150"":1,""U348"":1,""U104"":1,""U440"":1,""U461"":1,""U244"":1,""U426"":1,""U36"":1,""U21"":2,""U242"":1,""U306"":1,""U88"":1,""U375"":1,""U342"":1,""U131"":1,""U33"":1,""U66"":1,""U246"":1,""U272"":1,""U480"":1,""U79"":1,""U253"":1,""U261"":1,""U387"":1,""U99"":1,""U230"":1,""U317"":1,""U170"":1,""U313"":1,""U15"":1,""U384"":1,""U423"":1,""U294"":1,""U280"":1,""U14"":1,""U249"":1,""U252"":1,""U256"":1,""U233"":1,""U422"":1,""U362"":2,""U100"":1,""U278"":1,""U160"":1,""U410"":1,""U22"":1,""U65"":1,""U310"":1,""U11"":1,""U180"":1,""U407"":1,""U427"":1,""U162"":1,""U265"":1,""U365"":1,""U295"":1,""U336"":1,""U197"":1,""U395"":2,""U143"":1,""U210"":1,""U367"":1,""U487"":1,""U38"":1,""U366"":1,""U18"":1,""U299"":1,""U499"":1,""U211"":1,""U311"":1,""U478"":1,""U429"":1,""U181"":1}",573.4029998779297,,,,,true,500,,,Gurobi,gurobi_10min,true,600.0,20260829,16,16,250,,false,ok,0.03900003433227539,network_balanced,network_balanced_hardness_sweep,16,,573.4029998779297,26.937000036239624
0,,,,,-431.0,Optimal,,MIPSolver,,0.5,cologne_network_balanced_n250_b50_u500_path_no_dominance,cologne,,false,0.0,250,5124,250,250,0.5,500,125,aachen_osm_gtfs_bike_agg250_p250_b50_u500,33417,1000,500,,,24.312999725341797,600.0,labeling,,,path,path_no_dominance,false,"{""U23"":1,""U96"":1,""U327"":1,""U10"":1,""U396"":1,""U126"":1,""U176"":1,""U448"":1,""U111"":2,""U432"":1,""U381"":1,""U19"":1,""U166"":1,""U91"":1,""U189"":1,""U466"":1,""U107"":1,""U212"":1,""U121"":1,""U292"":1,""U16"":1,""U155"":1,""U363"":1,""U390"":1,""U372"":1,""U293"":1,""U415"":2,""U385"":1,""U431"":1,""U264"":1,""U7"":1,""U132"":2,""U219"":1,""U257"":1,""U184"":1,""U420"":1,""U346"":1,""U129"":1,""U334"":1,""U275"":1,""U238"":1,""U326"":1,""U439"":1,""U142"":1,""U1"":1,""U24"":1,""U263"":1,""U374"":1,""U43"":1,""U345"":1,""U481"":1,""U302"":1,""U260"":1,""U404"":1,""U87"":1,""U109"":1,""U138"":1,""U324"":2,""U229"":1,""U119"":1,""U347"":1,""U179"":1,""U282"":2,""U397"":1,""U357"":1,""U316"":1,""U475"":1,""U491"":1,""U243"":1,""U323"":1,""U485"":1,""U377"":1,""U186"":1,""U371"":1,""U386"":1,""U437"":1,""U359"":1,""U48"":1,""U57"":1,""U76"":1,""U9"":1,""U488"":1,""U29"":1,""U473"":1,""U471"":1,""U117"":1,""U285"":1,""U331"":1,""U413"":1,""U67"":1,""U6"":1,""U13"":2,""U351"":1,""U492"":1,""U149"":1,""U152"":1,""U489"":1,""U289"":1,""U188"":1,""U444"":1,""U456"":1,""U472"":1,""U135"":1,""U144"":1,""U148"":1,""U116"":1,""U399"":1,""U274"":1,""U167"":1,""U341"":1,""U217"":1,""U421"":1,""U428"":1,""U446"":1,""U118"":1,""U187"":2,""U225"":1,""U115"":1,""U250"":1,""U332"":1,""U438"":1,""U209"":1,""U241"":1,""U262"":1,""U35"":1,""U90"":1,""U54"":1,""U305"":1,""U452"":1,""U416"":1,""U45"":1,""U49"":1,""U443"":1,""U321"":1,""U319"":1,""U417"":1,""U469"":1,""U62"":1,""U5"":1,""U435"":1,""U74"":1,""U307"":1,""U203"":1,""U434"":1,""U255"":1,""U82"":1,""U73"":1,""U81"":1,""U445"":1,""U496"":1,""U213"":1,""U8"":1,""U393"":1,""U41"":1,""U403"":1,""U300"":2,""U455"":1,""U450"":1,""U177"":1,""U318"":1,""U31"":1,""U356"":1,""U75"":1,""U83"":1,""U50"":1,""U93"":1,""U216"":1,""U139"":1,""U270"":1,""U430"":1,""U370"":1,""U78"":1,""U84"":1,""U269"":2,""U436"":1,""U46"":1,""U147"":1,""U39"":1,""U68"":1,""U248"":1,""U71"":1,""U291"":1,""U322"":1,""U335"":1,""U192"":1,""U259"":1,""U419"":1,""U103"":1,""U102"":1,""U222"":1,""U462"":1,""U476"":1,""U364"":1,""U369"":1,""U479"":1,""U183"":1,""U156"":1,""U287"":1,""U204"":1,""U355"":1,""U398"":1,""U441"":1,""U373"":1,""U406"":1,""U354"":1,""U128"":1,""U459"":1,""U382"":1,""U235"":1,""U154"":1,""U273"":1,""U198"":1,""U494"":1,""U226"":1,""U340"":1,""U178"":1,""U27"":1,""U191"":1,""U223"":1,""U124"":1,""U267"":1,""U378"":1,""U64"":1,""U495"":1,""U127"":1,""U182"":3,""U344"":1,""U207"":1,""U161"":1,""U130"":1,""U268"":1,""U394"":1,""U454"":1,""U61"":1,""U141"":1,""U464"":3,""U477"":1,""U433"":1,""U497"":1,""U239"":1,""U51"":1,""U498"":1,""U158"":1,""U28"":1,""U52"":1,""U157"":1,""U251"":1,""U17"":1,""U195"":1,""U254"":1,""U314"":1,""U349"":1,""U391"":1,""U69"":1,""U112"":1,""U320"":1,""U411"":1,""U329"":1,""U40"":1,""U164"":1,""U72"":1,""U474"":1,""U34"":1,""U133"":1,""U199"":1,""U425"":1,""U175"":1,""U405"":1,""U361"":1,""U201"":1,""U281"":1,""U304"":1,""U338"":1,""U60"":1,""U2"":1,""U153"":1,""U333"":1,""U37"":1,""U92"":1,""U451"":1,""U449"":1,""U196"":1,""U231"":1,""U493"":1,""U296"":1,""U308"":1,""U286"":1,""U221"":1,""U32"":1,""U151"":1,""U376"":1,""U47"":1,""U218"":1,""U298"":1,""U328"":1,""U94"":1,""U101"":1,""U283"":1,""U108"":1,""U122"":1,""U123"":1,""U134"":1,""U58"":1,""U205"":1,""U172"":1,""U368"":1,""U458"":1,""U290"":1,""U12"":1,""U169"":1,""U483"":1,""U484"":1,""U486"":1,""U224"":1,""U337"":1,""U3"":1,""U266"":1,""U63"":1,""U240"":1,""U136"":1,""U20"":1,""U190"":1,""U277"":1,""U343"":1,""U30"":1,""U409"":1,""U80"":1,""U171"":1,""U330"":1,""U220"":1,""U279"":1,""U315"":1,""U388"":1,""U309"":1,""U447"":1,""U206"":1,""U202"":1,""U271"":1,""U401"":1,""U470"":1,""U383"":1,""U339"":1,""U97"":1,""U408"":1,""U392"":1,""U284"":1,""U77"":1,""U379"":1,""U247"":1,""U457"":1,""U468"":1,""U350"":1,""U232"":1,""U105"":1,""U353"":1,""U482"":1,""U352"":1,""U114"":1,""U227"":1,""U303"":1,""U59"":1,""U56"":1,""U86"":1,""U26"":1,""U236"":1,""U70"":1,""U208"":1,""U140"":2,""U125"":1,""U163"":1,""U414"":1,""U89"":1,""U55"":1,""U110"":1,""U358"":1,""U442"":1,""U490"":1,""U159"":1,""U185"":1,""U214"":1,""U120"":1,""U4"":1,""U98"":1,""U146"":1,""U276"":1,""U173"":1,""U312"":1,""U389"":1,""U245"":1,""U44"":1,""U412"":1,""U193"":1,""U137"":1,""U168"":2,""U85"":1,""U53"":1,""U325"":1,""U418"":1,""U95"":1,""U402"":1,""U297"":1,""U424"":1,""U467"":1,""U400"":2,""U380"":1,""U234"":1,""U194"":1,""U200"":1,""U25"":1,""U145"":1,""U228"":1,""U301"":1,""U174"":1,""U165"":1,""U460"":1,""U500"":1,""U453"":1,""U258"":1,""U288"":1,""U215"":1,""U237"":1,""U465"":1,""U42"":1,""U360"":1,""U113"":1,""U463"":2,""U106"":1,""U150"":1,""U348"":1,""U104"":1,""U440"":1,""U461"":1,""U244"":1,""U426"":1,""U36"":1,""U21"":2,""U242"":1,""U306"":1,""U88"":1,""U375"":1,""U342"":1,""U131"":1,""U33"":1,""U66"":1,""U246"":1,""U272"":1,""U480"":1,""U79"":1,""U253"":1,""U261"":1,""U387"":1,""U99"":1,""U230"":1,""U317"":1,""U170"":1,""U313"":1,""U15"":1,""U384"":1,""U423"":1,""U294"":1,""U280"":1,""U14"":1,""U249"":1,""U252"":1,""U256"":1,""U233"":1,""U422"":1,""U362"":2,""U100"":1,""U278"":1,""U160"":1,""U410"":1,""U22"":1,""U65"":1,""U310"":1,""U11"":1,""U180"":1,""U407"":1,""U427"":1,""U162"":1,""U265"":1,""U365"":1,""U295"":1,""U336"":1,""U197"":1,""U395"":2,""U143"":1,""U210"":1,""U367"":1,""U487"":1,""U38"":1,""U366"":1,""U18"":1,""U299"":1,""U499"":1,""U211"":1,""U311"":1,""U478"":1,""U429"":1,""U181"":1}",575.6870002746582,,,,,false,500,,,Gurobi,gurobi_10min,true,600.0,20260829,16,16,250,,false,ok,0.0410001277923584,network_balanced,network_balanced_hardness_sweep,16,,575.6870002746582,24.60800004005432
1,,,,,-96.0,Optimal,,MIPSolver,,0.5,cologne_network_balanced_n300_b50_u100_sd_fixed_network_path,cologne,,false,0.0,300,6544,300,300,0.5,600,150,aachen_osm_gtfs_bike_agg300_p300_b50_u100,36488,1200,100,fixed_network_path,true,,,,false,,sd,sd_fixed_network_path,,,,,,,,,100,,,Gurobi,gurobi_10min,true,600.0,20260829,16,16,300,,false,ok,183.37199997901917,network_balanced,network_balanced_hardness_sweep,16,,600.0,369.42899990081787
0,,,,,,Memory_Limit,,MIPSolver,,0.5,cologne_network_balanced_n300_b50_u100_sd_n_minus_1,cologne,,false,1.0e100,300,6544,300,300,0.5,600,150,aachen_osm_gtfs_bike_agg300_p300_b50_u100,36488,1200,100,n_minus_one_most_expensive,true,,,,false,,sd,sd_n_minus_1,,,,,,,,,100,,,Gurobi,gurobi_10min,true,600.0,20260829,16,16,300,,false,memory_limit,128.59400010108948,network_balanced,network_balanced_hardness_sweep,16,,600.0,260.4560000896454
1,,300,,100,-96.0,Optimal,3.8018012,BlCSolver,,0.5,cologne_network_balanced_n300_b50_u100_blc_astar_fixed_network_path,cologne,,false,0.0,300,6544,300,300,0.5,600,150,aachen_osm_gtfs_bike_agg300_p300_b50_u100,36488,1200,100,fixed_network_path,,,,,,3685489,blc,blc_astar_fixed_network_path,,,,0,0,astar,null,,100,true,16,Gurobi,gurobi_10min,true,600.0,20260829,16,16,300,,false,ok,257.00099992752075,network_balanced,network_balanced_hardness_sweep,16,16,600.0,488.8029999732971
1,,300,,100,-96.0,Optimal,2.1027195,BlCSolver,,0.5,cologne_network_balanced_n300_b50_u100_blc_astar_n_minus_1,cologne,,false,0.0,300,6544,300,300,0.5,600,150,aachen_osm_gtfs_bike_agg300_p300_b50_u100,36488,1200,100,n_minus_one_most_expensive,,,,,,3685489,blc,blc_astar_n_minus_1,,,,0,0,astar,null,,100,true,16,Gurobi,gurobi_10min,true,600.0,20260829,16,16,300,,false,ok,259.5090000629425,network_balanced,network_balanced_hardness_sweep,16,16,600.0,456.2339999675751
0,,,,,-96.0,Optimal,,MIPSolver,,0.5,cologne_network_balanced_n300_b50_u100_path_dominance,cologne,,false,0.0,300,6544,300,300,0.5,600,150,aachen_osm_gtfs_bike_agg300_p300_b50_u100,36488,1200,100,,,5.484999895095825,600.0,labeling,,,path,path_dominance,false,"{""U45"":1,""U23"":1,""U49"":2,""U96"":1,""U10"":1,""U4"":1,""U60"":1,""U5"":1,""U62"":1,""U98"":1,""U2"":1,""U74"":1,""U19"":1,""U37"":1,""U44"":1,""U91"":1,""U92"":1,""U82"":1,""U73"":1,""U81"":1,""U85"":1,""U53"":1,""U16"":1,""U8"":1,""U41"":1,""U95"":1,""U32"":1,""U31"":1,""U47"":1,""U7"":1,""U25"":3,""U75"":1,""U50"":1,""U83"":1,""U93"":1,""U94"":1,""U78"":1,""U84"":1,""U46"":1,""U39"":1,""U68"":1,""U71"":1,""U58"":1,""U12"":1,""U1"":1,""U24"":1,""U42"":1,""U43"":1,""U87"":1,""U3"":1,""U36"":1,""U21"":1,""U63"":1,""U88"":1,""U20"":1,""U30"":1,""U33"":1,""U80"":1,""U66"":1,""U79"":1,""U27"":1,""U48"":1,""U57"":1,""U76"":1,""U64"":1,""U99"":1,""U9"":1,""U15"":1,""U29"":1,""U97"":1,""U14"":1,""U67"":1,""U6"":1,""U77"":1,""U61"":1,""U13"":1,""U51"":1,""U28"":1,""U100"":1,""U52"":1,""U17"":1,""U22"":1,""U69"":1,""U65"":1,""U59"":1,""U56"":1,""U11"":1,""U86"":1,""U26"":1,""U40"":1,""U72"":1,""U70"":1,""U34"":1,""U38"":1,""U89"":1,""U55"":1,""U18"":1,""U35"":1,""U90"":1,""U54"":1}",594.5150001049042,,,,,true,100,,,Gurobi,gurobi_10min,true,600.0,20260829,16,16,300,,false,ok,0.029999971389770508,network_balanced,network_balanced_hardness_sweep,16,,594.5150001049042,5.723999977111816
0,,,,,-96.0,Optimal,,MIPSolver,,0.5,cologne_network_balanced_n300_b50_u100_path_no_dominance,cologne,,false,0.0,300,6544,300,300,0.5,600,150,aachen_osm_gtfs_bike_agg300_p300_b50_u100,36488,1200,100,,,5.4709999561309814,600.0,labeling,,,path,path_no_dominance,false,"{""U45"":1,""U23"":1,""U49"":2,""U96"":1,""U10"":1,""U4"":1,""U60"":1,""U5"":1,""U62"":1,""U98"":1,""U2"":1,""U74"":1,""U19"":1,""U37"":1,""U44"":1,""U91"":1,""U92"":2,""U82"":1,""U73"":1,""U81"":1,""U85"":1,""U53"":1,""U16"":1,""U8"":1,""U41"":1,""U95"":1,""U32"":1,""U31"":1,""U47"":1,""U7"":1,""U25"":3,""U75"":1,""U50"":1,""U83"":1,""U93"":1,""U94"":1,""U78"":1,""U84"":1,""U46"":1,""U39"":2,""U68"":1,""U71"":1,""U58"":1,""U12"":1,""U1"":1,""U24"":1,""U42"":1,""U43"":1,""U87"":1,""U3"":1,""U36"":1,""U21"":1,""U63"":1,""U88"":1,""U20"":1,""U30"":1,""U33"":1,""U80"":1,""U66"":1,""U79"":1,""U27"":1,""U48"":1,""U57"":1,""U76"":1,""U64"":1,""U99"":1,""U9"":1,""U15"":1,""U29"":1,""U97"":1,""U14"":1,""U67"":1,""U6"":1,""U77"":1,""U61"":1,""U13"":1,""U51"":1,""U28"":1,""U100"":1,""U52"":1,""U17"":1,""U22"":1,""U69"":1,""U65"":1,""U59"":1,""U56"":1,""U11"":1,""U86"":1,""U26"":2,""U40"":1,""U72"":1,""U70"":1,""U34"":1,""U38"":1,""U89"":1,""U55"":2,""U18"":1,""U35"":1,""U90"":1,""U54"":1}",594.529000043869,,,,,false,100,,,Gurobi,gurobi_10min,true,600.0,20260829,16,16,300,,false,ok,0.03099989891052246,network_balanced,network_balanced_hardness_sweep,16,,594.529000043869,5.704999923706055
1,,,,,,Memory_Limit,,MIPSolver,,0.5,cologne_network_balanced_n300_b50_u300_sd_fixed_network_path,cologne,,false,1.0e100,300,6544,300,300,0.5,600,150,aachen_osm_gtfs_bike_agg300_p300_b50_u300,36488,1200,300,fixed_network_path,true,,,,false,,sd,sd_fixed_network_path,,,,,,,,,300,,,Gurobi,gurobi_10min,true,600.0,20260829,16,16,300,,false,memory_limit,558.6569998264313,network_balanced,network_balanced_hardness_sweep,16,,600.0,1099.811999797821
Inf,,,,,,Memory_Limit,,MIPSolver,,0.5,cologne_network_balanced_n300_b50_u300_sd_n_minus_1,cologne,,false,Inf,300,6544,300,300,0.5,600,150,aachen_osm_gtfs_bike_agg300_p300_b50_u300,36488,1200,300,n_minus_one_most_expensive,true,,,,false,,sd,sd_n_minus_1,,,,,,,,,300,,,Gurobi,gurobi_10min,true,600.0,20260829,16,16,300,,false,memory_limit,140.49300003051758,network_balanced,network_balanced_hardness_sweep,16,,600.0,639.308000087738
,,0,,300,,Memory_Limit,0,BlCSolver,,0.5,cologne_network_balanced_n300_b50_u300_blc_astar_fixed_network_path,cologne,,false,,300,6544,300,300,0.5,600,150,aachen_osm_gtfs_bike_agg300_p300_b50_u300,36488,1200,300,fixed_network_path,,,,,,10983489,blc,blc_astar_fixed_network_path,,,,0,0,astar,null,,300,true,16,Gurobi,gurobi_10min,true,600.0,20260829,16,16,300,,false,memory_limit,,network_balanced,network_balanced_hardness_sweep,16,16,600.0,1025.7409999370575
,,0,,300,,Memory_Limit,0,BlCSolver,,0.5,cologne_network_balanced_n300_b50_u300_blc_astar_n_minus_1,cologne,,false,,300,6544,300,300,0.5,600,150,aachen_osm_gtfs_bike_agg300_p300_b50_u300,36488,1200,300,n_minus_one_most_expensive,,,,,,10983489,blc,blc_astar_n_minus_1,,,,0,0,astar,null,,300,true,16,Gurobi,gurobi_10min,true,600.0,20260829,16,16,300,,false,memory_limit,,network_balanced,network_balanced_hardness_sweep,16,16,600.0,861.8509998321533
1,,,,,-307.0,Optimal,,MIPSolver,,0.5,cologne_network_balanced_n300_b50_u300_path_dominance,cologne,,false,0.0,300,6544,300,300,0.5,600,150,aachen_osm_gtfs_bike_agg300_p300_b50_u300,36488,1200,300,,,16.68899965286255,600.0,labeling,,,path,path_dominance,false,"{""U23"":1,""U96"":1,""U10"":1,""U126"":1,""U176"":1,""U111"":1,""U19"":1,""U166"":1,""U91"":1,""U189"":1,""U107"":1,""U212"":1,""U121"":1,""U292"":1,""U16"":1,""U155"":1,""U293"":1,""U264"":1,""U7"":1,""U132"":1,""U219"":1,""U257"":1,""U184"":1,""U129"":1,""U275"":1,""U238"":1,""U142"":1,""U1"":1,""U24"":1,""U263"":1,""U43"":1,""U260"":1,""U87"":1,""U109"":1,""U138"":1,""U229"":1,""U119"":1,""U179"":1,""U282"":1,""U243"":1,""U186"":1,""U48"":1,""U57"":1,""U76"":1,""U9"":1,""U29"":1,""U117"":1,""U285"":1,""U67"":1,""U6"":1,""U13"":1,""U149"":1,""U152"":1,""U289"":1,""U188"":1,""U135"":1,""U144"":1,""U148"":1,""U116"":1,""U274"":1,""U167"":1,""U217"":1,""U118"":1,""U187"":1,""U225"":1,""U115"":1,""U250"":1,""U209"":1,""U241"":1,""U262"":1,""U35"":1,""U90"":1,""U54"":1,""U45"":1,""U49"":1,""U62"":1,""U5"":3,""U74"":1,""U203"":1,""U255"":1,""U82"":1,""U73"":1,""U81"":1,""U213"":1,""U8"":1,""U41"":1,""U300"":1,""U177"":1,""U31"":1,""U75"":1,""U83"":1,""U50"":1,""U93"":1,""U216"":1,""U139"":1,""U270"":1,""U78"":2,""U84"":1,""U269"":1,""U46"":1,""U147"":1,""U39"":1,""U68"":1,""U248"":1,""U71"":1,""U291"":1,""U192"":1,""U259"":1,""U103"":1,""U102"":1,""U222"":1,""U183"":1,""U156"":1,""U287"":1,""U204"":1,""U128"":1,""U235"":1,""U154"":1,""U273"":1,""U198"":1,""U226"":1,""U178"":1,""U27"":1,""U191"":1,""U223"":1,""U124"":1,""U267"":1,""U64"":1,""U127"":1,""U182"":1,""U207"":1,""U161"":1,""U130"":1,""U268"":1,""U61"":1,""U141"":1,""U239"":1,""U51"":1,""U158"":1,""U28"":1,""U52"":1,""U157"":1,""U251"":1,""U17"":1,""U195"":1,""U254"":1,""U69"":1,""U112"":1,""U40"":1,""U164"":1,""U72"":1,""U34"":1,""U133"":1,""U199"":1,""U175"":1,""U201"":1,""U281"":1,""U60"":1,""U2"":1,""U153"":1,""U37"":1,""U92"":1,""U196"":1,""U231"":1,""U296"":1,""U286"":1,""U221"":1,""U32"":1,""U151"":1,""U47"":1,""U218"":1,""U298"":1,""U94"":1,""U101"":1,""U283"":1,""U108"":1,""U122"":1,""U123"":1,""U134"":1,""U58"":1,""U205"":1,""U172"":1,""U290"":1,""U12"":1,""U169"":1,""U224"":1,""U3"":1,""U266"":1,""U63"":1,""U240"":1,""U136"":1,""U20"":1,""U190"":1,""U277"":1,""U30"":1,""U80"":1,""U171"":1,""U220"":1,""U279"":1,""U206"":1,""U202"":1,""U271"":1,""U97"":1,""U284"":1,""U77"":1,""U247"":1,""U232"":1,""U105"":1,""U114"":1,""U227"":1,""U59"":1,""U56"":1,""U86"":1,""U26"":1,""U236"":1,""U70"":1,""U208"":1,""U140"":1,""U125"":1,""U163"":7,""U89"":1,""U55"":1,""U110"":1,""U159"":2,""U185"":1,""U214"":1,""U120"":1,""U4"":1,""U98"":1,""U146"":1,""U276"":1,""U173"":1,""U245"":1,""U44"":1,""U193"":1,""U137"":1,""U168"":1,""U85"":1,""U53"":1,""U95"":1,""U297"":1,""U234"":1,""U194"":2,""U200"":1,""U25"":1,""U145"":1,""U228"":1,""U174"":1,""U165"":1,""U258"":1,""U288"":1,""U215"":1,""U237"":1,""U42"":1,""U113"":1,""U106"":1,""U150"":1,""U104"":1,""U244"":1,""U36"":1,""U21"":1,""U242"":1,""U88"":1,""U131"":1,""U33"":1,""U66"":1,""U246"":1,""U272"":2,""U79"":1,""U253"":1,""U261"":1,""U99"":1,""U230"":1,""U170"":1,""U15"":1,""U294"":1,""U280"":1,""U14"":1,""U249"":1,""U252"":1,""U256"":1,""U233"":1,""U100"":1,""U278"":1,""U160"":1,""U22"":1,""U65"":1,""U11"":1,""U180"":1,""U162"":1,""U265"":1,""U295"":1,""U197"":1,""U143"":1,""U210"":1,""U38"":1,""U18"":1,""U299"":1,""U211"":1,""U181"":1}",583.3110003471375,,,,,true,300,,,Gurobi,gurobi_10min,true,600.0,20260829,16,16,300,,false,ok,0.04799985885620117,network_balanced,network_balanced_hardness_sweep,16,,583.3110003471375,17.069999933242798
1,,,,,-307.0,Optimal,,MIPSolver,,0.5,cologne_network_balanced_n300_b50_u300_path_no_dominance,cologne,,false,0.0,300,6544,300,300,0.5,600,150,aachen_osm_gtfs_bike_agg300_p300_b50_u300,36488,1200,300,,,16.33199977874756,600.0,labeling,,,path,path_no_dominance,false,"{""U23"":1,""U96"":1,""U10"":1,""U126"":1,""U176"":1,""U111"":1,""U19"":1,""U166"":1,""U91"":1,""U189"":1,""U107"":1,""U212"":1,""U121"":1,""U292"":1,""U16"":1,""U155"":1,""U293"":1,""U264"":1,""U7"":1,""U132"":1,""U219"":1,""U257"":1,""U184"":2,""U129"":1,""U275"":1,""U238"":1,""U142"":1,""U1"":1,""U24"":1,""U263"":1,""U43"":1,""U260"":1,""U87"":1,""U109"":1,""U138"":1,""U229"":1,""U119"":1,""U179"":2,""U282"":1,""U243"":1,""U186"":1,""U48"":1,""U57"":1,""U76"":1,""U9"":1,""U29"":1,""U117"":1,""U285"":1,""U67"":1,""U6"":1,""U13"":1,""U149"":1,""U152"":1,""U289"":1,""U188"":1,""U135"":1,""U144"":1,""U148"":1,""U116"":1,""U274"":1,""U167"":1,""U217"":1,""U118"":1,""U187"":1,""U225"":1,""U115"":1,""U250"":1,""U209"":1,""U241"":1,""U262"":1,""U35"":1,""U90"":1,""U54"":1,""U45"":1,""U49"":1,""U62"":1,""U5"":3,""U74"":1,""U203"":1,""U255"":1,""U82"":1,""U73"":1,""U81"":1,""U213"":1,""U8"":1,""U41"":1,""U300"":1,""U177"":1,""U31"":1,""U75"":1,""U83"":1,""U50"":1,""U93"":1,""U216"":1,""U139"":1,""U270"":1,""U78"":2,""U84"":1,""U269"":1,""U46"":1,""U147"":1,""U39"":1,""U68"":1,""U248"":1,""U71"":1,""U291"":1,""U192"":1,""U259"":1,""U103"":1,""U102"":1,""U222"":1,""U183"":1,""U156"":1,""U287"":1,""U204"":1,""U128"":1,""U235"":1,""U154"":1,""U273"":1,""U198"":1,""U226"":1,""U178"":1,""U27"":1,""U191"":1,""U223"":1,""U124"":1,""U267"":1,""U64"":1,""U127"":1,""U182"":1,""U207"":1,""U161"":1,""U130"":1,""U268"":1,""U61"":1,""U141"":1,""U239"":1,""U51"":1,""U158"":1,""U28"":1,""U52"":1,""U157"":1,""U251"":1,""U17"":1,""U195"":1,""U254"":1,""U69"":1,""U112"":1,""U40"":1,""U164"":1,""U72"":1,""U34"":1,""U133"":1,""U199"":1,""U175"":1,""U201"":1,""U281"":1,""U60"":1,""U2"":1,""U153"":1,""U37"":1,""U92"":1,""U196"":1,""U231"":1,""U296"":1,""U286"":1,""U221"":1,""U32"":1,""U151"":1,""U47"":1,""U218"":1,""U298"":1,""U94"":1,""U101"":1,""U283"":1,""U108"":1,""U122"":1,""U123"":1,""U134"":1,""U58"":1,""U205"":1,""U172"":1,""U290"":1,""U12"":1,""U169"":1,""U224"":1,""U3"":1,""U266"":1,""U63"":1,""U240"":1,""U136"":1,""U20"":1,""U190"":1,""U277"":1,""U30"":1,""U80"":1,""U171"":1,""U220"":1,""U279"":1,""U206"":1,""U202"":1,""U271"":1,""U97"":1,""U284"":1,""U77"":1,""U247"":1,""U232"":1,""U105"":1,""U114"":2,""U227"":1,""U59"":1,""U56"":1,""U86"":1,""U26"":1,""U236"":1,""U70"":1,""U208"":1,""U140"":1,""U125"":1,""U163"":39,""U89"":1,""U55"":1,""U110"":1,""U159"":2,""U185"":1,""U214"":1,""U120"":1,""U4"":1,""U98"":1,""U146"":1,""U276"":1,""U173"":1,""U245"":1,""U44"":1,""U193"":1,""U137"":1,""U168"":1,""U85"":1,""U53"":1,""U95"":1,""U297"":1,""U234"":1,""U194"":2,""U200"":1,""U25"":1,""U145"":1,""U228"":1,""U174"":1,""U165"":1,""U258"":1,""U288"":1,""U215"":1,""U237"":1,""U42"":1,""U113"":1,""U106"":1,""U150"":1,""U104"":1,""U244"":1,""U36"":1,""U21"":1,""U242"":1,""U88"":1,""U131"":1,""U33"":1,""U66"":1,""U246"":1,""U272"":3,""U79"":1,""U253"":1,""U261"":1,""U99"":1,""U230"":1,""U170"":2,""U15"":1,""U294"":1,""U280"":1,""U14"":1,""U249"":1,""U252"":1,""U256"":1,""U233"":1,""U100"":1,""U278"":1,""U160"":1,""U22"":1,""U65"":1,""U11"":1,""U180"":1,""U162"":1,""U265"":1,""U295"":1,""U197"":1,""U143"":1,""U210"":1,""U38"":1,""U18"":1,""U299"":1,""U211"":1,""U181"":2}",583.6680002212524,,,,,false,300,,,Gurobi,gurobi_10min,true,600.0,20260829,16,16,300,,false,ok,0.06200003623962402,network_balanced,network_balanced_hardness_sweep,16,,583.6680002212524,16.640000104904175
1,,,,,,Memory_Limit,,MIPSolver,,0.5,cologne_network_balanced_n300_b50_u500_sd_fixed_network_path,cologne,,false,1.0e100,300,6544,300,300,0.5,600,150,aachen_osm_gtfs_bike_agg300_p300_b50_u500,36488,1200,500,fixed_network_path,true,,,,false,,sd,sd_fixed_network_path,,,,,,,,,500,,,Gurobi,gurobi_10min,true,600.0,20260829,16,16,300,,false,memory_limit,317.2449998855591,network_balanced,network_balanced_hardness_sweep,16,,600.0,1352.4320001602173
Inf,,,,,,Memory_Limit,,MIPSolver,,0.5,cologne_network_balanced_n300_b50_u500_sd_n_minus_1,cologne,,false,Inf,300,6544,300,300,0.5,600,150,aachen_osm_gtfs_bike_agg300_p300_b50_u500,36488,1200,500,n_minus_one_most_expensive,true,,,,false,,sd,sd_n_minus_1,,,,,,,,,500,,,Gurobi,gurobi_10min,true,600.0,20260829,16,16,300,,false,memory_limit,210.08100008964539,network_balanced,network_balanced_hardness_sweep,16,,600.0,1082.0979998111725
,,0,,500,,Memory_Limit,0,BlCSolver,,0.5,cologne_network_balanced_n300_b50_u500_blc_astar_fixed_network_path,cologne,,false,,300,6544,300,300,0.5,600,150,aachen_osm_gtfs_bike_agg300_p300_b50_u500,36488,1200,500,fixed_network_path,,,,,,18281489,blc,blc_astar_fixed_network_path,,,,0,0,astar,null,,500,true,16,Gurobi,gurobi_10min,true,600.0,20260829,16,16,300,,false,memory_limit,,network_balanced,network_balanced_hardness_sweep,16,16,600.0,1283.3580000400543
,,0,,500,,Memory_Limit,0,BlCSolver,,0.5,cologne_network_balanced_n300_b50_u500_blc_astar_n_minus_1,cologne,,false,,300,6544,300,300,0.5,600,150,aachen_osm_gtfs_bike_agg300_p300_b50_u500,36488,1200,500,n_minus_one_most_expensive,,,,,,18281489,blc,blc_astar_n_minus_1,,,,0,0,astar,null,,500,true,16,Gurobi,gurobi_10min,true,600.0,20260829,16,16,300,,false,memory_limit,,network_balanced,network_balanced_hardness_sweep,16,16,600.0,1003.7710001468658
0,,,,,-467.0,Optimal,,MIPSolver,,0.5,cologne_network_balanced_n300_b50_u500_path_dominance,cologne,,false,0.0,300,6544,300,300,0.5,600,150,aachen_osm_gtfs_bike_agg300_p300_b50_u500,36488,1200,500,,,29.396000146865845,600.0,labeling,,,path,path_dominance,false,"{""U23"":1,""U96"":1,""U327"":1,""U10"":1,""U396"":1,""U126"":1,""U176"":1,""U448"":1,""U111"":1,""U432"":1,""U381"":1,""U19"":1,""U166"":1,""U91"":1,""U189"":1,""U466"":1,""U107"":1,""U212"":1,""U121"":1,""U292"":1,""U16"":1,""U155"":1,""U363"":1,""U390"":1,""U372"":1,""U293"":1,""U415"":1,""U385"":1,""U431"":1,""U264"":1,""U7"":1,""U132"":1,""U219"":1,""U257"":1,""U184"":1,""U420"":1,""U346"":1,""U129"":1,""U334"":1,""U275"":1,""U238"":1,""U326"":1,""U439"":1,""U142"":1,""U1"":1,""U24"":1,""U263"":1,""U374"":1,""U43"":1,""U345"":1,""U481"":1,""U302"":1,""U260"":1,""U404"":1,""U87"":1,""U109"":1,""U138"":1,""U324"":1,""U229"":1,""U119"":1,""U347"":1,""U179"":1,""U282"":2,""U397"":1,""U357"":1,""U316"":1,""U475"":1,""U491"":1,""U243"":1,""U323"":1,""U485"":1,""U377"":1,""U186"":1,""U371"":1,""U386"":1,""U437"":1,""U359"":1,""U48"":1,""U57"":1,""U76"":1,""U9"":1,""U488"":1,""U29"":1,""U473"":1,""U471"":1,""U117"":1,""U285"":1,""U331"":1,""U413"":1,""U67"":1,""U6"":1,""U13"":1,""U351"":1,""U492"":1,""U149"":1,""U152"":1,""U489"":1,""U289"":1,""U188"":1,""U444"":1,""U456"":1,""U472"":1,""U135"":1,""U144"":1,""U148"":1,""U116"":1,""U399"":1,""U274"":1,""U167"":1,""U341"":1,""U217"":1,""U421"":1,""U428"":1,""U446"":1,""U118"":1,""U187"":1,""U225"":1,""U115"":1,""U250"":1,""U332"":1,""U438"":1,""U209"":1,""U241"":1,""U262"":1,""U35"":1,""U90"":1,""U54"":1,""U305"":1,""U452"":1,""U416"":1,""U45"":1,""U49"":1,""U443"":1,""U321"":1,""U319"":1,""U417"":1,""U469"":1,""U62"":1,""U5"":1,""U435"":1,""U74"":1,""U307"":1,""U203"":1,""U434"":1,""U255"":1,""U82"":1,""U73"":1,""U81"":1,""U445"":1,""U496"":1,""U213"":1,""U8"":1,""U393"":1,""U41"":1,""U403"":1,""U300"":1,""U455"":1,""U450"":1,""U177"":1,""U318"":1,""U31"":1,""U356"":1,""U75"":1,""U83"":1,""U50"":1,""U93"":1,""U216"":1,""U139"":1,""U270"":1,""U430"":1,""U370"":1,""U78"":2,""U84"":1,""U269"":1,""U436"":1,""U46"":1,""U147"":1,""U39"":1,""U68"":1,""U248"":1,""U71"":1,""U291"":2,""U322"":1,""U335"":1,""U192"":1,""U259"":1,""U419"":1,""U103"":1,""U102"":1,""U222"":1,""U462"":1,""U476"":1,""U364"":1,""U369"":1,""U479"":1,""U183"":1,""U156"":1,""U287"":1,""U204"":1,""U355"":1,""U398"":1,""U441"":1,""U373"":1,""U406"":1,""U354"":1,""U128"":1,""U459"":1,""U382"":1,""U235"":1,""U154"":1,""U273"":1,""U198"":1,""U494"":1,""U226"":1,""U340"":1,""U178"":1,""U27"":1,""U191"":1,""U223"":1,""U124"":1,""U267"":1,""U378"":1,""U64"":1,""U495"":1,""U127"":1,""U182"":1,""U344"":1,""U207"":1,""U161"":1,""U130"":1,""U268"":1,""U394"":1,""U454"":1,""U61"":1,""U141"":1,""U464"":1,""U477"":1,""U433"":1,""U497"":1,""U239"":1,""U51"":1,""U498"":1,""U158"":1,""U28"":1,""U52"":1,""U157"":1,""U251"":1,""U17"":1,""U195"":1,""U254"":1,""U314"":1,""U349"":1,""U391"":1,""U69"":1,""U112"":1,""U320"":1,""U411"":1,""U329"":1,""U40"":1,""U164"":1,""U72"":1,""U474"":1,""U34"":1,""U133"":1,""U199"":1,""U425"":1,""U175"":1,""U405"":1,""U361"":1,""U201"":1,""U281"":1,""U304"":1,""U338"":1,""U60"":1,""U2"":1,""U153"":1,""U333"":1,""U37"":1,""U92"":1,""U451"":1,""U449"":1,""U196"":1,""U231"":1,""U493"":1,""U296"":1,""U308"":1,""U286"":1,""U221"":1,""U32"":1,""U151"":1,""U376"":1,""U47"":1,""U218"":1,""U298"":1,""U328"":1,""U94"":1,""U101"":1,""U283"":1,""U108"":1,""U122"":1,""U123"":1,""U134"":1,""U58"":1,""U205"":1,""U172"":2,""U368"":1,""U458"":1,""U290"":1,""U12"":1,""U169"":1,""U483"":1,""U484"":1,""U486"":1,""U224"":1,""U337"":1,""U3"":1,""U266"":1,""U63"":1,""U240"":1,""U136"":1,""U20"":1,""U190"":1,""U277"":1,""U343"":1,""U30"":1,""U409"":1,""U80"":1,""U171"":1,""U330"":1,""U220"":1,""U279"":1,""U315"":1,""U388"":1,""U309"":2,""U447"":1,""U206"":1,""U202"":1,""U271"":1,""U401"":1,""U470"":1,""U383"":1,""U339"":1,""U97"":1,""U408"":1,""U392"":1,""U284"":1,""U77"":1,""U379"":1,""U247"":1,""U457"":1,""U468"":1,""U350"":1,""U232"":1,""U105"":1,""U353"":1,""U482"":1,""U352"":1,""U114"":1,""U227"":1,""U303"":1,""U59"":1,""U56"":1,""U86"":1,""U26"":1,""U236"":1,""U70"":1,""U208"":1,""U140"":1,""U125"":3,""U163"":1,""U414"":1,""U89"":1,""U55"":1,""U110"":1,""U358"":1,""U442"":1,""U490"":1,""U159"":1,""U185"":1,""U214"":1,""U120"":1,""U4"":1,""U98"":1,""U146"":1,""U276"":1,""U173"":1,""U312"":1,""U389"":1,""U245"":1,""U44"":1,""U412"":1,""U193"":1,""U137"":1,""U168"":1,""U85"":1,""U53"":3,""U325"":1,""U418"":1,""U95"":1,""U402"":2,""U297"":1,""U424"":1,""U467"":1,""U400"":1,""U380"":1,""U234"":1,""U194"":1,""U200"":1,""U25"":1,""U145"":1,""U228"":1,""U301"":1,""U174"":1,""U165"":1,""U460"":1,""U500"":1,""U453"":1,""U258"":1,""U288"":1,""U215"":1,""U237"":1,""U465"":1,""U42"":1,""U360"":1,""U113"":1,""U463"":1,""U106"":1,""U150"":1,""U348"":1,""U104"":1,""U440"":1,""U461"":1,""U244"":1,""U426"":1,""U36"":1,""U21"":1,""U242"":1,""U306"":1,""U88"":1,""U375"":1,""U342"":1,""U131"":1,""U33"":1,""U66"":1,""U246"":1,""U272"":1,""U480"":3,""U79"":1,""U253"":1,""U261"":1,""U387"":1,""U99"":1,""U230"":1,""U317"":1,""U170"":1,""U313"":1,""U15"":1,""U384"":1,""U423"":1,""U294"":1,""U280"":1,""U14"":1,""U249"":1,""U252"":1,""U256"":1,""U233"":1,""U422"":1,""U362"":1,""U100"":1,""U278"":1,""U160"":1,""U410"":1,""U22"":1,""U65"":1,""U310"":1,""U11"":1,""U180"":1,""U407"":1,""U427"":1,""U162"":1,""U265"":1,""U365"":1,""U295"":1,""U336"":1,""U197"":1,""U395"":1,""U143"":1,""U210"":1,""U367"":1,""U487"":1,""U38"":1,""U366"":1,""U18"":1,""U299"":1,""U499"":1,""U211"":1,""U311"":1,""U478"":1,""U429"":1,""U181"":1}",570.6039998531342,,,,,true,500,,,Gurobi,gurobi_10min,true,600.0,20260829,16,16,300,,false,ok,0.04900002479553223,network_balanced,network_balanced_hardness_sweep,16,,570.6039998531342,29.70300006866455
0,,,,,-467.0,Optimal,,MIPSolver,,0.5,cologne_network_balanced_n300_b50_u500_path_no_dominance,cologne,,false,0.0,300,6544,300,300,0.5,600,150,aachen_osm_gtfs_bike_agg300_p300_b50_u500,36488,1200,500,,,28.07699990272522,600.0,labeling,,,path,path_no_dominance,false,"{""U23"":1,""U96"":1,""U327"":1,""U10"":1,""U396"":1,""U126"":1,""U176"":1,""U448"":1,""U111"":1,""U432"":1,""U381"":1,""U19"":1,""U166"":1,""U91"":1,""U189"":1,""U466"":1,""U107"":1,""U212"":1,""U121"":1,""U292"":1,""U16"":1,""U155"":1,""U363"":1,""U390"":1,""U372"":1,""U293"":1,""U415"":1,""U385"":1,""U431"":1,""U264"":1,""U7"":1,""U132"":1,""U219"":1,""U257"":1,""U184"":1,""U420"":1,""U346"":1,""U129"":1,""U334"":1,""U275"":1,""U238"":1,""U326"":1,""U439"":1,""U142"":1,""U1"":1,""U24"":1,""U263"":1,""U374"":1,""U43"":1,""U345"":1,""U481"":1,""U302"":1,""U260"":1,""U404"":1,""U87"":1,""U109"":1,""U138"":1,""U324"":1,""U229"":1,""U119"":1,""U347"":1,""U179"":1,""U282"":2,""U397"":1,""U357"":2,""U316"":1,""U475"":1,""U491"":1,""U243"":1,""U323"":1,""U485"":1,""U377"":1,""U186"":1,""U371"":2,""U386"":1,""U437"":1,""U359"":1,""U48"":1,""U57"":1,""U76"":1,""U9"":1,""U488"":1,""U29"":1,""U473"":1,""U471"":1,""U117"":1,""U285"":1,""U331"":1,""U413"":1,""U67"":1,""U6"":1,""U13"":1,""U351"":1,""U492"":1,""U149"":1,""U152"":1,""U489"":1,""U289"":1,""U188"":1,""U444"":1,""U456"":1,""U472"":1,""U135"":1,""U144"":1,""U148"":1,""U116"":1,""U399"":1,""U274"":1,""U167"":1,""U341"":1,""U217"":1,""U421"":1,""U428"":1,""U446"":1,""U118"":1,""U187"":1,""U225"":1,""U115"":1,""U250"":1,""U332"":1,""U438"":1,""U209"":1,""U241"":1,""U262"":1,""U35"":1,""U90"":1,""U54"":1,""U305"":1,""U452"":1,""U416"":1,""U45"":1,""U49"":1,""U443"":1,""U321"":1,""U319"":1,""U417"":1,""U469"":1,""U62"":1,""U5"":1,""U435"":1,""U74"":1,""U307"":1,""U203"":1,""U434"":1,""U255"":1,""U82"":1,""U73"":1,""U81"":1,""U445"":1,""U496"":1,""U213"":1,""U8"":1,""U393"":1,""U41"":1,""U403"":1,""U300"":1,""U455"":1,""U450"":1,""U177"":1,""U318"":1,""U31"":1,""U356"":1,""U75"":1,""U83"":1,""U50"":1,""U93"":1,""U216"":1,""U139"":1,""U270"":1,""U430"":1,""U370"":1,""U78"":2,""U84"":1,""U269"":1,""U436"":1,""U46"":1,""U147"":1,""U39"":1,""U68"":1,""U248"":1,""U71"":1,""U291"":2,""U322"":1,""U335"":1,""U192"":1,""U259"":1,""U419"":1,""U103"":1,""U102"":1,""U222"":1,""U462"":1,""U476"":2,""U364"":1,""U369"":1,""U479"":1,""U183"":1,""U156"":1,""U287"":2,""U204"":1,""U355"":2,""U398"":1,""U441"":1,""U373"":1,""U406"":1,""U354"":1,""U128"":1,""U459"":1,""U382"":1,""U235"":2,""U154"":1,""U273"":1,""U198"":1,""U494"":1,""U226"":1,""U340"":1,""U178"":1,""U27"":1,""U191"":1,""U223"":1,""U124"":1,""U267"":1,""U378"":1,""U64"":1,""U495"":1,""U127"":1,""U182"":1,""U344"":1,""U207"":1,""U161"":1,""U130"":1,""U268"":1,""U394"":1,""U454"":1,""U61"":1,""U141"":1,""U464"":1,""U477"":1,""U433"":1,""U497"":1,""U239"":1,""U51"":1,""U498"":1,""U158"":1,""U28"":1,""U52"":1,""U157"":1,""U251"":1,""U17"":1,""U195"":1,""U254"":1,""U314"":1,""U349"":1,""U391"":1,""U69"":1,""U112"":1,""U320"":1,""U411"":1,""U329"":1,""U40"":1,""U164"":1,""U72"":1,""U474"":1,""U34"":1,""U133"":1,""U199"":1,""U425"":1,""U175"":1,""U405"":1,""U361"":1,""U201"":1,""U281"":1,""U304"":1,""U338"":1,""U60"":1,""U2"":1,""U153"":1,""U333"":1,""U37"":1,""U92"":1,""U451"":1,""U449"":1,""U196"":1,""U231"":1,""U493"":1,""U296"":1,""U308"":1,""U286"":1,""U221"":1,""U32"":1,""U151"":1,""U376"":1,""U47"":1,""U218"":1,""U298"":1,""U328"":1,""U94"":1,""U101"":1,""U283"":1,""U108"":1,""U122"":2,""U123"":1,""U134"":1,""U58"":1,""U205"":1,""U172"":2,""U368"":1,""U458"":1,""U290"":1,""U12"":1,""U169"":1,""U483"":1,""U484"":1,""U486"":1,""U224"":1,""U337"":1,""U3"":1,""U266"":1,""U63"":1,""U240"":1,""U136"":1,""U20"":1,""U190"":1,""U277"":1,""U343"":1,""U30"":1,""U409"":1,""U80"":1,""U171"":1,""U330"":1,""U220"":1,""U279"":1,""U315"":1,""U388"":1,""U309"":2,""U447"":2,""U206"":1,""U202"":1,""U271"":1,""U401"":2,""U470"":1,""U383"":1,""U339"":1,""U97"":1,""U408"":1,""U392"":1,""U284"":2,""U77"":1,""U379"":1,""U247"":1,""U457"":1,""U468"":1,""U350"":1,""U232"":1,""U105"":1,""U353"":2,""U482"":1,""U352"":1,""U114"":1,""U227"":1,""U303"":1,""U59"":2,""U56"":1,""U86"":1,""U26"":1,""U236"":1,""U70"":1,""U208"":1,""U140"":1,""U125"":3,""U163"":1,""U414"":1,""U89"":1,""U55"":1,""U110"":1,""U358"":1,""U442"":1,""U490"":1,""U159"":1,""U185"":1,""U214"":1,""U120"":1,""U4"":1,""U98"":1,""U146"":1,""U276"":1,""U173"":1,""U312"":1,""U389"":1,""U245"":1,""U44"":1,""U412"":1,""U193"":1,""U137"":1,""U168"":1,""U85"":1,""U53"":8,""U325"":1,""U418"":2,""U95"":1,""U402"":2,""U297"":1,""U424"":1,""U467"":1,""U400"":1,""U380"":1,""U234"":1,""U194"":1,""U200"":1,""U25"":1,""U145"":1,""U228"":1,""U301"":1,""U174"":1,""U165"":1,""U460"":1,""U500"":1,""U453"":1,""U258"":1,""U288"":1,""U215"":1,""U237"":1,""U465"":1,""U42"":1,""U360"":1,""U113"":1,""U463"":1,""U106"":1,""U150"":1,""U348"":1,""U104"":1,""U440"":1,""U461"":1,""U244"":1,""U426"":1,""U36"":1,""U21"":1,""U242"":2,""U306"":1,""U88"":1,""U375"":1,""U342"":1,""U131"":1,""U33"":1,""U66"":1,""U246"":1,""U272"":1,""U480"":3,""U79"":1,""U253"":1,""U261"":1,""U387"":1,""U99"":1,""U230"":1,""U317"":1,""U170"":1,""U313"":1,""U15"":1,""U384"":1,""U423"":1,""U294"":1,""U280"":1,""U14"":1,""U249"":1,""U252"":1,""U256"":1,""U233"":2,""U422"":2,""U362"":1,""U100"":1,""U278"":2,""U160"":1,""U410"":1,""U22"":1,""U65"":1,""U310"":1,""U11"":1,""U180"":2,""U407"":1,""U427"":1,""U162"":1,""U265"":1,""U365"":1,""U295"":1,""U336"":1,""U197"":1,""U395"":1,""U143"":1,""U210"":1,""U367"":1,""U487"":1,""U38"":1,""U366"":1,""U18"":1,""U299"":1,""U499"":1,""U211"":1,""U311"":1,""U478"":1,""U429"":1,""U181"":1}",571.9230000972748,,,,,false,500,,,Gurobi,gurobi_10min,true,600.0,20260829,16,16,300,,false,ok,0.051000118255615234,network_balanced,network_balanced_hardness_sweep,16,,571.9230000972748,28.36899995803833
11,,,,,,Memory_Limit,,MIPSolver,,0.5,heidelberg_network_balanced_n50_b50_u300_sd_fixed_network_path,heidelberg,,false,0.013993663231242105,50,826,50,50,0.5,100,25,aachen_osm_gtfs_bike_agg50_p50_b50_u300,3365,200,300,fixed_network_path,true,,,,false,,sd,sd_fixed_network_path,,,,,,,,,300,,,Gurobi,gurobi_10min,true,600.0,20260829,16,16,50,,false,memory_limit,147.65899991989136,network_balanced,network_balanced_hardness_sweep,16,,600.0,181.90899991989136
0,,,,,,Memory_Limit,,MIPSolver,,0.5,heidelberg_network_balanced_n50_b50_u300_sd_n_minus_1,heidelberg,,false,1.0e100,50,826,50,50,0.5,100,25,aachen_osm_gtfs_bike_agg50_p50_b50_u300,3365,200,300,n_minus_one_most_expensive,true,,,,false,,sd,sd_n_minus_1,,,,,,,,,300,,,Gurobi,gurobi_10min,true,600.0,20260829,16,16,50,,false,memory_limit,35.920000076293945,network_balanced,network_balanced_hardness_sweep,16,,600.0,78.04800009727478
1,,1800,,300,-2860.0,Optimal,2.0825641999999998,BlCSolver,,0.5,heidelberg_network_balanced_n50_b50_u300_blc_astar_fixed_network_path,heidelberg,,false,0.0,50,826,50,50,0.5,100,25,aachen_osm_gtfs_bike_agg50_p50_b50_u300,3365,200,300,fixed_network_path,,,,,,1013466,blc,blc_astar_fixed_network_path,,,,0,0,astar,null,,300,true,16,Gurobi,gurobi_10min,true,600.0,20260829,16,16,50,,false,ok,54.77999997138977,network_balanced,network_balanced_hardness_sweep,16,16,600.0,89.13100004196167
1,,1800,,300,-2860.0,Optimal,2.2322792000000002,BlCSolver,,0.5,heidelberg_network_balanced_n50_b50_u300_blc_astar_n_minus_1,heidelberg,,false,0.0,50,826,50,50,0.5,100,25,aachen_osm_gtfs_bike_agg50_p50_b50_u300,3365,200,300,n_minus_one_most_expensive,,,,,,1013466,blc,blc_astar_n_minus_1,,,,0,0,astar,null,,300,true,16,Gurobi,gurobi_10min,true,600.0,20260829,16,16,50,,false,ok,56.21399998664856,network_balanced,network_balanced_hardness_sweep,16,16,600.0,74.22599983215332
1,,,,,-2860.0,Optimal,,MIPSolver,,0.5,heidelberg_network_balanced_n50_b50_u300_path_dominance,heidelberg,,false,8.741258741258741e-5,50,826,50,50,0.5,100,25,aachen_osm_gtfs_bike_agg50_p50_b50_u300,3365,200,300,,,1.2099997997283936,600.0,labeling,,,path,path_dominance,false,"{""U23"":1,""U96"":1,""U10"":1,""U126"":1,""U176"":2,""U111"":1,""U19"":1,""U166"":1,""U91"":1,""U189"":1,""U107"":1,""U212"":2,""U121"":1,""U292"":1,""U16"":1,""U155"":1,""U293"":2,""U264"":2,""U7"":1,""U132"":2,""U219"":1,""U257"":1,""U184"":1,""U129"":1,""U275"":1,""U238"":1,""U142"":1,""U1"":1,""U24"":5,""U263"":2,""U43"":1,""U260"":1,""U87"":1,""U109"":1,""U138"":1,""U229"":1,""U119"":3,""U179"":1,""U282"":1,""U243"":1,""U186"":1,""U48"":1,""U57"":1,""U76"":1,""U9"":2,""U29"":1,""U117"":3,""U285"":1,""U67"":1,""U6"":2,""U13"":1,""U149"":1,""U152"":1,""U289"":2,""U188"":1,""U135"":1,""U144"":1,""U148"":1,""U116"":1,""U274"":1,""U167"":2,""U217"":3,""U118"":1,""U187"":3,""U225"":1,""U115"":1,""U250"":1,""U209"":1,""U241"":1,""U262"":1,""U35"":1,""U90"":1,""U54"":1,""U45"":1,""U49"":1,""U62"":1,""U5"":1,""U74"":1,""U203"":1,""U255"":1,""U82"":3,""U73"":1,""U81"":1,""U213"":1,""U8"":1,""U41"":1,""U300"":1,""U177"":1,""U31"":2,""U75"":1,""U83"":1,""U50"":1,""U93"":2,""U216"":1,""U139"":1,""U270"":1,""U78"":1,""U84"":1,""U269"":1,""U46"":1,""U147"":1,""U39"":2,""U68"":1,""U248"":1,""U71"":2,""U291"":2,""U192"":1,""U259"":1,""U103"":1,""U102"":1,""U222"":1,""U183"":1,""U156"":1,""U287"":1,""U204"":3,""U128"":2,""U235"":1,""U154"":1,""U273"":1,""U198"":1,""U226"":1,""U178"":1,""U27"":1,""U191"":1,""U223"":2,""U124"":1,""U267"":1,""U64"":1,""U127"":1,""U182"":1,""U207"":1,""U161"":1,""U130"":1,""U268"":1,""U61"":1,""U141"":1,""U239"":1,""U51"":1,""U158"":1,""U28"":1,""U52"":1,""U157"":1,""U251"":2,""U17"":3,""U195"":3,""U254"":1,""U69"":1,""U112"":1,""U40"":1,""U164"":1,""U72"":1,""U34"":1,""U133"":1,""U199"":1,""U175"":1,""U201"":1,""U281"":2,""U60"":1,""U2"":1,""U153"":1,""U37"":2,""U92"":1,""U196"":1,""U231"":1,""U296"":1,""U286"":1,""U221"":4,""U32"":1,""U151"":1,""U47"":1,""U218"":1,""U298"":1,""U94"":1,""U101"":1,""U283"":2,""U108"":1,""U122"":2,""U123"":2,""U134"":2,""U58"":1,""U205"":1,""U172"":1,""U290"":1,""U12"":1,""U169"":1,""U224"":1,""U3"":1,""U266"":1,""U63"":2,""U240"":1,""U136"":1,""U20"":1,""U190"":2,""U277"":1,""U30"":1,""U80"":1,""U171"":2,""U220"":2,""U279"":1,""U206"":1,""U202"":1,""U271"":1,""U97"":1,""U284"":1,""U77"":3,""U247"":1,""U232"":1,""U105"":1,""U114"":1,""U227"":1,""U59"":3,""U56"":1,""U86"":1,""U26"":2,""U236"":1,""U70"":1,""U208"":1,""U140"":2,""U125"":2,""U163"":1,""U89"":1,""U55"":2,""U110"":1,""U159"":4,""U185"":4,""U214"":1,""U120"":1,""U4"":1,""U98"":1,""U146"":1,""U276"":1,""U173"":1,""U245"":3,""U44"":1,""U193"":1,""U137"":4,""U168"":1,""U85"":1,""U53"":3,""U95"":1,""U297"":2,""U234"":1,""U194"":1,""U200"":4,""U25"":1,""U145"":1,""U228"":1,""U174"":1,""U165"":1,""U258"":1,""U288"":1,""U215"":1,""U237"":1,""U42"":1,""U113"":1,""U106"":1,""U150"":1,""U104"":1,""U244"":1,""U36"":2,""U21"":1,""U242"":1,""U88"":1,""U131"":1,""U33"":2,""U66"":1,""U246"":4,""U272"":1,""U79"":1,""U253"":1,""U261"":1,""U99"":1,""U230"":1,""U170"":1,""U15"":2,""U294"":1,""U280"":1,""U14"":1,""U249"":2,""U252"":2,""U256"":1,""U233"":1,""U100"":1,""U278"":1,""U160"":1,""U22"":1,""U65"":1,""U11"":1,""U180"":1,""U162"":2,""U265"":2,""U295"":1,""U197"":1,""U143"":2,""U210"":3,""U38"":1,""U18"":7,""U299"":2,""U211"":1,""U181"":3}",598.7900002002716,,,,,true,300,,,Gurobi,gurobi_10min,true,600.0,20260829,16,16,50,,false,ok,0.029999971389770508,network_balanced,network_balanced_hardness_sweep,16,,598.7900002002716,1.2820000648498535
1,,,,,-2860.0,Optimal,,MIPSolver,,0.5,heidelberg_network_balanced_n50_b50_u300_path_no_dominance,heidelberg,,false,4.3706293706293706e-5,50,826,50,50,0.5,100,25,aachen_osm_gtfs_bike_agg50_p50_b50_u300,3365,200,300,,,1.3459999561309814,600.0,labeling,,,path,path_no_dominance,false,"{""U23"":1,""U96"":1,""U10"":1,""U126"":1,""U176"":5,""U111"":1,""U19"":1,""U166"":1,""U91"":1,""U189"":1,""U107"":1,""U212"":2,""U121"":1,""U292"":1,""U16"":1,""U155"":1,""U293"":3,""U264"":2,""U7"":1,""U132"":2,""U219"":1,""U257"":1,""U184"":1,""U129"":1,""U275"":1,""U238"":1,""U142"":1,""U1"":1,""U24"":5,""U263"":3,""U43"":1,""U260"":2,""U87"":1,""U109"":1,""U138"":1,""U229"":1,""U119"":3,""U179"":1,""U282"":1,""U243"":1,""U186"":1,""U48"":1,""U57"":1,""U76"":1,""U9"":2,""U29"":1,""U117"":3,""U285"":1,""U67"":1,""U6"":2,""U13"":1,""U149"":1,""U152"":1,""U289"":2,""U188"":1,""U135"":1,""U144"":1,""U148"":1,""U116"":1,""U274"":1,""U167"":5,""U217"":9,""U118"":1,""U187"":8,""U225"":1,""U115"":1,""U250"":1,""U209"":1,""U241"":1,""U262"":1,""U35"":1,""U90"":1,""U54"":1,""U45"":1,""U49"":1,""U62"":1,""U5"":1,""U74"":1,""U203"":1,""U255"":1,""U82"":3,""U73"":1,""U81"":1,""U213"":1,""U8"":1,""U41"":1,""U300"":1,""U177"":1,""U31"":2,""U75"":1,""U83"":1,""U50"":1,""U93"":2,""U216"":1,""U139"":1,""U270"":1,""U78"":1,""U84"":1,""U269"":1,""U46"":1,""U147"":1,""U39"":3,""U68"":1,""U248"":1,""U71"":2,""U291"":2,""U192"":1,""U259"":1,""U103"":1,""U102"":1,""U222"":1,""U183"":1,""U156"":1,""U287"":1,""U204"":3,""U128"":2,""U235"":1,""U154"":1,""U273"":1,""U198"":1,""U226"":1,""U178"":1,""U27"":1,""U191"":1,""U223"":3,""U124"":1,""U267"":1,""U64"":1,""U127"":1,""U182"":1,""U207"":1,""U161"":1,""U130"":1,""U268"":1,""U61"":1,""U141"":1,""U239"":1,""U51"":1,""U158"":2,""U28"":1,""U52"":1,""U157"":1,""U251"":2,""U17"":3,""U195"":8,""U254"":1,""U69"":1,""U112"":1,""U40"":2,""U164"":1,""U72"":1,""U34"":1,""U133"":1,""U199"":1,""U175"":1,""U201"":1,""U281"":3,""U60"":1,""U2"":1,""U153"":1,""U37"":3,""U92"":1,""U196"":1,""U231"":1,""U296"":1,""U286"":2,""U221"":5,""U32"":1,""U151"":2,""U47"":1,""U218"":1,""U298"":1,""U94"":1,""U101"":1,""U283"":7,""U108"":1,""U122"":2,""U123"":3,""U134"":5,""U58"":1,""U205"":1,""U172"":1,""U290"":1,""U12"":1,""U169"":1,""U224"":1,""U3"":1,""U266"":1,""U63"":2,""U240"":1,""U136"":1,""U20"":1,""U190"":2,""U277"":1,""U30"":1,""U80"":1,""U171"":2,""U220"":2,""U279"":1,""U206"":1,""U202"":1,""U271"":1,""U97"":1,""U284"":1,""U77"":6,""U247"":1,""U232"":1,""U105"":1,""U114"":1,""U227"":1,""U59"":3,""U56"":1,""U86"":1,""U26"":3,""U236"":1,""U70"":1,""U208"":1,""U140"":2,""U125"":2,""U163"":1,""U89"":1,""U55"":2,""U110"":1,""U159"":10,""U185"":8,""U214"":1,""U120"":1,""U4"":1,""U98"":1,""U146"":1,""U276"":1,""U173"":1,""U245"":3,""U44"":1,""U193"":1,""U137"":4,""U168"":1,""U85"":1,""U53"":4,""U95"":1,""U297"":3,""U234"":1,""U194"":1,""U200"":4,""U25"":1,""U145"":1,""U228"":1,""U174"":1,""U165"":1,""U258"":1,""U288"":1,""U215"":1,""U237"":1,""U42"":1,""U113"":1,""U106"":1,""U150"":1,""U104"":1,""U244"":1,""U36"":3,""U21"":1,""U242"":1,""U88"":1,""U131"":1,""U33"":2,""U66"":1,""U246"":5,""U272"":1,""U79"":1,""U253"":1,""U261"":1,""U99"":1,""U230"":1,""U170"":1,""U15"":3,""U294"":1,""U280"":1,""U14"":2,""U249"":2,""U252"":2,""U256"":1,""U233"":1,""U100"":1,""U278"":1,""U160"":1,""U22"":1,""U65"":1,""U11"":1,""U180"":1,""U162"":3,""U265"":4,""U295"":2,""U197"":1,""U143"":2,""U210"":6,""U38"":1,""U18"":30,""U299"":2,""U211"":1,""U181"":4}",598.654000043869,,,,,false,300,,,Gurobi,gurobi_10min,true,600.0,20260829,16,16,50,,false,ok,0.0559999942779541,network_balanced,network_balanced_hardness_sweep,16,,598.654000043869,1.4279999732971191
1066,,,,,-3614.0,Optimal,,MIPSolver,,0.5,heidelberg_network_balanced_n50_b50_u500_sd_fixed_network_path,heidelberg,,false,0.0,50,826,50,50,0.5,100,25,aachen_osm_gtfs_bike_agg50_p50_b50_u500,3365,200,500,fixed_network_path,true,,,,false,,sd,sd_fixed_network_path,,,,,,,,,500,,,Gurobi,gurobi_10min,true,600.0,20260829,16,16,50,,false,ok,356.422000169754,network_balanced,network_balanced_hardness_sweep,16,,600.0,420.62800002098083
105,,,,,,Memory_Limit,,MIPSolver,,0.5,heidelberg_network_balanced_n50_b50_u500_sd_n_minus_1,heidelberg,,false,0.3520369907810554,50,826,50,50,0.5,100,25,aachen_osm_gtfs_bike_agg50_p50_b50_u500,3365,200,500,n_minus_one_most_expensive,true,,,,false,,sd,sd_n_minus_1,,,,,,,,,500,,,Gurobi,gurobi_10min,true,600.0,20260829,16,16,50,,false,memory_limit,530.2550001144409,network_balanced,network_balanced_hardness_sweep,16,,600.0,584.3580000400543
1,,3000,,500,-3614.0,Optimal,3.6238988999999995,BlCSolver,,0.5,heidelberg_network_balanced_n50_b50_u500_blc_astar_fixed_network_path,heidelberg,,false,0.0,50,826,50,50,0.5,100,25,aachen_osm_gtfs_bike_agg50_p50_b50_u500,3365,200,500,fixed_network_path,,,,,,1686866,blc,blc_astar_fixed_network_path,,,,0,0,astar,null,,500,true,16,Gurobi,gurobi_10min,true,600.0,20260829,16,16,50,,false,ok,146.68700003623962,network_balanced,network_balanced_hardness_sweep,16,16,600.0,195.52700018882751
1,,3000,,500,-3614.0,Optimal,3.433233,BlCSolver,,0.5,heidelberg_network_balanced_n50_b50_u500_blc_astar_n_minus_1,heidelberg,,false,0.0,50,826,50,50,0.5,100,25,aachen_osm_gtfs_bike_agg50_p50_b50_u500,3365,200,500,n_minus_one_most_expensive,,,,,,1686866,blc,blc_astar_n_minus_1,,,,0,0,astar,null,,500,true,16,Gurobi,gurobi_10min,true,600.0,20260829,16,16,50,,false,ok,152.8399999141693,network_balanced,network_balanced_hardness_sweep,16,16,600.0,185.231999874115
1,,,,,-3614.0,Optimal,,MIPSolver,,0.5,heidelberg_network_balanced_n50_b50_u500_path_dominance,heidelberg,,false,0.0,50,826,50,50,0.5,100,25,aachen_osm_gtfs_bike_agg50_p50_b50_u500,3365,200,500,,,1.870999813079834,600.0,labeling,,,path,path_dominance,false,"{""U23"":1,""U96"":1,""U327"":1,""U10"":1,""U396"":1,""U126"":1,""U176"":1,""U448"":1,""U111"":3,""U432"":1,""U381"":1,""U19"":1,""U166"":2,""U91"":1,""U189"":1,""U466"":2,""U107"":1,""U212"":3,""U121"":1,""U292"":1,""U16"":1,""U155"":1,""U363"":1,""U390"":1,""U372"":1,""U293"":1,""U415"":1,""U385"":1,""U431"":1,""U264"":1,""U7"":1,""U132"":1,""U219"":2,""U257"":1,""U184"":1,""U420"":1,""U346"":1,""U129"":1,""U334"":1,""U275"":3,""U238"":1,""U326"":1,""U439"":1,""U142"":1,""U1"":1,""U24"":1,""U263"":2,""U374"":1,""U43"":1,""U345"":1,""U481"":1,""U302"":1,""U260"":1,""U404"":1,""U87"":1,""U109"":1,""U138"":1,""U324"":2,""U229"":1,""U119"":1,""U347"":1,""U179"":1,""U282"":1,""U397"":1,""U357"":1,""U316"":1,""U475"":2,""U491"":2,""U243"":1,""U323"":1,""U485"":2,""U377"":1,""U186"":1,""U371"":3,""U386"":1,""U437"":2,""U359"":4,""U48"":1,""U57"":1,""U76"":1,""U9"":1,""U488"":1,""U29"":1,""U473"":1,""U471"":2,""U117"":1,""U285"":1,""U331"":1,""U413"":1,""U67"":2,""U6"":2,""U13"":1,""U351"":1,""U492"":1,""U149"":1,""U152"":1,""U489"":1,""U289"":1,""U188"":1,""U444"":1,""U456"":1,""U472"":2,""U135"":1,""U144"":1,""U148"":3,""U116"":1,""U399"":1,""U274"":1,""U167"":2,""U341"":1,""U217"":3,""U421"":1,""U428"":1,""U446"":1,""U118"":1,""U187"":1,""U225"":1,""U115"":1,""U250"":1,""U332"":2,""U438"":1,""U209"":1,""U241"":1,""U262"":1,""U35"":1,""U90"":1,""U54"":1,""U305"":2,""U452"":1,""U416"":1,""U45"":1,""U49"":1,""U443"":2,""U321"":2,""U319"":1,""U417"":1,""U469"":1,""U62"":1,""U5"":1,""U435"":1,""U74"":3,""U307"":1,""U203"":1,""U434"":1,""U255"":1,""U82"":3,""U73"":2,""U81"":1,""U445"":1,""U496"":1,""U213"":3,""U8"":1,""U393"":1,""U41"":7,""U403"":1,""U300"":1,""U455"":1,""U450"":1,""U177"":1,""U318"":1,""U31"":1,""U356"":1,""U75"":1,""U83"":1,""U50"":1,""U93"":1,""U216"":1,""U139"":2,""U270"":1,""U430"":1,""U370"":1,""U78"":3,""U84"":1,""U269"":1,""U436"":1,""U46"":1,""U147"":1,""U39"":1,""U68"":1,""U248"":1,""U71"":1,""U291"":1,""U322"":1,""U335"":1,""U192"":2,""U259"":1,""U419"":1,""U103"":1,""U102"":1,""U222"":1,""U462"":1,""U476"":1,""U364"":2,""U369"":2,""U479"":2,""U183"":1,""U156"":1,""U287"":1,""U204"":1,""U355"":1,""U398"":1,""U441"":1,""U373"":1,""U406"":1,""U354"":1,""U128"":1,""U459"":1,""U382"":1,""U235"":1,""U154"":1,""U273"":1,""U198"":2,""U494"":2,""U226"":1,""U340"":1,""U178"":4,""U27"":1,""U191"":1,""U223"":1,""U124"":1,""U267"":2,""U378"":1,""U64"":2,""U495"":1,""U127"":1,""U182"":2,""U344"":2,""U207"":1,""U161"":1,""U130"":1,""U268"":1,""U394"":1,""U454"":1,""U61"":1,""U141"":1,""U464"":1,""U477"":1,""U433"":1,""U497"":2,""U239"":1,""U51"":1,""U498"":1,""U158"":1,""U28"":1,""U52"":1,""U157"":1,""U251"":3,""U17"":1,""U195"":1,""U254"":1,""U314"":2,""U349"":1,""U391"":1,""U69"":2,""U112"":1,""U320"":2,""U411"":2,""U329"":1,""U40"":1,""U164"":1,""U72"":2,""U474"":1,""U34"":1,""U133"":5,""U199"":1,""U425"":2,""U175"":1,""U405"":1,""U361"":1,""U201"":1,""U281"":1,""U304"":1,""U338"":2,""U60"":3,""U2"":1,""U153"":1,""U333"":1,""U37"":3,""U92"":1,""U451"":1,""U449"":1,""U196"":1,""U231"":1,""U493"":2,""U296"":1,""U308"":1,""U286"":1,""U221"":1,""U32"":1,""U151"":1,""U376"":1,""U47"":1,""U218"":1,""U298"":1,""U328"":1,""U94"":2,""U101"":1,""U283"":1,""U108"":1,""U122"":1,""U123"":1,""U134"":1,""U58"":1,""U205"":1,""U172"":1,""U368"":3,""U458"":1,""U290"":1,""U12"":1,""U169"":1,""U483"":1,""U484"":1,""U486"":1,""U224"":1,""U337"":1,""U3"":1,""U266"":1,""U63"":1,""U240"":1,""U136"":3,""U20"":2,""U190"":1,""U277"":1,""U343"":1,""U30"":1,""U409"":1,""U80"":1,""U171"":1,""U330"":1,""U220"":1,""U279"":3,""U315"":1,""U388"":3,""U309"":3,""U447"":1,""U206"":1,""U202"":1,""U271"":1,""U401"":1,""U470"":1,""U383"":1,""U339"":1,""U97"":1,""U408"":1,""U392"":3,""U284"":1,""U77"":1,""U379"":1,""U247"":1,""U457"":1,""U468"":2,""U350"":1,""U232"":2,""U105"":1,""U353"":1,""U482"":1,""U352"":1,""U114"":1,""U227"":1,""U303"":1,""U59"":1,""U56"":2,""U86"":1,""U26"":1,""U236"":1,""U70"":1,""U208"":2,""U140"":1,""U125"":1,""U163"":1,""U414"":1,""U89"":1,""U55"":1,""U110"":3,""U358"":2,""U442"":2,""U490"":1,""U159"":2,""U185"":1,""U214"":1,""U120"":1,""U4"":1,""U98"":1,""U146"":1,""U276"":2,""U173"":1,""U312"":2,""U389"":1,""U245"":2,""U44"":1,""U412"":1,""U193"":1,""U137"":1,""U168"":1,""U85"":1,""U53"":1,""U325"":1,""U418"":1,""U95"":1,""U402"":2,""U297"":1,""U424"":1,""U467"":1,""U400"":1,""U380"":2,""U234"":1,""U194"":1,""U200"":1,""U25"":1,""U145"":1,""U228"":1,""U301"":1,""U174"":1,""U165"":1,""U460"":1,""U500"":1,""U453"":1,""U258"":1,""U288"":1,""U215"":1,""U237"":2,""U465"":1,""U42"":1,""U360"":1,""U113"":1,""U463"":1,""U106"":1,""U150"":1,""U348"":3,""U104"":1,""U440"":1,""U461"":1,""U244"":1,""U426"":1,""U36"":1,""U21"":1,""U242"":2,""U306"":1,""U88"":1,""U375"":1,""U342"":1,""U131"":1,""U33"":1,""U66"":1,""U246"":1,""U272"":2,""U480"":1,""U79"":1,""U253"":4,""U261"":1,""U387"":1,""U99"":1,""U230"":2,""U317"":1,""U170"":1,""U313"":1,""U15"":1,""U384"":1,""U423"":1,""U294"":1,""U280"":3,""U14"":1,""U249"":1,""U252"":2,""U256"":2,""U233"":1,""U422"":1,""U362"":1,""U100"":1,""U278"":1,""U160"":1,""U410"":2,""U22"":2,""U65"":2,""U310"":1,""U11"":1,""U180"":1,""U407"":1,""U427"":2,""U162"":3,""U265"":1,""U365"":2,""U295"":1,""U336"":1,""U197"":1,""U395"":1,""U143"":2,""U210"":1,""U367"":1,""U487"":1,""U38"":3,""U366"":1,""U18"":1,""U299"":1,""U499"":1,""U211"":1,""U311"":2,""U478"":1,""U429"":2,""U181"":1}",598.1290001869202,,,,,true,500,,,Gurobi,gurobi_10min,true,600.0,20260829,16,16,50,,false,ok,0.037999868392944336,network_balanced,network_balanced_hardness_sweep,16,,598.1290001869202,1.9719998836517334
1,,,,,-3614.0,Optimal,,MIPSolver,,0.5,heidelberg_network_balanced_n50_b50_u500_path_no_dominance,heidelberg,,false,0.0,50,826,50,50,0.5,100,25,aachen_osm_gtfs_bike_agg50_p50_b50_u500,3365,200,500,,,1.8670001029968262,600.0,labeling,,,path,path_no_dominance,false,"{""U23"":1,""U96"":1,""U327"":1,""U10"":1,""U396"":1,""U126"":1,""U176"":1,""U448"":1,""U111"":6,""U432"":1,""U381"":1,""U19"":1,""U166"":2,""U91"":1,""U189"":1,""U466"":3,""U107"":1,""U212"":3,""U121"":1,""U292"":1,""U16"":1,""U155"":1,""U363"":1,""U390"":2,""U372"":1,""U293"":1,""U415"":1,""U385"":1,""U431"":1,""U264"":1,""U7"":1,""U132"":1,""U219"":6,""U257"":1,""U184"":1,""U420"":1,""U346"":1,""U129"":1,""U334"":1,""U275"":3,""U238"":1,""U326"":1,""U439"":1,""U142"":1,""U1"":1,""U24"":1,""U263"":2,""U374"":1,""U43"":1,""U345"":1,""U481"":1,""U302"":2,""U260"":1,""U404"":1,""U87"":1,""U109"":1,""U138"":1,""U324"":2,""U229"":1,""U119"":1,""U347"":1,""U179"":1,""U282"":1,""U397"":1,""U357"":1,""U316"":1,""U475"":2,""U491"":2,""U243"":1,""U323"":1,""U485"":8,""U377"":1,""U186"":1,""U371"":3,""U386"":1,""U437"":3,""U359"":6,""U48"":1,""U57"":2,""U76"":1,""U9"":1,""U488"":1,""U29"":1,""U473"":1,""U471"":2,""U117"":1,""U285"":1,""U331"":1,""U413"":1,""U67"":2,""U6"":3,""U13"":1,""U351"":1,""U492"":1,""U149"":1,""U152"":1,""U489"":1,""U289"":1,""U188"":1,""U444"":1,""U456"":1,""U472"":2,""U135"":1,""U144"":1,""U148"":3,""U116"":1,""U399"":2,""U274"":1,""U167"":2,""U341"":1,""U217"":11,""U421"":1,""U428"":1,""U446"":1,""U118"":1,""U187"":1,""U225"":1,""U115"":1,""U250"":1,""U332"":2,""U438"":1,""U209"":1,""U241"":1,""U262"":1,""U35"":2,""U90"":1,""U54"":1,""U305"":3,""U452"":1,""U416"":1,""U45"":1,""U49"":1,""U443"":2,""U321"":2,""U319"":1,""U417"":1,""U469"":1,""U62"":1,""U5"":1,""U435"":1,""U74"":3,""U307"":1,""U203"":1,""U434"":1,""U255"":1,""U82"":3,""U73"":3,""U81"":1,""U445"":1,""U496"":1,""U213"":4,""U8"":1,""U393"":1,""U41"":7,""U403"":1,""U300"":1,""U455"":1,""U450"":1,""U177"":1,""U318"":1,""U31"":1,""U356"":1,""U75"":1,""U83"":1,""U50"":1,""U93"":1,""U216"":1,""U139"":2,""U270"":1,""U430"":1,""U370"":1,""U78"":3,""U84"":1,""U269"":1,""U436"":1,""U46"":1,""U147"":1,""U39"":1,""U68"":1,""U248"":1,""U71"":1,""U291"":1,""U322"":2,""U335"":1,""U192"":2,""U259"":1,""U419"":1,""U103"":2,""U102"":1,""U222"":1,""U462"":1,""U476"":1,""U364"":3,""U369"":2,""U479"":2,""U183"":1,""U156"":1,""U287"":1,""U204"":1,""U355"":1,""U398"":1,""U441"":1,""U373"":1,""U406"":1,""U354"":1,""U128"":1,""U459"":1,""U382"":1,""U235"":1,""U154"":1,""U273"":2,""U198"":2,""U494"":2,""U226"":1,""U340"":1,""U178"":8,""U27"":1,""U191"":1,""U223"":1,""U124"":1,""U267"":2,""U378"":1,""U64"":2,""U495"":1,""U127"":1,""U182"":2,""U344"":5,""U207"":1,""U161"":1,""U130"":1,""U268"":1,""U394"":1,""U454"":1,""U61"":2,""U141"":1,""U464"":1,""U477"":1,""U433"":1,""U497"":3,""U239"":1,""U51"":1,""U498"":1,""U158"":1,""U28"":1,""U52"":1,""U157"":1,""U251"":3,""U17"":1,""U195"":1,""U254"":1,""U314"":3,""U349"":1,""U391"":1,""U69"":2,""U112"":1,""U320"":2,""U411"":2,""U329"":1,""U40"":1,""U164"":1,""U72"":2,""U474"":1,""U34"":1,""U133"":5,""U199"":1,""U425"":2,""U175"":2,""U405"":1,""U361"":1,""U201"":1,""U281"":1,""U304"":1,""U338"":2,""U60"":6,""U2"":1,""U153"":1,""U333"":1,""U37"":5,""U92"":1,""U451"":1,""U449"":1,""U196"":1,""U231"":1,""U493"":2,""U296"":1,""U308"":1,""U286"":1,""U221"":1,""U32"":1,""U151"":2,""U376"":2,""U47"":1,""U218"":1,""U298"":1,""U328"":1,""U94"":3,""U101"":1,""U283"":1,""U108"":1,""U122"":1,""U123"":1,""U134"":1,""U58"":1,""U205"":1,""U172"":1,""U368"":4,""U458"":1,""U290"":1,""U12"":1,""U169"":1,""U483"":1,""U484"":1,""U486"":2,""U224"":1,""U337"":1,""U3"":1,""U266"":1,""U63"":1,""U240"":1,""U136"":6,""U20"":9,""U190"":1,""U277"":1,""U343"":1,""U30"":1,""U409"":1,""U80"":2,""U171"":1,""U330"":1,""U220"":1,""U279"":6,""U315"":1,""U388"":3,""U309"":3,""U447"":1,""U206"":2,""U202"":1,""U271"":1,""U401"":1,""U470"":1,""U383"":1,""U339"":1,""U97"":1,""U408"":1,""U392"":5,""U284"":1,""U77"":2,""U379"":1,""U247"":1,""U457"":1,""U468"":3,""U350"":1,""U232"":3,""U105"":1,""U353"":1,""U482"":2,""U352"":1,""U114"":1,""U227"":1,""U303"":1,""U59"":1,""U56"":2,""U86"":1,""U26"":1,""U236"":1,""U70"":1,""U208"":2,""U140"":1,""U125"":2,""U163"":1,""U414"":1,""U89"":1,""U55"":1,""U110"":3,""U358"":3,""U442"":2,""U490"":1,""U159"":2,""U185"":1,""U214"":1,""U120"":1,""U4"":1,""U98"":1,""U146"":1,""U276"":2,""U173"":1,""U312"":2,""U389"":1,""U245"":11,""U44"":1,""U412"":1,""U193"":1,""U137"":1,""U168"":1,""U85"":1,""U53"":1,""U325"":1,""U418"":1,""U95"":2,""U402"":7,""U297"":1,""U424"":1,""U467"":1,""U400"":1,""U380"":2,""U234"":1,""U194"":1,""U200"":1,""U25"":1,""U145"":1,""U228"":1,""U301"":1,""U174"":1,""U165"":1,""U460"":1,""U500"":1,""U453"":1,""U258"":1,""U288"":1,""U215"":1,""U237"":2,""U465"":1,""U42"":1,""U360"":1,""U113"":1,""U463"":1,""U106"":1,""U150"":1,""U348"":4,""U104"":1,""U440"":2,""U461"":1,""U244"":1,""U426"":1,""U36"":1,""U21"":1,""U242"":2,""U306"":1,""U88"":1,""U375"":1,""U342"":1,""U131"":1,""U33"":1,""U66"":1,""U246"":1,""U272"":2,""U480"":1,""U79"":2,""U253"":4,""U261"":2,""U387"":1,""U99"":1,""U230"":2,""U317"":1,""U170"":1,""U313"":1,""U15"":1,""U384"":1,""U423"":1,""U294"":1,""U280"":3,""U14"":1,""U249"":1,""U252"":3,""U256"":2,""U233"":1,""U422"":1,""U362"":1,""U100"":2,""U278"":1,""U160"":1,""U410"":2,""U22"":6,""U65"":5,""U310"":1,""U11"":1,""U180"":1,""U407"":1,""U427"":7,""U162"":3,""U265"":1,""U365"":2,""U295"":1,""U336"":1,""U197"":1,""U395"":1,""U143"":3,""U210"":1,""U367"":1,""U487"":1,""U38"":3,""U366"":1,""U18"":1,""U299"":1,""U499"":1,""U211"":1,""U311"":2,""U478"":1,""U429"":2,""U181"":1}",598.1329998970032,,,,,false,500,,,Gurobi,gurobi_10min,true,600.0,20260829,16,16,50,,false,ok,0.05900001525878906,network_balanced,network_balanced_hardness_sweep,16,,598.1329998970032,1.997999906539917
1081,,,,,-5981.0,Timelimit,,MIPSolver,,0.5,heidelberg_network_balanced_n50_b50_u750_sd_fixed_network_path,heidelberg,,false,0.02925349947931017,50,826,50,50,0.5,100,25,aachen_osm_gtfs_bike_agg50_p50_b50_u750,3365,200,750,fixed_network_path,true,,,,false,,sd,sd_fixed_network_path,,,,,,,,,750,,,Gurobi,gurobi_10min,true,600.0,20260829,16,16,50,,false,timeout,603.305999994278,network_balanced,network_balanced_hardness_sweep,16,,600.0,701.837000131607
1,,,,,-5981.0,Timelimit,,MIPSolver,,0.5,heidelberg_network_balanced_n50_b50_u750_sd_n_minus_1,heidelberg,,false,0.29625187760810257,50,826,50,50,0.5,100,25,aachen_osm_gtfs_bike_agg50_p50_b50_u750,3365,200,750,n_minus_one_most_expensive,true,,,,false,,sd,sd_n_minus_1,,,,,,,,,750,,,Gurobi,gurobi_10min,true,600.0,20260829,16,16,50,,false,timeout,601.2170000076294,network_balanced,network_balanced_hardness_sweep,16,,600.0,683.2749998569489
1,,3000,,750,-5981.0,Optimal,3.7378677000000002,BlCSolver,,0.5,heidelberg_network_balanced_n50_b50_u750_blc_astar_fixed_network_path,heidelberg,,false,0.0,50,826,50,50,0.5,100,25,aachen_osm_gtfs_bike_agg50_p50_b50_u750,3365,200,750,fixed_network_path,,,,,,2528616,blc,blc_astar_fixed_network_path,,,,0,0,astar,null,,750,true,16,Gurobi,gurobi_10min,true,600.0,20260829,16,16,50,,false,ok,284.6950001716614,network_balanced,network_balanced_hardness_sweep,16,16,600.0,356.28200006484985
1,,3000,,750,-5981.0,Optimal,3.1851345999999996,BlCSolver,,0.5,heidelberg_network_balanced_n50_b50_u750_blc_astar_n_minus_1,heidelberg,,false,0.0,50,826,50,50,0.5,100,25,aachen_osm_gtfs_bike_agg50_p50_b50_u750,3365,200,750,n_minus_one_most_expensive,,,,,,2528616,blc,blc_astar_n_minus_1,,,,0,0,astar,null,,750,true,16,Gurobi,gurobi_10min,true,600.0,20260829,16,16,50,,false,ok,291.3420000076294,network_balanced,network_balanced_hardness_sweep,16,16,600.0,334.3680000305176
1,,,,,-5981.0,Optimal,,MIPSolver,,0.5,heidelberg_network_balanced_n50_b50_u750_path_dominance,heidelberg,,false,0.0,50,826,50,50,0.5,100,25,aachen_osm_gtfs_bike_agg50_p50_b50_u750,3365,200,750,,,3.131999969482422,600.0,labeling,,,path,path_dominance,false,"{""U396"":1,""U448"":1,""U19"":2,""U166"":1,""U91"":1,""U155"":1,""U415"":3,""U385"":1,""U184"":2,""U716"":1,""U238"":1,""U326"":1,""U142"":1,""U619"":1,""U24"":1,""U109"":1,""U229"":1,""U569"":1,""U179"":1,""U397"":1,""U491"":1,""U243"":4,""U485"":1,""U186"":1,""U359"":3,""U691"":1,""U285"":1,""U492"":2,""U614"":1,""U444"":1,""U583"":1,""U728"":1,""U735"":1,""U616"":1,""U341"":3,""U118"":2,""U533"":1,""U35"":1,""U49"":1,""U321"":3,""U685"":1,""U62"":2,""U5"":1,""U74"":1,""U203"":1,""U729"":1,""U81"":1,""U571"":1,""U213"":2,""U8"":1,""U455"":1,""U177"":1,""U318"":1,""U31"":1,""U611"":1,""U83"":2,""U50"":1,""U139"":1,""U634"":1,""U370"":1,""U508"":4,""U269"":1,""U46"":2,""U147"":1,""U322"":1,""U666"":1,""U71"":1,""U335"":1,""U419"":1,""U578"":2,""U579"":3,""U156"":1,""U592"":1,""U584"":1,""U534"":1,""U441"":1,""U273"":1,""U340"":2,""U223"":1,""U378"":2,""U64"":1,""U495"":1,""U344"":1,""U594"":1,""U700"":1,""U130"":1,""U454"":3,""U477"":1,""U239"":2,""U51"":1,""U731"":1,""U607"":1,""U617"":1,""U320"":1,""U411"":2,""U34"":1,""U199"":1,""U405"":1,""U304"":1,""U338"":2,""U518"":2,""U37"":1,""U590"":1,""U706"":1,""U296"":3,""U221"":1,""U376"":1,""U328"":1,""U743"":3,""U669"":1,""U108"":1,""U134"":3,""U484"":1,""U486"":1,""U693"":1,""U627"":1,""U63"":1,""U718"":2,""U20"":1,""U171"":1,""U279"":3,""U501"":1,""U660"":1,""U206"":1,""U202"":1,""U339"":7,""U633"":1,""U284"":1,""U247"":1,""U653"":1,""U680"":1,""U232"":1,""U105"":1,""U723"":1,""U352"":1,""U114"":2,""U227"":1,""U56"":1,""U574"":1,""U613"":5,""U70"":2,""U414"":1,""U442"":1,""U490"":5,""U120"":1,""U146"":1,""U173"":1,""U412"":1,""U85"":1,""U418"":2,""U721"":1,""U549"":3,""U467"":2,""U400"":1,""U380"":1,""U194"":3,""U200"":1,""U558"":1,""U453"":1,""U258"":1,""U360"":1,""U670"":1,""U662"":1,""U106"":6,""U694"":1,""U598"":1,""U567"":1,""U36"":1,""U242"":1,""U375"":2,""U521"":1,""U586"":1,""U66"":1,""U79"":1,""U387"":1,""U99"":1,""U317"":1,""U313"":1,""U541"":1,""U562"":1,""U509"":2,""U278"":1,""U410"":2,""U22"":2,""U603"":1,""U310"":1,""U395"":1,""U367"":1,""U181"":1,""U96"":1,""U10"":1,""U381"":1,""U189"":1,""U107"":1,""U697"":2,""U372"":1,""U293"":3,""U264"":1,""U7"":1,""U551"":1,""U636"":1,""U647"":1,""U563"":1,""U374"":2,""U345"":1,""U502"":4,""U678"":1,""U481"":1,""U404"":1,""U138"":2,""U324"":1,""U119"":1,""U347"":1,""U316"":1,""U730"":1,""U377"":1,""U386"":1,""U437"":1,""U529"":1,""U595"":1,""U48"":1,""U9"":1,""U559"":1,""U652"":4,""U512"":1,""U625"":1,""U152"":1,""U289"":1,""U188"":1,""U639"":1,""U646"":1,""U399"":1,""U274"":2,""U446"":1,""U631"":1,""U438"":1,""U90"":1,""U54"":1,""U435"":1,""U307"":1,""U732"":1,""U713"":1,""U445"":1,""U393"":1,""U403"":1,""U450"":1,""U737"":1,""U356"":2,""U93"":1,""U430"":1,""U84"":1,""U291"":1,""U687"":1,""U548"":1,""U192"":1,""U259"":1,""U102"":1,""U476"":3,""U364"":1,""U556"":1,""U355"":2,""U373"":1,""U128"":2,""U459"":1,""U657"":1,""U198"":1,""U494"":1,""U27"":2,""U191"":1,""U124"":1,""U664"":1,""U623"":1,""U635"":1,""U733"":1,""U637"":1,""U28"":2,""U52"":1,""U251"":1,""U314"":1,""U254"":1,""U69"":1,""U507"":1,""U112"":1,""U329"":1,""U201"":1,""U281"":1,""U2"":1,""U333"":2,""U704"":1,""U92"":1,""U449"":1,""U308"":1,""U286"":1,""U32"":1,""U298"":3,""U283"":1,""U707"":2,""U123"":1,""U668"":1,""U58"":1,""U205"":3,""U172"":2,""U12"":1,""U654"":1,""U626"":1,""U224"":1,""U609"":2,""U277"":1,""U30"":1,""U409"":2,""U517"":1,""U593"":1,""U330"":1,""U220"":2,""U388"":1,""U736"":1,""U309"":2,""U724"":1,""U271"":1,""U643"":1,""U620"":1,""U674"":1,""U379"":1,""U683"":1,""U86"":3,""U26"":1,""U236"":1,""U163"":1,""U110"":1,""U655"":4,""U629"":1,""U358"":1,""U514"":1,""U608"":1,""U618"":2,""U159"":1,""U98"":1,""U744"":1,""U245"":1,""U44"":1,""U649"":1,""U712"":1,""U137"":1,""U168"":1,""U53"":3,""U673"":1,""U95"":1,""U424"":1,""U539"":1,""U301"":1,""U165"":1,""U460"":3,""U500"":1,""U288"":1,""U570"":1,""U547"":1,""U638"":1,""U532"":1,""U426"":1,""U21"":1,""U306"":1,""U342"":1,""U33"":1,""U272"":2,""U253"":2,""U170"":1,""U15"":1,""U601"":1,""U575"":1,""U100"":1,""U621"":1,""U65"":2,""U747"":1,""U427"":1,""U365"":1,""U295"":1,""U526"":1,""U600"":1,""U38"":1,""U366"":3,""U499"":1,""U478"":1,""U23"":1,""U126"":1,""U111"":1,""U432"":4,""U519"":2,""U606"":2,""U212"":2,""U612"":1,""U16"":1,""U663"":1,""U561"":4,""U557"":1,""U538"":1,""U431"":1,""U553"":1,""U257"":1,""U420"":1,""U129"":1,""U651"":6,""U523"":1,""U275"":1,""U439"":5,""U263"":1,""U87"":1,""U708"":2,""U282"":1,""U741"":1,""U748"":2,""U357"":1,""U475"":1,""U323"":1,""U645"":1,""U667"":1,""U580"":1,""U525"":1,""U57"":1,""U473"":1,""U589"":1,""U331"":3,""U413"":1,""U6"":1,""U560"":1,""U632"":1,""U682"":1,""U576"":1,""U456"":1,""U148"":1,""U671"":1,""U505"":1,""U217"":1,""U428"":1,""U187"":1,""U332"":1,""U209"":1,""U262"":1,""U305"":1,""U452"":1,""U45"":1,""U443"":1,""U417"":1,""U319"":1,""U469"":1,""U255"":1,""U73"":2,""U734"":1,""U715"":1,""U41"":1,""U75"":2,""U248"":1,""U103"":1,""U222"":1,""U479"":1,""U659"":1,""U369"":3,""U398"":1,""U537"":1,""U406"":1,""U661"":1,""U354"":1,""U235"":1,""U648"":1,""U226"":2,""U178"":1,""U727"":2,""U267"":2,""U688"":1,""U161"":2,""U394"":1,""U497"":2,""U498"":1,""U749"":1,""U195"":3,""U349"":1,""U391"":1,""U542"":1,""U699"":1,""U572"":1,""U679"":2,""U722"":4,""U72"":1,""U698"":1,""U677"":1,""U361"":1,""U60"":1,""U153"":1,""U451"":1,""U196"":1,""U231"":2,""U493"":1,""U151"":1,""U47"":1,""U218"":2,""U530"":1,""U535"":1,""U94"":1,""U644"":1,""U368"":1,""U290"":1,""U169"":1,""U3"":1,""U266"":1,""U240"":2,""U136"":1,""U343"":2,""U585"":1,""U315"":3,""U676"":1,""U628"":3,""U383"":1,""U97"":1,""U408"":2,""U615"":1,""U77"":1,""U350"":2,""U353"":3,""U516"":1,""U703"":1,""U604"":1,""U684"":1,""U140"":1,""U125"":1,""U89"":1,""U506"":1,""U312"":2,""U276"":1,""U689"":1,""U193"":3,""U234"":1,""U145"":1,""U237"":1,""U465"":3,""U591"":3,""U150"":1,""U348"":1,""U527"":1,""U581"":4,""U461"":2,""U244"":1,""U88"":1,""U131"":2,""U480"":1,""U261"":1,""U711"":1,""U230"":1,""U423"":1,""U573"":1,""U280"":3,""U14"":1,""U692"":1,""U726"":1,""U252"":1,""U256"":1,""U524"":1,""U710"":1,""U162"":1,""U540"":1,""U143"":1,""U210"":3,""U299"":1,""U696"":2,""U640"":1,""U311"":1,""U327"":1,""U605"":1,""U176"":1,""U466"":1,""U566"":1,""U121"":1,""U292"":1,""U363"":1,""U390"":1,""U132"":2,""U219"":1,""U515"":1,""U346"":1,""U334"":1,""U1"":1,""U43"":1,""U597"":2,""U302"":1,""U260"":1,""U702"":1,""U543"":1,""U725"":1,""U371"":2,""U658"":2,""U528"":1,""U552"":1,""U503"":2,""U642"":3,""U76"":1,""U488"":1,""U29"":2,""U471"":1,""U117"":3,""U709"":1,""U67"":1,""U510"":3,""U13"":1,""U351"":1,""U149"":1,""U489"":4,""U472"":1,""U135"":1,""U144"":1,""U116"":1,""U624"":1,""U565"":1,""U167"":1,""U421"":2,""U225"":1,""U115"":1,""U250"":4,""U650"":1,""U241"":1,""U568"":2,""U720"":10,""U416"":3,""U434"":1,""U531"":2,""U82"":1,""U496"":1,""U690"":1,""U582"":1,""U300"":1,""U622"":1,""U216"":1,""U588"":2,""U270"":1,""U738"":1,""U78"":2,""U436"":1,""U39"":2,""U68"":1,""U462"":1,""U183"":1,""U287"":2,""U602"":1,""U204"":1,""U382"":1,""U714"":1,""U154"":1,""U630"":1,""U641"":1,""U127"":1,""U182"":1,""U564"":1,""U207"":1,""U268"":3,""U61"":1,""U656"":1,""U141"":1,""U464"":1,""U433"":1,""U158"":1,""U157"":1,""U17"":2,""U686"":1,""U740"":1,""U40"":1,""U164"":1,""U474"":1,""U545"":7,""U133"":2,""U596"":1,""U745"":1,""U425"":1,""U175"":1,""U504"":1,""U739"":1,""U511"":1,""U577"":1,""U717"":1,""U101"":1,""U122"":2,""U458"":1,""U483"":1,""U546"":1,""U719"":3,""U337"":1,""U190"":1,""U80"":1,""U447"":1,""U470"":4,""U401"":1,""U695"":1,""U392"":1,""U742"":1,""U457"":1,""U468"":2,""U672"":1,""U750"":3,""U482"":2,""U303"":1,""U59"":1,""U208"":1,""U681"":1,""U55"":2,""U185"":1,""U610"":1,""U214"":1,""U665"":1,""U4"":1,""U389"":1,""U746"":1,""U544"":1,""U599"":1,""U325"":1,""U522"":1,""U402"":1,""U297"":1,""U25"":1,""U228"":1,""U587"":2,""U174"":1,""U705"":1,""U215"":2,""U42"":1,""U463"":1,""U113"":3,""U675"":1,""U440"":1,""U104"":1,""U246"":1,""U536"":1,""U384"":1,""U294"":2,""U701"":1,""U249"":1,""U233"":1,""U422"":1,""U362"":3,""U550"":1,""U160"":1,""U513"":3,""U407"":1,""U11"":1,""U180"":1,""U265"":2,""U554"":1,""U336"":1,""U197"":1,""U487"":1,""U18"":1,""U520"":1,""U555"":1,""U211"":1,""U429"":2}",596.8680000305176,,,,,true,750,,,Gurobi,gurobi_10min,true,600.0,20260829,16,16,50,,false,ok,0.0690000057220459,network_balanced,network_balanced_hardness_sweep,16,,596.8680000305176,3.2950000762939453
1,,,,,-5981.0,Optimal,,MIPSolver,,0.5,heidelberg_network_balanced_n50_b50_u750_path_no_dominance,heidelberg,,false,0.0,50,826,50,50,0.5,100,25,aachen_osm_gtfs_bike_agg50_p50_b50_u750,3365,200,750,,,3.174999952316284,600.0,labeling,,,path,path_no_dominance,false,"{""U396"":1,""U448"":1,""U19"":3,""U166"":1,""U91"":2,""U155"":1,""U415"":5,""U385"":1,""U184"":2,""U716"":1,""U238"":1,""U326"":1,""U142"":1,""U619"":1,""U24"":1,""U109"":1,""U229"":1,""U569"":1,""U179"":1,""U397"":1,""U491"":1,""U243"":5,""U485"":1,""U186"":1,""U359"":3,""U691"":1,""U285"":1,""U492"":2,""U614"":1,""U444"":1,""U583"":1,""U728"":1,""U735"":1,""U616"":2,""U341"":3,""U118"":6,""U533"":1,""U35"":1,""U49"":1,""U321"":9,""U685"":2,""U62"":3,""U5"":1,""U74"":1,""U203"":1,""U729"":1,""U81"":1,""U571"":1,""U213"":2,""U8"":1,""U455"":1,""U177"":1,""U318"":1,""U31"":1,""U611"":2,""U83"":2,""U50"":1,""U139"":1,""U634"":1,""U370"":1,""U508"":6,""U269"":1,""U46"":3,""U147"":1,""U322"":1,""U666"":1,""U71"":1,""U335"":1,""U419"":1,""U578"":2,""U579"":3,""U156"":1,""U592"":1,""U584"":1,""U534"":1,""U441"":1,""U273"":1,""U340"":2,""U223"":1,""U378"":2,""U64"":1,""U495"":1,""U344"":1,""U594"":1,""U700"":1,""U130"":1,""U454"":3,""U477"":1,""U239"":2,""U51"":1,""U731"":1,""U607"":1,""U617"":1,""U320"":1,""U411"":2,""U34"":1,""U199"":1,""U405"":1,""U304"":1,""U338"":2,""U518"":3,""U37"":1,""U590"":1,""U706"":1,""U296"":3,""U221"":1,""U376"":1,""U328"":1,""U743"":5,""U669"":1,""U108"":1,""U134"":3,""U484"":1,""U486"":1,""U693"":1,""U627"":1,""U63"":1,""U718"":2,""U20"":1,""U171"":1,""U279"":6,""U501"":1,""U660"":1,""U206"":1,""U202"":1,""U339"":10,""U633"":1,""U284"":1,""U247"":1,""U653"":2,""U680"":1,""U232"":1,""U105"":1,""U723"":1,""U352"":2,""U114"":5,""U227"":1,""U56"":1,""U574"":1,""U613"":7,""U70"":2,""U414"":1,""U442"":1,""U490"":6,""U120"":1,""U146"":1,""U173"":1,""U412"":1,""U85"":2,""U418"":3,""U721"":1,""U549"":5,""U467"":2,""U400"":1,""U380"":1,""U194"":7,""U200"":1,""U558"":2,""U453"":1,""U258"":1,""U360"":1,""U670"":1,""U662"":1,""U106"":7,""U694"":1,""U598"":1,""U567"":1,""U36"":1,""U242"":1,""U375"":2,""U521"":1,""U586"":1,""U66"":1,""U79"":1,""U387"":1,""U99"":1,""U317"":1,""U313"":1,""U541"":1,""U562"":1,""U509"":2,""U278"":1,""U410"":2,""U22"":2,""U603"":1,""U310"":1,""U395"":1,""U367"":1,""U181"":1,""U96"":1,""U10"":1,""U381"":1,""U189"":1,""U107"":1,""U697"":7,""U372"":1,""U293"":3,""U264"":1,""U7"":1,""U551"":1,""U636"":1,""U647"":1,""U563"":1,""U374"":2,""U345"":1,""U502"":5,""U678"":1,""U481"":1,""U404"":1,""U138"":2,""U324"":1,""U119"":1,""U347"":1,""U316"":1,""U730"":1,""U377"":1,""U386"":1,""U437"":1,""U529"":1,""U595"":1,""U48"":1,""U9"":1,""U559"":1,""U652"":4,""U512"":1,""U625"":1,""U152"":1,""U289"":1,""U188"":1,""U639"":1,""U646"":1,""U399"":1,""U274"":2,""U446"":1,""U631"":1,""U438"":1,""U90"":1,""U54"":1,""U435"":1,""U307"":1,""U732"":1,""U713"":1,""U445"":1,""U393"":1,""U403"":1,""U450"":1,""U737"":1,""U356"":2,""U93"":1,""U430"":1,""U84"":1,""U291"":1,""U687"":1,""U548"":1,""U192"":1,""U259"":1,""U102"":1,""U476"":3,""U364"":1,""U556"":1,""U355"":2,""U373"":1,""U128"":3,""U459"":1,""U657"":1,""U198"":1,""U494"":1,""U27"":2,""U191"":1,""U124"":1,""U664"":1,""U623"":1,""U635"":1,""U733"":1,""U637"":1,""U28"":2,""U52"":1,""U251"":1,""U314"":2,""U254"":1,""U69"":1,""U507"":1,""U112"":1,""U329"":1,""U201"":1,""U281"":1,""U2"":1,""U333"":2,""U704"":1,""U92"":1,""U449"":1,""U308"":1,""U286"":1,""U32"":1,""U298"":3,""U283"":2,""U707"":2,""U123"":1,""U668"":1,""U58"":1,""U205"":9,""U172"":3,""U12"":1,""U654"":1,""U626"":1,""U224"":1,""U609"":7,""U277"":1,""U30"":1,""U409"":2,""U517"":2,""U593"":1,""U330"":1,""U220"":2,""U388"":1,""U736"":1,""U309"":2,""U724"":1,""U271"":1,""U643"":1,""U620"":1,""U674"":1,""U379"":2,""U683"":1,""U86"":3,""U26"":1,""U236"":1,""U163"":1,""U110"":1,""U655"":8,""U629"":1,""U358"":1,""U514"":1,""U608"":1,""U618"":11,""U159"":1,""U98"":1,""U744"":1,""U245"":1,""U44"":1,""U649"":1,""U712"":1,""U137"":1,""U168"":1,""U53"":3,""U673"":1,""U95"":1,""U424"":1,""U539"":1,""U301"":1,""U165"":1,""U460"":3,""U500"":1,""U288"":1,""U570"":1,""U547"":1,""U638"":1,""U532"":1,""U426"":1,""U21"":1,""U306"":1,""U342"":1,""U33"":1,""U272"":2,""U253"":2,""U170"":1,""U15"":1,""U601"":1,""U575"":1,""U100"":1,""U621"":1,""U65"":2,""U747"":1,""U427"":1,""U365"":1,""U295"":1,""U526"":1,""U600"":1,""U38"":2,""U366"":4,""U499"":1,""U478"":1,""U23"":2,""U126"":1,""U111"":1,""U432"":4,""U519"":2,""U606"":5,""U212"":2,""U612"":1,""U16"":1,""U663"":1,""U561"":8,""U557"":1,""U538"":1,""U431"":1,""U553"":1,""U257"":1,""U420"":1,""U129"":1,""U651"":7,""U523"":1,""U275"":1,""U439"":5,""U263"":1,""U87"":1,""U708"":2,""U282"":1,""U741"":1,""U748"":2,""U357"":1,""U475"":1,""U323"":1,""U645"":1,""U667"":1,""U580"":1,""U525"":1,""U57"":1,""U473"":1,""U589"":1,""U331"":6,""U413"":1,""U6"":1,""U560"":1,""U632"":1,""U682"":1,""U576"":2,""U456"":2,""U148"":1,""U671"":1,""U505"":1,""U217"":1,""U428"":1,""U187"":1,""U332"":1,""U209"":2,""U262"":1,""U305"":1,""U452"":1,""U45"":1,""U443"":1,""U417"":1,""U319"":1,""U469"":1,""U255"":1,""U73"":2,""U734"":1,""U715"":1,""U41"":2,""U75"":2,""U248"":1,""U103"":1,""U222"":1,""U479"":1,""U659"":1,""U369"":6,""U398"":1,""U537"":1,""U406"":1,""U661"":1,""U354"":1,""U235"":1,""U648"":1,""U226"":2,""U178"":1,""U727"":2,""U267"":3,""U688"":1,""U161"":2,""U394"":1,""U497"":3,""U498"":1,""U749"":1,""U195"":3,""U349"":1,""U391"":1,""U542"":1,""U699"":1,""U572"":2,""U679"":2,""U722"":8,""U72"":2,""U698"":1,""U677"":1,""U361"":1,""U60"":1,""U153"":1,""U451"":1,""U196"":1,""U231"":2,""U493"":1,""U151"":1,""U47"":1,""U218"":2,""U530"":1,""U535"":1,""U94"":1,""U644"":1,""U368"":1,""U290"":1,""U169"":1,""U3"":1,""U266"":1,""U240"":2,""U136"":1,""U343"":2,""U585"":1,""U315"":3,""U676"":1,""U628"":4,""U383"":1,""U97"":1,""U408"":2,""U615"":1,""U77"":2,""U350"":2,""U353"":3,""U516"":1,""U703"":1,""U604"":1,""U684"":1,""U140"":1,""U125"":1,""U89"":2,""U506"":1,""U312"":3,""U276"":1,""U689"":1,""U193"":3,""U234"":1,""U145"":1,""U237"":1,""U465"":3,""U591"":3,""U150"":1,""U348"":1,""U527"":1,""U581"":8,""U461"":2,""U244"":1,""U88"":1,""U131"":2,""U480"":1,""U261"":1,""U711"":1,""U230"":1,""U423"":1,""U573"":1,""U280"":8,""U14"":1,""U692"":1,""U726"":1,""U252"":1,""U256"":1,""U524"":1,""U710"":2,""U162"":1,""U540"":1,""U143"":1,""U210"":3,""U299"":1,""U696"":2,""U640"":1,""U311"":1,""U327"":1,""U605"":1,""U176"":1,""U466"":1,""U566"":1,""U121"":1,""U292"":1,""U363"":1,""U390"":1,""U132"":2,""U219"":1,""U515"":1,""U346"":2,""U334"":1,""U1"":1,""U43"":1,""U597"":3,""U302"":1,""U260"":1,""U702"":1,""U543"":1,""U725"":1,""U371"":2,""U658"":2,""U528"":1,""U552"":1,""U503"":2,""U642"":3,""U76"":1,""U488"":2,""U29"":2,""U471"":1,""U117"":3,""U709"":1,""U67"":1,""U510"":3,""U13"":1,""U351"":1,""U149"":2,""U489"":10,""U472"":1,""U135"":1,""U144"":1,""U116"":1,""U624"":1,""U565"":1,""U167"":1,""U421"":5,""U225"":1,""U115"":1,""U250"":5,""U650"":1,""U241"":1,""U568"":3,""U720"":16,""U416"":4,""U434"":1,""U531"":2,""U82"":1,""U496"":2,""U690"":1,""U582"":1,""U300"":1,""U622"":1,""U216"":2,""U588"":2,""U270"":1,""U738"":1,""U78"":3,""U436"":1,""U39"":2,""U68"":1,""U462"":1,""U183"":1,""U287"":2,""U602"":1,""U204"":1,""U382"":1,""U714"":1,""U154"":1,""U630"":1,""U641"":1,""U127"":1,""U182"":1,""U564"":1,""U207"":1,""U268"":3,""U61"":1,""U656"":1,""U141"":1,""U464"":1,""U433"":1,""U158"":1,""U157"":1,""U17"":3,""U686"":1,""U740"":1,""U40"":1,""U164"":1,""U474"":1,""U545"":7,""U133"":2,""U596"":1,""U745"":1,""U425"":1,""U175"":1,""U504"":1,""U739"":1,""U511"":1,""U577"":1,""U717"":1,""U101"":1,""U122"":2,""U458"":1,""U483"":2,""U546"":1,""U719"":4,""U337"":1,""U190"":1,""U80"":2,""U447"":1,""U470"":4,""U401"":1,""U695"":1,""U392"":1,""U742"":1,""U457"":1,""U468"":2,""U672"":1,""U750"":4,""U482"":2,""U303"":1,""U59"":1,""U208"":1,""U681"":1,""U55"":4,""U185"":2,""U610"":1,""U214"":1,""U665"":1,""U4"":1,""U389"":1,""U746"":1,""U544"":1,""U599"":1,""U325"":1,""U522"":1,""U402"":1,""U297"":1,""U25"":1,""U228"":1,""U587"":2,""U174"":1,""U705"":1,""U215"":2,""U42"":1,""U463"":1,""U113"":3,""U675"":1,""U440"":1,""U104"":1,""U246"":1,""U536"":1,""U384"":1,""U294"":2,""U701"":1,""U249"":1,""U233"":2,""U422"":1,""U362"":3,""U550"":1,""U160"":1,""U513"":3,""U407"":1,""U11"":1,""U180"":1,""U265"":2,""U554"":1,""U336"":1,""U197"":1,""U487"":1,""U18"":1,""U520"":2,""U555"":1,""U211"":1,""U429"":2}",596.8250000476837,,,,,false,750,,,Gurobi,gurobi_10min,true,600.0,20260829,16,16,50,,false,ok,0.08999991416931152,network_balanced,network_balanced_hardness_sweep,16,,596.8250000476837,3.3399999141693115
146,,,,,-7859.0,Timelimit,,MIPSolver,,0.5,heidelberg_network_balanced_n50_b50_u1000_sd_fixed_network_path,heidelberg,,false,0.08999660435843894,50,826,50,50,0.5,100,25,aachen_osm_gtfs_bike_agg50_p50_b50_u1000,3365,200,1000,fixed_network_path,true,,,,false,,sd,sd_fixed_network_path,,,,,,,,,1000,,,Gurobi,gurobi_10min,true,600.0,20260829,16,16,50,,false,timeout,603.2199997901917,network_balanced,network_balanced_hardness_sweep,16,,600.0,745.9920001029968
1,,,,,-7599.0,Timelimit,,MIPSolver,,0.5,heidelberg_network_balanced_n50_b50_u1000_sd_n_minus_1,heidelberg,,false,0.32505240449822687,50,826,50,50,0.5,100,25,aachen_osm_gtfs_bike_agg50_p50_b50_u1000,3365,200,1000,n_minus_one_most_expensive,true,,,,false,,sd,sd_n_minus_1,,,,,,,,,1000,,,Gurobi,gurobi_10min,true,600.0,20260829,16,16,50,,false,timeout,601.3039999008179,network_balanced,network_balanced_hardness_sweep,16,,600.0,714.0759999752045
512,,6000,,1000,-7885.0,Timelimit,8.8555478,BlCSolver,,0.5,heidelberg_network_balanced_n50_b50_u1000_blc_astar_fixed_network_path,heidelberg,,false,0.0063411540900443885,50,826,50,50,0.5,100,25,aachen_osm_gtfs_bike_agg50_p50_b50_u1000,3365,200,1000,fixed_network_path,,,,,,3370366,blc,blc_astar_fixed_network_path,,,,0,0,astar,null,,1000,true,16,Gurobi,gurobi_10min,true,600.0,20260829,16,16,50,,false,timeout,602.1670000553131,network_balanced,network_balanced_hardness_sweep,16,16,600.0,697.5050001144409
540,,6000,,1000,-7885.0,Timelimit,9.6728773,BlCSolver,,0.5,heidelberg_network_balanced_n50_b50_u1000_blc_astar_n_minus_1,heidelberg,,false,0.0063411540900443885,50,826,50,50,0.5,100,25,aachen_osm_gtfs_bike_agg50_p50_b50_u1000,3365,200,1000,n_minus_one_most_expensive,,,,,,3370366,blc,blc_astar_n_minus_1,,,,0,0,astar,null,,1000,true,16,Gurobi,gurobi_10min,true,600.0,20260829,16,16,50,,false,timeout,601.423999786377,network_balanced,network_balanced_hardness_sweep,16,16,600.0,669.4860000610352
1,,,,,-7885.0,Optimal,,MIPSolver,,0.5,heidelberg_network_balanced_n50_b50_u1000_path_dominance,heidelberg,,false,0.0,50,826,50,50,0.5,100,25,aachen_osm_gtfs_bike_agg50_p50_b50_u1000,3365,200,1000,,,4.130000352859497,600.0,labeling,,,path,path_dominance,false,"{""U828"":1,""U396"":1,""U448"":1,""U893"":3,""U19"":1,""U166"":1,""U91"":1,""U155"":1,""U415"":1,""U385"":2,""U980"":1,""U184"":1,""U909"":1,""U716"":2,""U238"":1,""U326"":1,""U851"":1,""U993"":1,""U917"":2,""U930"":1,""U142"":1,""U619"":1,""U24"":1,""U109"":2,""U229"":1,""U569"":1,""U179"":1,""U397"":1,""U491"":1,""U892"":1,""U243"":1,""U485"":1,""U961"":1,""U186"":2,""U359"":2,""U874"":1,""U876"":1,""U691"":1,""U285"":1,""U981"":1,""U492"":1,""U867"":1,""U614"":1,""U444"":1,""U583"":1,""U728"":1,""U735"":1,""U886"":1,""U616"":1,""U341"":1,""U816"":1,""U118"":1,""U533"":1,""U35"":1,""U49"":4,""U321"":3,""U685"":2,""U62"":2,""U5"":1,""U74"":1,""U203"":3,""U729"":2,""U81"":1,""U571"":1,""U776"":1,""U820"":1,""U979"":1,""U984"":1,""U213"":1,""U8"":1,""U455"":1,""U177"":1,""U318"":1,""U31"":1,""U611"":1,""U83"":1,""U50"":1,""U139"":1,""U634"":1,""U751"":1,""U370"":1,""U864"":1,""U508"":1,""U869"":1,""U269"":1,""U46"":1,""U147"":1,""U322"":1,""U666"":2,""U839"":1,""U71"":2,""U335"":1,""U419"":1,""U578"":1,""U579"":1,""U156"":1,""U953"":1,""U592"":1,""U584"":1,""U534"":1,""U441"":1,""U966"":1,""U757"":2,""U761"":1,""U783"":1,""U273"":1,""U340"":1,""U919"":1,""U223"":1,""U378"":1,""U64"":1,""U495"":1,""U344"":1,""U594"":1,""U700"":3,""U842"":1,""U130"":1,""U922"":1,""U987"":1,""U454"":1,""U477"":2,""U239"":7,""U51"":1,""U731"":1,""U868"":1,""U989"":1,""U819"":1,""U946"":1,""U607"":1,""U617"":1,""U320"":1,""U411"":1,""U810"":1,""U34"":1,""U760"":1,""U934"":1,""U199"":1,""U405"":1,""U787"":1,""U304"":1,""U338"":1,""U518"":1,""U772"":1,""U37"":1,""U590"":2,""U706"":1,""U881"":2,""U296"":1,""U221"":1,""U954"":2,""U376"":1,""U328"":1,""U743"":1,""U669"":1,""U108"":2,""U134"":1,""U484"":2,""U486"":1,""U693"":3,""U627"":1,""U63"":1,""U718"":1,""U20"":2,""U847"":1,""U885"":1,""U171"":1,""U279"":2,""U501"":1,""U660"":1,""U794"":1,""U206"":1,""U202"":1,""U921"":1,""U339"":1,""U633"":1,""U818"":1,""U284"":1,""U882"":1,""U976"":1,""U247"":1,""U653"":1,""U879"":1,""U680"":1,""U232"":2,""U105"":1,""U723"":1,""U352"":4,""U114"":1,""U227"":1,""U56"":1,""U574"":1,""U613"":1,""U70"":1,""U414"":5,""U877"":1,""U442"":1,""U490"":1,""U838"":1,""U848"":1,""U931"":1,""U120"":4,""U146"":1,""U173"":1,""U412"":3,""U965"":1,""U821"":1,""U85"":1,""U418"":1,""U721"":1,""U549"":1,""U467"":1,""U400"":1,""U380"":1,""U194"":1,""U200"":1,""U843"":1,""U558"":1,""U453"":1,""U258"":2,""U360"":1,""U670"":1,""U662"":1,""U106"":1,""U694"":2,""U598"":1,""U567"":1,""U36"":1,""U242"":1,""U894"":1,""U375"":1,""U521"":1,""U586"":1,""U66"":2,""U79"":1,""U387"":1,""U99"":1,""U317"":1,""U313"":2,""U541"":3,""U840"":1,""U562"":1,""U824"":1,""U871"":1,""U509"":1,""U911"":1,""U278"":1,""U410"":1,""U22"":1,""U804"":2,""U603"":1,""U310"":1,""U395"":1,""U367"":1,""U939"":1,""U181"":1,""U929"":1,""U96"":2,""U10"":1,""U785"":3,""U924"":1,""U789"":1,""U381"":2,""U189"":1,""U107"":1,""U974"":2,""U784"":2,""U697"":1,""U372"":1,""U293"":1,""U836"":1,""U991"":1,""U264"":1,""U7"":1,""U551"":3,""U636"":1,""U647"":3,""U782"":1,""U856"":1,""U563"":1,""U374"":1,""U345"":1,""U502"":3,""U678"":2,""U481"":1,""U855"":1,""U404"":3,""U138"":1,""U324"":1,""U920"":1,""U119"":1,""U347"":1,""U764"":1,""U316"":1,""U900"":1,""U730"":3,""U377"":3,""U386"":1,""U437"":1,""U529"":1,""U595"":2,""U48"":1,""U943"":1,""U859"":1,""U9"":1,""U559"":1,""U652"":2,""U862"":1,""U512"":1,""U625"":1,""U152"":1,""U945"":1,""U289"":1,""U896"":1,""U188"":1,""U639"":1,""U646"":1,""U769"":1,""U399"":1,""U274"":3,""U446"":1,""U631"":1,""U438"":1,""U90"":1,""U54"":1,""U996"":1,""U866"":1,""U435"":1,""U307"":1,""U923"":1,""U732"":1,""U713"":1,""U445"":1,""U393"":2,""U403"":1,""U937"":1,""U450"":1,""U737"":1,""U356"":1,""U93"":1,""U430"":1,""U84"":1,""U291"":1,""U687"":1,""U548"":2,""U192"":1,""U259"":1,""U102"":1,""U476"":1,""U364"":2,""U556"":1,""U887"":1,""U958"":1,""U355"":1,""U373"":1,""U891"":3,""U128"":2,""U459"":4,""U657"":4,""U198"":2,""U494"":1,""U27"":1,""U191"":1,""U124"":1,""U985"":1,""U664"":1,""U623"":1,""U635"":1,""U733"":1,""U637"":3,""U28"":1,""U52"":1,""U251"":1,""U314"":1,""U952"":1,""U254"":1,""U950"":1,""U69"":1,""U507"":1,""U112"":1,""U849"":1,""U329"":1,""U201"":1,""U281"":2,""U774"":1,""U2"":1,""U333"":1,""U704"":1,""U92"":1,""U766"":2,""U449"":1,""U308"":1,""U286"":1,""U32"":1,""U298"":1,""U283"":1,""U707"":2,""U123"":1,""U668"":1,""U58"":1,""U205"":2,""U172"":1,""U12"":1,""U654"":4,""U626"":1,""U224"":2,""U609"":1,""U277"":1,""U30"":1,""U409"":1,""U517"":2,""U593"":7,""U803"":1,""U330"":1,""U220"":1,""U388"":1,""U736"":1,""U309"":1,""U724"":1,""U271"":3,""U643"":1,""U620"":1,""U674"":1,""U379"":1,""U683"":1,""U834"":1,""U86"":1,""U26"":2,""U236"":4,""U825"":1,""U951"":1,""U163"":1,""U110"":4,""U949"":1,""U655"":1,""U629"":1,""U358"":1,""U514"":2,""U608"":1,""U618"":1,""U770"":1,""U159"":1,""U947"":2,""U98"":1,""U744"":1,""U245"":1,""U44"":1,""U649"":3,""U712"":1,""U137"":1,""U168"":1,""U53"":4,""U975"":1,""U673"":2,""U95"":1,""U424"":4,""U539"":1,""U301"":1,""U165"":3,""U460"":2,""U500"":1,""U942"":1,""U288"":1,""U570"":2,""U928"":1,""U962"":2,""U547"":1,""U638"":2,""U532"":1,""U426"":2,""U21"":1,""U306"":1,""U963"":2,""U342"":2,""U33"":1,""U272"":1,""U253"":1,""U777"":2,""U992"":1,""U170"":2,""U15"":5,""U601"":1,""U575"":1,""U977"":1,""U100"":1,""U799"":1,""U621"":1,""U65"":1,""U747"":1,""U427"":1,""U365"":2,""U295"":1,""U970"":2,""U526"":1,""U835"":1,""U801"":1,""U600"":1,""U38"":1,""U366"":1,""U499"":2,""U478"":1,""U23"":1,""U982"":1,""U845"":1,""U126"":1,""U111"":2,""U432"":1,""U519"":1,""U802"":1,""U606"":1,""U212"":1,""U612"":1,""U16"":1,""U875"":2,""U663"":1,""U561"":1,""U557"":1,""U538"":1,""U431"":2,""U553"":2,""U257"":1,""U758"":1,""U420"":1,""U906"":1,""U762"":1,""U129"":1,""U651"":1,""U941"":1,""U523"":1,""U275"":1,""U439"":11,""U800"":1,""U263"":1,""U935"":1,""U87"":1,""U708"":1,""U282"":1,""U741"":1,""U748"":1,""U357"":3,""U815"":1,""U475"":1,""U323"":1,""U645"":1,""U667"":1,""U580"":1,""U525"":1,""U57"":2,""U473"":1,""U589"":1,""U826"":1,""U331"":1,""U413"":1,""U6"":1,""U560"":1,""U632"":5,""U682"":1,""U576"":1,""U846"":1,""U926"":1,""U456"":1,""U148"":3,""U671"":1,""U505"":1,""U753"":1,""U217"":1,""U428"":2,""U933"":1,""U187"":1,""U332"":1,""U823"":2,""U209"":1,""U262"":1,""U305"":1,""U452"":1,""U45"":1,""U889"":2,""U443"":2,""U417"":1,""U319"":1,""U853"":3,""U469"":1,""U255"":3,""U73"":4,""U734"":1,""U715"":1,""U983"":1,""U910"":1,""U41"":1,""U75"":2,""U248"":1,""U103"":1,""U222"":2,""U795"":1,""U479"":1,""U659"":1,""U369"":3,""U897"":1,""U811"":1,""U398"":2,""U537"":2,""U406"":3,""U806"":1,""U661"":1,""U354"":2,""U235"":1,""U648"":1,""U226"":1,""U178"":1,""U727"":2,""U267"":1,""U688"":1,""U161"":3,""U394"":1,""U497"":1,""U830"":1,""U498"":1,""U749"":1,""U999"":2,""U195"":1,""U349"":1,""U767"":1,""U391"":1,""U542"":1,""U878"":1,""U699"":1,""U572"":1,""U679"":1,""U722"":1,""U72"":1,""U698"":1,""U677"":1,""U361"":1,""U60"":1,""U153"":2,""U913"":1,""U773"":1,""U451"":1,""U196"":1,""U231"":3,""U493"":4,""U908"":1,""U151"":2,""U47"":1,""U218"":1,""U530"":2,""U986"":4,""U535"":1,""U94"":1,""U788"":1,""U644"":1,""U368"":1,""U759"":1,""U290"":2,""U169"":1,""U3"":1,""U266"":1,""U240"":1,""U136"":1,""U343"":1,""U585"":1,""U315"":2,""U676"":1,""U628"":1,""U383"":1,""U990"":1,""U97"":2,""U865"":1,""U408"":1,""U755"":1,""U615"":1,""U77"":1,""U884"":1,""U350"":1,""U940"":2,""U353"":1,""U960"":1,""U516"":1,""U703"":1,""U604"":2,""U684"":1,""U140"":1,""U125"":1,""U912"":2,""U89"":1,""U780"":2,""U506"":1,""U972"":1,""U312"":1,""U276"":2,""U689"":1,""U193"":3,""U234"":2,""U145"":1,""U817"":1,""U237"":1,""U465"":3,""U591"":1,""U150"":1,""U348"":3,""U527"":1,""U581"":1,""U461"":1,""U813"":1,""U244"":1,""U88"":1,""U903"":2,""U131"":2,""U870"":1,""U973"":3,""U480"":1,""U997"":3,""U812"":3,""U261"":1,""U711"":1,""U230"":1,""U423"":2,""U901"":1,""U573"":1,""U280"":1,""U14"":1,""U692"":1,""U726"":1,""U252"":1,""U256"":2,""U916"":1,""U915"":1,""U907"":1,""U524"":2,""U918"":1,""U932"":3,""U710"":1,""U162"":1,""U899"":2,""U540"":1,""U854"":1,""U858"":1,""U756"":1,""U143"":3,""U210"":2,""U814"":2,""U805"":1,""U299"":1,""U883"":1,""U696"":1,""U640"":1,""U311"":1,""U852"":1,""U327"":1,""U827"":3,""U605"":1,""U176"":3,""U466"":1,""U566"":1,""U121"":1,""U292"":1,""U971"":1,""U363"":1,""U390"":1,""U905"":2,""U132"":2,""U219"":1,""U515"":1,""U790"":1,""U346"":1,""U334"":4,""U850"":2,""U779"":1,""U1"":1,""U43"":1,""U597"":1,""U302"":1,""U260"":1,""U860"":2,""U702"":1,""U543"":3,""U957"":2,""U725"":1,""U371"":1,""U658"":1,""U528"":1,""U552"":3,""U503"":1,""U642"":1,""U76"":2,""U488"":1,""U29"":1,""U471"":1,""U117"":1,""U709"":1,""U67"":1,""U510"":1,""U13"":1,""U351"":1,""U149"":1,""U895"":1,""U489"":2,""U472"":1,""U872"":1,""U135"":3,""U144"":1,""U116"":1,""U624"":2,""U565"":3,""U167"":1,""U421"":2,""U225"":1,""U115"":2,""U250"":2,""U650"":3,""U241"":1,""U568"":1,""U720"":1,""U775"":1,""U416"":1,""U763"":2,""U434"":1,""U531"":1,""U797"":1,""U754"":1,""U994"":1,""U82"":3,""U496"":1,""U690"":1,""U880"":1,""U582"":1,""U300"":1,""U622"":1,""U964"":1,""U216"":2,""U861"":1,""U588"":3,""U270"":1,""U738"":1,""U78"":2,""U436"":2,""U39"":2,""U68"":1,""U969"":2,""U462"":3,""U183"":3,""U287"":1,""U602"":1,""U204"":1,""U904"":2,""U807"":3,""U382"":2,""U791"":1,""U714"":2,""U154"":1,""U844"":1,""U630"":1,""U641"":1,""U781"":1,""U127"":1,""U182"":1,""U564"":1,""U207"":1,""U268"":1,""U61"":1,""U656"":1,""U141"":2,""U464"":2,""U433"":1,""U857"":1,""U158"":1,""U948"":1,""U157"":1,""U17"":1,""U686"":1,""U902"":1,""U740"":1,""U752"":1,""U40"":1,""U164"":1,""U474"":1,""U545"":1,""U133"":1,""U596"":1,""U745"":1,""U425"":1,""U175"":1,""U978"":4,""U504"":1,""U1000"":1,""U995"":1,""U739"":1,""U837"":1,""U511"":1,""U577"":1,""U717"":1,""U786"":1,""U968"":1,""U101"":1,""U768"":1,""U122"":1,""U936"":1,""U458"":2,""U483"":1,""U546"":1,""U841"":1,""U719"":1,""U337"":1,""U190"":2,""U80"":1,""U793"":2,""U447"":3,""U470"":1,""U401"":3,""U925"":1,""U695"":1,""U392"":1,""U833"":2,""U742"":2,""U832"":2,""U457"":1,""U468"":1,""U672"":1,""U750"":1,""U956"":1,""U482"":1,""U303"":1,""U59"":1,""U831"":1,""U914"":1,""U809"":1,""U822"":1,""U208"":1,""U681"":1,""U944"":1,""U55"":1,""U185"":1,""U610"":2,""U214"":1,""U665"":2,""U988"":1,""U4"":1,""U389"":1,""U746"":2,""U765"":3,""U959"":1,""U544"":1,""U599"":4,""U325"":1,""U522"":2,""U890"":1,""U402"":1,""U297"":2,""U25"":1,""U228"":1,""U587"":1,""U174"":1,""U778"":1,""U705"":1,""U792"":1,""U796"":1,""U215"":1,""U798"":1,""U42"":1,""U463"":1,""U113"":1,""U675"":1,""U440"":1,""U104"":2,""U998"":1,""U771"":1,""U808"":1,""U938"":1,""U246"":2,""U536"":1,""U384"":1,""U955"":1,""U294"":1,""U873"":1,""U967"":2,""U701"":1,""U249"":1,""U233"":1,""U863"":3,""U888"":1,""U422"":1,""U362"":1,""U550"":1,""U160"":1,""U513"":1,""U407"":1,""U11"":3,""U180"":2,""U265"":1,""U554"":1,""U336"":1,""U197"":2,""U927"":2,""U487"":1,""U829"":1,""U18"":2,""U520"":1,""U555"":1,""U211"":1,""U898"":1,""U429"":1}",595.8699996471405,,,,,true,1000,,,Gurobi,gurobi_10min,true,600.0,20260829,16,16,50,,false,ok,0.1099998950958252,network_balanced,network_balanced_hardness_sweep,16,,595.8699996471405,4.374000072479248
1,,,,,-7885.0000042721595,Optimal,,MIPSolver,,0.5,heidelberg_network_balanced_n50_b50_u1000_path_no_dominance,heidelberg,,false,4.150645569685309e-9,50,826,50,50,0.5,100,25,aachen_osm_gtfs_bike_agg50_p50_b50_u1000,3365,200,1000,,,4.106999635696411,600.0,labeling,,,path,path_no_dominance,false,"{""U828"":1,""U396"":1,""U448"":1,""U893"":5,""U19"":1,""U166"":1,""U91"":1,""U155"":1,""U415"":1,""U385"":2,""U980"":1,""U184"":1,""U909"":1,""U716"":3,""U238"":1,""U326"":1,""U851"":1,""U993"":1,""U917"":3,""U930"":1,""U142"":1,""U619"":1,""U24"":1,""U109"":2,""U229"":1,""U569"":1,""U179"":1,""U397"":1,""U491"":1,""U892"":1,""U243"":2,""U485"":1,""U961"":1,""U186"":3,""U359"":2,""U874"":1,""U876"":1,""U691"":2,""U285"":1,""U981"":1,""U492"":1,""U867"":1,""U614"":1,""U444"":1,""U583"":1,""U728"":1,""U735"":1,""U886"":1,""U616"":1,""U341"":1,""U816"":1,""U118"":1,""U533"":1,""U35"":1,""U49"":4,""U321"":7,""U685"":2,""U62"":3,""U5"":1,""U74"":1,""U203"":3,""U729"":3,""U81"":1,""U571"":1,""U776"":2,""U820"":1,""U979"":1,""U984"":2,""U213"":1,""U8"":2,""U455"":1,""U177"":1,""U318"":1,""U31"":1,""U611"":1,""U83"":1,""U50"":1,""U139"":1,""U634"":1,""U751"":1,""U370"":1,""U864"":1,""U508"":1,""U869"":1,""U269"":1,""U46"":1,""U147"":1,""U322"":1,""U666"":2,""U839"":1,""U71"":7,""U335"":1,""U419"":1,""U578"":1,""U579"":1,""U156"":1,""U953"":1,""U592"":1,""U584"":1,""U534"":1,""U441"":1,""U966"":1,""U757"":5,""U761"":1,""U783"":1,""U273"":1,""U340"":1,""U919"":1,""U223"":1,""U378"":1,""U64"":1,""U495"":1,""U344"":4,""U594"":1,""U700"":3,""U842"":1,""U130"":1,""U922"":1,""U987"":1,""U454"":1,""U477"":2,""U239"":10,""U51"":1,""U731"":1,""U868"":1,""U989"":1,""U819"":1,""U946"":1,""U607"":1,""U617"":1,""U320"":1,""U411"":1,""U810"":1,""U34"":1,""U760"":1,""U934"":1,""U199"":1,""U405"":1,""U787"":1,""U304"":1,""U338"":1,""U518"":1,""U772"":2,""U37"":1,""U590"":2,""U706"":1,""U881"":2,""U296"":1,""U221"":1,""U954"":2,""U376"":1,""U328"":1,""U743"":1,""U669"":1,""U108"":3,""U134"":2,""U484"":2,""U486"":2,""U693"":8,""U627"":1,""U63"":1,""U718"":1,""U20"":2,""U847"":1,""U885"":1,""U171"":2,""U279"":2,""U501"":1,""U660"":1,""U794"":1,""U206"":1,""U202"":1,""U921"":1,""U339"":1,""U633"":1,""U818"":1,""U284"":1,""U882"":1,""U976"":1,""U247"":1,""U653"":1,""U879"":1,""U680"":1,""U232"":2,""U105"":1,""U723"":1,""U352"":6,""U114"":1,""U227"":1,""U56"":1,""U574"":1,""U613"":1,""U70"":1,""U414"":8,""U877"":1,""U442"":1,""U490"":1,""U838"":2,""U848"":1,""U931"":2,""U120"":4,""U146"":1,""U173"":1,""U412"":6,""U965"":1,""U821"":1,""U85"":1,""U418"":1,""U721"":2,""U549"":1,""U467"":1,""U400"":1,""U380"":1,""U194"":1,""U200"":1,""U843"":2,""U558"":1,""U453"":1,""U258"":2,""U360"":1,""U670"":1,""U662"":1,""U106"":1,""U694"":2,""U598"":1,""U567"":1,""U36"":1,""U242"":1,""U894"":1,""U375"":1,""U521"":1,""U586"":1,""U66"":3,""U79"":1,""U387"":1,""U99"":1,""U317"":1,""U313"":3,""U541"":3,""U840"":1,""U562"":1,""U824"":1,""U871"":1,""U509"":1,""U911"":1,""U278"":1,""U410"":1,""U22"":1,""U804"":2,""U603"":1,""U310"":1,""U395"":2,""U367"":1,""U939"":1,""U181"":1,""U929"":1,""U96"":2,""U10"":1,""U785"":3,""U924"":1,""U789"":1,""U381"":2,""U189"":1,""U107"":1,""U974"":3,""U784"":3,""U697"":1,""U372"":1,""U293"":1,""U836"":1,""U991"":1,""U264"":1,""U7"":2,""U551"":6,""U636"":1,""U647"":3,""U782"":1,""U856"":1,""U563"":1,""U374"":1,""U345"":1,""U502"":6,""U678"":11,""U481"":1,""U855"":1,""U404"":4,""U138"":1,""U324"":1,""U920"":1,""U119"":1,""U347"":1,""U764"":1,""U316"":1,""U900"":1,""U730"":3,""U377"":5,""U386"":1,""U437"":1,""U529"":1,""U595"":7,""U48"":1,""U943"":1,""U859"":1,""U9"":1,""U559"":1,""U652"":2,""U862"":1,""U512"":1,""U625"":1,""U152"":1,""U945"":2,""U289"":2,""U896"":1,""U188"":1,""U639"":1,""U646"":1,""U769"":1,""U399"":1,""U274"":3,""U446"":2,""U631"":1,""U438"":1,""U90"":1,""U54"":1,""U996"":1,""U866"":1,""U435"":1,""U307"":1,""U923"":1,""U732"":1,""U713"":1,""U445"":1,""U393"":3,""U403"":1,""U937"":1,""U450"":1,""U737"":1,""U356"":1,""U93"":1,""U430"":1,""U84"":2,""U291"":1,""U687"":1,""U548"":2,""U192"":1,""U259"":1,""U102"":1,""U476"":1,""U364"":2,""U556"":1,""U887"":1,""U958"":1,""U355"":2,""U373"":1,""U891"":3,""U128"":5,""U459"":4,""U657"":8,""U198"":3,""U494"":1,""U27"":1,""U191"":1,""U124"":1,""U985"":1,""U664"":1,""U623"":1,""U635"":1,""U733"":1,""U637"":6,""U28"":1,""U52"":1,""U251"":1,""U314"":1,""U952"":1,""U254"":1,""U950"":1,""U69"":1,""U507"":1,""U112"":1,""U849"":1,""U329"":1,""U201"":1,""U281"":2,""U774"":1,""U2"":1,""U333"":1,""U704"":1,""U92"":1,""U766"":2,""U449"":1,""U308"":1,""U286"":1,""U32"":2,""U298"":2,""U283"":1,""U707"":2,""U123"":1,""U668"":1,""U58"":1,""U205"":2,""U172"":1,""U12"":1,""U654"":5,""U626"":1,""U224"":2,""U609"":1,""U277"":1,""U30"":1,""U409"":1,""U517"":2,""U593"":27,""U803"":1,""U330"":1,""U220"":1,""U388"":1,""U736"":1,""U309"":2,""U724"":1,""U271"":6,""U643"":1,""U620"":1,""U674"":1,""U379"":1,""U683"":1,""U834"":1,""U86"":1,""U26"":2,""U236"":6,""U825"":1,""U951"":1,""U163"":1,""U110"":6,""U949"":1,""U655"":1,""U629"":1,""U358"":1,""U514"":2,""U608"":1,""U618"":1,""U770"":1,""U159"":2,""U947"":3,""U98"":1,""U744"":1,""U245"":1,""U44"":1,""U649"":4,""U712"":1,""U137"":2,""U168"":1,""U53"":10,""U975"":1,""U673"":2,""U95"":1,""U424"":6,""U539"":1,""U301"":1,""U165"":3,""U460"":2,""U500"":1,""U942"":1,""U288"":1,""U570"":3,""U928"":1,""U962"":3,""U547"":1,""U638"":2,""U532"":2,""U426"":2,""U21"":1,""U306"":1,""U963"":2,""U342"":3,""U33"":1,""U272"":1,""U253"":1,""U777"":2,""U992"":1,""U170"":5,""U15"":5,""U601"":1,""U575"":1,""U977"":1,""U100"":1,""U799"":1,""U621"":1,""U65"":1,""U747"":1,""U427"":1,""U365"":3,""U295"":1,""U970"":2,""U526"":1,""U835"":1,""U801"":1,""U600"":1,""U38"":1,""U366"":1,""U499"":2,""U478"":2,""U23"":1,""U982"":1,""U845"":1,""U126"":1,""U111"":2,""U432"":1,""U519"":1,""U802"":1,""U606"":1,""U212"":1,""U612"":1,""U16"":1,""U875"":2,""U663"":1,""U561"":1,""U557"":1,""U538"":1,""U431"":2,""U553"":2,""U257"":1,""U758"":1,""U420"":1,""U906"":1,""U762"":1,""U129"":2,""U651"":1,""U941"":1,""U523"":1,""U275"":1,""U439"":18,""U800"":1,""U263"":1,""U935"":1,""U87"":1,""U708"":1,""U282"":1,""U741"":1,""U748"":1,""U357"":4,""U815"":1,""U475"":1,""U323"":1,""U645"":1,""U667"":1,""U580"":1,""U525"":1,""U57"":9,""U473"":1,""U589"":1,""U826"":1,""U331"":1,""U413"":1,""U6"":1,""U560"":1,""U632"":15,""U682"":1,""U576"":1,""U846"":1,""U926"":1,""U456"":1,""U148"":4,""U671"":1,""U505"":1,""U753"":1,""U217"":1,""U428"":2,""U933"":1,""U187"":1,""U332"":1,""U823"":2,""U209"":1,""U262"":1,""U305"":1,""U452"":1,""U45"":1,""U889"":3,""U443"":3,""U417"":1,""U319"":1,""U853"":4,""U469"":1,""U255"":3,""U73"":10,""U734"":1,""U715"":1,""U983"":1,""U910"":1,""U41"":4,""U75"":3,""U248"":1,""U103"":2,""U222"":2,""U795"":1,""U479"":1,""U659"":1,""U369"":5,""U897"":1,""U811"":1,""U398"":2,""U537"":2,""U406"":5,""U806"":1,""U661"":1,""U354"":4,""U235"":1,""U648"":1,""U226"":1,""U178"":1,""U727"":2,""U267"":1,""U688"":1,""U161"":3,""U394"":1,""U497"":1,""U830"":1,""U498"":1,""U749"":1,""U999"":2,""U195"":1,""U349"":1,""U767"":1,""U391"":1,""U542"":1,""U878"":1,""U699"":1,""U572"":1,""U679"":1,""U722"":1,""U72"":1,""U698"":1,""U677"":1,""U361"":1,""U60"":1,""U153"":2,""U913"":1,""U773"":1,""U451"":1,""U196"":1,""U231"":4,""U493"":10,""U908"":1,""U151"":2,""U47"":1,""U218"":1,""U530"":2,""U986"":6,""U535"":1,""U94"":1,""U788"":1,""U644"":1,""U368"":1,""U759"":1,""U290"":3,""U169"":1,""U3"":1,""U266"":1,""U240"":2,""U136"":1,""U343"":1,""U585"":1,""U315"":3,""U676"":2,""U628"":1,""U383"":1,""U990"":1,""U97"":7,""U865"":1,""U408"":2,""U755"":1,""U615"":1,""U77"":1,""U884"":1,""U350"":1,""U940"":2,""U353"":1,""U960"":1,""U516"":1,""U703"":1,""U604"":2,""U684"":1,""U140"":1,""U125"":1,""U912"":2,""U89"":1,""U780"":3,""U506"":1,""U972"":1,""U312"":1,""U276"":2,""U689"":2,""U193"":8,""U234"":2,""U145"":1,""U817"":1,""U237"":1,""U465"":4,""U591"":1,""U150"":1,""U348"":3,""U527"":1,""U581"":4,""U461"":1,""U813"":1,""U244"":1,""U88"":1,""U903"":2,""U131"":3,""U870"":2,""U973"":6,""U480"":1,""U997"":4,""U812"":5,""U261"":1,""U711"":1,""U230"":1,""U423"":2,""U901"":1,""U573"":1,""U280"":1,""U14"":1,""U692"":1,""U726"":1,""U252"":1,""U256"":2,""U916"":1,""U915"":1,""U907"":1,""U524"":2,""U918"":1,""U932"":5,""U710"":1,""U162"":1,""U899"":2,""U540"":1,""U854"":1,""U858"":1,""U756"":1,""U143"":5,""U210"":2,""U814"":2,""U805"":1,""U299"":1,""U883"":1,""U696"":1,""U640"":1,""U311"":1,""U852"":1,""U327"":1,""U827"":6,""U605"":1,""U176"":3,""U466"":1,""U566"":1,""U121"":1,""U292"":2,""U971"":1,""U363"":1,""U390"":1,""U905"":2,""U132"":6,""U219"":1,""U515"":1,""U790"":1,""U346"":1,""U334"":5,""U850"":2,""U779"":1,""U1"":1,""U43"":1,""U597"":1,""U302"":1,""U260"":1,""U860"":3,""U702"":1,""U543"":3,""U957"":2,""U725"":1,""U371"":1,""U658"":1,""U528"":1,""U552"":7,""U503"":1,""U642"":1,""U76"":2,""U488"":1,""U29"":1,""U471"":1,""U117"":1,""U709"":1,""U67"":1,""U510"":1,""U13"":1,""U351"":1,""U149"":1,""U895"":1,""U489"":2,""U472"":1,""U872"":1,""U135"":3,""U144"":1,""U116"":1,""U624"":4,""U565"":3,""U167"":1,""U421"":10,""U225"":1,""U115"":3,""U250"":2,""U650"":4,""U241"":1,""U568"":1,""U720"":1,""U775"":1,""U416"":1,""U763"":2,""U434"":1,""U531"":1,""U797"":1,""U754"":1,""U994"":1,""U82"":9,""U496"":1,""U690"":1,""U880"":1,""U582"":1,""U300"":1,""U622"":1,""U964"":1,""U216"":2,""U861"":1,""U588"":5,""U270"":1,""U738"":1,""U78"":2,""U436"":2,""U39"":5,""U68"":1,""U969"":2,""U462"":7,""U183"":3,""U287"":1,""U602"":1,""U204"":1,""U904"":2,""U807"":6,""U382"":2,""U791"":1,""U714"":2,""U154"":1,""U844"":1,""U630"":1,""U641"":1,""U781"":1,""U127"":1,""U182"":1,""U564"":1,""U207"":1,""U268"":1,""U61"":1,""U656"":1,""U141"":2,""U464"":3,""U433"":1,""U857"":2,""U158"":1,""U948"":1,""U157"":1,""U17"":1,""U686"":1,""U902"":1,""U740"":1,""U752"":1,""U40"":1,""U164"":1,""U474"":1,""U545"":1,""U133"":1,""U596"":1,""U745"":1,""U425"":1,""U175"":1,""U978"":10,""U504"":1,""U1000"":1,""U995"":1,""U739"":1,""U837"":1,""U511"":2,""U577"":1,""U717"":1,""U786"":1,""U968"":1,""U101"":1,""U768"":1,""U122"":1,""U936"":1,""U458"":2,""U483"":1,""U546"":1,""U841"":1,""U719"":1,""U337"":1,""U190"":2,""U80"":1,""U793"":7,""U447"":6,""U470"":1,""U401"":3,""U925"":1,""U695"":1,""U392"":1,""U833"":2,""U742"":2,""U832"":3,""U457"":1,""U468"":1,""U672"":1,""U750"":1,""U956"":1,""U482"":1,""U303"":1,""U59"":1,""U831"":1,""U914"":1,""U809"":1,""U822"":1,""U208"":1,""U681"":1,""U944"":1,""U55"":1,""U185"":1,""U610"":2,""U214"":1,""U665"":5,""U988"":1,""U4"":1,""U389"":1,""U746"":2,""U765"":3,""U959"":1,""U544"":1,""U599"":8,""U325"":1,""U522"":2,""U890"":1,""U402"":1,""U297"":2,""U25"":1,""U228"":1,""U587"":1,""U174"":1,""U778"":1,""U705"":1,""U792"":1,""U796"":1,""U215"":1,""U798"":1,""U42"":1,""U463"":1,""U113"":1,""U675"":1,""U440"":1,""U104"":2,""U998"":1,""U771"":1,""U808"":1,""U938"":1,""U246"":2,""U536"":1,""U384"":2,""U955"":1,""U294"":1,""U873"":1,""U967"":2,""U701"":1,""U249"":1,""U233"":1,""U863"":4,""U888"":1,""U422"":1,""U362"":1,""U550"":1,""U160"":1,""U513"":1,""U407"":1,""U11"":4,""U180"":2,""U265"":1,""U554"":1,""U336"":1,""U197"":3,""U927"":2,""U487"":1,""U829"":1,""U18"":2,""U520"":1,""U555"":1,""U211"":1,""U898"":1,""U429"":1}",595.8930003643036,,,,,false,1000,,,Gurobi,gurobi_10min,true,600.0,20260829,16,16,50,,false,ok,0.21000003814697266,network_balanced,network_balanced_hardness_sweep,16,,595.8930003643036,4.448999881744385
2374,,,,,-3190.0,Timelimit,,MIPSolver,,0.5,heidelberg_network_balanced_n100_b50_u300_sd_fixed_network_path,heidelberg,,false,0.005855294805385477,100,1242,100,100,0.5,200,50,aachen_osm_gtfs_bike_agg100_p100_b50_u300,5624,400,300,fixed_network_path,true,,,,false,,sd,sd_fixed_network_path,,,,,,,,,300,,,Gurobi,gurobi_10min,true,600.0,20260829,16,16,100,,false,timeout,604.0060000419617,network_balanced,network_balanced_hardness_sweep,16,,600.0,676.0150001049042
1,,,,,-3112.0,Timelimit,,MIPSolver,,0.5,heidelberg_network_balanced_n100_b50_u300_sd_n_minus_1,heidelberg,,false,0.3160521026053266,100,1242,100,100,0.5,200,50,aachen_osm_gtfs_bike_agg100_p100_b50_u300,5624,400,300,n_minus_one_most_expensive,true,,,,false,,sd,sd_n_minus_1,,,,,,,,,300,,,Gurobi,gurobi_10min,true,600.0,20260829,16,16,100,,false,timeout,600.7460000514984,network_balanced,network_balanced_hardness_sweep,16,,600.0,650.1110000610352
1,,2100,,300,-3190.0,Timelimit,3.4200308999999995,BlCSolver,,0.5,heidelberg_network_balanced_n100_b50_u300_blc_astar_fixed_network_path,heidelberg,,false,0.023510971786833857,100,1242,100,100,0.5,200,50,aachen_osm_gtfs_bike_agg100_p100_b50_u300,5624,400,300,fixed_network_path,,,,,,1693425,blc,blc_astar_fixed_network_path,,,,0,0,astar,null,,300,true,16,Gurobi,gurobi_10min,true,600.0,20260829,16,16,100,,false,timeout,600.3369998931885,network_balanced,network_balanced_hardness_sweep,16,16,600.0,653.9079999923706
1,,2100,,300,-3190.0,Timelimit,2.5225369,BlCSolver,,0.5,heidelberg_network_balanced_n100_b50_u300_blc_astar_n_minus_1,heidelberg,,false,0.037304075235109715,100,1242,100,100,0.5,200,50,aachen_osm_gtfs_bike_agg100_p100_b50_u300,5624,400,300,n_minus_one_most_expensive,,,,,,1693425,blc,blc_astar_n_minus_1,,,,0,0,astar,null,,300,true,16,Gurobi,gurobi_10min,true,600.0,20260829,16,16,100,,false,timeout,600.2670001983643,network_balanced,network_balanced_hardness_sweep,16,16,600.0,637.9210000038147
1,,,,,-3190.0,Optimal,,MIPSolver,,0.5,heidelberg_network_balanced_n100_b50_u300_path_dominance,heidelberg,,false,6.12428347154651e-5,100,1242,100,100,0.5,200,50,aachen_osm_gtfs_bike_agg100_p100_b50_u300,5624,400,300,,,2.0159997940063477,600.0,labeling,,,path,path_dominance,false,"{""U23"":1,""U96"":3,""U10"":1,""U126"":17,""U176"":1,""U111"":3,""U19"":1,""U166"":3,""U91"":1,""U189"":1,""U107"":1,""U212"":1,""U121"":3,""U292"":1,""U16"":1,""U155"":1,""U293"":1,""U264"":1,""U7"":1,""U132"":1,""U219"":5,""U257"":1,""U184"":1,""U129"":1,""U275"":3,""U238"":3,""U142"":1,""U1"":1,""U24"":1,""U263"":1,""U43"":1,""U260"":1,""U87"":1,""U109"":1,""U138"":1,""U229"":1,""U119"":5,""U179"":1,""U282"":1,""U243"":4,""U186"":1,""U48"":1,""U57"":1,""U76"":1,""U9"":1,""U29"":5,""U117"":1,""U285"":2,""U67"":1,""U6"":3,""U13"":1,""U149"":1,""U152"":1,""U289"":6,""U188"":8,""U135"":1,""U144"":2,""U148"":1,""U116"":1,""U274"":1,""U167"":1,""U217"":1,""U118"":1,""U187"":2,""U225"":1,""U115"":1,""U250"":1,""U209"":1,""U241"":1,""U262"":1,""U35"":1,""U90"":1,""U54"":1,""U45"":2,""U49"":1,""U62"":1,""U5"":1,""U74"":3,""U203"":1,""U255"":4,""U82"":7,""U73"":1,""U81"":1,""U213"":2,""U8"":1,""U41"":1,""U300"":2,""U177"":2,""U31"":2,""U75"":2,""U83"":1,""U50"":1,""U93"":1,""U216"":1,""U139"":1,""U270"":1,""U78"":1,""U84"":1,""U269"":1,""U46"":1,""U147"":1,""U39"":1,""U68"":1,""U248"":1,""U71"":1,""U291"":1,""U192"":1,""U259"":1,""U103"":1,""U102"":1,""U222"":1,""U183"":3,""U156"":1,""U287"":1,""U204"":1,""U128"":1,""U235"":1,""U154"":9,""U273"":1,""U198"":9,""U226"":1,""U178"":1,""U27"":3,""U191"":1,""U223"":1,""U124"":2,""U267"":1,""U64"":1,""U127"":1,""U182"":1,""U207"":1,""U161"":1,""U130"":1,""U268"":1,""U61"":1,""U141"":1,""U239"":2,""U51"":1,""U158"":1,""U28"":1,""U52"":1,""U157"":1,""U251"":1,""U17"":3,""U195"":1,""U254"":3,""U69"":1,""U112"":6,""U40"":1,""U164"":1,""U72"":1,""U34"":1,""U133"":1,""U199"":1,""U175"":1,""U201"":1,""U281"":1,""U60"":1,""U2"":1,""U153"":1,""U37"":1,""U92"":1,""U196"":1,""U231"":1,""U296"":3,""U286"":2,""U221"":4,""U32"":1,""U151"":1,""U47"":1,""U218"":1,""U298"":1,""U94"":1,""U101"":1,""U283"":1,""U108"":1,""U122"":2,""U123"":1,""U134"":1,""U58"":3,""U205"":7,""U172"":1,""U290"":1,""U12"":1,""U169"":1,""U224"":1,""U3"":1,""U266"":1,""U63"":3,""U240"":1,""U136"":1,""U20"":1,""U190"":7,""U277"":1,""U30"":2,""U80"":1,""U171"":1,""U220"":1,""U279"":1,""U206"":1,""U202"":1,""U271"":1,""U97"":1,""U284"":1,""U77"":1,""U247"":1,""U232"":1,""U105"":1,""U114"":1,""U227"":1,""U59"":1,""U56"":1,""U86"":1,""U26"":4,""U236"":5,""U70"":1,""U208"":2,""U140"":1,""U125"":1,""U163"":4,""U89"":1,""U55"":1,""U110"":1,""U159"":2,""U185"":1,""U214"":1,""U120"":1,""U4"":1,""U98"":1,""U146"":2,""U276"":1,""U173"":1,""U245"":1,""U44"":1,""U193"":1,""U137"":1,""U168"":1,""U85"":1,""U53"":1,""U95"":3,""U297"":1,""U234"":1,""U194"":7,""U200"":1,""U25"":1,""U145"":2,""U228"":1,""U174"":1,""U165"":1,""U258"":1,""U288"":4,""U215"":1,""U237"":1,""U42"":2,""U113"":15,""U106"":1,""U150"":1,""U104"":1,""U244"":1,""U36"":1,""U21"":1,""U242"":1,""U88"":4,""U131"":1,""U33"":1,""U66"":5,""U246"":1,""U272"":1,""U79"":8,""U253"":3,""U261"":1,""U99"":1,""U230"":1,""U170"":6,""U15"":1,""U294"":20,""U280"":1,""U14"":8,""U249"":1,""U252"":1,""U256"":1,""U233"":1,""U100"":1,""U278"":1,""U160"":1,""U22"":1,""U65"":1,""U11"":1,""U180"":1,""U162"":1,""U265"":1,""U295"":1,""U197"":2,""U143"":1,""U210"":1,""U38"":1,""U18"":1,""U299"":1,""U211"":1,""U181"":1}",597.9840002059937,,,,,true,300,,,Gurobi,gurobi_10min,true,600.0,20260829,16,16,100,,false,ok,0.08699989318847656,network_balanced,network_balanced_hardness_sweep,16,,597.9840002059937,2.1529998779296875
1,,,,,-3190.0,Optimal,,MIPSolver,,0.5,heidelberg_network_balanced_n100_b50_u300_path_no_dominance,heidelberg,,false,9.89935654182328e-5,100,1242,100,100,0.5,200,50,aachen_osm_gtfs_bike_agg100_p100_b50_u300,5624,400,300,,,2.074000120162964,600.0,labeling,,,path,path_no_dominance,false,"{""U23"":1,""U96"":6,""U10"":1,""U126"":207,""U176"":1,""U111"":3,""U19"":1,""U166"":3,""U91"":1,""U189"":1,""U107"":1,""U212"":1,""U121"":3,""U292"":1,""U16"":1,""U155"":1,""U293"":1,""U264"":1,""U7"":1,""U132"":1,""U219"":13,""U257"":1,""U184"":1,""U129"":1,""U275"":12,""U238"":5,""U142"":1,""U1"":1,""U24"":1,""U263"":1,""U43"":1,""U260"":1,""U87"":1,""U109"":2,""U138"":1,""U229"":2,""U119"":68,""U179"":1,""U282"":1,""U243"":100,""U186"":1,""U48"":1,""U57"":1,""U76"":1,""U9"":1,""U29"":8,""U117"":2,""U285"":2,""U67"":1,""U6"":4,""U13"":1,""U149"":1,""U152"":1,""U289"":7,""U188"":10,""U135"":1,""U144"":9,""U148"":1,""U116"":1,""U274"":1,""U167"":1,""U217"":1,""U118"":1,""U187"":2,""U225"":1,""U115"":1,""U250"":1,""U209"":1,""U241"":1,""U262"":1,""U35"":1,""U90"":1,""U54"":1,""U45"":2,""U49"":2,""U62"":1,""U5"":1,""U74"":4,""U203"":1,""U255"":13,""U82"":24,""U73"":1,""U81"":1,""U213"":7,""U8"":1,""U41"":1,""U300"":2,""U177"":2,""U31"":3,""U75"":3,""U83"":1,""U50"":1,""U93"":1,""U216"":1,""U139"":1,""U270"":2,""U78"":1,""U84"":1,""U269"":1,""U46"":1,""U147"":1,""U39"":1,""U68"":1,""U248"":1,""U71"":1,""U291"":1,""U192"":1,""U259"":1,""U103"":3,""U102"":1,""U222"":1,""U183"":3,""U156"":2,""U287"":1,""U204"":1,""U128"":1,""U235"":1,""U154"":40,""U273"":2,""U198"":25,""U226"":1,""U178"":1,""U27"":3,""U191"":1,""U223"":1,""U124"":4,""U267"":1,""U64"":1,""U127"":1,""U182"":1,""U207"":1,""U161"":1,""U130"":1,""U268"":2,""U61"":1,""U141"":1,""U239"":3,""U51"":1,""U158"":1,""U28"":1,""U52"":1,""U157"":1,""U251"":1,""U17"":3,""U195"":2,""U254"":12,""U69"":1,""U112"":7,""U40"":1,""U164"":1,""U72"":1,""U34"":1,""U133"":2,""U199"":1,""U175"":1,""U201"":1,""U281"":1,""U60"":1,""U2"":1,""U153"":1,""U37"":1,""U92"":1,""U196"":1,""U231"":1,""U296"":3,""U286"":2,""U221"":15,""U32"":2,""U151"":1,""U47"":1,""U218"":1,""U298"":1,""U94"":1,""U101"":1,""U283"":1,""U108"":1,""U122"":3,""U123"":2,""U134"":1,""U58"":13,""U205"":47,""U172"":1,""U290"":1,""U12"":1,""U169"":1,""U224"":1,""U3"":1,""U266"":1,""U63"":9,""U240"":1,""U136"":1,""U20"":1,""U190"":18,""U277"":1,""U30"":2,""U80"":1,""U171"":1,""U220"":1,""U279"":1,""U206"":1,""U202"":1,""U271"":1,""U97"":1,""U284"":1,""U77"":1,""U247"":2,""U232"":1,""U105"":1,""U114"":1,""U227"":1,""U59"":1,""U56"":2,""U86"":1,""U26"":10,""U236"":7,""U70"":1,""U208"":2,""U140"":1,""U125"":1,""U163"":5,""U89"":1,""U55"":1,""U110"":1,""U159"":4,""U185"":1,""U214"":1,""U120"":1,""U4"":1,""U98"":1,""U146"":2,""U276"":1,""U173"":1,""U245"":1,""U44"":1,""U193"":1,""U137"":1,""U168"":1,""U85"":1,""U53"":1,""U95"":5,""U297"":1,""U234"":1,""U194"":36,""U200"":2,""U25"":1,""U145"":4,""U228"":1,""U174"":2,""U165"":1,""U258"":1,""U288"":8,""U215"":1,""U237"":1,""U42"":2,""U113"":255,""U106"":1,""U150"":1,""U104"":1,""U244"":1,""U36"":1,""U21"":1,""U242"":1,""U88"":17,""U131"":1,""U33"":1,""U66"":6,""U246"":1,""U272"":1,""U79"":70,""U253"":6,""U261"":1,""U99"":1,""U230"":1,""U170"":7,""U15"":1,""U294"":303,""U280"":1,""U14"":14,""U249"":1,""U252"":2,""U256"":1,""U233"":1,""U100"":1,""U278"":1,""U160"":1,""U22"":1,""U65"":1,""U11"":1,""U180"":1,""U162"":1,""U265"":1,""U295"":1,""U197"":2,""U143"":1,""U210"":2,""U38"":1,""U18"":1,""U299"":1,""U211"":1,""U181"":1}",597.925999879837,,,,,false,300,,,Gurobi,gurobi_10min,true,600.0,20260829,16,16,100,,false,ok,0.2999999523162842,network_balanced,network_balanced_hardness_sweep,16,,597.925999879837,2.4730000495910645
15,,,,,,Memory_Limit,,MIPSolver,,0.5,heidelberg_network_balanced_n100_b50_u500_sd_fixed_network_path,heidelberg,,false,0.05169525948992052,100,1242,100,100,0.5,200,50,aachen_osm_gtfs_bike_agg100_p100_b50_u500,5624,400,500,fixed_network_path,true,,,,false,,sd,sd_fixed_network_path,,,,,,,,,500,,,Gurobi,gurobi_10min,true,600.0,20260829,16,16,100,,false,memory_limit,555.4570000171661,network_balanced,network_balanced_hardness_sweep,16,,600.0,674.5529999732971
1,,,,,-5147.0,Timelimit,,MIPSolver,,0.5,heidelberg_network_balanced_n100_b50_u500_sd_n_minus_1,heidelberg,,false,0.2671012460464964,100,1242,100,100,0.5,200,50,aachen_osm_gtfs_bike_agg100_p100_b50_u500,5624,400,500,n_minus_one_most_expensive,true,,,,false,,sd,sd_n_minus_1,,,,,,,,,500,,,Gurobi,gurobi_10min,true,600.0,20260829,16,16,100,,false,timeout,600.9470000267029,network_balanced,network_balanced_hardness_sweep,16,,600.0,692.7070000171661
1,,2500,,500,-5232.0,Optimal,3.8536068,BlCSolver,,0.5,heidelberg_network_balanced_n100_b50_u500_blc_astar_fixed_network_path,heidelberg,,false,0.0,100,1242,100,100,0.5,200,50,aachen_osm_gtfs_bike_agg100_p100_b50_u500,5624,400,500,fixed_network_path,,,,,,2818625,blc,blc_astar_fixed_network_path,,,,0,0,astar,null,,500,true,16,Gurobi,gurobi_10min,true,600.0,20260829,16,16,100,,false,ok,474.60599994659424,network_balanced,network_balanced_hardness_sweep,16,16,600.0,557.9779999256134
1,,1000,,500,,Timelimit,1.1789247,BlCSolver,,0.5,heidelberg_network_balanced_n100_b50_u500_blc_astar_n_minus_1,heidelberg,,false,1.0e100,100,1242,100,100,0.5,200,50,aachen_osm_gtfs_bike_agg100_p100_b50_u500,5624,400,500,n_minus_one_most_expensive,,,,,,2818625,blc,blc_astar_n_minus_1,,,,0,0,astar,null,,500,true,16,Gurobi,gurobi_10min,true,600.0,20260829,16,16,100,,false,timeout,600.5030000209808,network_balanced,network_balanced_hardness_sweep,16,16,600.0,662.797000169754
1,,,,,-5232.0,Optimal,,MIPSolver,,0.5,heidelberg_network_balanced_n100_b50_u500_path_dominance,heidelberg,,false,5.8189156298629355e-5,100,1242,100,100,0.5,200,50,aachen_osm_gtfs_bike_agg100_p100_b50_u500,5624,400,500,,,3.734999656677246,600.0,labeling,,,path,path_dominance,false,"{""U23"":1,""U96"":1,""U327"":1,""U10"":1,""U396"":1,""U126"":1,""U176"":1,""U448"":1,""U111"":2,""U432"":1,""U381"":5,""U19"":1,""U166"":1,""U91"":1,""U189"":1,""U466"":1,""U107"":1,""U212"":1,""U121"":1,""U292"":1,""U16"":1,""U155"":1,""U363"":1,""U390"":1,""U372"":1,""U293"":1,""U415"":1,""U385"":1,""U431"":1,""U264"":1,""U7"":1,""U132"":1,""U219"":1,""U257"":1,""U184"":1,""U420"":1,""U346"":3,""U129"":2,""U334"":1,""U275"":1,""U238"":2,""U326"":1,""U439"":1,""U142"":1,""U1"":1,""U24"":1,""U263"":1,""U374"":1,""U43"":5,""U345"":1,""U481"":1,""U302"":1,""U260"":2,""U404"":2,""U87"":1,""U109"":1,""U138"":1,""U324"":1,""U229"":1,""U119"":2,""U347"":1,""U179"":4,""U282"":1,""U397"":1,""U357"":1,""U316"":1,""U475"":2,""U491"":1,""U243"":14,""U323"":1,""U485"":1,""U377"":1,""U186"":1,""U371"":1,""U386"":1,""U437"":1,""U359"":2,""U48"":1,""U57"":6,""U76"":1,""U9"":1,""U488"":2,""U29"":1,""U473"":1,""U471"":1,""U117"":2,""U285"":1,""U331"":1,""U413"":1,""U67"":1,""U6"":1,""U13"":1,""U351"":3,""U492"":1,""U149"":1,""U152"":1,""U489"":1,""U289"":1,""U188"":1,""U444"":1,""U456"":6,""U472"":14,""U135"":1,""U144"":1,""U148"":1,""U116"":1,""U399"":1,""U274"":1,""U167"":1,""U341"":3,""U217"":1,""U421"":2,""U428"":1,""U446"":1,""U118"":1,""U187"":1,""U225"":1,""U115"":3,""U250"":6,""U332"":1,""U438"":1,""U209"":1,""U241"":1,""U262"":1,""U35"":5,""U90"":1,""U54"":10,""U305"":1,""U452"":1,""U416"":3,""U45"":1,""U49"":1,""U443"":1,""U321"":6,""U319"":1,""U417"":2,""U469"":3,""U62"":1,""U5"":6,""U435"":1,""U74"":1,""U307"":1,""U203"":1,""U434"":1,""U255"":1,""U82"":1,""U73"":2,""U81"":10,""U445"":1,""U496"":1,""U213"":1,""U8"":1,""U393"":1,""U41"":1,""U403"":1,""U300"":1,""U455"":2,""U450"":1,""U177"":1,""U318"":1,""U31"":3,""U356"":1,""U75"":1,""U83"":1,""U50"":1,""U93"":1,""U216"":1,""U139"":1,""U270"":1,""U430"":1,""U370"":1,""U78"":1,""U84"":1,""U269"":1,""U436"":1,""U46"":1,""U147"":3,""U39"":1,""U68"":1,""U248"":1,""U71"":2,""U291"":1,""U322"":1,""U335"":1,""U192"":1,""U259"":1,""U419"":1,""U103"":5,""U102"":1,""U222"":1,""U462"":1,""U476"":1,""U364"":1,""U369"":1,""U479"":6,""U183"":2,""U156"":3,""U287"":1,""U204"":1,""U355"":1,""U398"":1,""U441"":2,""U373"":1,""U406"":1,""U354"":1,""U128"":1,""U459"":1,""U382"":1,""U235"":1,""U154"":2,""U273"":1,""U198"":1,""U494"":1,""U226"":1,""U340"":1,""U178"":1,""U27"":1,""U191"":1,""U223"":1,""U124"":1,""U267"":1,""U378"":1,""U64"":1,""U495"":1,""U127"":7,""U182"":4,""U344"":1,""U207"":4,""U161"":1,""U130"":1,""U268"":1,""U394"":1,""U454"":3,""U61"":2,""U141"":5,""U464"":1,""U477"":1,""U433"":1,""U497"":1,""U239"":1,""U51"":1,""U498"":1,""U158"":1,""U28"":1,""U52"":1,""U157"":1,""U251"":1,""U17"":1,""U195"":1,""U254"":1,""U314"":1,""U349"":2,""U391"":2,""U69"":1,""U112"":1,""U320"":1,""U411"":3,""U329"":1,""U40"":1,""U164"":1,""U72"":3,""U474"":1,""U34"":2,""U133"":2,""U199"":1,""U425"":1,""U175"":1,""U405"":1,""U361"":1,""U201"":1,""U281"":1,""U304"":1,""U338"":1,""U60"":1,""U2"":1,""U153"":1,""U333"":1,""U37"":1,""U92"":1,""U451"":1,""U449"":1,""U196"":1,""U231"":1,""U493"":1,""U296"":1,""U308"":1,""U286"":2,""U221"":2,""U32"":1,""U151"":1,""U376"":1,""U47"":1,""U218"":1,""U298"":1,""U328"":5,""U94"":1,""U101"":1,""U283"":9,""U108"":3,""U122"":1,""U123"":1,""U134"":2,""U58"":4,""U205"":1,""U172"":1,""U368"":1,""U458"":1,""U290"":1,""U12"":1,""U169"":1,""U483"":1,""U484"":8,""U486"":1,""U224"":1,""U337"":1,""U3"":1,""U266"":1,""U63"":2,""U240"":1,""U136"":1,""U20"":1,""U190"":1,""U277"":1,""U343"":1,""U30"":1,""U409"":1,""U80"":1,""U171"":1,""U330"":1,""U220"":1,""U279"":1,""U315"":1,""U388"":1,""U309"":2,""U447"":1,""U206"":1,""U202"":3,""U271"":1,""U401"":1,""U470"":1,""U383"":1,""U339"":1,""U97"":3,""U408"":1,""U392"":1,""U284"":2,""U77"":8,""U379"":1,""U247"":3,""U457"":2,""U468"":1,""U350"":2,""U232"":1,""U105"":1,""U353"":1,""U482"":1,""U352"":1,""U114"":1,""U227"":2,""U303"":1,""U59"":3,""U56"":1,""U86"":1,""U26"":1,""U236"":1,""U70"":1,""U208"":1,""U140"":1,""U125"":1,""U163"":1,""U414"":1,""U89"":1,""U55"":1,""U110"":7,""U358"":1,""U442"":1,""U490"":1,""U159"":1,""U185"":1,""U214"":1,""U120"":1,""U4"":1,""U98"":1,""U146"":1,""U276"":1,""U173"":1,""U312"":2,""U389"":2,""U245"":1,""U44"":3,""U412"":3,""U193"":1,""U137"":1,""U168"":1,""U85"":1,""U53"":1,""U325"":4,""U418"":1,""U95"":1,""U402"":1,""U297"":3,""U424"":1,""U467"":1,""U400"":1,""U380"":3,""U234"":1,""U194"":2,""U200"":2,""U25"":1,""U145"":1,""U228"":1,""U301"":1,""U174"":1,""U165"":1,""U460"":1,""U500"":1,""U453"":1,""U258"":1,""U288"":2,""U215"":1,""U237"":1,""U465"":2,""U42"":1,""U360"":1,""U113"":1,""U463"":5,""U106"":1,""U150"":4,""U348"":3,""U104"":1,""U440"":1,""U461"":3,""U244"":1,""U426"":1,""U36"":1,""U21"":1,""U242"":2,""U306"":3,""U88"":1,""U375"":2,""U342"":1,""U131"":1,""U33"":3,""U66"":2,""U246"":1,""U272"":1,""U480"":1,""U79"":1,""U253"":1,""U261"":1,""U387"":1,""U99"":1,""U230"":1,""U317"":1,""U170"":1,""U313"":1,""U15"":4,""U384"":4,""U423"":1,""U294"":1,""U280"":3,""U14"":1,""U249"":1,""U252"":1,""U256"":5,""U233"":1,""U422"":1,""U362"":1,""U100"":1,""U278"":1,""U160"":1,""U410"":1,""U22"":1,""U65"":2,""U310"":1,""U11"":1,""U180"":1,""U407"":1,""U427"":1,""U162"":1,""U265"":1,""U365"":1,""U295"":2,""U336"":1,""U197"":1,""U395"":1,""U143"":1,""U210"":1,""U367"":1,""U487"":1,""U38"":1,""U366"":3,""U18"":3,""U299"":1,""U499"":1,""U211"":7,""U311"":1,""U478"":7,""U429"":1,""U181"":1}",596.2650003433228,,,,,true,500,,,Gurobi,gurobi_10min,true,600.0,20260829,16,16,100,,false,ok,0.07500004768371582,network_balanced,network_balanced_hardness_sweep,16,,596.2650003433228,3.924999952316284
1,,,,,-5232.0,Optimal,,MIPSolver,,0.5,heidelberg_network_balanced_n100_b50_u500_path_no_dominance,heidelberg,,false,0.0,100,1242,100,100,0.5,200,50,aachen_osm_gtfs_bike_agg100_p100_b50_u500,5624,400,500,,,3.510000228881836,600.0,labeling,,,path,path_no_dominance,false,"{""U23"":1,""U96"":2,""U327"":2,""U10"":1,""U396"":1,""U126"":1,""U176"":1,""U448"":1,""U111"":2,""U432"":1,""U381"":8,""U19"":1,""U166"":1,""U91"":1,""U189"":1,""U466"":1,""U107"":1,""U212"":1,""U121"":1,""U292"":2,""U16"":1,""U155"":1,""U363"":1,""U390"":1,""U372"":1,""U293"":1,""U415"":1,""U385"":1,""U431"":1,""U264"":1,""U7"":1,""U132"":1,""U219"":1,""U257"":1,""U184"":1,""U420"":1,""U346"":4,""U129"":3,""U334"":1,""U275"":1,""U238"":3,""U326"":1,""U439"":1,""U142"":1,""U1"":1,""U24"":1,""U263"":1,""U374"":1,""U43"":9,""U345"":1,""U481"":1,""U302"":1,""U260"":3,""U404"":3,""U87"":1,""U109"":1,""U138"":1,""U324"":1,""U229"":2,""U119"":2,""U347"":2,""U179"":33,""U282"":2,""U397"":1,""U357"":1,""U316"":1,""U475"":6,""U491"":1,""U243"":53,""U323"":1,""U485"":1,""U377"":1,""U186"":1,""U371"":1,""U386"":1,""U437"":1,""U359"":2,""U48"":1,""U57"":9,""U76"":1,""U9"":1,""U488"":2,""U29"":1,""U473"":1,""U471"":1,""U117"":7,""U285"":2,""U331"":1,""U413"":1,""U67"":1,""U6"":1,""U13"":1,""U351"":3,""U492"":1,""U149"":1,""U152"":1,""U489"":1,""U289"":1,""U188"":1,""U444"":1,""U456"":40,""U472"":163,""U135"":1,""U144"":1,""U148"":1,""U116"":1,""U399"":1,""U274"":1,""U167"":1,""U341"":3,""U217"":1,""U421"":2,""U428"":1,""U446"":1,""U118"":1,""U187"":1,""U225"":1,""U115"":3,""U250"":8,""U332"":1,""U438"":1,""U209"":1,""U241"":1,""U262"":1,""U35"":5,""U90"":1,""U54"":117,""U305"":2,""U452"":1,""U416"":3,""U45"":1,""U49"":1,""U443"":2,""U321"":17,""U319"":1,""U417"":3,""U469"":3,""U62"":1,""U5"":14,""U435"":1,""U74"":1,""U307"":1,""U203"":2,""U434"":2,""U255"":1,""U82"":1,""U73"":2,""U81"":57,""U445"":1,""U496"":1,""U213"":1,""U8"":1,""U393"":1,""U41"":1,""U403"":1,""U300"":1,""U455"":3,""U450"":1,""U177"":1,""U318"":1,""U31"":12,""U356"":1,""U75"":2,""U83"":1,""U50"":1,""U93"":1,""U216"":1,""U139"":1,""U270"":2,""U430"":1,""U370"":1,""U78"":1,""U84"":1,""U269"":1,""U436"":1,""U46"":1,""U147"":3,""U39"":1,""U68"":1,""U248"":1,""U71"":4,""U291"":1,""U322"":1,""U335"":2,""U192"":1,""U259"":1,""U419"":1,""U103"":24,""U102"":1,""U222"":1,""U462"":2,""U476"":1,""U364"":2,""U369"":1,""U479"":31,""U183"":2,""U156"":17,""U287"":1,""U204"":1,""U355"":1,""U398"":1,""U441"":5,""U373"":1,""U406"":1,""U354"":1,""U128"":1,""U459"":1,""U382"":1,""U235"":1,""U154"":4,""U273"":1,""U198"":1,""U494"":1,""U226"":1,""U340"":1,""U178"":1,""U27"":1,""U191"":2,""U223"":1,""U124"":1,""U267"":1,""U378"":1,""U64"":1,""U495"":1,""U127"":7,""U182"":19,""U344"":1,""U207"":4,""U161"":1,""U130"":1,""U268"":2,""U394"":1,""U454"":7,""U61"":2,""U141"":16,""U464"":2,""U477"":1,""U433"":1,""U497"":1,""U239"":1,""U51"":1,""U498"":2,""U158"":1,""U28"":1,""U52"":1,""U157"":1,""U251"":1,""U17"":1,""U195"":1,""U254"":1,""U314"":1,""U349"":3,""U391"":5,""U69"":1,""U112"":2,""U320"":2,""U411"":4,""U329"":1,""U40"":1,""U164"":1,""U72"":3,""U474"":1,""U34"":5,""U133"":2,""U199"":2,""U425"":1,""U175"":1,""U405"":1,""U361"":1,""U201"":1,""U281"":1,""U304"":1,""U338"":1,""U60"":1,""U2"":1,""U153"":2,""U333"":1,""U37"":1,""U92"":1,""U451"":1,""U449"":1,""U196"":1,""U231"":2,""U493"":1,""U296"":1,""U308"":1,""U286"":3,""U221"":3,""U32"":1,""U151"":1,""U376"":1,""U47"":1,""U218"":1,""U298"":1,""U328"":5,""U94"":1,""U101"":1,""U283"":10,""U108"":13,""U122"":1,""U123"":1,""U134"":2,""U58"":4,""U205"":1,""U172"":1,""U368"":1,""U458"":1,""U290"":2,""U12"":1,""U169"":1,""U483"":1,""U484"":20,""U486"":2,""U224"":1,""U337"":1,""U3"":1,""U266"":1,""U63"":3,""U240"":1,""U136"":1,""U20"":1,""U190"":2,""U277"":1,""U343"":1,""U30"":1,""U409"":1,""U80"":1,""U171"":1,""U330"":1,""U220"":1,""U279"":1,""U315"":1,""U388"":1,""U309"":2,""U447"":1,""U206"":1,""U202"":3,""U271"":1,""U401"":1,""U470"":1,""U383"":1,""U339"":1,""U97"":7,""U408"":1,""U392"":1,""U284"":2,""U77"":20,""U379"":1,""U247"":5,""U457"":2,""U468"":1,""U350"":5,""U232"":1,""U105"":1,""U353"":1,""U482"":1,""U352"":2,""U114"":1,""U227"":2,""U303"":1,""U59"":6,""U56"":2,""U86"":1,""U26"":1,""U236"":1,""U70"":1,""U208"":1,""U140"":1,""U125"":1,""U163"":1,""U414"":1,""U89"":1,""U55"":1,""U110"":12,""U358"":1,""U442"":1,""U490"":1,""U159"":1,""U185"":1,""U214"":1,""U120"":1,""U4"":1,""U98"":1,""U146"":1,""U276"":1,""U173"":1,""U312"":2,""U389"":3,""U245"":1,""U44"":11,""U412"":4,""U193"":1,""U137"":1,""U168"":2,""U85"":1,""U53"":1,""U325"":7,""U418"":1,""U95"":1,""U402"":1,""U297"":7,""U424"":1,""U467"":2,""U400"":1,""U380"":3,""U234"":2,""U194"":4,""U200"":2,""U25"":1,""U145"":1,""U228"":1,""U301"":1,""U174"":1,""U165"":1,""U460"":1,""U500"":1,""U453"":1,""U258"":1,""U288"":3,""U215"":2,""U237"":1,""U465"":2,""U42"":1,""U360"":1,""U113"":1,""U463"":9,""U106"":1,""U150"":4,""U348"":3,""U104"":1,""U440"":2,""U461"":3,""U244"":1,""U426"":1,""U36"":1,""U21"":1,""U242"":3,""U306"":11,""U88"":1,""U375"":2,""U342"":1,""U131"":2,""U33"":4,""U66"":4,""U246"":1,""U272"":1,""U480"":1,""U79"":1,""U253"":2,""U261"":1,""U387"":2,""U99"":1,""U230"":2,""U317"":1,""U170"":1,""U313"":1,""U15"":55,""U384"":33,""U423"":1,""U294"":1,""U280"":3,""U14"":1,""U249"":1,""U252"":1,""U256"":14,""U233"":1,""U422"":1,""U362"":1,""U100"":2,""U278"":1,""U160"":1,""U410"":1,""U22"":1,""U65"":2,""U310"":1,""U11"":1,""U180"":1,""U407"":1,""U427"":1,""U162"":1,""U265"":1,""U365"":2,""U295"":3,""U336"":1,""U197"":1,""U395"":1,""U143"":1,""U210"":1,""U367"":1,""U487"":2,""U38"":1,""U366"":3,""U18"":9,""U299"":1,""U499"":1,""U211"":36,""U311"":1,""U478"":7,""U429"":2,""U181"":1}",596.4899997711182,,,,,false,500,,,Gurobi,gurobi_10min,true,600.0,20260829,16,16,100,,false,ok,0.19700002670288086,network_balanced,network_balanced_hardness_sweep,16,,596.4899997711182,3.7900002002716064
1,,,,,-2592.0,Timelimit,,MIPSolver,,0.5,heidelberg_network_balanced_n100_b50_u750_sd_fixed_network_path,heidelberg,,false,1.90874900990211,100,1242,100,100,0.5,200,50,aachen_osm_gtfs_bike_agg100_p100_b50_u750,5624,400,750,fixed_network_path,true,,,,false,,sd,sd_fixed_network_path,,,,,,,,,750,,,Gurobi,gurobi_10min,true,600.0,20260829,16,16,100,,false,timeout,603.2219998836517,network_balanced,network_balanced_hardness_sweep,16,,600.0,778.3689999580383
1,,,,,0.0,Timelimit,,MIPSolver,,0.5,heidelberg_network_balanced_n100_b50_u750_sd_n_minus_1,heidelberg,,false,1.0e100,100,1242,100,100,0.5,200,50,aachen_osm_gtfs_bike_agg100_p100_b50_u750,5624,400,750,n_minus_one_most_expensive,true,,,,false,,sd,sd_n_minus_1,,,,,,,,,750,,,Gurobi,gurobi_10min,true,600.0,20260829,16,16,100,,false,timeout,601.8519999980927,network_balanced,network_balanced_hardness_sweep,16,,600.0,742.0069999694824
1,,750,,750,,Timelimit,2.0762876,BlCSolver,,0.5,heidelberg_network_balanced_n100_b50_u750_blc_astar_fixed_network_path,heidelberg,,false,1.0e100,100,1242,100,100,0.5,200,50,aachen_osm_gtfs_bike_agg100_p100_b50_u750,5624,400,750,fixed_network_path,,,,,,4225125,blc,blc_astar_fixed_network_path,,,,0,0,astar,null,,750,true,16,Gurobi,gurobi_10min,true,600.0,20260829,16,16,100,,false,timeout,600.3159999847412,network_balanced,network_balanced_hardness_sweep,16,16,600.0,735.5939998626709
1,,750,,750,,Timelimit,2.6721367,BlCSolver,,0.5,heidelberg_network_balanced_n100_b50_u750_blc_astar_n_minus_1,heidelberg,,false,1.0e100,100,1242,100,100,0.5,200,50,aachen_osm_gtfs_bike_agg100_p100_b50_u750,5624,400,750,n_minus_one_most_expensive,,,,,,4225125,blc,blc_astar_n_minus_1,,,,0,0,astar,null,,750,true,16,Gurobi,gurobi_10min,true,600.0,20260829,16,16,100,,false,timeout,600.3920001983643,network_balanced,network_balanced_hardness_sweep,16,16,600.0,690.045000076294
1,,,,,-6949.0,Optimal,,MIPSolver,,0.5,heidelberg_network_balanced_n100_b50_u750_path_dominance,heidelberg,,false,9.764724834266385e-5,100,1242,100,100,0.5,200,50,aachen_osm_gtfs_bike_agg100_p100_b50_u750,5624,400,750,,,4.954000234603882,600.0,labeling,,,path,path_dominance,false,"{""U396"":1,""U448"":1,""U19"":1,""U166"":1,""U91"":2,""U155"":1,""U415"":1,""U385"":1,""U184"":1,""U716"":1,""U238"":1,""U326"":2,""U142"":1,""U619"":1,""U24"":1,""U109"":3,""U229"":1,""U569"":3,""U179"":1,""U397"":1,""U491"":1,""U243"":1,""U485"":1,""U186"":1,""U359"":1,""U691"":3,""U285"":1,""U492"":1,""U614"":1,""U444"":1,""U583"":2,""U728"":5,""U735"":1,""U616"":1,""U341"":1,""U118"":2,""U533"":1,""U35"":1,""U49"":1,""U321"":1,""U685"":1,""U62"":1,""U5"":1,""U74"":1,""U203"":2,""U729"":3,""U81"":1,""U571"":1,""U213"":1,""U8"":1,""U455"":1,""U177"":1,""U318"":1,""U31"":1,""U611"":1,""U83"":1,""U50"":1,""U139"":1,""U634"":1,""U370"":3,""U508"":1,""U269"":1,""U46"":1,""U147"":1,""U322"":1,""U666"":2,""U71"":3,""U335"":1,""U419"":1,""U578"":1,""U579"":1,""U156"":1,""U592"":3,""U584"":1,""U534"":17,""U441"":1,""U273"":4,""U340"":1,""U223"":1,""U378"":1,""U64"":1,""U495"":1,""U344"":5,""U594"":1,""U700"":1,""U130"":1,""U454"":1,""U477"":2,""U239"":1,""U51"":1,""U731"":1,""U607"":1,""U617"":1,""U320"":1,""U411"":1,""U34"":2,""U199"":1,""U405"":1,""U304"":2,""U338"":1,""U518"":1,""U37"":1,""U590"":1,""U706"":6,""U296"":1,""U221"":1,""U376"":1,""U328"":5,""U743"":6,""U669"":2,""U108"":1,""U134"":1,""U484"":1,""U486"":1,""U693"":1,""U627"":6,""U63"":1,""U718"":1,""U20"":1,""U171"":1,""U279"":11,""U501"":1,""U660"":1,""U206"":1,""U202"":1,""U339"":1,""U633"":2,""U284"":5,""U247"":1,""U653"":1,""U680"":1,""U232"":1,""U105"":1,""U723"":1,""U352"":1,""U114"":1,""U227"":1,""U56"":4,""U574"":1,""U613"":3,""U70"":1,""U414"":3,""U442"":1,""U490"":1,""U120"":1,""U146"":1,""U173"":1,""U412"":1,""U85"":1,""U418"":1,""U721"":1,""U549"":1,""U467"":1,""U400"":1,""U380"":1,""U194"":1,""U200"":1,""U558"":2,""U453"":2,""U258"":1,""U360"":1,""U670"":1,""U662"":1,""U106"":1,""U694"":1,""U598"":1,""U567"":1,""U36"":2,""U242"":1,""U375"":3,""U521"":1,""U586"":1,""U66"":2,""U79"":1,""U387"":1,""U99"":1,""U317"":1,""U313"":1,""U541"":1,""U562"":1,""U509"":1,""U278"":1,""U410"":3,""U22"":1,""U603"":4,""U310"":1,""U395"":1,""U367"":1,""U181"":1,""U96"":1,""U10"":1,""U381"":1,""U189"":1,""U107"":1,""U697"":1,""U372"":1,""U293"":1,""U264"":1,""U7"":1,""U551"":1,""U636"":1,""U647"":1,""U563"":1,""U374"":4,""U345"":1,""U502"":1,""U678"":4,""U481"":2,""U404"":1,""U138"":1,""U324"":7,""U119"":1,""U347"":1,""U316"":1,""U730"":1,""U377"":1,""U386"":5,""U437"":1,""U529"":1,""U595"":1,""U48"":1,""U9"":1,""U559"":3,""U652"":1,""U512"":1,""U625"":1,""U152"":1,""U289"":1,""U188"":1,""U639"":1,""U646"":1,""U399"":1,""U274"":6,""U446"":6,""U631"":3,""U438"":1,""U90"":1,""U54"":1,""U435"":2,""U307"":1,""U732"":4,""U713"":1,""U445"":1,""U393"":1,""U403"":1,""U450"":1,""U737"":1,""U356"":1,""U93"":1,""U430"":1,""U84"":1,""U291"":1,""U687"":1,""U548"":2,""U192"":1,""U259"":1,""U102"":1,""U476"":1,""U364"":1,""U556"":1,""U355"":1,""U373"":2,""U128"":2,""U459"":1,""U657"":2,""U198"":1,""U494"":1,""U27"":1,""U191"":3,""U124"":1,""U664"":1,""U623"":1,""U635"":1,""U733"":1,""U637"":1,""U28"":1,""U52"":1,""U251"":1,""U314"":1,""U254"":1,""U69"":1,""U507"":1,""U112"":4,""U329"":6,""U201"":1,""U281"":2,""U2"":1,""U333"":1,""U704"":1,""U92"":2,""U449"":1,""U308"":3,""U286"":1,""U32"":1,""U298"":1,""U283"":1,""U707"":1,""U123"":1,""U668"":1,""U58"":1,""U205"":6,""U172"":1,""U12"":1,""U654"":3,""U626"":2,""U224"":1,""U609"":1,""U277"":2,""U30"":1,""U409"":1,""U517"":1,""U593"":1,""U330"":1,""U220"":6,""U388"":1,""U736"":1,""U309"":1,""U724"":1,""U271"":1,""U643"":1,""U620"":1,""U674"":4,""U379"":1,""U683"":1,""U86"":2,""U26"":3,""U236"":1,""U163"":2,""U110"":1,""U655"":1,""U629"":1,""U358"":1,""U514"":1,""U608"":1,""U618"":3,""U159"":1,""U98"":1,""U744"":1,""U245"":7,""U44"":1,""U649"":1,""U712"":3,""U137"":1,""U168"":4,""U53"":1,""U673"":2,""U95"":1,""U424"":1,""U539"":1,""U301"":2,""U165"":1,""U460"":1,""U500"":1,""U288"":1,""U570"":3,""U547"":1,""U638"":1,""U532"":1,""U426"":1,""U21"":1,""U306"":1,""U342"":4,""U33"":1,""U272"":1,""U253"":3,""U170"":1,""U15"":1,""U601"":1,""U575"":1,""U100"":1,""U621"":1,""U65"":1,""U747"":1,""U427"":1,""U365"":2,""U295"":1,""U526"":1,""U600"":1,""U38"":1,""U366"":1,""U499"":1,""U478"":1,""U23"":1,""U126"":1,""U111"":1,""U432"":1,""U519"":1,""U606"":1,""U212"":2,""U612"":1,""U16"":1,""U663"":1,""U561"":1,""U557"":11,""U538"":1,""U431"":1,""U553"":1,""U257"":1,""U420"":1,""U129"":1,""U651"":1,""U523"":1,""U275"":1,""U439"":1,""U263"":10,""U87"":1,""U708"":1,""U282"":1,""U741"":1,""U748"":1,""U357"":1,""U475"":1,""U323"":1,""U645"":1,""U667"":2,""U580"":5,""U525"":3,""U57"":1,""U473"":1,""U589"":2,""U331"":1,""U413"":1,""U6"":1,""U560"":1,""U632"":5,""U682"":1,""U576"":1,""U456"":1,""U148"":1,""U671"":1,""U505"":1,""U217"":1,""U428"":1,""U187"":2,""U332"":2,""U209"":1,""U262"":2,""U305"":1,""U452"":4,""U45"":4,""U443"":1,""U417"":1,""U319"":8,""U469"":1,""U255"":1,""U73"":1,""U734"":1,""U715"":1,""U41"":2,""U75"":1,""U248"":1,""U103"":1,""U222"":4,""U479"":7,""U659"":1,""U369"":1,""U398"":4,""U537"":1,""U406"":2,""U661"":1,""U354"":1,""U235"":1,""U648"":2,""U226"":1,""U178"":1,""U727"":1,""U267"":5,""U688"":1,""U161"":1,""U394"":1,""U497"":1,""U498"":1,""U749"":1,""U195"":1,""U349"":1,""U391"":1,""U542"":2,""U699"":6,""U572"":1,""U679"":1,""U722"":1,""U72"":1,""U698"":1,""U677"":1,""U361"":3,""U60"":1,""U153"":1,""U451"":1,""U196"":1,""U231"":1,""U493"":1,""U151"":1,""U47"":1,""U218"":1,""U530"":1,""U535"":1,""U94"":1,""U644"":2,""U368"":1,""U290"":1,""U169"":1,""U3"":1,""U266"":1,""U240"":1,""U136"":1,""U343"":1,""U585"":4,""U315"":1,""U676"":1,""U628"":1,""U383"":1,""U97"":1,""U408"":1,""U615"":1,""U77"":1,""U350"":1,""U353"":1,""U516"":1,""U703"":2,""U604"":1,""U684"":1,""U140"":1,""U125"":1,""U89"":1,""U506"":1,""U312"":1,""U276"":1,""U689"":1,""U193"":1,""U234"":1,""U145"":1,""U237"":1,""U465"":1,""U591"":1,""U150"":2,""U348"":1,""U527"":1,""U581"":1,""U461"":1,""U244"":1,""U88"":1,""U131"":1,""U480"":1,""U261"":1,""U711"":1,""U230"":1,""U423"":1,""U573"":1,""U280"":2,""U14"":1,""U692"":1,""U726"":10,""U252"":1,""U256"":1,""U524"":5,""U710"":15,""U162"":1,""U540"":1,""U143"":2,""U210"":1,""U299"":1,""U696"":1,""U640"":2,""U311"":1,""U327"":1,""U605"":2,""U176"":1,""U466"":1,""U566"":1,""U121"":1,""U292"":1,""U363"":3,""U390"":1,""U132"":1,""U219"":1,""U515"":1,""U346"":1,""U334"":6,""U1"":1,""U43"":3,""U597"":1,""U302"":1,""U260"":6,""U702"":1,""U543"":3,""U725"":1,""U371"":1,""U658"":1,""U528"":1,""U552"":1,""U503"":1,""U642"":1,""U76"":2,""U488"":1,""U29"":1,""U471"":1,""U117"":1,""U709"":1,""U67"":1,""U510"":1,""U13"":1,""U351"":1,""U149"":1,""U489"":1,""U472"":1,""U135"":1,""U144"":1,""U116"":3,""U624"":1,""U565"":1,""U167"":1,""U421"":1,""U225"":1,""U115"":3,""U250"":1,""U650"":1,""U241"":1,""U568"":1,""U720"":1,""U416"":1,""U434"":2,""U531"":1,""U82"":1,""U496"":1,""U690"":1,""U582"":1,""U300"":1,""U622"":1,""U216"":2,""U588"":1,""U270"":1,""U738"":1,""U78"":1,""U436"":2,""U39"":1,""U68"":1,""U462"":1,""U183"":1,""U287"":5,""U602"":1,""U204"":4,""U382"":1,""U714"":1,""U154"":1,""U630"":1,""U641"":1,""U127"":1,""U182"":1,""U564"":1,""U207"":1,""U268"":1,""U61"":1,""U656"":1,""U141"":2,""U464"":1,""U433"":1,""U158"":1,""U157"":2,""U17"":1,""U686"":1,""U740"":1,""U40"":1,""U164"":1,""U474"":1,""U545"":2,""U133"":1,""U596"":4,""U745"":1,""U425"":1,""U175"":1,""U504"":1,""U739"":1,""U511"":1,""U577"":1,""U717"":1,""U101"":1,""U122"":1,""U458"":1,""U483"":3,""U546"":1,""U719"":1,""U337"":1,""U190"":1,""U80"":1,""U447"":3,""U470"":1,""U401"":1,""U695"":1,""U392"":3,""U742"":1,""U457"":1,""U468"":1,""U672"":1,""U750"":1,""U482"":1,""U303"":3,""U59"":1,""U208"":1,""U681"":1,""U55"":1,""U185"":1,""U610"":1,""U214"":1,""U665"":1,""U4"":1,""U389"":2,""U746"":1,""U544"":1,""U599"":1,""U325"":1,""U522"":1,""U402"":2,""U297"":1,""U25"":1,""U228"":1,""U587"":3,""U174"":1,""U705"":1,""U215"":7,""U42"":1,""U463"":1,""U113"":1,""U675"":1,""U440"":1,""U104"":1,""U246"":1,""U536"":1,""U384"":1,""U294"":1,""U701"":1,""U249"":1,""U233"":1,""U422"":3,""U362"":1,""U550"":1,""U160"":1,""U513"":3,""U407"":1,""U11"":1,""U180"":1,""U265"":1,""U554"":1,""U336"":1,""U197"":1,""U487"":3,""U18"":1,""U520"":2,""U555"":1,""U211"":1,""U429"":1}",595.0459997653961,,,,,true,750,,,Gurobi,gurobi_10min,true,600.0,20260829,16,16,100,,false,ok,0.10000014305114746,network_balanced,network_balanced_hardness_sweep,16,,595.0459997653961,5.123000144958496
1,,,,,-6949.0,Optimal,,MIPSolver,,0.5,heidelberg_network_balanced_n100_b50_u750_path_no_dominance,heidelberg,,false,6.113636513243449e-5,100,1242,100,100,0.5,200,50,aachen_osm_gtfs_bike_agg100_p100_b50_u750,5624,400,750,,,5.242000579833984,600.0,labeling,,,path,path_no_dominance,false,"{""U396"":1,""U448"":1,""U19"":1,""U166"":1,""U91"":3,""U155"":1,""U415"":1,""U385"":1,""U184"":1,""U716"":1,""U238"":1,""U326"":6,""U142"":1,""U619"":2,""U24"":1,""U109"":4,""U229"":1,""U569"":7,""U179"":2,""U397"":1,""U491"":1,""U243"":1,""U485"":1,""U186"":1,""U359"":1,""U691"":5,""U285"":1,""U492"":1,""U614"":1,""U444"":1,""U583"":2,""U728"":23,""U735"":1,""U616"":1,""U341"":1,""U118"":6,""U533"":1,""U35"":1,""U49"":1,""U321"":1,""U685"":1,""U62"":1,""U5"":1,""U74"":1,""U203"":2,""U729"":4,""U81"":1,""U571"":1,""U213"":1,""U8"":1,""U455"":1,""U177"":1,""U318"":1,""U31"":1,""U611"":1,""U83"":1,""U50"":1,""U139"":1,""U634"":1,""U370"":3,""U508"":2,""U269"":1,""U46"":1,""U147"":1,""U322"":1,""U666"":2,""U71"":24,""U335"":1,""U419"":1,""U578"":1,""U579"":1,""U156"":1,""U592"":5,""U584"":2,""U534"":102,""U441"":1,""U273"":7,""U340"":1,""U223"":1,""U378"":2,""U64"":1,""U495"":1,""U344"":6,""U594"":1,""U700"":1,""U130"":1,""U454"":1,""U477"":2,""U239"":1,""U51"":1,""U731"":2,""U607"":2,""U617"":1,""U320"":1,""U411"":1,""U34"":2,""U199"":1,""U405"":1,""U304"":5,""U338"":1,""U518"":1,""U37"":1,""U590"":1,""U706"":10,""U296"":1,""U221"":1,""U376"":1,""U328"":53,""U743"":10,""U669"":5,""U108"":1,""U134"":1,""U484"":1,""U486"":1,""U693"":1,""U627"":7,""U63"":1,""U718"":1,""U20"":1,""U171"":1,""U279"":31,""U501"":1,""U660"":1,""U206"":1,""U202"":1,""U339"":2,""U633"":2,""U284"":28,""U247"":1,""U653"":1,""U680"":1,""U232"":1,""U105"":1,""U723"":1,""U352"":1,""U114"":1,""U227"":1,""U56"":5,""U574"":1,""U613"":3,""U70"":1,""U414"":5,""U442"":1,""U490"":1,""U120"":1,""U146"":1,""U173"":1,""U412"":2,""U85"":1,""U418"":2,""U721"":1,""U549"":1,""U467"":1,""U400"":2,""U380"":1,""U194"":1,""U200"":1,""U558"":2,""U453"":5,""U258"":1,""U360"":1,""U670"":1,""U662"":1,""U106"":1,""U694"":1,""U598"":2,""U567"":1,""U36"":2,""U242"":1,""U375"":31,""U521"":1,""U586"":1,""U66"":2,""U79"":1,""U387"":1,""U99"":1,""U317"":1,""U313"":2,""U541"":1,""U562"":1,""U509"":1,""U278"":1,""U410"":3,""U22"":1,""U603"":13,""U310"":1,""U395"":2,""U367"":1,""U181"":1,""U96"":1,""U10"":1,""U381"":1,""U189"":1,""U107"":1,""U697"":1,""U372"":1,""U293"":1,""U264"":1,""U7"":1,""U551"":1,""U636"":1,""U647"":1,""U563"":1,""U374"":5,""U345"":1,""U502"":1,""U678"":33,""U481"":2,""U404"":1,""U138"":1,""U324"":7,""U119"":1,""U347"":1,""U316"":1,""U730"":1,""U377"":1,""U386"":7,""U437"":1,""U529"":1,""U595"":1,""U48"":1,""U9"":1,""U559"":7,""U652"":1,""U512"":1,""U625"":1,""U152"":1,""U289"":1,""U188"":1,""U639"":1,""U646"":1,""U399"":1,""U274"":8,""U446"":13,""U631"":3,""U438"":1,""U90"":1,""U54"":1,""U435"":2,""U307"":1,""U732"":28,""U713"":1,""U445"":1,""U393"":1,""U403"":1,""U450"":1,""U737"":1,""U356"":1,""U93"":1,""U430"":1,""U84"":1,""U291"":1,""U687"":1,""U548"":2,""U192"":1,""U259"":1,""U102"":1,""U476"":1,""U364"":1,""U556"":1,""U355"":1,""U373"":16,""U128"":2,""U459"":1,""U657"":7,""U198"":2,""U494"":1,""U27"":1,""U191"":3,""U124"":1,""U664"":1,""U623"":1,""U635"":1,""U733"":1,""U637"":1,""U28"":1,""U52"":1,""U251"":1,""U314"":1,""U254"":1,""U69"":1,""U507"":1,""U112"":9,""U329"":7,""U201"":1,""U281"":2,""U2"":1,""U333"":2,""U704"":1,""U92"":5,""U449"":1,""U308"":3,""U286"":1,""U32"":1,""U298"":1,""U283"":1,""U707"":1,""U123"":1,""U668"":1,""U58"":1,""U205"":12,""U172"":1,""U12"":1,""U654"":3,""U626"":6,""U224"":1,""U609"":1,""U277"":5,""U30"":1,""U409"":1,""U517"":1,""U593"":1,""U330"":1,""U220"":18,""U388"":1,""U736"":1,""U309"":1,""U724"":1,""U271"":1,""U643"":1,""U620"":1,""U674"":7,""U379"":1,""U683"":1,""U86"":3,""U26"":3,""U236"":1,""U163"":2,""U110"":1,""U655"":1,""U629"":1,""U358"":1,""U514"":1,""U608"":1,""U618"":3,""U159"":1,""U98"":1,""U744"":1,""U245"":43,""U44"":1,""U649"":1,""U712"":6,""U137"":1,""U168"":100,""U53"":1,""U673"":5,""U95"":1,""U424"":1,""U539"":1,""U301"":3,""U165"":1,""U460"":2,""U500"":1,""U288"":1,""U570"":3,""U547"":1,""U638"":1,""U532"":2,""U426"":1,""U21"":1,""U306"":1,""U342"":6,""U33"":2,""U272"":1,""U253"":5,""U170"":1,""U15"":1,""U601"":1,""U575"":1,""U100"":1,""U621"":1,""U65"":1,""U747"":1,""U427"":1,""U365"":6,""U295"":1,""U526"":1,""U600"":1,""U38"":1,""U366"":1,""U499"":1,""U478"":1,""U23"":1,""U126"":1,""U111"":1,""U432"":1,""U519"":1,""U606"":1,""U212"":3,""U612"":1,""U16"":1,""U663"":1,""U561"":1,""U557"":12,""U538"":1,""U431"":1,""U553"":1,""U257"":1,""U420"":1,""U129"":1,""U651"":1,""U523"":1,""U275"":1,""U439"":1,""U263"":27,""U87"":1,""U708"":1,""U282"":1,""U741"":1,""U748"":1,""U357"":1,""U475"":1,""U323"":1,""U645"":1,""U667"":2,""U580"":21,""U525"":3,""U57"":1,""U473"":1,""U589"":3,""U331"":1,""U413"":1,""U6"":1,""U560"":1,""U632"":62,""U682"":1,""U576"":1,""U456"":1,""U148"":1,""U671"":1,""U505"":1,""U217"":1,""U428"":1,""U187"":2,""U332"":2,""U209"":1,""U262"":4,""U305"":1,""U452"":4,""U45"":6,""U443"":1,""U417"":1,""U319"":94,""U469"":1,""U255"":1,""U73"":2,""U734"":1,""U715"":1,""U41"":2,""U75"":1,""U248"":2,""U103"":1,""U222"":63,""U479"":19,""U659"":2,""U369"":1,""U398"":10,""U537"":1,""U406"":3,""U661"":1,""U354"":1,""U235"":1,""U648"":2,""U226"":1,""U178"":1,""U727"":1,""U267"":9,""U688"":1,""U161"":1,""U394"":1,""U497"":1,""U498"":1,""U749"":1,""U195"":1,""U349"":1,""U391"":1,""U542"":5,""U699"":8,""U572"":1,""U679"":1,""U722"":1,""U72"":1,""U698"":1,""U677"":2,""U361"":3,""U60"":1,""U153"":2,""U451"":1,""U196"":1,""U231"":1,""U493"":1,""U151"":1,""U47"":1,""U218"":1,""U530"":1,""U535"":1,""U94"":1,""U644"":3,""U368"":1,""U290"":1,""U169"":1,""U3"":1,""U266"":1,""U240"":1,""U136"":1,""U343"":1,""U585"":6,""U315"":1,""U676"":1,""U628"":1,""U383"":1,""U97"":1,""U408"":1,""U615"":2,""U77"":1,""U350"":1,""U353"":1,""U516"":2,""U703"":4,""U604"":1,""U684"":1,""U140"":1,""U125"":1,""U89"":1,""U506"":1,""U312"":1,""U276"":1,""U689"":1,""U193"":2,""U234"":1,""U145"":1,""U237"":1,""U465"":1,""U591"":1,""U150"":2,""U348"":1,""U527"":1,""U581"":2,""U461"":1,""U244"":2,""U88"":1,""U131"":1,""U480"":1,""U261"":1,""U711"":1,""U230"":1,""U423"":1,""U573"":1,""U280"":4,""U14"":2,""U692"":1,""U726"":27,""U252"":1,""U256"":1,""U524"":7,""U710"":86,""U162"":1,""U540"":2,""U143"":2,""U210"":1,""U299"":1,""U696"":1,""U640"":2,""U311"":1,""U327"":1,""U605"":2,""U176"":1,""U466"":1,""U566"":1,""U121"":1,""U292"":1,""U363"":3,""U390"":1,""U132"":1,""U219"":1,""U515"":1,""U346"":1,""U334"":7,""U1"":1,""U43"":3,""U597"":1,""U302"":1,""U260"":60,""U702"":2,""U543"":17,""U725"":1,""U371"":1,""U658"":1,""U528"":1,""U552"":1,""U503"":2,""U642"":1,""U76"":2,""U488"":2,""U29"":1,""U471"":1,""U117"":1,""U709"":1,""U67"":1,""U510"":1,""U13"":1,""U351"":1,""U149"":1,""U489"":1,""U472"":1,""U135"":1,""U144"":1,""U116"":8,""U624"":1,""U565"":1,""U167"":1,""U421"":1,""U225"":1,""U115"":8,""U250"":1,""U650"":2,""U241"":1,""U568"":2,""U720"":2,""U416"":1,""U434"":2,""U531"":1,""U82"":1,""U496"":1,""U690"":1,""U582"":1,""U300"":1,""U622"":1,""U216"":5,""U588"":1,""U270"":1,""U738"":1,""U78"":1,""U436"":3,""U39"":1,""U68"":1,""U462"":1,""U183"":1,""U287"":7,""U602"":1,""U204"":17,""U382"":1,""U714"":1,""U154"":1,""U630"":2,""U641"":1,""U127"":1,""U182"":1,""U564"":2,""U207"":2,""U268"":1,""U61"":1,""U656"":2,""U141"":2,""U464"":1,""U433"":1,""U158"":1,""U157"":3,""U17"":1,""U686"":1,""U740"":1,""U40"":2,""U164"":1,""U474"":1,""U545"":4,""U133"":1,""U596"":4,""U745"":1,""U425"":2,""U175"":2,""U504"":1,""U739"":1,""U511"":1,""U577"":1,""U717"":1,""U101"":1,""U122"":1,""U458"":2,""U483"":3,""U546"":1,""U719"":1,""U337"":1,""U190"":1,""U80"":1,""U447"":3,""U470"":1,""U401"":1,""U695"":1,""U392"":17,""U742"":1,""U457"":1,""U468"":1,""U672"":1,""U750"":1,""U482"":1,""U303"":3,""U59"":1,""U208"":1,""U681"":1,""U55"":1,""U185"":1,""U610"":1,""U214"":1,""U665"":1,""U4"":1,""U389"":2,""U746"":1,""U544"":1,""U599"":1,""U325"":1,""U522"":1,""U402"":3,""U297"":1,""U25"":1,""U228"":1,""U587"":6,""U174"":1,""U705"":2,""U215"":70,""U42"":1,""U463"":1,""U113"":1,""U675"":1,""U440"":1,""U104"":1,""U246"":1,""U536"":1,""U384"":1,""U294"":1,""U701"":1,""U249"":1,""U233"":1,""U422"":3,""U362"":1,""U550"":1,""U160"":1,""U513"":3,""U407"":1,""U11"":1,""U180"":1,""U265"":1,""U554"":1,""U336"":1,""U197"":1,""U487"":3,""U18"":1,""U520"":5,""U555"":1,""U211"":1,""U429"":1}",594.757999420166,,,,,false,750,,,Gurobi,gurobi_10min,true,600.0,20260829,16,16,100,,false,ok,0.27499985694885254,network_balanced,network_balanced_hardness_sweep,16,,594.757999420166,5.708999872207642
1,,,,,,Timelimit,,MIPSolver,,0.5,heidelberg_network_balanced_n100_b50_u1000_sd_fixed_network_path,heidelberg,,false,1.0e100,100,1242,100,100,0.5,200,50,aachen_osm_gtfs_bike_agg100_p100_b50_u1000,5624,400,1000,fixed_network_path,true,,,,false,,sd,sd_fixed_network_path,,,,,,,,,1000,,,Gurobi,gurobi_10min,true,600.0,20260829,16,16,100,,false,timeout,601.5899999141693,network_balanced,network_balanced_hardness_sweep,16,,600.0,850.6200001239777
0,,,,,,Memory_Limit,,MIPSolver,,0.5,heidelberg_network_balanced_n100_b50_u1000_sd_n_minus_1,heidelberg,,false,1.0e100,100,1242,100,100,0.5,200,50,aachen_osm_gtfs_bike_agg100_p100_b50_u1000,5624,400,1000,n_minus_one_most_expensive,true,,,,false,,sd,sd_n_minus_1,,,,,,,,,1000,,,Gurobi,gurobi_10min,true,600.0,20260829,16,16,100,,false,memory_limit,281.1640000343323,network_balanced,network_balanced_hardness_sweep,16,,600.0,484.8910000324249
1,,1000,,1000,,Timelimit,2.741101,BlCSolver,,0.5,heidelberg_network_balanced_n100_b50_u1000_blc_astar_fixed_network_path,heidelberg,,false,1.0e100,100,1242,100,100,0.5,200,50,aachen_osm_gtfs_bike_agg100_p100_b50_u1000,5624,400,1000,fixed_network_path,,,,,,5631625,blc,blc_astar_fixed_network_path,,,,0,0,astar,null,,1000,true,16,Gurobi,gurobi_10min,true,600.0,20260829,16,16,100,,false,timeout,600.4609999656677,network_balanced,network_balanced_hardness_sweep,16,16,600.0,794.6800000667572
1,,1000,,1000,,Timelimit,1.4719265,BlCSolver,,0.5,heidelberg_network_balanced_n100_b50_u1000_blc_astar_n_minus_1,heidelberg,,false,1.0e100,100,1242,100,100,0.5,200,50,aachen_osm_gtfs_bike_agg100_p100_b50_u1000,5624,400,1000,n_minus_one_most_expensive,,,,,,5631625,blc,blc_astar_n_minus_1,,,,0,0,astar,null,,1000,true,16,Gurobi,gurobi_10min,true,600.0,20260829,16,16,100,,false,timeout,600.3830001354218,network_balanced,network_balanced_hardness_sweep,16,16,600.0,732.6760001182556
1,,,,,-10223.0,Optimal,,MIPSolver,,0.5,heidelberg_network_balanced_n100_b50_u1000_path_dominance,heidelberg,,false,0.0,100,1242,100,100,0.5,200,50,aachen_osm_gtfs_bike_agg100_p100_b50_u1000,5624,400,1000,,,6.898999929428101,600.0,labeling,,,path,path_dominance,false,"{""U828"":1,""U396"":1,""U448"":1,""U893"":1,""U19"":1,""U166"":1,""U91"":1,""U155"":1,""U415"":1,""U385"":1,""U980"":1,""U184"":4,""U909"":1,""U716"":1,""U238"":1,""U326"":3,""U851"":1,""U993"":1,""U917"":1,""U930"":1,""U142"":1,""U619"":1,""U24"":1,""U109"":1,""U229"":1,""U569"":1,""U179"":2,""U397"":1,""U491"":6,""U892"":2,""U243"":4,""U485"":1,""U961"":1,""U186"":1,""U359"":1,""U874"":1,""U876"":1,""U691"":1,""U285"":1,""U981"":1,""U492"":2,""U867"":1,""U614"":1,""U444"":2,""U583"":1,""U728"":1,""U735"":1,""U886"":10,""U616"":1,""U341"":3,""U816"":1,""U118"":1,""U533"":1,""U35"":1,""U49"":2,""U321"":1,""U685"":4,""U62"":1,""U5"":1,""U74"":1,""U203"":1,""U729"":1,""U81"":1,""U571"":1,""U776"":1,""U820"":2,""U979"":1,""U984"":1,""U213"":1,""U8"":1,""U455"":5,""U177"":3,""U318"":1,""U31"":2,""U611"":1,""U83"":1,""U50"":1,""U139"":2,""U634"":1,""U751"":1,""U370"":5,""U864"":1,""U508"":1,""U869"":1,""U269"":1,""U46"":1,""U147"":1,""U322"":1,""U666"":1,""U839"":4,""U71"":1,""U335"":1,""U419"":1,""U578"":2,""U579"":1,""U156"":1,""U953"":1,""U592"":5,""U584"":1,""U534"":1,""U441"":1,""U966"":9,""U757"":1,""U761"":1,""U783"":1,""U273"":1,""U340"":2,""U919"":3,""U223"":1,""U378"":1,""U64"":1,""U495"":1,""U344"":1,""U594"":8,""U700"":1,""U842"":1,""U130"":6,""U922"":2,""U987"":1,""U454"":2,""U477"":1,""U239"":2,""U51"":1,""U731"":1,""U868"":1,""U989"":6,""U819"":1,""U946"":1,""U607"":1,""U617"":1,""U320"":2,""U411"":1,""U810"":1,""U34"":1,""U760"":1,""U934"":1,""U199"":1,""U405"":1,""U787"":1,""U304"":3,""U338"":1,""U518"":3,""U772"":4,""U37"":1,""U590"":2,""U706"":2,""U881"":1,""U296"":1,""U221"":1,""U954"":1,""U376"":1,""U328"":1,""U743"":2,""U669"":1,""U108"":1,""U134"":1,""U484"":1,""U486"":1,""U693"":1,""U627"":1,""U63"":1,""U718"":2,""U20"":1,""U847"":1,""U885"":1,""U171"":1,""U279"":3,""U501"":1,""U660"":1,""U794"":2,""U206"":1,""U202"":3,""U921"":2,""U339"":1,""U633"":1,""U818"":2,""U284"":3,""U882"":1,""U976"":4,""U247"":1,""U653"":1,""U879"":1,""U680"":1,""U232"":1,""U105"":1,""U723"":2,""U352"":1,""U114"":1,""U227"":1,""U56"":1,""U574"":3,""U613"":3,""U70"":3,""U414"":1,""U877"":1,""U442"":1,""U490"":1,""U838"":1,""U848"":1,""U931"":1,""U120"":1,""U146"":2,""U173"":1,""U412"":4,""U965"":6,""U821"":1,""U85"":1,""U418"":1,""U721"":1,""U549"":1,""U467"":1,""U400"":1,""U380"":2,""U194"":1,""U200"":1,""U843"":1,""U558"":1,""U453"":1,""U258"":1,""U360"":1,""U670"":2,""U662"":1,""U106"":1,""U694"":1,""U598"":1,""U567"":1,""U36"":1,""U242"":1,""U894"":2,""U375"":1,""U521"":7,""U586"":1,""U66"":1,""U79"":1,""U387"":4,""U99"":1,""U317"":1,""U313"":1,""U541"":1,""U840"":1,""U562"":1,""U824"":2,""U871"":1,""U509"":1,""U911"":3,""U278"":1,""U410"":1,""U22"":1,""U804"":1,""U603"":1,""U310"":5,""U395"":1,""U367"":1,""U939"":2,""U181"":1,""U929"":1,""U96"":1,""U10"":5,""U785"":1,""U924"":1,""U789"":1,""U381"":1,""U189"":12,""U107"":1,""U974"":1,""U784"":1,""U697"":1,""U372"":1,""U293"":1,""U836"":1,""U991"":1,""U264"":1,""U7"":1,""U551"":1,""U636"":1,""U647"":1,""U782"":1,""U856"":2,""U563"":1,""U374"":2,""U345"":1,""U502"":1,""U678"":1,""U481"":2,""U855"":1,""U404"":1,""U138"":1,""U324"":5,""U920"":5,""U119"":1,""U347"":1,""U764"":4,""U316"":1,""U900"":1,""U730"":7,""U377"":1,""U386"":1,""U437"":1,""U529"":3,""U595"":1,""U48"":1,""U943"":1,""U859"":1,""U9"":1,""U559"":1,""U652"":1,""U862"":2,""U512"":1,""U625"":1,""U152"":1,""U945"":1,""U289"":1,""U896"":1,""U188"":1,""U639"":1,""U646"":1,""U769"":3,""U399"":1,""U274"":1,""U446"":1,""U631"":8,""U438"":1,""U90"":1,""U54"":1,""U996"":1,""U866"":1,""U435"":1,""U307"":1,""U923"":1,""U732"":1,""U713"":1,""U445"":1,""U393"":1,""U403"":1,""U937"":1,""U450"":1,""U737"":1,""U356"":7,""U93"":1,""U430"":1,""U84"":1,""U291"":3,""U687"":2,""U548"":1,""U192"":1,""U259"":1,""U102"":1,""U476"":1,""U364"":1,""U556"":4,""U887"":1,""U958"":1,""U355"":1,""U373"":1,""U891"":2,""U128"":2,""U459"":1,""U657"":8,""U198"":2,""U494"":1,""U27"":1,""U191"":1,""U124"":1,""U985"":1,""U664"":1,""U623"":1,""U635"":1,""U733"":1,""U637"":1,""U28"":1,""U52"":1,""U251"":1,""U314"":1,""U952"":1,""U254"":3,""U950"":4,""U69"":1,""U507"":1,""U112"":1,""U849"":1,""U329"":1,""U201"":1,""U281"":1,""U774"":1,""U2"":4,""U333"":6,""U704"":1,""U92"":1,""U766"":1,""U449"":1,""U308"":3,""U286"":1,""U32"":1,""U298"":1,""U283"":1,""U707"":1,""U123"":1,""U668"":1,""U58"":1,""U205"":2,""U172"":1,""U12"":1,""U654"":5,""U626"":9,""U224"":1,""U609"":2,""U277"":2,""U30"":1,""U409"":2,""U517"":1,""U593"":1,""U803"":2,""U330"":1,""U220"":1,""U388"":1,""U736"":1,""U309"":1,""U724"":1,""U271"":2,""U643"":1,""U620"":1,""U674"":1,""U379"":1,""U683"":1,""U834"":1,""U86"":1,""U26"":1,""U236"":1,""U825"":1,""U951"":3,""U163"":1,""U110"":1,""U949"":1,""U655"":1,""U629"":1,""U358"":1,""U514"":1,""U608"":6,""U618"":1,""U770"":1,""U159"":3,""U947"":6,""U98"":1,""U744"":1,""U245"":1,""U44"":1,""U649"":11,""U712"":1,""U137"":1,""U168"":2,""U53"":1,""U975"":1,""U673"":1,""U95"":1,""U424"":1,""U539"":1,""U301"":1,""U165"":1,""U460"":1,""U500"":1,""U942"":1,""U288"":1,""U570"":1,""U928"":11,""U962"":1,""U547"":1,""U638"":1,""U532"":1,""U426"":1,""U21"":1,""U306"":1,""U963"":1,""U342"":1,""U33"":1,""U272"":1,""U253"":1,""U777"":1,""U992"":1,""U170"":1,""U15"":1,""U601"":1,""U575"":1,""U977"":2,""U100"":1,""U799"":1,""U621"":2,""U65"":1,""U747"":1,""U427"":1,""U365"":1,""U295"":1,""U970"":1,""U526"":8,""U835"":2,""U801"":1,""U600"":1,""U38"":1,""U366"":1,""U499"":1,""U478"":1,""U23"":1,""U982"":1,""U845"":1,""U126"":1,""U111"":1,""U432"":1,""U519"":1,""U802"":1,""U606"":1,""U212"":1,""U612"":1,""U16"":6,""U875"":3,""U663"":2,""U561"":1,""U557"":1,""U538"":1,""U431"":2,""U553"":1,""U257"":1,""U758"":1,""U420"":1,""U906"":1,""U762"":2,""U129"":1,""U651"":1,""U941"":1,""U523"":1,""U275"":1,""U439"":4,""U800"":1,""U263"":1,""U935"":1,""U87"":1,""U708"":1,""U282"":1,""U741"":1,""U748"":2,""U357"":2,""U815"":1,""U475"":2,""U323"":1,""U645"":1,""U667"":4,""U580"":1,""U525"":1,""U57"":1,""U473"":1,""U589"":17,""U826"":1,""U331"":3,""U413"":4,""U6"":1,""U560"":2,""U632"":1,""U682"":4,""U576"":1,""U846"":1,""U926"":1,""U456"":1,""U148"":1,""U671"":1,""U505"":1,""U753"":1,""U217"":2,""U428"":1,""U933"":1,""U187"":1,""U332"":5,""U823"":1,""U209"":1,""U262"":1,""U305"":1,""U452"":1,""U45"":1,""U889"":1,""U443"":1,""U417"":1,""U319"":1,""U853"":1,""U469"":3,""U255"":1,""U73"":9,""U734"":1,""U715"":3,""U983"":1,""U910"":2,""U41"":1,""U75"":1,""U248"":1,""U103"":1,""U222"":1,""U795"":1,""U479"":2,""U659"":1,""U369"":2,""U897"":3,""U811"":1,""U398"":1,""U537"":1,""U406"":1,""U806"":1,""U661"":1,""U354"":1,""U235"":1,""U648"":1,""U226"":2,""U178"":1,""U727"":3,""U267"":1,""U688"":3,""U161"":1,""U394"":2,""U497"":1,""U830"":1,""U498"":1,""U749"":1,""U999"":1,""U195"":3,""U349"":4,""U767"":1,""U391"":1,""U542"":1,""U878"":1,""U699"":1,""U572"":1,""U679"":1,""U722"":1,""U72"":1,""U698"":1,""U677"":1,""U361"":1,""U60"":1,""U153"":1,""U913"":2,""U773"":1,""U451"":1,""U196"":10,""U231"":1,""U493"":1,""U908"":2,""U151"":1,""U47"":1,""U218"":1,""U530"":1,""U986"":1,""U535"":1,""U94"":1,""U788"":4,""U644"":1,""U368"":1,""U759"":1,""U290"":1,""U169"":1,""U3"":1,""U266"":1,""U240"":1,""U136"":1,""U343"":1,""U585"":1,""U315"":1,""U676"":1,""U628"":1,""U383"":1,""U990"":1,""U97"":1,""U865"":1,""U408"":1,""U755"":1,""U615"":1,""U77"":1,""U884"":1,""U350"":1,""U940"":1,""U353"":1,""U960"":3,""U516"":1,""U703"":1,""U604"":1,""U684"":1,""U140"":1,""U125"":1,""U912"":2,""U89"":1,""U780"":1,""U506"":1,""U972"":1,""U312"":1,""U276"":1,""U689"":1,""U193"":2,""U234"":1,""U145"":1,""U817"":2,""U237"":1,""U465"":1,""U591"":1,""U150"":1,""U348"":2,""U527"":1,""U581"":1,""U461"":1,""U813"":1,""U244"":1,""U88"":1,""U903"":1,""U131"":1,""U870"":4,""U973"":1,""U480"":2,""U997"":11,""U812"":1,""U261"":3,""U711"":1,""U230"":1,""U423"":1,""U901"":2,""U573"":1,""U280"":1,""U14"":6,""U692"":2,""U726"":20,""U252"":4,""U256"":5,""U916"":11,""U915"":1,""U907"":2,""U524"":1,""U918"":1,""U932"":1,""U710"":1,""U162"":1,""U899"":2,""U540"":1,""U854"":1,""U858"":1,""U756"":1,""U143"":1,""U210"":1,""U814"":1,""U805"":1,""U299"":3,""U883"":1,""U696"":2,""U640"":1,""U311"":4,""U852"":1,""U327"":1,""U827"":1,""U605"":1,""U176"":1,""U466"":3,""U566"":1,""U121"":1,""U292"":2,""U971"":1,""U363"":1,""U390"":1,""U905"":1,""U132"":1,""U219"":1,""U515"":1,""U790"":1,""U346"":1,""U334"":1,""U850"":3,""U779"":4,""U1"":4,""U43"":1,""U597"":2,""U302"":1,""U260"":1,""U860"":1,""U702"":1,""U543"":1,""U957"":1,""U725"":2,""U371"":1,""U658"":1,""U528"":1,""U552"":1,""U503"":1,""U642"":1,""U76"":1,""U488"":1,""U29"":2,""U471"":3,""U117"":1,""U709"":1,""U67"":1,""U510"":3,""U13"":1,""U351"":1,""U149"":1,""U895"":1,""U489"":1,""U472"":1,""U872"":5,""U135"":1,""U144"":1,""U116"":1,""U624"":5,""U565"":1,""U167"":2,""U421"":1,""U225"":1,""U115"":1,""U250"":3,""U650"":1,""U241"":1,""U568"":5,""U720"":4,""U775"":1,""U416"":1,""U763"":1,""U434"":1,""U531"":1,""U797"":2,""U754"":6,""U994"":1,""U82"":2,""U496"":3,""U690"":1,""U880"":8,""U582"":1,""U300"":1,""U622"":1,""U964"":1,""U216"":1,""U861"":1,""U588"":5,""U270"":1,""U738"":1,""U78"":1,""U436"":1,""U39"":3,""U68"":1,""U969"":3,""U462"":1,""U183"":1,""U287"":1,""U602"":1,""U204"":3,""U904"":1,""U807"":1,""U382"":1,""U791"":1,""U714"":1,""U154"":1,""U844"":1,""U630"":1,""U641"":1,""U781"":5,""U127"":1,""U182"":1,""U564"":1,""U207"":1,""U268"":1,""U61"":1,""U656"":1,""U141"":8,""U464"":1,""U433"":1,""U857"":1,""U158"":1,""U948"":1,""U157"":1,""U17"":1,""U686"":1,""U902"":2,""U740"":1,""U752"":1,""U40"":1,""U164"":6,""U474"":1,""U545"":1,""U133"":1,""U596"":2,""U745"":1,""U425"":1,""U175"":1,""U978"":1,""U504"":1,""U1000"":3,""U995"":1,""U739"":1,""U837"":2,""U511"":1,""U577"":1,""U717"":1,""U786"":1,""U968"":1,""U101"":1,""U768"":1,""U122"":1,""U936"":4,""U458"":1,""U483"":3,""U546"":1,""U841"":1,""U719"":2,""U337"":2,""U190"":1,""U80"":1,""U793"":1,""U447"":2,""U470"":1,""U401"":2,""U925"":1,""U695"":1,""U392"":3,""U833"":1,""U742"":2,""U832"":1,""U457"":1,""U468"":1,""U672"":1,""U750"":1,""U956"":1,""U482"":1,""U303"":2,""U59"":1,""U831"":5,""U914"":1,""U809"":1,""U822"":1,""U208"":1,""U681"":1,""U944"":1,""U55"":3,""U185"":15,""U610"":1,""U214"":1,""U665"":1,""U988"":1,""U4"":1,""U389"":2,""U746"":1,""U765"":1,""U959"":3,""U544"":1,""U599"":1,""U325"":1,""U522"":1,""U890"":1,""U402"":1,""U297"":1,""U25"":1,""U228"":1,""U587"":1,""U174"":1,""U778"":1,""U705"":1,""U792"":1,""U796"":1,""U215"":3,""U798"":1,""U42"":9,""U463"":1,""U113"":1,""U675"":1,""U440"":3,""U104"":1,""U998"":3,""U771"":1,""U808"":1,""U938"":1,""U246"":1,""U536"":7,""U384"":1,""U955"":1,""U294"":1,""U873"":1,""U967"":1,""U701"":2,""U249"":1,""U233"":2,""U863"":2,""U888"":1,""U422"":5,""U362"":5,""U550"":8,""U160"":3,""U513"":1,""U407"":1,""U11"":1,""U180"":1,""U265"":1,""U554"":4,""U336"":3,""U197"":1,""U927"":8,""U487"":2,""U829"":1,""U18"":1,""U520"":1,""U555"":1,""U211"":1,""U898"":1,""U429"":3}",593.1010000705719,,,,,true,1000,,,Gurobi,gurobi_10min,true,600.0,20260829,16,16,100,,false,ok,0.1659998893737793,network_balanced,network_balanced_hardness_sweep,16,,593.1010000705719,7.205999851226807
1,,,,,-10223.0,Optimal,,MIPSolver,,0.5,heidelberg_network_balanced_n100_b50_u1000_path_no_dominance,heidelberg,,false,0.0,100,1242,100,100,0.5,200,50,aachen_osm_gtfs_bike_agg100_p100_b50_u1000,5624,400,1000,,,6.409000396728516,600.0,labeling,,,path,path_no_dominance,false,"{""U828"":1,""U396"":1,""U448"":1,""U893"":1,""U19"":1,""U166"":1,""U91"":1,""U155"":1,""U415"":1,""U385"":1,""U980"":1,""U184"":5,""U909"":1,""U716"":1,""U238"":1,""U326"":12,""U851"":1,""U993"":1,""U917"":1,""U930"":1,""U142"":1,""U619"":1,""U24"":1,""U109"":1,""U229"":1,""U569"":1,""U179"":2,""U397"":1,""U491"":7,""U892"":5,""U243"":5,""U485"":1,""U961"":1,""U186"":1,""U359"":1,""U874"":1,""U876"":1,""U691"":1,""U285"":1,""U981"":1,""U492"":2,""U867"":1,""U614"":1,""U444"":3,""U583"":1,""U728"":1,""U735"":1,""U886"":44,""U616"":1,""U341"":5,""U816"":1,""U118"":1,""U533"":1,""U35"":1,""U49"":2,""U321"":1,""U685"":4,""U62"":1,""U5"":1,""U74"":1,""U203"":1,""U729"":1,""U81"":1,""U571"":1,""U776"":2,""U820"":4,""U979"":1,""U984"":1,""U213"":1,""U8"":1,""U455"":7,""U177"":4,""U318"":1,""U31"":2,""U611"":1,""U83"":1,""U50"":1,""U139"":4,""U634"":1,""U751"":1,""U370"":5,""U864"":1,""U508"":4,""U869"":1,""U269"":1,""U46"":1,""U147"":1,""U322"":1,""U666"":1,""U839"":7,""U71"":1,""U335"":1,""U419"":1,""U578"":2,""U579"":1,""U156"":1,""U953"":1,""U592"":14,""U584"":1,""U534"":1,""U441"":1,""U966"":25,""U757"":1,""U761"":1,""U783"":1,""U273"":1,""U340"":2,""U919"":4,""U223"":1,""U378"":1,""U64"":1,""U495"":1,""U344"":1,""U594"":11,""U700"":1,""U842"":1,""U130"":85,""U922"":7,""U987"":1,""U454"":5,""U477"":1,""U239"":2,""U51"":1,""U731"":1,""U868"":1,""U989"":8,""U819"":2,""U946"":1,""U607"":1,""U617"":1,""U320"":4,""U411"":2,""U810"":1,""U34"":1,""U760"":1,""U934"":1,""U199"":1,""U405"":1,""U787"":1,""U304"":3,""U338"":1,""U518"":11,""U772"":12,""U37"":1,""U590"":2,""U706"":2,""U881"":1,""U296"":1,""U221"":1,""U954"":1,""U376"":1,""U328"":1,""U743"":2,""U669"":1,""U108"":1,""U134"":1,""U484"":1,""U486"":1,""U693"":1,""U627"":1,""U63"":1,""U718"":2,""U20"":1,""U847"":1,""U885"":1,""U171"":1,""U279"":4,""U501"":1,""U660"":1,""U794"":2,""U206"":1,""U202"":4,""U921"":2,""U339"":1,""U633"":1,""U818"":2,""U284"":5,""U882"":1,""U976"":19,""U247"":1,""U653"":1,""U879"":1,""U680"":1,""U232"":1,""U105"":1,""U723"":3,""U352"":1,""U114"":1,""U227"":1,""U56"":1,""U574"":6,""U613"":3,""U70"":6,""U414"":2,""U877"":1,""U442"":1,""U490"":1,""U838"":1,""U848"":1,""U931"":1,""U120"":1,""U146"":2,""U173"":1,""U412"":4,""U965"":23,""U821"":1,""U85"":1,""U418"":1,""U721"":1,""U549"":1,""U467"":1,""U400"":1,""U380"":5,""U194"":1,""U200"":1,""U843"":1,""U558"":1,""U453"":1,""U258"":1,""U360"":1,""U670"":2,""U662"":1,""U106"":1,""U694"":1,""U598"":2,""U567"":1,""U36"":1,""U242"":1,""U894"":3,""U375"":1,""U521"":7,""U586"":1,""U66"":1,""U79"":1,""U387"":13,""U99"":1,""U317"":1,""U313"":1,""U541"":1,""U840"":1,""U562"":1,""U824"":3,""U871"":2,""U509"":1,""U911"":3,""U278"":1,""U410"":1,""U22"":1,""U804"":1,""U603"":1,""U310"":6,""U395"":1,""U367"":1,""U939"":2,""U181"":2,""U929"":1,""U96"":2,""U10"":31,""U785"":1,""U924"":1,""U789"":1,""U381"":1,""U189"":177,""U107"":1,""U974"":1,""U784"":1,""U697"":1,""U372"":1,""U293"":1,""U836"":1,""U991"":1,""U264"":1,""U7"":1,""U551"":1,""U636"":1,""U647"":1,""U782"":1,""U856"":2,""U563"":1,""U374"":5,""U345"":1,""U502"":1,""U678"":1,""U481"":5,""U855"":1,""U404"":1,""U138"":1,""U324"":62,""U920"":6,""U119"":1,""U347"":1,""U764"":9,""U316"":1,""U900"":1,""U730"":7,""U377"":1,""U386"":1,""U437"":1,""U529"":15,""U595"":1,""U48"":1,""U943"":1,""U859"":1,""U9"":1,""U559"":1,""U652"":1,""U862"":2,""U512"":1,""U625"":1,""U152"":1,""U945"":1,""U289"":1,""U896"":1,""U188"":1,""U639"":1,""U646"":1,""U769"":17,""U399"":1,""U274"":1,""U446"":1,""U631"":17,""U438"":2,""U90"":1,""U54"":1,""U996"":1,""U866"":1,""U435"":1,""U307"":1,""U923"":1,""U732"":1,""U713"":1,""U445"":1,""U393"":1,""U403"":1,""U937"":1,""U450"":1,""U737"":1,""U356"":13,""U93"":1,""U430"":1,""U84"":1,""U291"":8,""U687"":2,""U548"":1,""U192"":1,""U259"":1,""U102"":1,""U476"":1,""U364"":1,""U556"":6,""U887"":1,""U958"":1,""U355"":1,""U373"":1,""U891"":3,""U128"":2,""U459"":1,""U657"":21,""U198"":2,""U494"":1,""U27"":1,""U191"":2,""U124"":1,""U985"":1,""U664"":1,""U623"":1,""U635"":1,""U733"":1,""U637"":2,""U28"":1,""U52"":1,""U251"":1,""U314"":1,""U952"":1,""U254"":9,""U950"":7,""U69"":1,""U507"":1,""U112"":1,""U849"":1,""U329"":1,""U201"":1,""U281"":1,""U774"":1,""U2"":9,""U333"":22,""U704"":1,""U92"":1,""U766"":1,""U449"":1,""U308"":41,""U286"":1,""U32"":1,""U298"":1,""U283"":1,""U707"":2,""U123"":1,""U668"":1,""U58"":1,""U205"":3,""U172"":1,""U12"":1,""U654"":7,""U626"":17,""U224"":1,""U609"":2,""U277"":2,""U30"":1,""U409"":9,""U517"":1,""U593"":1,""U803"":4,""U330"":1,""U220"":1,""U388"":1,""U736"":1,""U309"":1,""U724"":2,""U271"":2,""U643"":1,""U620"":1,""U674"":1,""U379"":1,""U683"":1,""U834"":1,""U86"":1,""U26"":1,""U236"":1,""U825"":1,""U951"":3,""U163"":1,""U110"":1,""U949"":1,""U655"":1,""U629"":1,""U358"":1,""U514"":1,""U608"":30,""U618"":1,""U770"":1,""U159"":14,""U947"":9,""U98"":1,""U744"":1,""U245"":1,""U44"":1,""U649"":12,""U712"":1,""U137"":1,""U168"":3,""U53"":1,""U975"":1,""U673"":1,""U95"":1,""U424"":1,""U539"":2,""U301"":1,""U165"":1,""U460"":1,""U500"":1,""U942"":1,""U288"":1,""U570"":1,""U928"":31,""U962"":1,""U547"":1,""U638"":1,""U532"":1,""U426"":1,""U21"":1,""U306"":1,""U963"":1,""U342"":1,""U33"":1,""U272"":1,""U253"":1,""U777"":2,""U992"":1,""U170"":1,""U15"":1,""U601"":1,""U575"":1,""U977"":2,""U100"":1,""U799"":1,""U621"":2,""U65"":1,""U747"":1,""U427"":1,""U365"":1,""U295"":1,""U970"":1,""U526"":23,""U835"":4,""U801"":1,""U600"":1,""U38"":1,""U366"":1,""U499"":1,""U478"":1,""U23"":1,""U982"":2,""U845"":1,""U126"":1,""U111"":1,""U432"":1,""U519"":1,""U802"":1,""U606"":1,""U212"":1,""U612"":1,""U16"":10,""U875"":8,""U663"":3,""U561"":1,""U557"":2,""U538"":1,""U431"":2,""U553"":1,""U257"":1,""U758"":1,""U420"":1,""U906"":1,""U762"":2,""U129"":1,""U651"":1,""U941"":1,""U523"":1,""U275"":1,""U439"":13,""U800"":1,""U263"":1,""U935"":1,""U87"":1,""U708"":1,""U282"":1,""U741"":1,""U748"":2,""U357"":2,""U815"":1,""U475"":3,""U323"":1,""U645"":1,""U667"":4,""U580"":1,""U525"":1,""U57"":1,""U473"":1,""U589"":207,""U826"":1,""U331"":8,""U413"":4,""U6"":1,""U560"":4,""U632"":3,""U682"":5,""U576"":1,""U846"":1,""U926"":1,""U456"":1,""U148"":1,""U671"":1,""U505"":1,""U753"":1,""U217"":2,""U428"":1,""U933"":1,""U187"":1,""U332"":7,""U823"":1,""U209"":1,""U262"":1,""U305"":1,""U452"":1,""U45"":1,""U889"":1,""U443"":1,""U417"":1,""U319"":1,""U853"":1,""U469"":7,""U255"":1,""U73"":23,""U734"":1,""U715"":11,""U983"":1,""U910"":3,""U41"":1,""U75"":1,""U248"":1,""U103"":1,""U222"":1,""U795"":1,""U479"":3,""U659"":1,""U369"":2,""U897"":4,""U811"":1,""U398"":1,""U537"":1,""U406"":1,""U806"":1,""U661"":1,""U354"":1,""U235"":1,""U648"":2,""U226"":3,""U178"":1,""U727"":67,""U267"":1,""U688"":20,""U161"":1,""U394"":3,""U497"":1,""U830"":1,""U498"":1,""U749"":2,""U999"":1,""U195"":5,""U349"":4,""U767"":1,""U391"":1,""U542"":1,""U878"":1,""U699"":1,""U572"":1,""U679"":1,""U722"":1,""U72"":1,""U698"":1,""U677"":1,""U361"":1,""U60"":1,""U153"":1,""U913"":2,""U773"":1,""U451"":1,""U196"":27,""U231"":1,""U493"":1,""U908"":2,""U151"":2,""U47"":1,""U218"":1,""U530"":1,""U986"":1,""U535"":1,""U94"":1,""U788"":11,""U644"":2,""U368"":1,""U759"":1,""U290"":1,""U169"":1,""U3"":1,""U266"":1,""U240"":1,""U136"":1,""U343"":1,""U585"":1,""U315"":1,""U676"":1,""U628"":1,""U383"":1,""U990"":1,""U97"":1,""U865"":1,""U408"":1,""U755"":2,""U615"":1,""U77"":1,""U884"":1,""U350"":1,""U940"":1,""U353"":1,""U960"":5,""U516"":2,""U703"":1,""U604"":2,""U684"":1,""U140"":1,""U125"":1,""U912"":2,""U89"":1,""U780"":1,""U506"":1,""U972"":1,""U312"":1,""U276"":1,""U689"":2,""U193"":3,""U234"":1,""U145"":1,""U817"":3,""U237"":1,""U465"":1,""U591"":1,""U150"":1,""U348"":2,""U527"":2,""U581"":1,""U461"":1,""U813"":1,""U244"":1,""U88"":1,""U903"":1,""U131"":1,""U870"":10,""U973"":1,""U480"":2,""U997"":20,""U812"":1,""U261"":3,""U711"":1,""U230"":1,""U423"":1,""U901"":5,""U573"":1,""U280"":1,""U14"":12,""U692"":3,""U726"":303,""U252"":17,""U256"":7,""U916"":65,""U915"":1,""U907"":17,""U524"":1,""U918"":1,""U932"":1,""U710"":2,""U162"":1,""U899"":4,""U540"":1,""U854"":1,""U858"":1,""U756"":1,""U143"":2,""U210"":1,""U814"":1,""U805"":1,""U299"":3,""U883"":1,""U696"":2,""U640"":1,""U311"":23,""U852"":1,""U327"":1,""U827"":1,""U605"":1,""U176"":1,""U466"":4,""U566"":1,""U121"":1,""U292"":2,""U971"":1,""U363"":1,""U390"":1,""U905"":1,""U132"":1,""U219"":1,""U515"":1,""U790"":1,""U346"":1,""U334"":1,""U850"":5,""U779"":13,""U1"":10,""U43"":1,""U597"":3,""U302"":1,""U260"":1,""U860"":1,""U702"":1,""U543"":2,""U957"":1,""U725"":3,""U371"":1,""U658"":1,""U528"":1,""U552"":1,""U503"":1,""U642"":1,""U76"":1,""U488"":1,""U29"":2,""U471"":5,""U117"":1,""U709"":1,""U67"":1,""U510"":46,""U13"":1,""U351"":1,""U149"":1,""U895"":1,""U489"":1,""U472"":1,""U872"":8,""U135"":1,""U144"":1,""U116"":2,""U624"":21,""U565"":1,""U167"":3,""U421"":1,""U225"":1,""U115"":1,""U250"":55,""U650"":1,""U241"":1,""U568"":11,""U720"":13,""U775"":1,""U416"":1,""U763"":1,""U434"":1,""U531"":1,""U797"":2,""U754"":12,""U994"":2,""U82"":3,""U496"":31,""U690"":1,""U880"":21,""U582"":1,""U300"":1,""U622"":1,""U964"":1,""U216"":1,""U861"":1,""U588"":7,""U270"":1,""U738"":1,""U78"":1,""U436"":1,""U39"":3,""U68"":1,""U969"":32,""U462"":1,""U183"":1,""U287"":1,""U602"":1,""U204"":6,""U904"":1,""U807"":1,""U382"":1,""U791"":1,""U714"":1,""U154"":1,""U844"":1,""U630"":1,""U641"":1,""U781"":19,""U127"":1,""U182"":1,""U564"":1,""U207"":1,""U268"":1,""U61"":1,""U656"":1,""U141"":24,""U464"":1,""U433"":1,""U857"":1,""U158"":1,""U948"":1,""U157"":1,""U17"":1,""U686"":2,""U902"":4,""U740"":1,""U752"":1,""U40"":1,""U164"":24,""U474"":1,""U545"":1,""U133"":1,""U596"":3,""U745"":1,""U425"":2,""U175"":1,""U978"":1,""U504"":1,""U1000"":3,""U995"":1,""U739"":1,""U837"":5,""U511"":1,""U577"":1,""U717"":1,""U786"":1,""U968"":1,""U101"":1,""U768"":1,""U122"":1,""U936"":4,""U458"":1,""U483"":13,""U546"":1,""U841"":1,""U719"":10,""U337"":3,""U190"":1,""U80"":1,""U793"":1,""U447"":5,""U470"":1,""U401"":2,""U925"":1,""U695"":1,""U392"":3,""U833"":1,""U742"":3,""U832"":1,""U457"":1,""U468"":1,""U672"":1,""U750"":1,""U956"":1,""U482"":1,""U303"":5,""U59"":1,""U831"":33,""U914"":1,""U809"":1,""U822"":1,""U208"":1,""U681"":1,""U944"":1,""U55"":3,""U185"":34,""U610"":1,""U214"":1,""U665"":1,""U988"":1,""U4"":1,""U389"":5,""U746"":1,""U765"":1,""U959"":3,""U544"":1,""U599"":1,""U325"":1,""U522"":1,""U890"":1,""U402"":1,""U297"":1,""U25"":1,""U228"":1,""U587"":1,""U174"":1,""U778"":1,""U705"":1,""U792"":1,""U796"":2,""U215"":5,""U798"":1,""U42"":58,""U463"":1,""U113"":1,""U675"":1,""U440"":5,""U104"":1,""U998"":3,""U771"":2,""U808"":1,""U938"":1,""U246"":1,""U536"":67,""U384"":1,""U955"":1,""U294"":1,""U873"":1,""U967"":1,""U701"":16,""U249"":1,""U233"":2,""U863"":2,""U888"":1,""U422"":5,""U362"":5,""U550"":27,""U160"":3,""U513"":1,""U407"":1,""U11"":2,""U180"":1,""U265"":2,""U554"":4,""U336"":3,""U197"":2,""U927"":11,""U487"":2,""U829"":1,""U18"":1,""U520"":1,""U555"":1,""U211"":1,""U898"":1,""U429"":3}",593.5909996032715,,,,,false,1000,,,Gurobi,gurobi_10min,true,600.0,20260829,16,16,100,,false,ok,0.6069998741149902,network_balanced,network_balanced_hardness_sweep,16,,593.5909996032715,7.242000102996826
51,,,,,-3951.0,Optimal,,MIPSolver,,0.5,heidelberg_network_balanced_n150_b50_u300_sd_fixed_network_path,heidelberg,,false,0.0,150,2047,150,150,0.5,300,75,aachen_osm_gtfs_bike_agg150_p150_b50_u300,7557,600,300,fixed_network_path,true,,,,false,,sd,sd_fixed_network_path,,,,,,,,,300,,,Gurobi,gurobi_10min,true,600.0,20260829,16,16,150,,false,ok,381.1870000362396,network_balanced,network_balanced_hardness_sweep,16,,600.0,477.70300006866455
1,,,,,,Timelimit,,MIPSolver,,0.5,heidelberg_network_balanced_n150_b50_u300_sd_n_minus_1,heidelberg,,false,1.0e100,150,2047,150,150,0.5,300,75,aachen_osm_gtfs_bike_agg150_p150_b50_u300,7557,600,300,n_minus_one_most_expensive,true,,,,false,,sd,sd_n_minus_1,,,,,,,,,300,,,Gurobi,gurobi_10min,true,600.0,20260829,16,16,150,,false,timeout,600.6399998664856,network_balanced,network_balanced_hardness_sweep,16,,600.0,669.8570001125336
1,,2100,,300,-3951.0,Optimal,4.1168729,BlCSolver,,0.5,heidelberg_network_balanced_n150_b50_u300_blc_astar_fixed_network_path,heidelberg,,false,0.0,150,2047,150,150,0.5,300,75,aachen_osm_gtfs_bike_agg150_p150_b50_u300,7557,600,300,fixed_network_path,,,,,,2275258,blc,blc_astar_fixed_network_path,,,,0,0,astar,null,,300,true,16,Gurobi,gurobi_10min,true,600.0,20260829,16,16,150,,false,ok,379.70499992370605,network_balanced,network_balanced_hardness_sweep,16,16,600.0,472.37399983406067
1,,3000,,300,-3951.0,Optimal,5.1845236,BlCSolver,,0.5,heidelberg_network_balanced_n150_b50_u300_blc_astar_n_minus_1,heidelberg,,false,0.0,150,2047,150,150,0.5,300,75,aachen_osm_gtfs_bike_agg150_p150_b50_u300,7557,600,300,n_minus_one_most_expensive,,,,,,2275258,blc,blc_astar_n_minus_1,,,,0,0,astar,null,,300,true,16,Gurobi,gurobi_10min,true,600.0,20260829,16,16,150,,false,ok,452.6289999485016,network_balanced,network_balanced_hardness_sweep,16,16,600.0,523.1169998645782
1,,,,,-3951.0,Optimal,,MIPSolver,,0.5,heidelberg_network_balanced_n150_b50_u300_path_dominance,heidelberg,,false,0.0,150,2047,150,150,0.5,300,75,aachen_osm_gtfs_bike_agg150_p150_b50_u300,7557,600,300,,,2.8330001831054688,600.0,labeling,,,path,path_dominance,false,"{""U23"":3,""U96"":1,""U10"":1,""U126"":1,""U176"":3,""U111"":7,""U19"":1,""U166"":1,""U91"":1,""U189"":1,""U107"":1,""U212"":1,""U121"":6,""U292"":3,""U16"":1,""U155"":1,""U293"":1,""U264"":1,""U7"":2,""U132"":1,""U219"":3,""U257"":1,""U184"":1,""U129"":1,""U275"":2,""U238"":1,""U142"":1,""U1"":1,""U24"":6,""U263"":1,""U43"":1,""U260"":1,""U87"":1,""U109"":1,""U138"":1,""U229"":1,""U119"":5,""U179"":1,""U282"":2,""U243"":1,""U186"":1,""U48"":1,""U57"":1,""U76"":3,""U9"":2,""U29"":1,""U117"":1,""U285"":2,""U67"":1,""U6"":1,""U13"":1,""U149"":1,""U152"":1,""U289"":1,""U188"":1,""U135"":1,""U144"":1,""U148"":1,""U116"":5,""U274"":1,""U167"":1,""U217"":1,""U118"":1,""U187"":1,""U225"":1,""U115"":1,""U250"":2,""U209"":1,""U241"":1,""U262"":1,""U35"":1,""U90"":3,""U54"":1,""U45"":2,""U49"":1,""U62"":3,""U5"":2,""U74"":1,""U203"":1,""U255"":1,""U82"":1,""U73"":5,""U81"":1,""U213"":1,""U8"":1,""U41"":8,""U300"":1,""U177"":1,""U31"":1,""U75"":1,""U83"":1,""U50"":3,""U93"":1,""U216"":1,""U139"":1,""U270"":1,""U78"":3,""U84"":1,""U269"":6,""U46"":1,""U147"":1,""U39"":13,""U68"":1,""U248"":1,""U71"":1,""U291"":1,""U192"":3,""U259"":1,""U103"":1,""U102"":1,""U222"":1,""U183"":1,""U156"":4,""U287"":1,""U204"":1,""U128"":1,""U235"":13,""U154"":1,""U273"":1,""U198"":1,""U226"":4,""U178"":1,""U27"":1,""U191"":1,""U223"":1,""U124"":1,""U267"":4,""U64"":1,""U127"":4,""U182"":1,""U207"":5,""U161"":1,""U130"":1,""U268"":1,""U61"":5,""U141"":1,""U239"":1,""U51"":1,""U158"":1,""U28"":2,""U52"":1,""U157"":1,""U251"":1,""U17"":1,""U195"":1,""U254"":1,""U69"":2,""U112"":1,""U40"":1,""U164"":4,""U72"":1,""U34"":1,""U133"":1,""U199"":1,""U175"":2,""U201"":1,""U281"":1,""U60"":1,""U2"":1,""U153"":1,""U37"":7,""U92"":1,""U196"":18,""U231"":1,""U296"":1,""U286"":1,""U221"":1,""U32"":7,""U151"":1,""U47"":1,""U218"":1,""U298"":5,""U94"":1,""U101"":1,""U283"":1,""U108"":1,""U122"":1,""U123"":1,""U134"":1,""U58"":1,""U205"":1,""U172"":1,""U290"":1,""U12"":1,""U169"":1,""U224"":1,""U3"":3,""U266"":1,""U63"":3,""U240"":1,""U136"":1,""U20"":1,""U190"":1,""U277"":1,""U30"":9,""U80"":4,""U171"":1,""U220"":1,""U279"":1,""U206"":1,""U202"":3,""U271"":1,""U97"":2,""U284"":1,""U77"":2,""U247"":1,""U232"":1,""U105"":1,""U114"":1,""U227"":1,""U59"":1,""U56"":1,""U86"":1,""U26"":3,""U236"":2,""U70"":1,""U208"":1,""U140"":6,""U125"":1,""U163"":1,""U89"":1,""U55"":3,""U110"":1,""U159"":1,""U185"":1,""U214"":1,""U120"":1,""U4"":1,""U98"":1,""U146"":1,""U276"":5,""U173"":1,""U245"":1,""U44"":1,""U193"":1,""U137"":1,""U168"":1,""U85"":1,""U53"":1,""U95"":1,""U297"":3,""U234"":3,""U194"":1,""U200"":1,""U25"":1,""U145"":4,""U228"":1,""U174"":2,""U165"":1,""U258"":1,""U288"":1,""U215"":3,""U237"":1,""U42"":1,""U113"":1,""U106"":1,""U150"":3,""U104"":1,""U244"":4,""U36"":1,""U21"":1,""U242"":1,""U88"":1,""U131"":1,""U33"":1,""U66"":1,""U246"":1,""U272"":1,""U79"":1,""U253"":1,""U261"":3,""U99"":8,""U230"":1,""U170"":1,""U15"":1,""U294"":1,""U280"":1,""U14"":4,""U249"":1,""U252"":2,""U256"":1,""U233"":1,""U100"":2,""U278"":1,""U160"":1,""U22"":1,""U65"":1,""U11"":1,""U180"":1,""U162"":1,""U265"":5,""U295"":1,""U197"":1,""U143"":1,""U210"":2,""U38"":17,""U18"":4,""U299"":1,""U211"":1,""U181"":1}",597.1669998168945,,,,,true,300,,,Gurobi,gurobi_10min,true,600.0,20260829,16,16,150,,false,ok,0.03900003433227539,network_balanced,network_balanced_hardness_sweep,16,,597.1669998168945,2.930999994277954
1,,,,,-3951.0,Optimal,,MIPSolver,,0.5,heidelberg_network_balanced_n150_b50_u300_path_no_dominance,heidelberg,,false,0.0,150,2047,150,150,0.5,300,75,aachen_osm_gtfs_bike_agg150_p150_b50_u300,7557,600,300,,,2.9110002517700195,600.0,labeling,,,path,path_no_dominance,false,"{""U23"":7,""U96"":1,""U10"":2,""U126"":1,""U176"":26,""U111"":55,""U19"":1,""U166"":1,""U91"":1,""U189"":1,""U107"":1,""U212"":1,""U121"":13,""U292"":3,""U16"":1,""U155"":1,""U293"":1,""U264"":1,""U7"":5,""U132"":1,""U219"":5,""U257"":1,""U184"":1,""U129"":1,""U275"":3,""U238"":1,""U142"":1,""U1"":1,""U24"":43,""U263"":1,""U43"":1,""U260"":1,""U87"":1,""U109"":1,""U138"":1,""U229"":1,""U119"":10,""U179"":1,""U282"":11,""U243"":1,""U186"":1,""U48"":1,""U57"":2,""U76"":4,""U9"":5,""U29"":1,""U117"":1,""U285"":3,""U67"":1,""U6"":1,""U13"":1,""U149"":1,""U152"":1,""U289"":1,""U188"":2,""U135"":1,""U144"":1,""U148"":1,""U116"":17,""U274"":1,""U167"":1,""U217"":1,""U118"":1,""U187"":1,""U225"":1,""U115"":1,""U250"":2,""U209"":1,""U241"":1,""U262"":1,""U35"":1,""U90"":3,""U54"":1,""U45"":2,""U49"":1,""U62"":5,""U5"":2,""U74"":1,""U203"":1,""U255"":1,""U82"":1,""U73"":143,""U81"":1,""U213"":1,""U8"":1,""U41"":31,""U300"":1,""U177"":1,""U31"":1,""U75"":1,""U83"":1,""U50"":13,""U93"":1,""U216"":1,""U139"":1,""U270"":1,""U78"":4,""U84"":1,""U269"":44,""U46"":1,""U147"":1,""U39"":188,""U68"":1,""U248"":1,""U71"":1,""U291"":1,""U192"":5,""U259"":1,""U103"":2,""U102"":1,""U222"":2,""U183"":1,""U156"":5,""U287"":1,""U204"":1,""U128"":1,""U235"":188,""U154"":1,""U273"":1,""U198"":1,""U226"":30,""U178"":1,""U27"":1,""U191"":1,""U223"":1,""U124"":2,""U267"":6,""U64"":1,""U127"":9,""U182"":1,""U207"":57,""U161"":1,""U130"":1,""U268"":1,""U61"":6,""U141"":1,""U239"":1,""U51"":1,""U158"":1,""U28"":5,""U52"":1,""U157"":1,""U251"":1,""U17"":2,""U195"":1,""U254"":1,""U69"":5,""U112"":1,""U40"":1,""U164"":7,""U72"":1,""U34"":1,""U133"":1,""U199"":1,""U175"":5,""U201"":1,""U281"":1,""U60"":1,""U2"":1,""U153"":2,""U37"":51,""U92"":1,""U196"":81,""U231"":1,""U296"":1,""U286"":1,""U221"":1,""U32"":23,""U151"":1,""U47"":1,""U218"":1,""U298"":8,""U94"":1,""U101"":1,""U283"":1,""U108"":1,""U122"":1,""U123"":1,""U134"":1,""U58"":1,""U205"":1,""U172"":1,""U290"":1,""U12"":1,""U169"":1,""U224"":1,""U3"":12,""U266"":1,""U63"":4,""U240"":1,""U136"":1,""U20"":1,""U190"":1,""U277"":1,""U30"":547,""U80"":7,""U171"":2,""U220"":1,""U279"":1,""U206"":1,""U202"":5,""U271"":1,""U97"":3,""U284"":2,""U77"":2,""U247"":1,""U232"":1,""U105"":1,""U114"":1,""U227"":1,""U59"":1,""U56"":1,""U86"":1,""U26"":465,""U236"":4,""U70"":2,""U208"":1,""U140"":39,""U125"":1,""U163"":1,""U89"":1,""U55"":11,""U110"":1,""U159"":1,""U185"":1,""U214"":1,""U120"":1,""U4"":1,""U98"":1,""U146"":1,""U276"":44,""U173"":1,""U245"":1,""U44"":1,""U193"":1,""U137"":1,""U168"":2,""U85"":1,""U53"":1,""U95"":1,""U297"":3,""U234"":5,""U194"":1,""U200"":1,""U25"":1,""U145"":204,""U228"":1,""U174"":3,""U165"":2,""U258"":1,""U288"":1,""U215"":9,""U237"":1,""U42"":1,""U113"":1,""U106"":1,""U150"":6,""U104"":1,""U244"":76,""U36"":1,""U21"":1,""U242"":1,""U88"":1,""U131"":1,""U33"":1,""U66"":1,""U246"":1,""U272"":1,""U79"":1,""U253"":1,""U261"":7,""U99"":65,""U230"":1,""U170"":1,""U15"":1,""U294"":1,""U280"":1,""U14"":10,""U249"":2,""U252"":2,""U256"":1,""U233"":1,""U100"":2,""U278"":1,""U160"":1,""U22"":1,""U65"":1,""U11"":1,""U180"":1,""U162"":1,""U265"":41,""U295"":1,""U197"":1,""U143"":1,""U210"":2,""U38"":423,""U18"":6,""U299"":1,""U211"":1,""U181"":1}",597.08899974823,,,,,false,300,,,Gurobi,gurobi_10min,true,600.0,20260829,16,16,150,,false,ok,0.252000093460083,network_balanced,network_balanced_hardness_sweep,16,,597.08899974823,3.324000120162964
1,,,,,-5428.0,Timelimit,,MIPSolver,,0.5,heidelberg_network_balanced_n150_b50_u500_sd_fixed_network_path,heidelberg,,false,0.11038884276267853,150,2047,150,150,0.5,300,75,aachen_osm_gtfs_bike_agg150_p150_b50_u500,7557,600,500,fixed_network_path,true,,,,false,,sd,sd_fixed_network_path,,,,,,,,,500,,,Gurobi,gurobi_10min,true,600.0,20260829,16,16,150,,false,timeout,601.3039999008179,network_balanced,network_balanced_hardness_sweep,16,,600.0,758.9070000648499
1,,,,,0.0,Timelimit,,MIPSolver,,0.5,heidelberg_network_balanced_n150_b50_u500_sd_n_minus_1,heidelberg,,false,1.0e100,150,2047,150,150,0.5,300,75,aachen_osm_gtfs_bike_agg150_p150_b50_u500,7557,600,500,n_minus_one_most_expensive,true,,,,false,,sd,sd_n_minus_1,,,,,,,,,500,,,Gurobi,gurobi_10min,true,600.0,20260829,16,16,150,,false,timeout,602.3120000362396,network_balanced,network_balanced_hardness_sweep,16,,600.0,732.7620000839233
1,,1000,,500,,Timelimit,3.849458,BlCSolver,,0.5,heidelberg_network_balanced_n150_b50_u500_blc_astar_fixed_network_path,heidelberg,,false,1.0e100,150,2047,150,150,0.5,300,75,aachen_osm_gtfs_bike_agg150_p150_b50_u500,7557,600,500,fixed_network_path,,,,,,3787058,blc,blc_astar_fixed_network_path,,,,0,0,astar,null,,500,true,16,Gurobi,gurobi_10min,true,600.0,20260829,16,16,150,,false,timeout,600.3900001049042,network_balanced,network_balanced_hardness_sweep,16,16,600.0,756.3250000476837
1,,500,,500,,Timelimit,0.6938454,BlCSolver,,0.5,heidelberg_network_balanced_n150_b50_u500_blc_astar_n_minus_1,heidelberg,,false,1.0e100,150,2047,150,150,0.5,300,75,aachen_osm_gtfs_bike_agg150_p150_b50_u500,7557,600,500,n_minus_one_most_expensive,,,,,,3787058,blc,blc_astar_n_minus_1,,,,0,0,astar,null,,500,true,16,Gurobi,gurobi_10min,true,600.0,20260829,16,16,150,,false,timeout,601.4229998588562,network_balanced,network_balanced_hardness_sweep,16,16,600.0,716.9059998989105
1,,,,,-5683.0,Optimal,,MIPSolver,,0.5,heidelberg_network_balanced_n150_b50_u500_path_dominance,heidelberg,,false,8.655689495129598e-5,150,2047,150,150,0.5,300,75,aachen_osm_gtfs_bike_agg150_p150_b50_u500,7557,600,500,,,5.558000564575195,600.0,labeling,,,path,path_dominance,false,"{""U23"":1,""U96"":4,""U327"":1,""U10"":1,""U396"":1,""U126"":1,""U176"":1,""U448"":18,""U111"":1,""U432"":1,""U381"":1,""U19"":2,""U166"":1,""U91"":1,""U189"":14,""U466"":1,""U107"":1,""U212"":1,""U121"":3,""U292"":1,""U16"":1,""U155"":1,""U363"":1,""U390"":1,""U372"":1,""U293"":1,""U415"":14,""U385"":5,""U431"":1,""U264"":1,""U7"":1,""U132"":16,""U219"":1,""U257"":1,""U184"":1,""U420"":1,""U346"":1,""U129"":1,""U334"":1,""U275"":1,""U238"":1,""U326"":1,""U439"":1,""U142"":1,""U1"":1,""U24"":1,""U263"":1,""U374"":1,""U43"":1,""U345"":1,""U481"":1,""U302"":7,""U260"":1,""U404"":1,""U87"":1,""U109"":1,""U138"":1,""U324"":1,""U229"":1,""U119"":1,""U347"":1,""U179"":1,""U282"":1,""U397"":1,""U357"":1,""U316"":1,""U475"":14,""U491"":1,""U243"":1,""U323"":2,""U485"":1,""U377"":1,""U186"":1,""U371"":1,""U386"":1,""U437"":1,""U359"":1,""U48"":1,""U57"":1,""U76"":2,""U9"":1,""U488"":1,""U29"":1,""U473"":3,""U471"":1,""U117"":1,""U285"":1,""U331"":2,""U413"":1,""U67"":1,""U6"":17,""U13"":1,""U351"":1,""U492"":1,""U149"":1,""U152"":1,""U489"":1,""U289"":1,""U188"":1,""U444"":1,""U456"":1,""U472"":1,""U135"":2,""U144"":1,""U148"":1,""U116"":1,""U399"":1,""U274"":1,""U167"":1,""U341"":1,""U217"":1,""U421"":1,""U428"":1,""U446"":1,""U118"":4,""U187"":1,""U225"":1,""U115"":1,""U250"":1,""U332"":1,""U438"":1,""U209"":5,""U241"":1,""U262"":1,""U35"":1,""U90"":1,""U54"":1,""U305"":1,""U452"":1,""U416"":6,""U45"":1,""U49"":1,""U443"":1,""U321"":1,""U319"":1,""U417"":3,""U469"":16,""U62"":1,""U5"":1,""U435"":1,""U74"":1,""U307"":1,""U203"":3,""U434"":1,""U255"":2,""U82"":1,""U73"":1,""U81"":1,""U445"":13,""U496"":1,""U213"":19,""U8"":1,""U393"":1,""U41"":1,""U403"":1,""U300"":1,""U455"":1,""U450"":1,""U177"":9,""U318"":1,""U31"":1,""U356"":1,""U75"":1,""U83"":1,""U50"":1,""U93"":6,""U216"":1,""U139"":1,""U270"":1,""U430"":1,""U370"":1,""U78"":1,""U84"":1,""U269"":1,""U436"":1,""U46"":3,""U147"":1,""U39"":1,""U68"":9,""U248"":4,""U71"":1,""U291"":6,""U322"":5,""U335"":1,""U192"":1,""U259"":1,""U419"":1,""U103"":1,""U102"":1,""U222"":1,""U462"":1,""U476"":1,""U364"":2,""U369"":1,""U479"":1,""U183"":13,""U156"":1,""U287"":1,""U204"":1,""U355"":2,""U398"":1,""U441"":1,""U373"":1,""U406"":1,""U354"":1,""U128"":1,""U459"":14,""U382"":1,""U235"":6,""U154"":1,""U273"":2,""U198"":1,""U494"":1,""U226"":3,""U340"":3,""U178"":2,""U27"":1,""U191"":1,""U223"":2,""U124"":1,""U267"":1,""U378"":1,""U64"":1,""U495"":4,""U127"":1,""U182"":3,""U344"":2,""U207"":1,""U161"":1,""U130"":1,""U268"":1,""U394"":1,""U454"":2,""U61"":1,""U141"":6,""U464"":1,""U477"":1,""U433"":1,""U497"":2,""U239"":7,""U51"":1,""U498"":1,""U158"":2,""U28"":1,""U52"":1,""U157"":1,""U251"":1,""U17"":2,""U195"":1,""U254"":1,""U314"":1,""U349"":1,""U391"":3,""U69"":3,""U112"":1,""U320"":1,""U411"":3,""U329"":1,""U40"":1,""U164"":1,""U72"":1,""U474"":1,""U34"":1,""U133"":1,""U199"":1,""U425"":1,""U175"":1,""U405"":3,""U361"":1,""U201"":1,""U281"":1,""U304"":4,""U338"":1,""U60"":3,""U2"":7,""U153"":2,""U333"":1,""U37"":3,""U92"":1,""U451"":24,""U449"":1,""U196"":1,""U231"":1,""U493"":1,""U296"":1,""U308"":1,""U286"":1,""U221"":1,""U32"":1,""U151"":1,""U376"":1,""U47"":1,""U218"":1,""U298"":1,""U328"":1,""U94"":1,""U101"":1,""U283"":1,""U108"":4,""U122"":1,""U123"":1,""U134"":1,""U58"":1,""U205"":1,""U172"":1,""U368"":1,""U458"":2,""U290"":2,""U12"":1,""U169"":1,""U483"":2,""U484"":3,""U486"":16,""U224"":1,""U337"":1,""U3"":1,""U266"":1,""U63"":1,""U240"":1,""U136"":1,""U20"":1,""U190"":1,""U277"":1,""U343"":1,""U30"":1,""U409"":1,""U80"":1,""U171"":1,""U330"":2,""U220"":1,""U279"":1,""U315"":1,""U388"":1,""U309"":1,""U447"":1,""U206"":1,""U202"":1,""U271"":1,""U401"":1,""U470"":1,""U383"":2,""U339"":1,""U97"":1,""U408"":1,""U392"":1,""U284"":1,""U77"":19,""U379"":1,""U247"":1,""U457"":1,""U468"":1,""U350"":1,""U232"":1,""U105"":2,""U353"":16,""U482"":1,""U352"":1,""U114"":1,""U227"":1,""U303"":6,""U59"":1,""U56"":1,""U86"":1,""U26"":1,""U236"":1,""U70"":18,""U208"":3,""U140"":7,""U125"":2,""U163"":1,""U414"":1,""U89"":1,""U55"":1,""U110"":1,""U358"":1,""U442"":1,""U490"":1,""U159"":1,""U185"":2,""U214"":2,""U120"":1,""U4"":1,""U98"":2,""U146"":1,""U276"":2,""U173"":1,""U312"":1,""U389"":1,""U245"":1,""U44"":1,""U412"":2,""U193"":1,""U137"":1,""U168"":1,""U85"":2,""U53"":1,""U325"":1,""U418"":1,""U95"":1,""U402"":1,""U297"":1,""U424"":2,""U467"":1,""U400"":1,""U380"":1,""U234"":2,""U194"":9,""U200"":1,""U25"":1,""U145"":1,""U228"":1,""U301"":1,""U174"":1,""U165"":1,""U460"":1,""U500"":2,""U453"":1,""U258"":1,""U288"":1,""U215"":1,""U237"":3,""U465"":1,""U42"":3,""U360"":1,""U113"":1,""U463"":1,""U106"":1,""U150"":1,""U348"":1,""U104"":4,""U440"":1,""U461"":5,""U244"":5,""U426"":1,""U36"":1,""U21"":1,""U242"":1,""U306"":1,""U88"":1,""U375"":1,""U342"":1,""U131"":2,""U33"":1,""U66"":2,""U246"":3,""U272"":1,""U480"":2,""U79"":1,""U253"":1,""U261"":1,""U387"":1,""U99"":1,""U230"":1,""U317"":1,""U170"":1,""U313"":1,""U15"":9,""U384"":4,""U423"":1,""U294"":16,""U280"":7,""U14"":1,""U249"":1,""U252"":1,""U256"":2,""U233"":1,""U422"":9,""U362"":1,""U100"":1,""U278"":2,""U160"":1,""U410"":1,""U22"":3,""U65"":1,""U310"":1,""U11"":1,""U180"":2,""U407"":7,""U427"":9,""U162"":3,""U265"":1,""U365"":1,""U295"":1,""U336"":1,""U197"":1,""U395"":1,""U143"":1,""U210"":1,""U367"":1,""U487"":1,""U38"":1,""U366"":2,""U18"":9,""U299"":1,""U499"":3,""U211"":2,""U311"":1,""U478"":1,""U429"":2,""U181"":1}",594.4419994354248,,,,,true,500,,,Gurobi,gurobi_10min,true,600.0,20260829,16,16,150,,false,ok,0.11599993705749512,network_balanced,network_balanced_hardness_sweep,16,,594.4419994354248,5.791999816894531
1,,,,,-5683.0,Optimal,,MIPSolver,,0.5,heidelberg_network_balanced_n150_b50_u500_path_no_dominance,heidelberg,,false,9.619935823832086e-5,150,2047,150,150,0.5,300,75,aachen_osm_gtfs_bike_agg150_p150_b50_u500,7557,600,500,,,5.145000696182251,600.0,labeling,,,path,path_no_dominance,false,"{""U23"":2,""U96"":49,""U327"":2,""U10"":1,""U396"":1,""U126"":1,""U176"":1,""U448"":312,""U111"":1,""U432"":1,""U381"":1,""U19"":2,""U166"":1,""U91"":2,""U189"":1254,""U466"":1,""U107"":1,""U212"":1,""U121"":66,""U292"":1,""U16"":1,""U155"":1,""U363"":1,""U390"":1,""U372"":2,""U293"":1,""U415"":208,""U385"":13,""U431"":1,""U264"":1,""U7"":1,""U132"":485,""U219"":1,""U257"":1,""U184"":1,""U420"":1,""U346"":1,""U129"":1,""U334"":1,""U275"":1,""U238"":1,""U326"":1,""U439"":1,""U142"":1,""U1"":1,""U24"":1,""U263"":1,""U374"":1,""U43"":2,""U345"":1,""U481"":1,""U302"":48,""U260"":1,""U404"":1,""U87"":1,""U109"":1,""U138"":1,""U324"":1,""U229"":1,""U119"":1,""U347"":3,""U179"":1,""U282"":1,""U397"":1,""U357"":2,""U316"":1,""U475"":435,""U491"":1,""U243"":1,""U323"":2,""U485"":1,""U377"":1,""U186"":1,""U371"":1,""U386"":2,""U437"":1,""U359"":1,""U48"":1,""U57"":1,""U76"":21,""U9"":1,""U488"":1,""U29"":1,""U473"":17,""U471"":1,""U117"":1,""U285"":1,""U331"":3,""U413"":1,""U67"":1,""U6"":275,""U13"":1,""U351"":1,""U492"":1,""U149"":1,""U152"":1,""U489"":1,""U289"":1,""U188"":1,""U444"":1,""U456"":1,""U472"":1,""U135"":6,""U144"":1,""U148"":1,""U116"":1,""U399"":1,""U274"":1,""U167"":1,""U341"":1,""U217"":1,""U421"":1,""U428"":1,""U446"":1,""U118"":29,""U187"":1,""U225"":1,""U115"":1,""U250"":1,""U332"":1,""U438"":1,""U209"":56,""U241"":1,""U262"":1,""U35"":1,""U90"":1,""U54"":1,""U305"":1,""U452"":1,""U416"":117,""U45"":1,""U49"":1,""U443"":1,""U321"":1,""U319"":1,""U417"":3,""U469"":71,""U62"":1,""U5"":1,""U435"":1,""U74"":1,""U307"":1,""U203"":3,""U434"":1,""U255"":7,""U82"":1,""U73"":1,""U81"":1,""U445"":204,""U496"":1,""U213"":104,""U8"":1,""U393"":1,""U41"":2,""U403"":1,""U300"":1,""U455"":1,""U450"":2,""U177"":144,""U318"":1,""U31"":1,""U356"":1,""U75"":1,""U83"":1,""U50"":1,""U93"":30,""U216"":1,""U139"":1,""U270"":1,""U430"":2,""U370"":1,""U78"":1,""U84"":1,""U269"":1,""U436"":1,""U46"":11,""U147"":1,""U39"":1,""U68"":28,""U248"":152,""U71"":1,""U291"":196,""U322"":110,""U335"":1,""U192"":1,""U259"":1,""U419"":1,""U103"":1,""U102"":1,""U222"":1,""U462"":1,""U476"":1,""U364"":7,""U369"":1,""U479"":1,""U183"":40,""U156"":1,""U287"":1,""U204"":1,""U355"":3,""U398"":1,""U441"":1,""U373"":1,""U406"":1,""U354"":2,""U128"":1,""U459"":87,""U382"":1,""U235"":74,""U154"":1,""U273"":2,""U198"":1,""U494"":2,""U226"":7,""U340"":5,""U178"":4,""U27"":1,""U191"":1,""U223"":5,""U124"":1,""U267"":1,""U378"":1,""U64"":1,""U495"":538,""U127"":1,""U182"":14,""U344"":5,""U207"":1,""U161"":1,""U130"":1,""U268"":1,""U394"":1,""U454"":12,""U61"":1,""U141"":7,""U464"":1,""U477"":1,""U433"":1,""U497"":11,""U239"":70,""U51"":1,""U498"":2,""U158"":4,""U28"":1,""U52"":1,""U157"":1,""U251"":1,""U17"":3,""U195"":1,""U254"":1,""U314"":1,""U349"":1,""U391"":30,""U69"":19,""U112"":1,""U320"":1,""U411"":5,""U329"":1,""U40"":1,""U164"":1,""U72"":1,""U474"":1,""U34"":1,""U133"":1,""U199"":1,""U425"":1,""U175"":1,""U405"":5,""U361"":1,""U201"":1,""U281"":1,""U304"":5,""U338"":1,""U60"":11,""U2"":19,""U153"":2,""U333"":1,""U37"":3,""U92"":1,""U451"":456,""U449"":1,""U196"":1,""U231"":1,""U493"":1,""U296"":1,""U308"":1,""U286"":1,""U221"":1,""U32"":1,""U151"":1,""U376"":1,""U47"":1,""U218"":1,""U298"":2,""U328"":1,""U94"":1,""U101"":1,""U283"":1,""U108"":45,""U122"":1,""U123"":1,""U134"":1,""U58"":1,""U205"":1,""U172"":1,""U368"":1,""U458"":60,""U290"":4,""U12"":1,""U169"":1,""U483"":4,""U484"":23,""U486"":937,""U224"":1,""U337"":1,""U3"":1,""U266"":1,""U63"":1,""U240"":1,""U136"":1,""U20"":1,""U190"":1,""U277"":1,""U343"":1,""U30"":1,""U409"":1,""U80"":1,""U171"":1,""U330"":3,""U220"":1,""U279"":1,""U315"":1,""U388"":1,""U309"":1,""U447"":1,""U206"":1,""U202"":1,""U271"":1,""U401"":1,""U470"":1,""U383"":2,""U339"":2,""U97"":1,""U408"":1,""U392"":1,""U284"":1,""U77"":519,""U379"":1,""U247"":1,""U457"":1,""U468"":1,""U350"":1,""U232"":2,""U105"":4,""U353"":51,""U482"":1,""U352"":1,""U114"":1,""U227"":1,""U303"":9,""U59"":1,""U56"":1,""U86"":1,""U26"":2,""U236"":2,""U70"":321,""U208"":8,""U140"":447,""U125"":11,""U163"":1,""U414"":1,""U89"":1,""U55"":1,""U110"":1,""U358"":1,""U442"":1,""U490"":1,""U159"":1,""U185"":41,""U214"":2,""U120"":1,""U4"":1,""U98"":6,""U146"":1,""U276"":2,""U173"":1,""U312"":1,""U389"":1,""U245"":1,""U44"":1,""U412"":6,""U193"":1,""U137"":1,""U168"":1,""U85"":2,""U53"":1,""U325"":1,""U418"":1,""U95"":1,""U402"":1,""U297"":1,""U424"":2,""U467"":1,""U400"":1,""U380"":1,""U234"":2,""U194"":609,""U200"":1,""U25"":1,""U145"":1,""U228"":2,""U301"":1,""U174"":1,""U165"":1,""U460"":1,""U500"":4,""U453"":1,""U258"":1,""U288"":1,""U215"":1,""U237"":7,""U465"":1,""U42"":5,""U360"":1,""U113"":1,""U463"":1,""U106"":1,""U150"":1,""U348"":1,""U104"":4,""U440"":1,""U461"":17,""U244"":17,""U426"":1,""U36"":1,""U21"":1,""U242"":1,""U306"":1,""U88"":2,""U375"":1,""U342"":1,""U131"":20,""U33"":1,""U66"":3,""U246"":4,""U272"":1,""U480"":3,""U79"":1,""U253"":1,""U261"":1,""U387"":2,""U99"":1,""U230"":1,""U317"":1,""U170"":1,""U313"":1,""U15"":390,""U384"":7,""U423"":1,""U294"":133,""U280"":45,""U14"":2,""U249"":1,""U252"":1,""U256"":2,""U233"":1,""U422"":2039,""U362"":1,""U100"":1,""U278"":4,""U160"":1,""U410"":1,""U22"":73,""U65"":1,""U310"":1,""U11"":1,""U180"":2,""U407"":678,""U427"":107,""U162"":4,""U265"":1,""U365"":2,""U295"":1,""U336"":1,""U197"":1,""U395"":1,""U143"":1,""U210"":1,""U367"":1,""U487"":2,""U38"":1,""U366"":2,""U18"":73,""U299"":1,""U499"":3,""U211"":2,""U311"":2,""U478"":1,""U429"":3,""U181"":1}",594.8549993038177,,,,,false,500,,,Gurobi,gurobi_10min,true,600.0,20260829,16,16,150,,false,ok,1.5749998092651367,network_balanced,network_balanced_hardness_sweep,16,,594.8549993038177,7.386000156402588
1,,,,,,Timelimit,,MIPSolver,,0.5,heidelberg_network_balanced_n150_b50_u750_sd_fixed_network_path,heidelberg,,false,1.0e100,150,2047,150,150,0.5,300,75,aachen_osm_gtfs_bike_agg150_p150_b50_u750,7557,600,750,fixed_network_path,true,,,,false,,sd,sd_fixed_network_path,,,,,,,,,750,,,Gurobi,gurobi_10min,true,600.0,20260829,16,16,150,,false,timeout,602.0079998970032,network_balanced,network_balanced_hardness_sweep,16,,600.0,859.9909999370575
0,,,,,,Memory_Limit,,MIPSolver,,0.5,heidelberg_network_balanced_n150_b50_u750_sd_n_minus_1,heidelberg,,false,1.0e100,150,2047,150,150,0.5,300,75,aachen_osm_gtfs_bike_agg150_p150_b50_u750,7557,600,750,n_minus_one_most_expensive,true,,,,false,,sd,sd_n_minus_1,,,,,,,,,750,,,Gurobi,gurobi_10min,true,600.0,20260829,16,16,150,,false,memory_limit,287.114000082016,network_balanced,network_balanced_hardness_sweep,16,,600.0,497.28600001335144
1,,750,,750,,Timelimit,2.0379272,BlCSolver,,0.5,heidelberg_network_balanced_n150_b50_u750_blc_astar_fixed_network_path,heidelberg,,false,1.0e100,150,2047,150,150,0.5,300,75,aachen_osm_gtfs_bike_agg150_p150_b50_u750,7557,600,750,fixed_network_path,,,,,,5676808,blc,blc_astar_fixed_network_path,,,,0,0,astar,null,,750,true,16,Gurobi,gurobi_10min,true,600.0,20260829,16,16,150,,false,timeout,600.7039999961853,network_balanced,network_balanced_hardness_sweep,16,16,600.0,840.2590000629425
1,,750,,750,,Timelimit,1.2917234,BlCSolver,,0.5,heidelberg_network_balanced_n150_b50_u750_blc_astar_n_minus_1,heidelberg,,false,1.0e100,150,2047,150,150,0.5,300,75,aachen_osm_gtfs_bike_agg150_p150_b50_u750,7557,600,750,n_minus_one_most_expensive,,,,,,5676808,blc,blc_astar_n_minus_1,,,,0,0,astar,null,,750,true,16,Gurobi,gurobi_10min,true,600.0,20260829,16,16,150,,false,timeout,600.3669998645782,network_balanced,network_balanced_hardness_sweep,16,16,600.0,774.1019999980927
1,,,,,-7371.0,Optimal,,MIPSolver,,0.5,heidelberg_network_balanced_n150_b50_u750_path_dominance,heidelberg,,false,5.821907000836815e-5,150,2047,150,150,0.5,300,75,aachen_osm_gtfs_bike_agg150_p150_b50_u750,7557,600,750,,,7.5169997215271,600.0,labeling,,,path,path_dominance,false,"{""U396"":1,""U448"":1,""U19"":1,""U166"":2,""U91"":1,""U155"":2,""U415"":1,""U385"":1,""U184"":1,""U716"":1,""U238"":1,""U326"":1,""U142"":1,""U619"":2,""U24"":1,""U109"":1,""U229"":1,""U569"":1,""U179"":1,""U397"":1,""U491"":1,""U243"":1,""U485"":1,""U186"":1,""U359"":1,""U691"":1,""U285"":1,""U492"":1,""U614"":1,""U444"":1,""U583"":1,""U728"":7,""U735"":1,""U616"":4,""U341"":1,""U118"":2,""U533"":4,""U35"":1,""U49"":18,""U321"":1,""U685"":1,""U62"":1,""U5"":1,""U74"":1,""U203"":1,""U729"":1,""U81"":8,""U571"":1,""U213"":1,""U8"":1,""U455"":1,""U177"":2,""U318"":1,""U31"":1,""U611"":1,""U83"":1,""U50"":1,""U139"":1,""U634"":1,""U370"":18,""U508"":39,""U269"":1,""U46"":1,""U147"":1,""U322"":1,""U666"":2,""U71"":2,""U335"":1,""U419"":1,""U578"":1,""U579"":2,""U156"":1,""U592"":1,""U584"":1,""U534"":1,""U441"":1,""U273"":25,""U340"":2,""U223"":1,""U378"":1,""U64"":1,""U495"":1,""U344"":1,""U594"":1,""U700"":1,""U130"":1,""U454"":8,""U477"":9,""U239"":2,""U51"":1,""U731"":1,""U607"":1,""U617"":25,""U320"":1,""U411"":1,""U34"":1,""U199"":1,""U405"":1,""U304"":1,""U338"":7,""U518"":1,""U37"":1,""U590"":1,""U706"":1,""U296"":1,""U221"":1,""U376"":3,""U328"":1,""U743"":1,""U669"":9,""U108"":1,""U134"":1,""U484"":1,""U486"":1,""U693"":1,""U627"":2,""U63"":1,""U718"":1,""U20"":1,""U171"":1,""U279"":3,""U501"":1,""U660"":1,""U206"":1,""U202"":5,""U339"":1,""U633"":1,""U284"":2,""U247"":1,""U653"":1,""U680"":1,""U232"":2,""U105"":6,""U723"":6,""U352"":1,""U114"":2,""U227"":1,""U56"":1,""U574"":2,""U613"":2,""U70"":1,""U414"":1,""U442"":1,""U490"":3,""U120"":1,""U146"":1,""U173"":2,""U412"":6,""U85"":1,""U418"":1,""U721"":1,""U549"":1,""U467"":1,""U400"":3,""U380"":10,""U194"":1,""U200"":1,""U558"":1,""U453"":1,""U258"":2,""U360"":1,""U670"":8,""U662"":3,""U106"":3,""U694"":2,""U598"":1,""U567"":1,""U36"":1,""U242"":1,""U375"":1,""U521"":4,""U586"":1,""U66"":1,""U79"":1,""U387"":4,""U99"":1,""U317"":1,""U313"":1,""U541"":1,""U562"":1,""U509"":1,""U278"":7,""U410"":1,""U22"":1,""U603"":1,""U310"":1,""U395"":1,""U367"":1,""U181"":1,""U96"":2,""U10"":1,""U381"":1,""U189"":1,""U107"":1,""U697"":1,""U372"":2,""U293"":1,""U264"":1,""U7"":1,""U551"":1,""U636"":1,""U647"":1,""U563"":6,""U374"":1,""U345"":1,""U502"":2,""U678"":1,""U481"":1,""U404"":1,""U138"":1,""U324"":1,""U119"":1,""U347"":7,""U316"":1,""U730"":1,""U377"":1,""U386"":1,""U437"":1,""U529"":2,""U595"":1,""U48"":1,""U9"":1,""U559"":23,""U652"":1,""U512"":1,""U625"":2,""U152"":1,""U289"":1,""U188"":1,""U639"":1,""U646"":1,""U399"":1,""U274"":1,""U446"":1,""U631"":1,""U438"":2,""U90"":1,""U54"":1,""U435"":1,""U307"":1,""U732"":1,""U713"":1,""U445"":14,""U393"":1,""U403"":1,""U450"":1,""U737"":1,""U356"":1,""U93"":1,""U430"":1,""U84"":1,""U291"":1,""U687"":1,""U548"":1,""U192"":1,""U259"":2,""U102"":1,""U476"":2,""U364"":1,""U556"":1,""U355"":4,""U373"":1,""U128"":1,""U459"":3,""U657"":1,""U198"":1,""U494"":1,""U27"":1,""U191"":2,""U124"":3,""U664"":5,""U623"":1,""U635"":1,""U733"":1,""U637"":1,""U28"":1,""U52"":1,""U251"":7,""U314"":1,""U254"":1,""U69"":12,""U507"":1,""U112"":3,""U329"":2,""U201"":1,""U281"":1,""U2"":6,""U333"":1,""U704"":1,""U92"":1,""U449"":1,""U308"":1,""U286"":1,""U32"":6,""U298"":1,""U283"":1,""U707"":3,""U123"":2,""U668"":1,""U58"":1,""U205"":1,""U172"":1,""U12"":1,""U654"":1,""U626"":1,""U224"":1,""U609"":1,""U277"":1,""U30"":1,""U409"":1,""U517"":1,""U593"":1,""U330"":1,""U220"":1,""U388"":1,""U736"":2,""U309"":1,""U724"":1,""U271"":1,""U643"":1,""U620"":1,""U674"":1,""U379"":1,""U683"":1,""U86"":3,""U26"":1,""U236"":1,""U163"":1,""U110"":1,""U655"":1,""U629"":1,""U358"":1,""U514"":1,""U608"":3,""U618"":1,""U159"":1,""U98"":1,""U744"":3,""U245"":1,""U44"":1,""U649"":1,""U712"":1,""U137"":6,""U168"":1,""U53"":1,""U673"":1,""U95"":4,""U424"":1,""U539"":1,""U301"":4,""U165"":1,""U460"":1,""U500"":1,""U288"":1,""U570"":1,""U547"":1,""U638"":1,""U532"":1,""U426"":1,""U21"":1,""U306"":1,""U342"":1,""U33"":3,""U272"":1,""U253"":1,""U170"":1,""U15"":1,""U601"":1,""U575"":4,""U100"":1,""U621"":2,""U65"":4,""U747"":1,""U427"":1,""U365"":1,""U295"":2,""U526"":1,""U600"":1,""U38"":1,""U366"":2,""U499"":1,""U478"":1,""U23"":4,""U126"":2,""U111"":1,""U432"":1,""U519"":1,""U606"":1,""U212"":3,""U612"":1,""U16"":1,""U663"":1,""U561"":1,""U557"":1,""U538"":1,""U431"":1,""U553"":1,""U257"":1,""U420"":2,""U129"":1,""U651"":1,""U523"":1,""U275"":1,""U439"":1,""U263"":1,""U87"":1,""U708"":1,""U282"":1,""U741"":1,""U748"":1,""U357"":1,""U475"":3,""U323"":1,""U645"":3,""U667"":5,""U580"":1,""U525"":1,""U57"":2,""U473"":1,""U589"":1,""U331"":1,""U413"":1,""U6"":1,""U560"":1,""U632"":1,""U682"":1,""U576"":1,""U456"":1,""U148"":1,""U671"":7,""U505"":1,""U217"":1,""U428"":1,""U187"":1,""U332"":1,""U209"":3,""U262"":1,""U305"":3,""U452"":6,""U45"":1,""U443"":3,""U417"":2,""U319"":1,""U469"":1,""U255"":1,""U73"":1,""U734"":2,""U715"":1,""U41"":1,""U75"":3,""U248"":1,""U103"":2,""U222"":1,""U479"":5,""U659"":1,""U369"":1,""U398"":4,""U537"":1,""U406"":1,""U661"":1,""U354"":1,""U235"":1,""U648"":1,""U226"":1,""U178"":1,""U727"":1,""U267"":2,""U688"":6,""U161"":1,""U394"":1,""U497"":1,""U498"":5,""U749"":1,""U195"":1,""U349"":1,""U391"":1,""U542"":1,""U699"":2,""U572"":1,""U679"":1,""U722"":1,""U72"":3,""U698"":3,""U677"":1,""U361"":1,""U60"":1,""U153"":1,""U451"":1,""U196"":1,""U231"":1,""U493"":1,""U151"":3,""U47"":1,""U218"":1,""U530"":1,""U535"":1,""U94"":1,""U644"":1,""U368"":1,""U290"":2,""U169"":1,""U3"":1,""U266"":1,""U240"":4,""U136"":8,""U343"":1,""U585"":1,""U315"":1,""U676"":1,""U628"":1,""U383"":1,""U97"":1,""U408"":1,""U615"":1,""U77"":1,""U350"":1,""U353"":1,""U516"":1,""U703"":1,""U604"":1,""U684"":1,""U140"":1,""U125"":1,""U89"":1,""U506"":4,""U312"":1,""U276"":1,""U689"":1,""U193"":4,""U234"":1,""U145"":1,""U237"":1,""U465"":4,""U591"":1,""U150"":1,""U348"":1,""U527"":1,""U581"":1,""U461"":1,""U244"":1,""U88"":1,""U131"":1,""U480"":1,""U261"":1,""U711"":2,""U230"":1,""U423"":1,""U573"":1,""U280"":1,""U14"":2,""U692"":3,""U726"":1,""U252"":1,""U256"":15,""U524"":1,""U710"":1,""U162"":1,""U540"":1,""U143"":1,""U210"":1,""U299"":1,""U696"":1,""U640"":1,""U311"":1,""U327"":4,""U605"":5,""U176"":1,""U466"":1,""U566"":3,""U121"":1,""U292"":1,""U363"":1,""U390"":1,""U132"":1,""U219"":1,""U515"":1,""U346"":1,""U334"":2,""U1"":1,""U43"":1,""U597"":1,""U302"":2,""U260"":1,""U702"":1,""U543"":1,""U725"":3,""U371"":1,""U658"":1,""U528"":1,""U552"":3,""U503"":1,""U642"":1,""U76"":1,""U488"":1,""U29"":1,""U471"":1,""U117"":1,""U709"":1,""U67"":1,""U510"":1,""U13"":1,""U351"":1,""U149"":1,""U489"":1,""U472"":3,""U135"":1,""U144"":1,""U116"":1,""U624"":3,""U565"":4,""U167"":1,""U421"":1,""U225"":2,""U115"":1,""U250"":4,""U650"":1,""U241"":1,""U568"":1,""U720"":1,""U416"":1,""U434"":2,""U531"":1,""U82"":1,""U496"":1,""U690"":1,""U582"":1,""U300"":1,""U622"":1,""U216"":1,""U588"":1,""U270"":1,""U738"":1,""U78"":3,""U436"":5,""U39"":1,""U68"":1,""U462"":1,""U183"":1,""U287"":1,""U602"":1,""U204"":1,""U382"":1,""U714"":1,""U154"":4,""U630"":1,""U641"":1,""U127"":4,""U182"":2,""U564"":2,""U207"":1,""U268"":1,""U61"":1,""U656"":1,""U141"":3,""U464"":1,""U433"":1,""U158"":1,""U157"":2,""U17"":1,""U686"":1,""U740"":1,""U40"":3,""U164"":1,""U474"":1,""U545"":1,""U133"":1,""U596"":1,""U745"":1,""U425"":1,""U175"":1,""U504"":1,""U739"":1,""U511"":1,""U577"":7,""U717"":1,""U101"":1,""U122"":1,""U458"":1,""U483"":1,""U546"":3,""U719"":1,""U337"":2,""U190"":3,""U80"":2,""U447"":1,""U470"":1,""U401"":1,""U695"":2,""U392"":2,""U742"":1,""U457"":1,""U468"":1,""U672"":6,""U750"":1,""U482"":1,""U303"":1,""U59"":1,""U208"":1,""U681"":1,""U55"":1,""U185"":1,""U610"":1,""U214"":2,""U665"":1,""U4"":4,""U389"":3,""U746"":1,""U544"":1,""U599"":1,""U325"":1,""U522"":1,""U402"":1,""U297"":1,""U25"":1,""U228"":1,""U587"":1,""U174"":1,""U705"":1,""U215"":3,""U42"":4,""U463"":1,""U113"":1,""U675"":1,""U440"":1,""U104"":1,""U246"":1,""U536"":1,""U384"":1,""U294"":1,""U701"":1,""U249"":2,""U233"":1,""U422"":2,""U362"":1,""U550"":1,""U160"":1,""U513"":1,""U407"":1,""U11"":1,""U180"":1,""U265"":1,""U554"":1,""U336"":1,""U197"":1,""U487"":1,""U18"":1,""U520"":1,""U555"":1,""U211"":1,""U429"":1}",592.4830002784729,,,,,true,750,,,Gurobi,gurobi_10min,true,600.0,20260829,16,16,150,,false,ok,0.20599985122680664,network_balanced,network_balanced_hardness_sweep,16,,592.4830002784729,7.83899998664856
1,,,,,-7371.0,Optimal,,MIPSolver,,0.5,heidelberg_network_balanced_n150_b50_u750_path_no_dominance,heidelberg,,false,5.935422602175641e-5,150,2047,150,150,0.5,300,75,aachen_osm_gtfs_bike_agg150_p150_b50_u750,7557,600,750,,,7.3959996700286865,600.0,labeling,,,path,path_no_dominance,false,"{""U396"":1,""U448"":1,""U19"":1,""U166"":2,""U91"":1,""U155"":4,""U415"":1,""U385"":1,""U184"":1,""U716"":1,""U238"":1,""U326"":1,""U142"":1,""U619"":2,""U24"":1,""U109"":1,""U229"":2,""U569"":1,""U179"":1,""U397"":1,""U491"":2,""U243"":1,""U485"":1,""U186"":1,""U359"":1,""U691"":1,""U285"":1,""U492"":1,""U614"":1,""U444"":1,""U583"":1,""U728"":645,""U735"":1,""U616"":92,""U341"":1,""U118"":9,""U533"":6,""U35"":1,""U49"":450,""U321"":1,""U685"":1,""U62"":1,""U5"":1,""U74"":1,""U203"":1,""U729"":1,""U81"":229,""U571"":2,""U213"":1,""U8"":1,""U455"":1,""U177"":2,""U318"":1,""U31"":1,""U611"":1,""U83"":1,""U50"":1,""U139"":1,""U634"":1,""U370"":264,""U508"":580,""U269"":1,""U46"":1,""U147"":1,""U322"":1,""U666"":2,""U71"":2,""U335"":1,""U419"":1,""U578"":1,""U579"":3,""U156"":1,""U592"":1,""U584"":1,""U534"":1,""U441"":1,""U273"":623,""U340"":2,""U223"":1,""U378"":1,""U64"":1,""U495"":1,""U344"":1,""U594"":1,""U700"":1,""U130"":1,""U454"":776,""U477"":1550,""U239"":5,""U51"":2,""U731"":1,""U607"":1,""U617"":75,""U320"":2,""U411"":1,""U34"":1,""U199"":1,""U405"":1,""U304"":1,""U338"":83,""U518"":1,""U37"":1,""U590"":1,""U706"":1,""U296"":2,""U221"":1,""U376"":4,""U328"":1,""U743"":1,""U669"":9,""U108"":1,""U134"":1,""U484"":1,""U486"":1,""U693"":1,""U627"":9,""U63"":1,""U718"":1,""U20"":1,""U171"":1,""U279"":16,""U501"":1,""U660"":1,""U206"":1,""U202"":7,""U339"":1,""U633"":1,""U284"":5,""U247"":1,""U653"":1,""U680"":1,""U232"":2,""U105"":8,""U723"":17,""U352"":1,""U114"":2,""U227"":1,""U56"":2,""U574"":5,""U613"":2,""U70"":1,""U414"":1,""U442"":1,""U490"":3,""U120"":2,""U146"":1,""U173"":3,""U412"":9,""U85"":1,""U418"":1,""U721"":1,""U549"":1,""U467"":1,""U400"":6,""U380"":149,""U194"":1,""U200"":1,""U558"":1,""U453"":1,""U258"":5,""U360"":1,""U670"":12,""U662"":3,""U106"":17,""U694"":4,""U598"":1,""U567"":1,""U36"":1,""U242"":2,""U375"":1,""U521"":28,""U586"":1,""U66"":1,""U79"":1,""U387"":18,""U99"":1,""U317"":1,""U313"":1,""U541"":1,""U562"":1,""U509"":1,""U278"":9,""U410"":1,""U22"":1,""U603"":1,""U310"":1,""U395"":1,""U367"":1,""U181"":1,""U96"":7,""U10"":1,""U381"":1,""U189"":1,""U107"":1,""U697"":2,""U372"":2,""U293"":1,""U264"":1,""U7"":1,""U551"":1,""U636"":1,""U647"":1,""U563"":50,""U374"":1,""U345"":2,""U502"":3,""U678"":1,""U481"":1,""U404"":1,""U138"":1,""U324"":1,""U119"":2,""U347"":171,""U316"":1,""U730"":1,""U377"":1,""U386"":1,""U437"":1,""U529"":2,""U595"":1,""U48"":1,""U9"":1,""U559"":284,""U652"":1,""U512"":1,""U625"":3,""U152"":1,""U289"":1,""U188"":1,""U639"":1,""U646"":1,""U399"":1,""U274"":1,""U446"":1,""U631"":1,""U438"":3,""U90"":1,""U54"":2,""U435"":1,""U307"":1,""U732"":1,""U713"":1,""U445"":145,""U393"":1,""U403"":1,""U450"":1,""U737"":1,""U356"":1,""U93"":2,""U430"":1,""U84"":1,""U291"":1,""U687"":1,""U548"":1,""U192"":1,""U259"":3,""U102"":1,""U476"":2,""U364"":1,""U556"":1,""U355"":4,""U373"":1,""U128"":4,""U459"":6,""U657"":1,""U198"":1,""U494"":1,""U27"":1,""U191"":2,""U124"":5,""U664"":20,""U623"":1,""U635"":1,""U733"":1,""U637"":1,""U28"":1,""U52"":1,""U251"":40,""U314"":1,""U254"":1,""U69"":21,""U507"":1,""U112"":3,""U329"":3,""U201"":1,""U281"":1,""U2"":53,""U333"":1,""U704"":1,""U92"":1,""U449"":1,""U308"":2,""U286"":1,""U32"":27,""U298"":1,""U283"":1,""U707"":13,""U123"":2,""U668"":1,""U58"":1,""U205"":1,""U172"":1,""U12"":1,""U654"":1,""U626"":1,""U224"":1,""U609"":1,""U277"":1,""U30"":1,""U409"":1,""U517"":1,""U593"":1,""U330"":1,""U220"":1,""U388"":1,""U736"":3,""U309"":2,""U724"":1,""U271"":1,""U643"":1,""U620"":2,""U674"":2,""U379"":1,""U683"":1,""U86"":7,""U26"":1,""U236"":1,""U163"":1,""U110"":1,""U655"":1,""U629"":1,""U358"":1,""U514"":1,""U608"":111,""U618"":1,""U159"":1,""U98"":1,""U744"":5,""U245"":1,""U44"":1,""U649"":1,""U712"":1,""U137"":29,""U168"":1,""U53"":2,""U673"":1,""U95"":13,""U424"":1,""U539"":1,""U301"":7,""U165"":1,""U460"":1,""U500"":1,""U288"":1,""U570"":1,""U547"":1,""U638"":1,""U532"":1,""U426"":1,""U21"":1,""U306"":1,""U342"":1,""U33"":10,""U272"":1,""U253"":2,""U170"":2,""U15"":1,""U601"":1,""U575"":34,""U100"":1,""U621"":3,""U65"":4,""U747"":1,""U427"":1,""U365"":1,""U295"":9,""U526"":1,""U600"":2,""U38"":1,""U366"":4,""U499"":1,""U478"":1,""U23"":5,""U126"":3,""U111"":1,""U432"":1,""U519"":1,""U606"":1,""U212"":3,""U612"":1,""U16"":1,""U663"":1,""U561"":1,""U557"":1,""U538"":1,""U431"":1,""U553"":1,""U257"":1,""U420"":13,""U129"":1,""U651"":1,""U523"":1,""U275"":1,""U439"":1,""U263"":1,""U87"":1,""U708"":2,""U282"":1,""U741"":1,""U748"":1,""U357"":2,""U475"":3,""U323"":1,""U645"":5,""U667"":14,""U580"":1,""U525"":1,""U57"":14,""U473"":1,""U589"":1,""U331"":1,""U413"":1,""U6"":1,""U560"":1,""U632"":1,""U682"":1,""U576"":1,""U456"":1,""U148"":1,""U671"":7,""U505"":1,""U217"":1,""U428"":1,""U187"":1,""U332"":1,""U209"":3,""U262"":1,""U305"":3,""U452"":75,""U45"":1,""U443"":42,""U417"":2,""U319"":2,""U469"":1,""U255"":1,""U73"":1,""U734"":9,""U715"":1,""U41"":1,""U75"":12,""U248"":1,""U103"":3,""U222"":1,""U479"":277,""U659"":1,""U369"":1,""U398"":4,""U537"":1,""U406"":1,""U661"":1,""U354"":1,""U235"":1,""U648"":1,""U226"":1,""U178"":1,""U727"":1,""U267"":8,""U688"":31,""U161"":1,""U394"":1,""U497"":1,""U498"":64,""U749"":1,""U195"":1,""U349"":1,""U391"":1,""U542"":1,""U699"":5,""U572"":1,""U679"":1,""U722"":1,""U72"":3,""U698"":5,""U677"":1,""U361"":1,""U60"":1,""U153"":1,""U451"":1,""U196"":1,""U231"":1,""U493"":1,""U151"":4,""U47"":1,""U218"":1,""U530"":1,""U535"":1,""U94"":1,""U644"":1,""U368"":1,""U290"":3,""U169"":1,""U3"":1,""U266"":1,""U240"":4,""U136"":62,""U343"":1,""U585"":1,""U315"":1,""U676"":1,""U628"":1,""U383"":1,""U97"":1,""U408"":1,""U615"":1,""U77"":1,""U350"":2,""U353"":1,""U516"":1,""U703"":1,""U604"":1,""U684"":1,""U140"":1,""U125"":1,""U89"":1,""U506"":5,""U312"":1,""U276"":1,""U689"":1,""U193"":7,""U234"":1,""U145"":1,""U237"":1,""U465"":129,""U591"":1,""U150"":1,""U348"":1,""U527"":1,""U581"":1,""U461"":1,""U244"":1,""U88"":1,""U131"":1,""U480"":1,""U261"":1,""U711"":24,""U230"":1,""U423"":1,""U573"":1,""U280"":1,""U14"":3,""U692"":21,""U726"":1,""U252"":1,""U256"":42,""U524"":1,""U710"":1,""U162"":1,""U540"":1,""U143"":1,""U210"":1,""U299"":1,""U696"":1,""U640"":1,""U311"":1,""U327"":7,""U605"":27,""U176"":1,""U466"":1,""U566"":6,""U121"":1,""U292"":1,""U363"":1,""U390"":1,""U132"":1,""U219"":1,""U515"":1,""U346"":1,""U334"":2,""U1"":1,""U43"":1,""U597"":1,""U302"":2,""U260"":1,""U702"":1,""U543"":1,""U725"":7,""U371"":1,""U658"":1,""U528"":1,""U552"":15,""U503"":1,""U642"":1,""U76"":1,""U488"":1,""U29"":1,""U471"":1,""U117"":1,""U709"":1,""U67"":1,""U510"":1,""U13"":1,""U351"":1,""U149"":1,""U489"":1,""U472"":7,""U135"":1,""U144"":1,""U116"":1,""U624"":3,""U565"":16,""U167"":1,""U421"":1,""U225"":2,""U115"":1,""U250"":12,""U650"":1,""U241"":1,""U568"":1,""U720"":1,""U416"":1,""U434"":2,""U531"":1,""U82"":1,""U496"":1,""U690"":1,""U582"":1,""U300"":1,""U622"":1,""U216"":1,""U588"":1,""U270"":1,""U738"":1,""U78"":5,""U436"":36,""U39"":1,""U68"":1,""U462"":2,""U183"":1,""U287"":1,""U602"":1,""U204"":1,""U382"":1,""U714"":1,""U154"":6,""U630"":1,""U641"":1,""U127"":77,""U182"":4,""U564"":6,""U207"":1,""U268"":1,""U61"":1,""U656"":1,""U141"":16,""U464"":1,""U433"":1,""U158"":1,""U157"":4,""U17"":1,""U686"":1,""U740"":1,""U40"":65,""U164"":1,""U474"":1,""U545"":1,""U133"":1,""U596"":1,""U745"":1,""U425"":1,""U175"":1,""U504"":1,""U739"":1,""U511"":1,""U577"":17,""U717"":2,""U101"":1,""U122"":1,""U458"":1,""U483"":1,""U546"":3,""U719"":1,""U337"":3,""U190"":3,""U80"":3,""U447"":1,""U470"":1,""U401"":1,""U695"":3,""U392"":16,""U742"":2,""U457"":1,""U468"":1,""U672"":8,""U750"":1,""U482"":1,""U303"":1,""U59"":1,""U208"":1,""U681"":1,""U55"":1,""U185"":1,""U610"":1,""U214"":6,""U665"":1,""U4"":17,""U389"":5,""U746"":1,""U544"":1,""U599"":1,""U325"":1,""U522"":1,""U402"":1,""U297"":1,""U25"":1,""U228"":1,""U587"":1,""U174"":1,""U705"":1,""U215"":8,""U42"":5,""U463"":1,""U113"":1,""U675"":1,""U440"":1,""U104"":1,""U246"":1,""U536"":1,""U384"":1,""U294"":1,""U701"":1,""U249"":2,""U233"":1,""U422"":2,""U362"":1,""U550"":1,""U160"":1,""U513"":1,""U407"":1,""U11"":1,""U180"":1,""U265"":1,""U554"":1,""U336"":1,""U197"":1,""U487"":2,""U18"":1,""U520"":1,""U555"":1,""U211"":1,""U429"":1}",592.6040003299713,,,,,false,750,,,Gurobi,gurobi_10min,true,600.0,20260829,16,16,150,,false,ok,1.1009998321533203,network_balanced,network_balanced_hardness_sweep,16,,592.6040003299713,9.686000108718872
1,,,,,,Timelimit,,MIPSolver,,0.5,heidelberg_network_balanced_n150_b50_u1000_sd_fixed_network_path,heidelberg,,false,1.0e100,150,2047,150,150,0.5,300,75,aachen_osm_gtfs_bike_agg150_p150_b50_u1000,7557,600,1000,fixed_network_path,true,,,,false,,sd,sd_fixed_network_path,,,,,,,,,1000,,,Gurobi,gurobi_10min,true,600.0,20260829,16,16,150,,false,timeout,601.1369998455048,network_balanced,network_balanced_hardness_sweep,16,,600.0,950.5649998188019
0,,,,,,Memory_Limit,,MIPSolver,,0.5,heidelberg_network_balanced_n150_b50_u1000_sd_n_minus_1,heidelberg,,false,1.0e100,150,2047,150,150,0.5,300,75,aachen_osm_gtfs_bike_agg150_p150_b50_u1000,7557,600,1000,n_minus_one_most_expensive,true,,,,false,,sd,sd_n_minus_1,,,,,,,,,1000,,,Gurobi,gurobi_10min,true,600.0,20260829,16,16,150,,false,memory_limit,331.71999979019165,network_balanced,network_balanced_hardness_sweep,16,,600.0,594.6360001564026
1,,1000,,1000,,Timelimit,2.0692075,BlCSolver,,0.5,heidelberg_network_balanced_n150_b50_u1000_blc_astar_fixed_network_path,heidelberg,,false,1.0e100,150,2047,150,150,0.5,300,75,aachen_osm_gtfs_bike_agg150_p150_b50_u1000,7557,600,1000,fixed_network_path,,,,,,7566558,blc,blc_astar_fixed_network_path,,,,0,0,astar,null,,1000,true,16,Gurobi,gurobi_10min,true,600.0,20260829,16,16,150,,false,timeout,601.0720000267029,network_balanced,network_balanced_hardness_sweep,16,16,600.0,923.9210000038147
1,,1000,,1000,,Timelimit,4.6027382,BlCSolver,,0.5,heidelberg_network_balanced_n150_b50_u1000_blc_astar_n_minus_1,heidelberg,,false,1.0e100,150,2047,150,150,0.5,300,75,aachen_osm_gtfs_bike_agg150_p150_b50_u1000,7557,600,1000,n_minus_one_most_expensive,,,,,,7566558,blc,blc_astar_n_minus_1,,,,0,0,astar,null,,1000,true,16,Gurobi,gurobi_10min,true,600.0,20260829,16,16,150,,false,timeout,600.757000207901,network_balanced,network_balanced_hardness_sweep,16,16,600.0,840.7990000247955
1,,,,,-10281.0,Optimal,,MIPSolver,,0.5,heidelberg_network_balanced_n150_b50_u1000_path_dominance,heidelberg,,false,0.0,150,2047,150,150,0.5,300,75,aachen_osm_gtfs_bike_agg150_p150_b50_u1000,7557,600,1000,,,9.853000164031982,600.0,labeling,,,path,path_dominance,false,"{""U828"":1,""U396"":1,""U448"":1,""U893"":1,""U19"":1,""U166"":2,""U91"":1,""U155"":1,""U415"":1,""U385"":1,""U980"":1,""U184"":1,""U909"":3,""U716"":1,""U238"":1,""U326"":1,""U851"":1,""U993"":1,""U917"":1,""U930"":1,""U142"":1,""U619"":3,""U24"":1,""U109"":1,""U229"":1,""U569"":1,""U179"":2,""U397"":1,""U491"":1,""U892"":2,""U243"":1,""U485"":5,""U961"":2,""U186"":1,""U359"":2,""U874"":1,""U876"":1,""U691"":2,""U285"":2,""U981"":2,""U492"":3,""U867"":1,""U614"":1,""U444"":1,""U583"":1,""U728"":1,""U735"":1,""U886"":1,""U616"":1,""U341"":1,""U816"":1,""U118"":1,""U533"":1,""U35"":1,""U49"":1,""U321"":1,""U685"":1,""U62"":1,""U5"":1,""U74"":1,""U203"":1,""U729"":2,""U81"":3,""U571"":1,""U776"":1,""U820"":1,""U979"":1,""U984"":1,""U213"":1,""U8"":1,""U455"":1,""U177"":5,""U318"":1,""U31"":1,""U611"":1,""U83"":1,""U50"":1,""U139"":6,""U634"":1,""U751"":3,""U370"":1,""U864"":1,""U508"":3,""U869"":1,""U269"":7,""U46"":1,""U147"":1,""U322"":1,""U666"":1,""U839"":1,""U71"":5,""U335"":1,""U419"":1,""U578"":2,""U579"":1,""U156"":1,""U953"":1,""U592"":1,""U584"":1,""U534"":1,""U441"":3,""U966"":12,""U757"":1,""U761"":1,""U783"":1,""U273"":3,""U340"":1,""U919"":1,""U223"":1,""U378"":1,""U64"":1,""U495"":1,""U344"":1,""U594"":1,""U700"":1,""U842"":2,""U130"":1,""U922"":1,""U987"":1,""U454"":2,""U477"":4,""U239"":1,""U51"":1,""U731"":1,""U868"":1,""U989"":4,""U819"":1,""U946"":1,""U607"":5,""U617"":1,""U320"":1,""U411"":1,""U810"":2,""U34"":1,""U760"":3,""U934"":1,""U199"":1,""U405"":1,""U787"":1,""U304"":1,""U338"":1,""U518"":1,""U772"":1,""U37"":3,""U590"":2,""U706"":4,""U881"":1,""U296"":1,""U221"":1,""U954"":4,""U376"":1,""U328"":1,""U743"":1,""U669"":1,""U108"":1,""U134"":1,""U484"":1,""U486"":1,""U693"":1,""U627"":1,""U63"":1,""U718"":1,""U20"":1,""U847"":3,""U885"":4,""U171"":1,""U279"":1,""U501"":2,""U660"":1,""U794"":1,""U206"":1,""U202"":1,""U921"":1,""U339"":1,""U633"":1,""U818"":1,""U284"":1,""U882"":5,""U976"":1,""U247"":1,""U653"":1,""U879"":1,""U680"":15,""U232"":1,""U105"":1,""U723"":1,""U352"":1,""U114"":1,""U227"":19,""U56"":1,""U574"":1,""U613"":1,""U70"":1,""U414"":4,""U877"":1,""U442"":1,""U490"":1,""U838"":1,""U848"":25,""U931"":1,""U120"":2,""U146"":1,""U173"":1,""U412"":1,""U965"":3,""U821"":1,""U85"":1,""U418"":1,""U721"":1,""U549"":1,""U467"":4,""U400"":1,""U380"":1,""U194"":2,""U200"":1,""U843"":1,""U558"":9,""U453"":1,""U258"":1,""U360"":1,""U670"":1,""U662"":3,""U106"":1,""U694"":1,""U598"":1,""U567"":1,""U36"":20,""U242"":1,""U894"":3,""U375"":1,""U521"":1,""U586"":1,""U66"":3,""U79"":1,""U387"":1,""U99"":1,""U317"":1,""U313"":2,""U541"":2,""U840"":1,""U562"":1,""U824"":1,""U871"":12,""U509"":1,""U911"":1,""U278"":1,""U410"":1,""U22"":1,""U804"":1,""U603"":1,""U310"":1,""U395"":2,""U367"":1,""U939"":1,""U181"":1,""U929"":1,""U96"":1,""U10"":1,""U785"":1,""U924"":1,""U789"":1,""U381"":1,""U189"":1,""U107"":1,""U974"":1,""U784"":1,""U697"":2,""U372"":1,""U293"":2,""U836"":1,""U991"":2,""U264"":1,""U7"":1,""U551"":1,""U636"":1,""U647"":15,""U782"":1,""U856"":1,""U563"":1,""U374"":1,""U345"":1,""U502"":2,""U678"":1,""U481"":1,""U855"":1,""U404"":1,""U138"":1,""U324"":1,""U920"":1,""U119"":1,""U347"":7,""U764"":1,""U316"":1,""U900"":8,""U730"":1,""U377"":1,""U386"":2,""U437"":1,""U529"":1,""U595"":1,""U48"":2,""U943"":1,""U859"":1,""U9"":6,""U559"":1,""U652"":1,""U862"":1,""U512"":1,""U625"":12,""U152"":1,""U945"":1,""U289"":1,""U896"":1,""U188"":1,""U639"":9,""U646"":3,""U769"":5,""U399"":1,""U274"":1,""U446"":1,""U631"":1,""U438"":1,""U90"":1,""U54"":1,""U996"":1,""U866"":6,""U435"":1,""U307"":1,""U923"":1,""U732"":1,""U713"":1,""U445"":1,""U393"":1,""U403"":5,""U937"":1,""U450"":1,""U737"":1,""U356"":1,""U93"":1,""U430"":1,""U84"":1,""U291"":2,""U687"":1,""U548"":1,""U192"":1,""U259"":1,""U102"":6,""U476"":3,""U364"":9,""U556"":1,""U887"":1,""U958"":1,""U355"":1,""U373"":1,""U891"":1,""U128"":1,""U459"":1,""U657"":1,""U198"":1,""U494"":1,""U27"":3,""U191"":1,""U124"":1,""U985"":1,""U664"":1,""U623"":1,""U635"":1,""U733"":1,""U637"":1,""U28"":4,""U52"":1,""U251"":1,""U314"":1,""U952"":1,""U254"":1,""U950"":1,""U69"":1,""U507"":1,""U112"":1,""U849"":1,""U329"":21,""U201"":1,""U281"":1,""U774"":1,""U2"":1,""U333"":1,""U704"":1,""U92"":1,""U766"":4,""U449"":1,""U308"":1,""U286"":1,""U32"":1,""U298"":1,""U283"":1,""U707"":1,""U123"":1,""U668"":2,""U58"":1,""U205"":1,""U172"":1,""U12"":6,""U654"":1,""U626"":1,""U224"":2,""U609"":1,""U277"":1,""U30"":2,""U409"":15,""U517"":1,""U593"":1,""U803"":1,""U330"":1,""U220"":1,""U388"":1,""U736"":1,""U309"":1,""U724"":1,""U271"":2,""U643"":1,""U620"":1,""U674"":1,""U379"":1,""U683"":2,""U834"":2,""U86"":1,""U26"":1,""U236"":2,""U825"":6,""U951"":1,""U163"":1,""U110"":19,""U949"":1,""U655"":1,""U629"":1,""U358"":2,""U514"":1,""U608"":1,""U618"":1,""U770"":1,""U159"":1,""U947"":1,""U98"":1,""U744"":1,""U245"":5,""U44"":10,""U649"":1,""U712"":1,""U137"":1,""U168"":25,""U53"":1,""U975"":1,""U673"":1,""U95"":1,""U424"":20,""U539"":1,""U301"":25,""U165"":1,""U460"":1,""U500"":1,""U942"":9,""U288"":1,""U570"":1,""U928"":1,""U962"":10,""U547"":1,""U638"":1,""U532"":1,""U426"":1,""U21"":1,""U306"":1,""U963"":2,""U342"":1,""U33"":1,""U272"":1,""U253"":1,""U777"":1,""U992"":1,""U170"":1,""U15"":1,""U601"":1,""U575"":1,""U977"":1,""U100"":1,""U799"":1,""U621"":1,""U65"":1,""U747"":1,""U427"":1,""U365"":1,""U295"":3,""U970"":4,""U526"":4,""U835"":21,""U801"":1,""U600"":1,""U38"":1,""U366"":1,""U499"":4,""U478"":2,""U23"":8,""U982"":1,""U845"":1,""U126"":1,""U111"":1,""U432"":1,""U519"":1,""U802"":1,""U606"":1,""U212"":1,""U612"":3,""U16"":1,""U875"":15,""U663"":1,""U561"":1,""U557"":2,""U538"":1,""U431"":1,""U553"":3,""U257"":1,""U758"":1,""U420"":1,""U906"":1,""U762"":1,""U129"":2,""U651"":1,""U941"":4,""U523"":1,""U275"":3,""U439"":1,""U800"":4,""U263"":1,""U935"":1,""U87"":7,""U708"":1,""U282"":1,""U741"":3,""U748"":1,""U357"":1,""U815"":1,""U475"":1,""U323"":2,""U645"":1,""U667"":1,""U580"":2,""U525"":1,""U57"":3,""U473"":1,""U589"":1,""U826"":2,""U331"":2,""U413"":1,""U6"":1,""U560"":2,""U632"":1,""U682"":5,""U576"":1,""U846"":1,""U926"":1,""U456"":1,""U148"":2,""U671"":1,""U505"":1,""U753"":25,""U217"":2,""U428"":1,""U933"":1,""U187"":1,""U332"":1,""U823"":1,""U209"":1,""U262"":1,""U305"":1,""U452"":2,""U45"":4,""U889"":2,""U443"":1,""U417"":1,""U319"":1,""U853"":1,""U469"":7,""U255"":1,""U73"":1,""U734"":1,""U715"":1,""U983"":1,""U910"":1,""U41"":1,""U75"":1,""U248"":1,""U103"":1,""U222"":1,""U795"":1,""U479"":1,""U659"":1,""U369"":1,""U897"":3,""U811"":1,""U398"":15,""U537"":1,""U406"":1,""U806"":1,""U661"":1,""U354"":1,""U235"":1,""U648"":3,""U226"":1,""U178"":5,""U727"":3,""U267"":1,""U688"":1,""U161"":1,""U394"":1,""U497"":1,""U830"":1,""U498"":1,""U749"":1,""U999"":15,""U195"":1,""U349"":1,""U767"":1,""U391"":1,""U542"":1,""U878"":1,""U699"":1,""U572"":1,""U679"":1,""U722"":1,""U72"":1,""U698"":1,""U677"":2,""U361"":7,""U60"":1,""U153"":1,""U913"":1,""U773"":3,""U451"":1,""U196"":1,""U231"":1,""U493"":1,""U908"":1,""U151"":3,""U47"":1,""U218"":1,""U530"":1,""U986"":1,""U535"":9,""U94"":1,""U788"":2,""U644"":1,""U368"":1,""U759"":1,""U290"":1,""U169"":1,""U3"":1,""U266"":1,""U240"":4,""U136"":1,""U343"":1,""U585"":2,""U315"":1,""U676"":1,""U628"":3,""U383"":1,""U990"":1,""U97"":1,""U865"":1,""U408"":1,""U755"":1,""U615"":1,""U77"":2,""U884"":1,""U350"":1,""U940"":1,""U353"":1,""U960"":1,""U516"":1,""U703"":1,""U604"":1,""U684"":1,""U140"":1,""U125"":5,""U912"":2,""U89"":1,""U780"":1,""U506"":1,""U972"":1,""U312"":1,""U276"":1,""U689"":1,""U193"":1,""U234"":2,""U145"":1,""U817"":1,""U237"":1,""U465"":1,""U591"":20,""U150"":2,""U348"":1,""U527"":2,""U581"":2,""U461"":1,""U813"":17,""U244"":1,""U88"":4,""U903"":1,""U131"":2,""U870"":1,""U973"":1,""U480"":1,""U997"":1,""U812"":6,""U261"":1,""U711"":5,""U230"":1,""U423"":1,""U901"":9,""U573"":2,""U280"":1,""U14"":1,""U692"":1,""U726"":1,""U252"":2,""U256"":6,""U916"":1,""U915"":4,""U907"":1,""U524"":1,""U918"":1,""U932"":1,""U710"":1,""U162"":1,""U899"":6,""U540"":1,""U854"":1,""U858"":1,""U756"":1,""U143"":1,""U210"":1,""U814"":5,""U805"":1,""U299"":1,""U883"":1,""U696"":1,""U640"":1,""U311"":1,""U852"":1,""U327"":1,""U827"":1,""U605"":1,""U176"":12,""U466"":1,""U566"":1,""U121"":1,""U292"":1,""U971"":1,""U363"":3,""U390"":1,""U905"":1,""U132"":1,""U219"":1,""U515"":1,""U790"":1,""U346"":1,""U334"":6,""U850"":1,""U779"":1,""U1"":1,""U43"":1,""U597"":7,""U302"":1,""U260"":1,""U860"":1,""U702"":1,""U543"":1,""U957"":1,""U725"":3,""U371"":6,""U658"":1,""U528"":3,""U552"":1,""U503"":1,""U642"":1,""U76"":1,""U488"":1,""U29"":1,""U471"":2,""U117"":1,""U709"":1,""U67"":1,""U510"":1,""U13"":1,""U351"":3,""U149"":1,""U895"":1,""U489"":3,""U472"":1,""U872"":1,""U135"":1,""U144"":1,""U116"":13,""U624"":2,""U565"":1,""U167"":1,""U421"":1,""U225"":1,""U115"":2,""U250"":3,""U650"":3,""U241"":1,""U568"":2,""U720"":1,""U775"":1,""U416"":1,""U763"":7,""U434"":2,""U531"":1,""U797"":1,""U754"":1,""U994"":10,""U82"":1,""U496"":1,""U690"":1,""U880"":1,""U582"":1,""U300"":15,""U622"":1,""U964"":9,""U216"":1,""U861"":1,""U588"":1,""U270"":1,""U738"":6,""U78"":1,""U436"":3,""U39"":1,""U68"":1,""U969"":1,""U462"":1,""U183"":1,""U287"":1,""U602"":9,""U204"":11,""U904"":1,""U807"":1,""U382"":1,""U791"":1,""U714"":1,""U154"":4,""U844"":2,""U630"":1,""U641"":1,""U781"":1,""U127"":3,""U182"":1,""U564"":1,""U207"":1,""U268"":3,""U61"":1,""U656"":2,""U141"":3,""U464"":1,""U433"":1,""U857"":1,""U158"":1,""U948"":1,""U157"":2,""U17"":1,""U686"":1,""U902"":1,""U740"":3,""U752"":1,""U40"":1,""U164"":1,""U474"":1,""U545"":1,""U133"":1,""U596"":1,""U745"":1,""U425"":1,""U175"":1,""U978"":3,""U504"":5,""U1000"":1,""U995"":1,""U739"":1,""U837"":1,""U511"":2,""U577"":1,""U717"":1,""U786"":1,""U968"":1,""U101"":1,""U768"":1,""U122"":2,""U936"":1,""U458"":1,""U483"":1,""U546"":1,""U841"":3,""U719"":1,""U337"":1,""U190"":1,""U80"":1,""U793"":1,""U447"":1,""U470"":1,""U401"":1,""U925"":7,""U695"":1,""U392"":1,""U833"":1,""U742"":1,""U832"":7,""U457"":5,""U468"":10,""U672"":1,""U750"":1,""U956"":1,""U482"":2,""U303"":1,""U59"":2,""U831"":1,""U914"":1,""U809"":1,""U822"":1,""U208"":2,""U681"":1,""U944"":1,""U55"":1,""U185"":1,""U610"":1,""U214"":1,""U665"":1,""U988"":1,""U4"":1,""U389"":1,""U746"":5,""U765"":1,""U959"":1,""U544"":2,""U599"":6,""U325"":1,""U522"":1,""U890"":1,""U402"":3,""U297"":1,""U25"":1,""U228"":1,""U587"":2,""U174"":8,""U778"":1,""U705"":2,""U792"":1,""U796"":1,""U215"":1,""U798"":1,""U42"":17,""U463"":1,""U113"":1,""U675"":1,""U440"":1,""U104"":12,""U998"":1,""U771"":1,""U808"":1,""U938"":1,""U246"":1,""U536"":11,""U384"":1,""U955"":1,""U294"":1,""U873"":1,""U967"":1,""U701"":1,""U249"":1,""U233"":1,""U863"":1,""U888"":2,""U422"":1,""U362"":9,""U550"":4,""U160"":1,""U513"":1,""U407"":1,""U11"":1,""U180"":1,""U265"":1,""U554"":2,""U336"":2,""U197"":1,""U927"":1,""U487"":1,""U829"":1,""U18"":1,""U520"":1,""U555"":1,""U211"":1,""U898"":1,""U429"":1}",590.146999835968,,,,,true,1000,,,Gurobi,gurobi_10min,true,600.0,20260829,16,16,150,,false,ok,0.4479999542236328,network_balanced,network_balanced_hardness_sweep,16,,590.146999835968,10.483999967575073
15,,,,,-10281.0,Optimal,,MIPSolver,,0.5,heidelberg_network_balanced_n150_b50_u1000_path_no_dominance,heidelberg,,false,0.0,150,2047,150,150,0.5,300,75,aachen_osm_gtfs_bike_agg150_p150_b50_u1000,7557,600,1000,,,10.84299921989441,600.0,labeling,,,path,path_no_dominance,false,"{""U828"":1,""U396"":1,""U448"":1,""U893"":1,""U19"":1,""U166"":3,""U91"":1,""U155"":1,""U415"":1,""U385"":1,""U980"":1,""U184"":1,""U909"":4,""U716"":1,""U238"":1,""U326"":1,""U851"":1,""U993"":1,""U917"":1,""U930"":2,""U142"":1,""U619"":40,""U24"":1,""U109"":1,""U229"":1,""U569"":1,""U179"":7,""U397"":1,""U491"":1,""U892"":4,""U243"":1,""U485"":15,""U961"":2,""U186"":1,""U359"":12,""U874"":1,""U876"":1,""U691"":2,""U285"":2,""U981"":2,""U492"":4,""U867"":1,""U614"":1,""U444"":1,""U583"":1,""U728"":1,""U735"":1,""U886"":1,""U616"":1,""U341"":1,""U816"":1,""U118"":1,""U533"":1,""U35"":1,""U49"":1,""U321"":1,""U685"":1,""U62"":1,""U5"":1,""U74"":1,""U203"":1,""U729"":2,""U81"":4,""U571"":1,""U776"":1,""U820"":1,""U979"":1,""U984"":1,""U213"":1,""U8"":1,""U455"":1,""U177"":9,""U318"":1,""U31"":1,""U611"":1,""U83"":1,""U50"":1,""U139"":46,""U634"":1,""U751"":4,""U370"":1,""U864"":1,""U508"":29,""U869"":1,""U269"":25,""U46"":1,""U147"":1,""U322"":1,""U666"":1,""U839"":1,""U71"":120,""U335"":1,""U419"":1,""U578"":5,""U579"":1,""U156"":1,""U953"":1,""U592"":2,""U584"":1,""U534"":2,""U441"":3,""U966"":22,""U757"":1,""U761"":1,""U783"":1,""U273"":4,""U340"":1,""U919"":1,""U223"":1,""U378"":1,""U64"":1,""U495"":1,""U344"":1,""U594"":1,""U700"":1,""U842"":2,""U130"":1,""U922"":1,""U987"":1,""U454"":3,""U477"":28,""U239"":1,""U51"":1,""U731"":1,""U868"":1,""U989"":15,""U819"":1,""U946"":1,""U607"":8,""U617"":1,""U320"":1,""U411"":1,""U810"":3,""U34"":1,""U760"":5,""U934"":1,""U199"":1,""U405"":1,""U787"":2,""U304"":1,""U338"":1,""U518"":1,""U772"":1,""U37"":4,""U590"":7,""U706"":27,""U881"":1,""U296"":1,""U221"":1,""U954"":4,""U376"":1,""U328"":1,""U743"":1,""U669"":1,""U108"":1,""U134"":1,""U484"":1,""U486"":1,""U693"":1,""U627"":1,""U63"":1,""U718"":1,""U20"":1,""U847"":3,""U885"":19,""U171"":1,""U279"":1,""U501"":2,""U660"":1,""U794"":1,""U206"":1,""U202"":1,""U921"":1,""U339"":1,""U633"":1,""U818"":1,""U284"":1,""U882"":43,""U976"":1,""U247"":1,""U653"":1,""U879"":1,""U680"":557,""U232"":1,""U105"":1,""U723"":1,""U352"":1,""U114"":1,""U227"":544,""U56"":1,""U574"":1,""U613"":1,""U70"":2,""U414"":34,""U877"":1,""U442"":1,""U490"":1,""U838"":1,""U848"":856,""U931"":1,""U120"":3,""U146"":1,""U173"":1,""U412"":1,""U965"":8,""U821"":1,""U85"":1,""U418"":1,""U721"":1,""U549"":1,""U467"":4,""U400"":1,""U380"":1,""U194"":3,""U200"":1,""U843"":1,""U558"":88,""U453"":1,""U258"":1,""U360"":1,""U670"":1,""U662"":5,""U106"":1,""U694"":1,""U598"":1,""U567"":1,""U36"":1633,""U242"":2,""U894"":8,""U375"":1,""U521"":1,""U586"":1,""U66"":6,""U79"":1,""U387"":1,""U99"":1,""U317"":1,""U313"":3,""U541"":3,""U840"":1,""U562"":1,""U824"":1,""U871"":41,""U509"":1,""U911"":1,""U278"":1,""U410"":1,""U22"":1,""U804"":1,""U603"":1,""U310"":1,""U395"":3,""U367"":1,""U939"":1,""U181"":1,""U929"":1,""U96"":1,""U10"":1,""U785"":1,""U924"":1,""U789"":1,""U381"":1,""U189"":1,""U107"":1,""U974"":1,""U784"":1,""U697"":3,""U372"":1,""U293"":2,""U836"":2,""U991"":3,""U264"":1,""U7"":2,""U551"":1,""U636"":2,""U647"":832,""U782"":1,""U856"":1,""U563"":1,""U374"":1,""U345"":1,""U502"":5,""U678"":1,""U481"":1,""U855"":1,""U404"":1,""U138"":2,""U324"":1,""U920"":1,""U119"":1,""U347"":130,""U764"":1,""U316"":1,""U900"":42,""U730"":1,""U377"":1,""U386"":2,""U437"":1,""U529"":1,""U595"":1,""U48"":17,""U943"":1,""U859"":1,""U9"":48,""U559"":1,""U652"":1,""U862"":1,""U512"":1,""U625"":80,""U152"":1,""U945"":1,""U289"":1,""U896"":1,""U188"":1,""U639"":77,""U646"":3,""U769"":80,""U399"":1,""U274"":1,""U446"":1,""U631"":1,""U438"":2,""U90"":1,""U54"":1,""U996"":1,""U866"":7,""U435"":1,""U307"":1,""U923"":1,""U732"":1,""U713"":1,""U445"":1,""U393"":1,""U403"":67,""U937"":1,""U450"":1,""U737"":2,""U356"":1,""U93"":1,""U430"":1,""U84"":1,""U291"":3,""U687"":1,""U548"":1,""U192"":2,""U259"":1,""U102"":39,""U476"":7,""U364"":9,""U556"":1,""U887"":1,""U958"":1,""U355"":1,""U373"":1,""U891"":1,""U128"":1,""U459"":1,""U657"":1,""U198"":1,""U494"":1,""U27"":15,""U191"":1,""U124"":1,""U985"":1,""U664"":1,""U623"":1,""U635"":1,""U733"":1,""U637"":1,""U28"":12,""U52"":1,""U251"":1,""U314"":1,""U952"":1,""U254"":1,""U950"":1,""U69"":1,""U507"":1,""U112"":1,""U849"":1,""U329"":65,""U201"":1,""U281"":1,""U774"":1,""U2"":1,""U333"":1,""U704"":1,""U92"":1,""U766"":5,""U449"":1,""U308"":2,""U286"":1,""U32"":1,""U298"":1,""U283"":2,""U707"":1,""U123"":1,""U668"":2,""U58"":1,""U205"":1,""U172"":1,""U12"":89,""U654"":1,""U626"":1,""U224"":2,""U609"":1,""U277"":1,""U30"":7,""U409"":312,""U517"":2,""U593"":1,""U803"":2,""U330"":1,""U220"":1,""U388"":1,""U736"":1,""U309"":1,""U724"":1,""U271"":18,""U643"":1,""U620"":1,""U674"":1,""U379"":1,""U683"":27,""U834"":2,""U86"":1,""U26"":1,""U236"":22,""U825"":47,""U951"":1,""U163"":1,""U110"":81,""U949"":1,""U655"":1,""U629"":1,""U358"":21,""U514"":1,""U608"":1,""U618"":1,""U770"":1,""U159"":1,""U947"":1,""U98"":2,""U744"":2,""U245"":38,""U44"":207,""U649"":1,""U712"":1,""U137"":1,""U168"":123,""U53"":2,""U975"":1,""U673"":1,""U95"":1,""U424"":1738,""U539"":1,""U301"":83,""U165"":1,""U460"":1,""U500"":1,""U942"":278,""U288"":1,""U570"":1,""U928"":1,""U962"":287,""U547"":1,""U638"":1,""U532"":1,""U426"":1,""U21"":1,""U306"":1,""U963"":7,""U342"":1,""U33"":1,""U272"":1,""U253"":1,""U777"":1,""U992"":2,""U170"":1,""U15"":1,""U601"":1,""U575"":2,""U977"":1,""U100"":1,""U799"":1,""U621"":1,""U65"":1,""U747"":1,""U427"":1,""U365"":1,""U295"":4,""U970"":21,""U526"":18,""U835"":447,""U801"":1,""U600"":1,""U38"":1,""U366"":1,""U499"":28,""U478"":2,""U23"":476,""U982"":1,""U845"":1,""U126"":1,""U111"":1,""U432"":1,""U519"":1,""U802"":1,""U606"":1,""U212"":1,""U612"":3,""U16"":1,""U875"":105,""U663"":1,""U561"":1,""U557"":2,""U538"":1,""U431"":1,""U553"":3,""U257"":1,""U758"":1,""U420"":1,""U906"":1,""U762"":1,""U129"":36,""U651"":2,""U941"":29,""U523"":1,""U275"":15,""U439"":1,""U800"":11,""U263"":1,""U935"":1,""U87"":32,""U708"":1,""U282"":1,""U741"":4,""U748"":1,""U357"":1,""U815"":1,""U475"":1,""U323"":2,""U645"":1,""U667"":1,""U580"":5,""U525"":1,""U57"":14,""U473"":1,""U589"":1,""U826"":3,""U331"":2,""U413"":1,""U6"":2,""U560"":3,""U632"":1,""U682"":8,""U576"":1,""U846"":1,""U926"":1,""U456"":1,""U148"":2,""U671"":1,""U505"":1,""U753"":3424,""U217"":8,""U428"":1,""U933"":1,""U187"":1,""U332"":1,""U823"":1,""U209"":1,""U262"":1,""U305"":1,""U452"":9,""U45"":15,""U889"":3,""U443"":2,""U417"":1,""U319"":1,""U853"":1,""U469"":48,""U255"":1,""U73"":1,""U734"":1,""U715"":1,""U983"":1,""U910"":2,""U41"":1,""U75"":1,""U248"":1,""U103"":1,""U222"":1,""U795"":1,""U479"":1,""U659"":1,""U369"":2,""U897"":3,""U811"":2,""U398"":436,""U537"":1,""U406"":1,""U806"":1,""U661"":1,""U354"":1,""U235"":2,""U648"":7,""U226"":1,""U178"":11,""U727"":5,""U267"":1,""U688"":1,""U161"":1,""U394"":1,""U497"":1,""U830"":1,""U498"":1,""U749"":1,""U999"":425,""U195"":1,""U349"":1,""U767"":1,""U391"":1,""U542"":1,""U878"":1,""U699"":1,""U572"":1,""U679"":1,""U722"":1,""U72"":1,""U698"":1,""U677"":3,""U361"":45,""U60"":1,""U153"":1,""U913"":2,""U773"":3,""U451"":1,""U196"":1,""U231"":1,""U493"":1,""U908"":1,""U151"":6,""U47"":1,""U218"":1,""U530"":1,""U986"":1,""U535"":36,""U94"":1,""U788"":13,""U644"":1,""U368"":1,""U759"":1,""U290"":1,""U169"":1,""U3"":1,""U266"":1,""U240"":8,""U136"":1,""U343"":1,""U585"":2,""U315"":1,""U676"":2,""U628"":77,""U383"":2,""U990"":1,""U97"":1,""U865"":1,""U408"":1,""U755"":1,""U615"":1,""U77"":17,""U884"":1,""U350"":1,""U940"":1,""U353"":1,""U960"":1,""U516"":1,""U703"":1,""U604"":1,""U684"":1,""U140"":1,""U125"":6,""U912"":2,""U89"":1,""U780"":1,""U506"":1,""U972"":1,""U312"":1,""U276"":1,""U689"":1,""U193"":1,""U234"":2,""U145"":1,""U817"":1,""U237"":1,""U465"":1,""U591"":200,""U150"":2,""U348"":1,""U527"":2,""U581"":3,""U461"":1,""U813"":246,""U244"":1,""U88"":11,""U903"":1,""U131"":2,""U870"":1,""U973"":1,""U480"":1,""U997"":1,""U812"":53,""U261"":1,""U711"":18,""U230"":1,""U423"":2,""U901"":41,""U573"":3,""U280"":1,""U14"":1,""U692"":1,""U726"":1,""U252"":2,""U256"":27,""U916"":1,""U915"":7,""U907"":1,""U524"":1,""U918"":1,""U932"":1,""U710"":1,""U162"":2,""U899"":96,""U540"":1,""U854"":1,""U858"":1,""U756"":1,""U143"":1,""U210"":1,""U814"":22,""U805"":1,""U299"":1,""U883"":1,""U696"":1,""U640"":1,""U311"":1,""U852"":1,""U327"":1,""U827"":1,""U605"":1,""U176"":22,""U466"":1,""U566"":1,""U121"":1,""U292"":1,""U971"":1,""U363"":5,""U390"":1,""U905"":2,""U132"":1,""U219"":1,""U515"":1,""U790"":1,""U346"":1,""U334"":48,""U850"":1,""U779"":1,""U1"":2,""U43"":1,""U597"":47,""U302"":2,""U260"":1,""U860"":1,""U702"":1,""U543"":1,""U957"":1,""U725"":5,""U371"":651,""U658"":1,""U528"":4,""U552"":2,""U503"":1,""U642"":1,""U76"":1,""U488"":1,""U29"":1,""U471"":2,""U117"":1,""U709"":1,""U67"":1,""U510"":1,""U13"":1,""U351"":6,""U149"":1,""U895"":1,""U489"":9,""U472"":1,""U872"":2,""U135"":1,""U144"":1,""U116"":40,""U624"":3,""U565"":1,""U167"":2,""U421"":1,""U225"":1,""U115"":41,""U250"":61,""U650"":7,""U241"":1,""U568"":3,""U720"":1,""U775"":1,""U416"":1,""U763"":66,""U434"":60,""U531"":1,""U797"":1,""U754"":1,""U994"":181,""U82"":1,""U496"":1,""U690"":1,""U880"":1,""U582"":1,""U300"":129,""U622"":1,""U964"":516,""U216"":1,""U861"":1,""U588"":1,""U270"":1,""U738"":13,""U78"":2,""U436"":17,""U39"":1,""U68"":1,""U969"":1,""U462"":1,""U183"":1,""U287"":1,""U602"":11,""U204"":102,""U904"":1,""U807"":1,""U382"":2,""U791"":1,""U714"":1,""U154"":12,""U844"":4,""U630"":2,""U641"":1,""U781"":1,""U127"":3,""U182"":1,""U564"":1,""U207"":1,""U268"":4,""U61"":1,""U656"":3,""U141"":5,""U464"":1,""U433"":1,""U857"":1,""U158"":1,""U948"":1,""U157"":4,""U17"":1,""U686"":1,""U902"":1,""U740"":5,""U752"":1,""U40"":1,""U164"":2,""U474"":1,""U545"":1,""U133"":1,""U596"":1,""U745"":1,""U425"":1,""U175"":1,""U978"":4,""U504"":127,""U1000"":1,""U995"":1,""U739"":1,""U837"":1,""U511"":9,""U577"":1,""U717"":1,""U786"":1,""U968"":1,""U101"":1,""U768"":1,""U122"":5,""U936"":1,""U458"":1,""U483"":1,""U546"":1,""U841"":7,""U719"":1,""U337"":1,""U190"":1,""U80"":1,""U793"":1,""U447"":1,""U470"":1,""U401"":1,""U925"":44,""U695"":1,""U392"":1,""U833"":1,""U742"":1,""U832"":129,""U457"":32,""U468"":676,""U672"":2,""U750"":1,""U956"":1,""U482"":2,""U303"":1,""U59"":5,""U831"":1,""U914"":1,""U809"":1,""U822"":1,""U208"":5,""U681"":1,""U944"":1,""U55"":1,""U185"":1,""U610"":1,""U214"":1,""U665"":1,""U988"":2,""U4"":1,""U389"":1,""U746"":49,""U765"":1,""U959"":1,""U544"":2,""U599"":488,""U325"":1,""U522"":1,""U890"":1,""U402"":77,""U297"":1,""U25"":1,""U228"":1,""U587"":2,""U174"":31,""U778"":1,""U705"":7,""U792"":1,""U796"":1,""U215"":2,""U798"":1,""U42"":6772,""U463"":1,""U113"":1,""U675"":1,""U440"":2,""U104"":125,""U998"":1,""U771"":1,""U808"":1,""U938"":1,""U246"":1,""U536"":102,""U384"":2,""U955"":2,""U294"":1,""U873"":1,""U967"":1,""U701"":1,""U249"":1,""U233"":1,""U863"":1,""U888"":15,""U422"":1,""U362"":106,""U550"":7,""U160"":1,""U513"":1,""U407"":1,""U11"":1,""U180"":1,""U265"":1,""U554"":2,""U336"":2,""U197"":1,""U927"":1,""U487"":1,""U829"":1,""U18"":1,""U520"":1,""U555"":1,""U211"":1,""U898"":1,""U429"":1}",589.1570007801056,,,,,false,1000,,,Gurobi,gurobi_10min,true,600.0,20260829,16,16,150,,false,ok,7.361000061035156,network_balanced,network_balanced_hardness_sweep,16,,589.1570007801056,19.949000120162964
1,,,,,-3196.0,Timelimit,,MIPSolver,,0.5,heidelberg_network_balanced_n200_b50_u300_sd_fixed_network_path,heidelberg,,false,0.0017655282243825357,200,2802,200,200,0.5,400,100,aachen_osm_gtfs_bike_agg200_p200_b50_u300,10346,800,300,fixed_network_path,true,,,,false,,sd,sd_fixed_network_path,,,,,,,,,300,,,Gurobi,gurobi_10min,true,600.0,20260829,16,16,200,,false,timeout,601.0599999427795,network_balanced,network_balanced_hardness_sweep,16,,600.0,733.4449999332428
1,,,,,,Timelimit,,MIPSolver,,0.5,heidelberg_network_balanced_n200_b50_u300_sd_n_minus_1,heidelberg,,false,1.0e100,200,2802,200,200,0.5,400,100,aachen_osm_gtfs_bike_agg200_p200_b50_u300,10346,800,300,n_minus_one_most_expensive,true,,,,false,,sd,sd_n_minus_1,,,,,,,,,300,,,Gurobi,gurobi_10min,true,600.0,20260829,16,16,200,,false,timeout,601.5820000171661,network_balanced,network_balanced_hardness_sweep,16,,600.0,700.603000164032
1,,2400,,300,-3196.0,Optimal,5.9977645,BlCSolver,,0.5,heidelberg_network_balanced_n200_b50_u300_blc_astar_fixed_network_path,heidelberg,,false,0.0,200,2802,200,200,0.5,400,100,aachen_osm_gtfs_bike_agg200_p200_b50_u300,10346,800,300,fixed_network_path,,,,,,3114747,blc,blc_astar_fixed_network_path,,,,0,0,astar,null,,300,true,16,Gurobi,gurobi_10min,true,600.0,20260829,16,16,200,,false,ok,571.2000000476837,network_balanced,network_balanced_hardness_sweep,16,16,600.0,731.3889999389648
1,,600,,300,,Timelimit,1.4658136,BlCSolver,,0.5,heidelberg_network_balanced_n200_b50_u300_blc_astar_n_minus_1,heidelberg,,false,1.0e100,200,2802,200,200,0.5,400,100,aachen_osm_gtfs_bike_agg200_p200_b50_u300,10346,800,300,n_minus_one_most_expensive,,,,,,3114747,blc,blc_astar_n_minus_1,,,,0,0,astar,null,,300,true,16,Gurobi,gurobi_10min,true,600.0,20260829,16,16,200,,false,timeout,600.3849999904633,network_balanced,network_balanced_hardness_sweep,16,16,600.0,731.050999879837
1,,,,,-3196.0,Optimal,,MIPSolver,,0.5,heidelberg_network_balanced_n200_b50_u300_path_dominance,heidelberg,,false,0.0,200,2802,200,200,0.5,400,100,aachen_osm_gtfs_bike_agg200_p200_b50_u300,10346,800,300,,,7.301000118255615,600.0,labeling,,,path,path_dominance,false,"{""U23"":5,""U96"":2,""U10"":1,""U126"":1,""U176"":1,""U111"":1,""U19"":1,""U166"":1,""U91"":3,""U189"":2,""U107"":1,""U212"":1,""U121"":1,""U292"":1,""U16"":3,""U155"":1,""U293"":1,""U264"":1,""U7"":1,""U132"":1,""U219"":1,""U257"":1,""U184"":1,""U129"":9,""U275"":2,""U238"":1,""U142"":1,""U1"":1,""U24"":1,""U263"":1,""U43"":1,""U260"":1,""U87"":6,""U109"":1,""U138"":1,""U229"":1,""U119"":1,""U179"":10,""U282"":1,""U243"":1,""U186"":1,""U48"":1,""U57"":1,""U76"":1,""U9"":3,""U29"":1,""U117"":1,""U285"":7,""U67"":1,""U6"":1,""U13"":1,""U149"":1,""U152"":1,""U289"":1,""U188"":4,""U135"":1,""U144"":1,""U148"":1,""U116"":1,""U274"":5,""U167"":1,""U217"":4,""U118"":1,""U187"":2,""U225"":1,""U115"":1,""U250"":1,""U209"":5,""U241"":5,""U262"":1,""U35"":14,""U90"":1,""U54"":1,""U45"":1,""U49"":2,""U62"":1,""U5"":1,""U74"":1,""U203"":1,""U255"":2,""U82"":1,""U73"":3,""U81"":1,""U213"":1,""U8"":5,""U41"":1,""U300"":1,""U177"":1,""U31"":1,""U75"":1,""U83"":1,""U50"":3,""U93"":1,""U216"":1,""U139"":2,""U270"":1,""U78"":1,""U84"":1,""U269"":1,""U46"":3,""U147"":1,""U39"":1,""U68"":1,""U248"":1,""U71"":18,""U291"":1,""U192"":1,""U259"":1,""U103"":1,""U102"":1,""U222"":1,""U183"":1,""U156"":1,""U287"":1,""U204"":1,""U128"":1,""U235"":1,""U154"":2,""U273"":1,""U198"":1,""U226"":1,""U178"":1,""U27"":1,""U191"":1,""U223"":13,""U124"":3,""U267"":1,""U64"":1,""U127"":1,""U182"":2,""U207"":1,""U161"":1,""U130"":1,""U268"":1,""U61"":1,""U141"":1,""U239"":1,""U51"":1,""U158"":1,""U28"":1,""U52"":1,""U157"":1,""U251"":1,""U17"":1,""U195"":1,""U254"":1,""U69"":1,""U112"":1,""U40"":1,""U164"":1,""U72"":1,""U34"":1,""U133"":1,""U199"":1,""U175"":1,""U201"":1,""U281"":1,""U60"":1,""U2"":2,""U153"":2,""U37"":1,""U92"":2,""U196"":1,""U231"":1,""U296"":1,""U286"":1,""U221"":1,""U32"":1,""U151"":1,""U47"":1,""U218"":3,""U298"":1,""U94"":1,""U101"":1,""U283"":1,""U108"":1,""U122"":1,""U123"":1,""U134"":1,""U58"":1,""U205"":1,""U172"":1,""U290"":1,""U12"":3,""U169"":1,""U224"":1,""U3"":1,""U266"":1,""U63"":1,""U240"":2,""U136"":1,""U20"":1,""U190"":1,""U277"":1,""U30"":1,""U80"":1,""U171"":1,""U220"":2,""U279"":1,""U206"":6,""U202"":1,""U271"":1,""U97"":1,""U284"":1,""U77"":4,""U247"":1,""U232"":1,""U105"":1,""U114"":1,""U227"":1,""U59"":1,""U56"":2,""U86"":1,""U26"":2,""U236"":4,""U70"":1,""U208"":3,""U140"":1,""U125"":1,""U163"":1,""U89"":1,""U55"":1,""U110"":1,""U159"":1,""U185"":4,""U214"":4,""U120"":1,""U4"":1,""U98"":1,""U146"":1,""U276"":1,""U173"":1,""U245"":1,""U44"":2,""U193"":2,""U137"":1,""U168"":1,""U85"":12,""U53"":1,""U95"":1,""U297"":1,""U234"":3,""U194"":1,""U200"":1,""U25"":1,""U145"":1,""U228"":1,""U174"":1,""U165"":1,""U258"":1,""U288"":1,""U215"":1,""U237"":1,""U42"":1,""U113"":1,""U106"":1,""U150"":1,""U104"":1,""U244"":1,""U36"":1,""U21"":1,""U242"":1,""U88"":1,""U131"":1,""U33"":1,""U66"":1,""U246"":1,""U272"":1,""U79"":2,""U253"":1,""U261"":1,""U99"":1,""U230"":1,""U170"":1,""U15"":1,""U294"":1,""U280"":1,""U14"":1,""U249"":1,""U252"":2,""U256"":1,""U233"":1,""U100"":1,""U278"":2,""U160"":1,""U22"":3,""U65"":3,""U11"":1,""U180"":1,""U162"":5,""U265"":1,""U295"":1,""U197"":1,""U143"":1,""U210"":1,""U38"":3,""U18"":1,""U299"":1,""U211"":21,""U181"":1}",592.6989998817444,,,,,true,300,,,Gurobi,gurobi_10min,true,600.0,20260829,16,16,200,,false,ok,0.11099982261657715,network_balanced,network_balanced_hardness_sweep,16,,592.6989998817444,7.5329999923706055
1,,,,,-3196.0,Optimal,,MIPSolver,,0.5,heidelberg_network_balanced_n200_b50_u300_path_no_dominance,heidelberg,,false,0.0,200,2802,200,200,0.5,400,100,aachen_osm_gtfs_bike_agg200_p200_b50_u300,10346,800,300,,,5.17199969291687,600.0,labeling,,,path,path_no_dominance,false,"{""U23"":10,""U96"":3,""U10"":1,""U126"":1,""U176"":2,""U111"":1,""U19"":1,""U166"":1,""U91"":7,""U189"":2,""U107"":1,""U212"":1,""U121"":1,""U292"":1,""U16"":132,""U155"":1,""U293"":1,""U264"":1,""U7"":1,""U132"":1,""U219"":1,""U257"":1,""U184"":1,""U129"":82,""U275"":2,""U238"":1,""U142"":1,""U1"":1,""U24"":1,""U263"":1,""U43"":2,""U260"":1,""U87"":16,""U109"":1,""U138"":1,""U229"":1,""U119"":1,""U179"":206,""U282"":1,""U243"":1,""U186"":1,""U48"":1,""U57"":1,""U76"":2,""U9"":15,""U29"":1,""U117"":1,""U285"":80,""U67"":1,""U6"":1,""U13"":1,""U149"":1,""U152"":1,""U289"":1,""U188"":10,""U135"":1,""U144"":1,""U148"":1,""U116"":1,""U274"":21,""U167"":1,""U217"":77,""U118"":1,""U187"":2,""U225"":1,""U115"":1,""U250"":1,""U209"":15,""U241"":15,""U262"":1,""U35"":593,""U90"":1,""U54"":1,""U45"":1,""U49"":3,""U62"":1,""U5"":1,""U74"":1,""U203"":1,""U255"":2,""U82"":2,""U73"":3,""U81"":1,""U213"":1,""U8"":8,""U41"":1,""U300"":1,""U177"":1,""U31"":1,""U75"":1,""U83"":1,""U50"":29,""U93"":1,""U216"":1,""U139"":3,""U270"":1,""U78"":1,""U84"":1,""U269"":1,""U46"":3,""U147"":1,""U39"":1,""U68"":1,""U248"":1,""U71"":578,""U291"":1,""U192"":1,""U259"":1,""U103"":1,""U102"":1,""U222"":1,""U183"":1,""U156"":1,""U287"":1,""U204"":1,""U128"":1,""U235"":1,""U154"":2,""U273"":1,""U198"":1,""U226"":1,""U178"":1,""U27"":1,""U191"":1,""U223"":753,""U124"":3,""U267"":1,""U64"":2,""U127"":1,""U182"":10,""U207"":1,""U161"":1,""U130"":1,""U268"":1,""U61"":1,""U141"":1,""U239"":1,""U51"":1,""U158"":1,""U28"":1,""U52"":1,""U157"":4,""U251"":1,""U17"":1,""U195"":2,""U254"":1,""U69"":1,""U112"":1,""U40"":1,""U164"":1,""U72"":2,""U34"":1,""U133"":1,""U199"":1,""U175"":1,""U201"":1,""U281"":1,""U60"":1,""U2"":2,""U153"":3,""U37"":1,""U92"":2,""U196"":1,""U231"":1,""U296"":1,""U286"":1,""U221"":2,""U32"":1,""U151"":1,""U47"":1,""U218"":5,""U298"":1,""U94"":1,""U101"":1,""U283"":1,""U108"":2,""U122"":1,""U123"":1,""U134"":1,""U58"":1,""U205"":1,""U172"":1,""U290"":1,""U12"":6,""U169"":1,""U224"":1,""U3"":1,""U266"":1,""U63"":2,""U240"":31,""U136"":1,""U20"":1,""U190"":1,""U277"":1,""U30"":1,""U80"":1,""U171"":1,""U220"":57,""U279"":1,""U206"":9,""U202"":1,""U271"":1,""U97"":1,""U284"":1,""U77"":42,""U247"":1,""U232"":1,""U105"":1,""U114"":1,""U227"":1,""U59"":1,""U56"":3,""U86"":1,""U26"":4,""U236"":11,""U70"":1,""U208"":9,""U140"":1,""U125"":1,""U163"":1,""U89"":1,""U55"":1,""U110"":1,""U159"":1,""U185"":5,""U214"":6,""U120"":1,""U4"":1,""U98"":1,""U146"":1,""U276"":1,""U173"":1,""U245"":1,""U44"":286,""U193"":4,""U137"":1,""U168"":1,""U85"":258,""U53"":1,""U95"":2,""U297"":1,""U234"":3,""U194"":1,""U200"":1,""U25"":2,""U145"":1,""U228"":1,""U174"":1,""U165"":1,""U258"":1,""U288"":1,""U215"":1,""U237"":1,""U42"":1,""U113"":2,""U106"":1,""U150"":1,""U104"":1,""U244"":1,""U36"":2,""U21"":1,""U242"":1,""U88"":1,""U131"":1,""U33"":1,""U66"":1,""U246"":1,""U272"":1,""U79"":7,""U253"":2,""U261"":1,""U99"":1,""U230"":1,""U170"":1,""U15"":1,""U294"":1,""U280"":2,""U14"":1,""U249"":1,""U252"":4,""U256"":1,""U233"":1,""U100"":2,""U278"":3,""U160"":1,""U22"":5,""U65"":5,""U11"":1,""U180"":1,""U162"":15,""U265"":1,""U295"":1,""U197"":1,""U143"":1,""U210"":1,""U38"":33,""U18"":1,""U299"":1,""U211"":399,""U181"":1}",594.8280003070831,,,,,false,300,,,Gurobi,gurobi_10min,true,600.0,20260829,16,16,200,,false,ok,0.30900001525878906,network_balanced,network_balanced_hardness_sweep,16,,594.8280003070831,5.821000099182129
1,,,,,-5345.0,Timelimit,,MIPSolver,,0.5,heidelberg_network_balanced_n200_b50_u500_sd_fixed_network_path,heidelberg,,false,0.1899257165574204,200,2802,200,200,0.5,400,100,aachen_osm_gtfs_bike_agg200_p200_b50_u500,10346,800,500,fixed_network_path,true,,,,false,,sd,sd_fixed_network_path,,,,,,,,,500,,,Gurobi,gurobi_10min,true,600.0,20260829,16,16,200,,false,timeout,601.6510000228882,network_balanced,network_balanced_hardness_sweep,16,,600.0,829.8950002193451
0,,,,,,Memory_Limit,,MIPSolver,,0.5,heidelberg_network_balanced_n200_b50_u500_sd_n_minus_1,heidelberg,,false,1.0e100,200,2802,200,200,0.5,400,100,aachen_osm_gtfs_bike_agg200_p200_b50_u500,10346,800,500,n_minus_one_most_expensive,true,,,,false,,sd,sd_n_minus_1,,,,,,,,,500,,,Gurobi,gurobi_10min,true,600.0,20260829,16,16,200,,false,memory_limit,265.90000009536743,network_balanced,network_balanced_hardness_sweep,16,,600.0,448.5350000858307
1,,500,,500,,Timelimit,2.6581186,BlCSolver,,0.5,heidelberg_network_balanced_n200_b50_u500_blc_astar_fixed_network_path,heidelberg,,false,1.0e100,200,2802,200,200,0.5,400,100,aachen_osm_gtfs_bike_agg200_p200_b50_u500,10346,800,500,fixed_network_path,,,,,,5184347,blc,blc_astar_fixed_network_path,,,,0,0,astar,null,,500,true,16,Gurobi,gurobi_10min,true,600.0,20260829,16,16,200,,false,timeout,600.4409999847412,network_balanced,network_balanced_hardness_sweep,16,16,600.0,868.2769999504089
1,,500,,500,,Timelimit,1.1315647,BlCSolver,,0.5,heidelberg_network_balanced_n200_b50_u500_blc_astar_n_minus_1,heidelberg,,false,1.0e100,200,2802,200,200,0.5,400,100,aachen_osm_gtfs_bike_agg200_p200_b50_u500,10346,800,500,n_minus_one_most_expensive,,,,,,5184347,blc,blc_astar_n_minus_1,,,,0,0,astar,null,,500,true,16,Gurobi,gurobi_10min,true,600.0,20260829,16,16,200,,false,timeout,600.4110000133514,network_balanced,network_balanced_hardness_sweep,16,16,600.0,822.2849998474121
1,,,,,-5962.0,Optimal,,MIPSolver,,0.5,heidelberg_network_balanced_n200_b50_u500_path_dominance,heidelberg,,false,0.0,200,2802,200,200,0.5,400,100,aachen_osm_gtfs_bike_agg200_p200_b50_u500,10346,800,500,,,8.312999963760376,600.0,labeling,,,path,path_dominance,false,"{""U23"":1,""U96"":1,""U327"":3,""U10"":1,""U396"":1,""U126"":1,""U176"":5,""U448"":1,""U111"":1,""U432"":4,""U381"":1,""U19"":1,""U166"":1,""U91"":1,""U189"":1,""U466"":1,""U107"":1,""U212"":1,""U121"":3,""U292"":2,""U16"":2,""U155"":1,""U363"":1,""U390"":1,""U372"":1,""U293"":2,""U415"":3,""U385"":1,""U431"":1,""U264"":1,""U7"":2,""U132"":1,""U219"":1,""U257"":1,""U184"":1,""U420"":2,""U346"":1,""U129"":3,""U334"":1,""U275"":2,""U238"":1,""U326"":1,""U439"":9,""U142"":1,""U1"":1,""U24"":3,""U263"":1,""U374"":1,""U43"":1,""U345"":1,""U481"":2,""U302"":5,""U260"":1,""U404"":1,""U87"":1,""U109"":1,""U138"":1,""U324"":1,""U229"":1,""U119"":1,""U347"":1,""U179"":1,""U282"":1,""U397"":1,""U357"":1,""U316"":1,""U475"":3,""U491"":9,""U243"":1,""U323"":1,""U485"":1,""U377"":1,""U186"":1,""U371"":1,""U386"":1,""U437"":1,""U359"":1,""U48"":3,""U57"":10,""U76"":1,""U9"":1,""U488"":1,""U29"":1,""U473"":3,""U471"":1,""U117"":1,""U285"":1,""U331"":1,""U413"":1,""U67"":3,""U6"":3,""U13"":1,""U351"":1,""U492"":1,""U149"":3,""U152"":1,""U489"":1,""U289"":1,""U188"":1,""U444"":1,""U456"":1,""U472"":3,""U135"":1,""U144"":1,""U148"":1,""U116"":1,""U399"":1,""U274"":1,""U167"":1,""U341"":1,""U217"":1,""U421"":1,""U428"":1,""U446"":1,""U118"":2,""U187"":1,""U225"":1,""U115"":2,""U250"":1,""U332"":1,""U438"":1,""U209"":1,""U241"":1,""U262"":1,""U35"":1,""U90"":3,""U54"":3,""U305"":1,""U452"":1,""U416"":1,""U45"":2,""U49"":1,""U443"":1,""U321"":1,""U319"":1,""U417"":1,""U469"":1,""U62"":1,""U5"":1,""U435"":2,""U74"":1,""U307"":8,""U203"":10,""U434"":1,""U255"":1,""U82"":1,""U73"":1,""U81"":1,""U445"":3,""U496"":1,""U213"":1,""U8"":9,""U393"":1,""U41"":1,""U403"":1,""U300"":1,""U455"":1,""U450"":1,""U177"":1,""U318"":1,""U31"":1,""U356"":1,""U75"":1,""U83"":1,""U50"":1,""U93"":1,""U216"":5,""U139"":1,""U270"":2,""U430"":1,""U370"":1,""U78"":1,""U84"":1,""U269"":3,""U436"":1,""U46"":1,""U147"":2,""U39"":3,""U68"":3,""U248"":1,""U71"":1,""U291"":5,""U322"":4,""U335"":10,""U192"":1,""U259"":3,""U419"":5,""U103"":1,""U102"":1,""U222"":1,""U462"":1,""U476"":2,""U364"":3,""U369"":14,""U479"":1,""U183"":1,""U156"":1,""U287"":1,""U204"":1,""U355"":1,""U398"":3,""U441"":1,""U373"":1,""U406"":1,""U354"":1,""U128"":1,""U459"":1,""U382"":1,""U235"":1,""U154"":1,""U273"":1,""U198"":1,""U494"":1,""U226"":1,""U340"":1,""U178"":1,""U27"":3,""U191"":1,""U223"":1,""U124"":3,""U267"":1,""U378"":1,""U64"":1,""U495"":1,""U127"":1,""U182"":1,""U344"":1,""U207"":5,""U161"":1,""U130"":1,""U268"":1,""U394"":1,""U454"":15,""U61"":3,""U141"":1,""U464"":1,""U477"":1,""U433"":1,""U497"":2,""U239"":2,""U51"":1,""U498"":1,""U158"":1,""U28"":3,""U52"":1,""U157"":3,""U251"":1,""U17"":1,""U195"":1,""U254"":1,""U314"":1,""U349"":1,""U391"":7,""U69"":3,""U112"":1,""U320"":2,""U411"":1,""U329"":1,""U40"":1,""U164"":1,""U72"":1,""U474"":1,""U34"":1,""U133"":1,""U199"":3,""U425"":5,""U175"":1,""U405"":1,""U361"":6,""U201"":1,""U281"":1,""U304"":1,""U338"":1,""U60"":1,""U2"":2,""U153"":1,""U333"":1,""U37"":1,""U92"":1,""U451"":1,""U449"":1,""U196"":1,""U231"":1,""U493"":2,""U296"":28,""U308"":1,""U286"":1,""U221"":1,""U32"":1,""U151"":8,""U376"":2,""U47"":1,""U218"":1,""U298"":1,""U328"":5,""U94"":1,""U101"":1,""U283"":14,""U108"":1,""U122"":1,""U123"":1,""U134"":1,""U58"":2,""U205"":1,""U172"":1,""U368"":1,""U458"":1,""U290"":1,""U12"":1,""U169"":1,""U483"":1,""U484"":4,""U486"":2,""U224"":1,""U337"":1,""U3"":1,""U266"":5,""U63"":1,""U240"":1,""U136"":1,""U20"":8,""U190"":1,""U277"":15,""U343"":1,""U30"":5,""U409"":1,""U80"":1,""U171"":1,""U330"":1,""U220"":1,""U279"":1,""U315"":1,""U388"":1,""U309"":1,""U447"":3,""U206"":1,""U202"":1,""U271"":1,""U401"":1,""U470"":1,""U383"":1,""U339"":1,""U97"":1,""U408"":1,""U392"":1,""U284"":3,""U77"":1,""U379"":1,""U247"":1,""U457"":1,""U468"":1,""U350"":1,""U232"":1,""U105"":14,""U353"":7,""U482"":1,""U352"":1,""U114"":1,""U227"":13,""U303"":4,""U59"":1,""U56"":1,""U86"":1,""U26"":4,""U236"":1,""U70"":1,""U208"":1,""U140"":1,""U125"":1,""U163"":2,""U414"":1,""U89"":4,""U55"":6,""U110"":1,""U358"":1,""U442"":1,""U490"":10,""U159"":1,""U185"":1,""U214"":1,""U120"":1,""U4"":1,""U98"":1,""U146"":1,""U276"":1,""U173"":1,""U312"":2,""U389"":1,""U245"":2,""U44"":3,""U412"":1,""U193"":1,""U137"":1,""U168"":1,""U85"":1,""U53"":1,""U325"":1,""U418"":1,""U95"":4,""U402"":1,""U297"":1,""U424"":1,""U467"":1,""U400"":1,""U380"":4,""U234"":1,""U194"":1,""U200"":1,""U25"":1,""U145"":1,""U228"":1,""U301"":1,""U174"":1,""U165"":1,""U460"":3,""U500"":1,""U453"":1,""U258"":1,""U288"":1,""U215"":1,""U237"":1,""U465"":1,""U42"":2,""U360"":1,""U113"":5,""U463"":1,""U106"":3,""U150"":1,""U348"":1,""U104"":1,""U440"":1,""U461"":7,""U244"":1,""U426"":3,""U36"":1,""U21"":1,""U242"":1,""U306"":6,""U88"":4,""U375"":1,""U342"":1,""U131"":5,""U33"":5,""U66"":1,""U246"":1,""U272"":2,""U480"":1,""U79"":1,""U253"":1,""U261"":1,""U387"":1,""U99"":1,""U230"":1,""U317"":1,""U170"":1,""U313"":1,""U15"":1,""U384"":2,""U423"":1,""U294"":1,""U280"":1,""U14"":1,""U249"":1,""U252"":2,""U256"":1,""U233"":1,""U422"":1,""U362"":1,""U100"":2,""U278"":2,""U160"":1,""U410"":1,""U22"":5,""U65"":1,""U310"":1,""U11"":1,""U180"":1,""U407"":10,""U427"":1,""U162"":1,""U265"":1,""U365"":1,""U295"":1,""U336"":1,""U197"":1,""U395"":1,""U143"":1,""U210"":1,""U367"":1,""U487"":1,""U38"":1,""U366"":1,""U18"":4,""U299"":7,""U499"":1,""U211"":1,""U311"":1,""U478"":1,""U429"":2,""U181"":1}",591.6870000362396,,,,,true,500,,,Gurobi,gurobi_10min,true,600.0,20260829,16,16,200,,false,ok,0.2839999198913574,network_balanced,network_balanced_hardness_sweep,16,,591.6870000362396,8.72599983215332
133,,,,,-5962.0,Optimal,,MIPSolver,,0.5,heidelberg_network_balanced_n200_b50_u500_path_no_dominance,heidelberg,,false,0.0,200,2802,200,200,0.5,400,100,aachen_osm_gtfs_bike_agg200_p200_b50_u500,10346,800,500,,,7.7179999351501465,600.0,labeling,,,path,path_no_dominance,false,"{""U23"":1,""U96"":1,""U327"":7,""U10"":1,""U396"":1,""U126"":1,""U176"":10,""U448"":1,""U111"":1,""U432"":8,""U381"":1,""U19"":1,""U166"":2,""U91"":1,""U189"":1,""U466"":1,""U107"":2,""U212"":1,""U121"":3,""U292"":2,""U16"":5,""U155"":2,""U363"":1,""U390"":1,""U372"":1,""U293"":7,""U415"":5,""U385"":1,""U431"":1,""U264"":1,""U7"":7,""U132"":1,""U219"":1,""U257"":1,""U184"":1,""U420"":4,""U346"":1,""U129"":3,""U334"":1,""U275"":2,""U238"":2,""U326"":1,""U439"":79,""U142"":1,""U1"":1,""U24"":4,""U263"":1,""U374"":1,""U43"":1,""U345"":1,""U481"":4,""U302"":9,""U260"":1,""U404"":1,""U87"":1,""U109"":1,""U138"":1,""U324"":1,""U229"":2,""U119"":1,""U347"":1,""U179"":2,""U282"":1,""U397"":1,""U357"":1,""U316"":1,""U475"":15,""U491"":149,""U243"":1,""U323"":1,""U485"":1,""U377"":1,""U186"":1,""U371"":1,""U386"":1,""U437"":1,""U359"":1,""U48"":6,""U57"":13,""U76"":1,""U9"":1,""U488"":1,""U29"":1,""U473"":4,""U471"":1,""U117"":1,""U285"":1,""U331"":1,""U413"":1,""U67"":3,""U6"":7,""U13"":1,""U351"":1,""U492"":1,""U149"":404,""U152"":2,""U489"":1,""U289"":1,""U188"":1,""U444"":1,""U456"":1,""U472"":4,""U135"":1,""U144"":1,""U148"":1,""U116"":1,""U399"":1,""U274"":1,""U167"":1,""U341"":1,""U217"":1,""U421"":1,""U428"":1,""U446"":1,""U118"":7,""U187"":1,""U225"":1,""U115"":2,""U250"":1,""U332"":1,""U438"":1,""U209"":1,""U241"":1,""U262"":1,""U35"":1,""U90"":12,""U54"":5,""U305"":2,""U452"":1,""U416"":1,""U45"":4,""U49"":1,""U443"":1,""U321"":1,""U319"":1,""U417"":1,""U469"":1,""U62"":1,""U5"":1,""U435"":2,""U74"":1,""U307"":72,""U203"":44,""U434"":1,""U255"":1,""U82"":1,""U73"":1,""U81"":1,""U445"":4,""U496"":1,""U213"":1,""U8"":142,""U393"":1,""U41"":1,""U403"":1,""U300"":1,""U455"":1,""U450"":1,""U177"":1,""U318"":1,""U31"":1,""U356"":1,""U75"":1,""U83"":1,""U50"":1,""U93"":1,""U216"":10,""U139"":1,""U270"":5,""U430"":1,""U370"":1,""U78"":1,""U84"":1,""U269"":3,""U436"":1,""U46"":1,""U147"":14,""U39"":8,""U68"":36,""U248"":1,""U71"":1,""U291"":133,""U322"":13,""U335"":410,""U192"":1,""U259"":13,""U419"":29,""U103"":1,""U102"":1,""U222"":1,""U462"":1,""U476"":2,""U364"":5,""U369"":121,""U479"":1,""U183"":1,""U156"":1,""U287"":1,""U204"":1,""U355"":1,""U398"":4,""U441"":1,""U373"":4,""U406"":1,""U354"":1,""U128"":1,""U459"":1,""U382"":1,""U235"":1,""U154"":1,""U273"":1,""U198"":1,""U494"":1,""U226"":1,""U340"":1,""U178"":1,""U27"":23,""U191"":1,""U223"":1,""U124"":69,""U267"":1,""U378"":1,""U64"":1,""U495"":1,""U127"":1,""U182"":1,""U344"":1,""U207"":31,""U161"":1,""U130"":1,""U268"":1,""U394"":1,""U454"":605,""U61"":79,""U141"":1,""U464"":1,""U477"":1,""U433"":1,""U497"":5,""U239"":3,""U51"":1,""U498"":1,""U158"":1,""U28"":21,""U52"":1,""U157"":4,""U251"":1,""U17"":1,""U195"":1,""U254"":1,""U314"":1,""U349"":1,""U391"":18,""U69"":7,""U112"":1,""U320"":2,""U411"":1,""U329"":1,""U40"":1,""U164"":1,""U72"":1,""U474"":1,""U34"":1,""U133"":1,""U199"":42,""U425"":9,""U175"":1,""U405"":1,""U361"":114,""U201"":1,""U281"":1,""U304"":1,""U338"":1,""U60"":1,""U2"":6,""U153"":2,""U333"":1,""U37"":2,""U92"":1,""U451"":1,""U449"":1,""U196"":1,""U231"":1,""U493"":3,""U296"":3238,""U308"":1,""U286"":1,""U221"":1,""U32"":1,""U151"":44,""U376"":9,""U47"":1,""U218"":1,""U298"":1,""U328"":9,""U94"":1,""U101"":1,""U283"":574,""U108"":2,""U122"":1,""U123"":1,""U134"":1,""U58"":8,""U205"":1,""U172"":1,""U368"":2,""U458"":1,""U290"":1,""U12"":1,""U169"":1,""U483"":1,""U484"":20,""U486"":2,""U224"":1,""U337"":1,""U3"":1,""U266"":45,""U63"":1,""U240"":1,""U136"":1,""U20"":271,""U190"":1,""U277"":23023,""U343"":1,""U30"":24,""U409"":1,""U80"":1,""U171"":1,""U330"":2,""U220"":1,""U279"":1,""U315"":1,""U388"":1,""U309"":1,""U447"":3,""U206"":1,""U202"":1,""U271"":1,""U401"":1,""U470"":1,""U383"":1,""U339"":1,""U97"":1,""U408"":1,""U392"":1,""U284"":63,""U77"":1,""U379"":1,""U247"":1,""U457"":1,""U468"":1,""U350"":1,""U232"":1,""U105"":368,""U353"":261,""U482"":2,""U352"":1,""U114"":1,""U227"":101,""U303"":10,""U59"":1,""U56"":1,""U86"":1,""U26"":11,""U236"":1,""U70"":2,""U208"":1,""U140"":2,""U125"":1,""U163"":2,""U414"":1,""U89"":14,""U55"":15,""U110"":1,""U358"":1,""U442"":1,""U490"":130,""U159"":1,""U185"":1,""U214"":1,""U120"":1,""U4"":1,""U98"":1,""U146"":1,""U276"":1,""U173"":2,""U312"":5,""U389"":1,""U245"":9,""U44"":5,""U412"":1,""U193"":1,""U137"":1,""U168"":1,""U85"":2,""U53"":1,""U325"":1,""U418"":1,""U95"":15,""U402"":1,""U297"":1,""U424"":1,""U467"":1,""U400"":1,""U380"":14,""U234"":1,""U194"":2,""U200"":1,""U25"":1,""U145"":1,""U228"":1,""U301"":1,""U174"":1,""U165"":1,""U460"":3,""U500"":1,""U453"":1,""U258"":1,""U288"":1,""U215"":1,""U237"":1,""U465"":1,""U42"":2,""U360"":2,""U113"":15,""U463"":1,""U106"":9,""U150"":1,""U348"":1,""U104"":1,""U440"":2,""U461"":17,""U244"":1,""U426"":23,""U36"":1,""U21"":1,""U242"":1,""U306"":22,""U88"":5,""U375"":1,""U342"":1,""U131"":68,""U33"":16,""U66"":1,""U246"":1,""U272"":5,""U480"":1,""U79"":1,""U253"":1,""U261"":1,""U387"":1,""U99"":1,""U230"":1,""U317"":1,""U170"":1,""U313"":1,""U15"":1,""U384"":5,""U423"":1,""U294"":1,""U280"":1,""U14"":1,""U249"":1,""U252"":6,""U256"":1,""U233"":1,""U422"":1,""U362"":1,""U100"":2,""U278"":2,""U160"":1,""U410"":1,""U22"":98,""U65"":1,""U310"":1,""U11"":1,""U180"":1,""U407"":125,""U427"":1,""U162"":1,""U265"":1,""U365"":1,""U295"":2,""U336"":1,""U197"":1,""U395"":1,""U143"":1,""U210"":1,""U367"":1,""U487"":1,""U38"":1,""U366"":1,""U18"":90,""U299"":15,""U499"":1,""U211"":1,""U311"":1,""U478"":1,""U429"":2,""U181"":1}",592.2820000648499,,,,,false,500,,,Gurobi,gurobi_10min,true,600.0,20260829,16,16,200,,false,ok,3.2060000896453857,network_balanced,network_balanced_hardness_sweep,16,,592.2820000648499,13.674000024795532
49,,,,,-1663.0,Optimal,,MIPSolver,,0.5,heidelberg_network_balanced_n250_b50_u100_sd_fixed_network_path,heidelberg,,false,0.0,250,3200,250,250,0.5,500,125,aachen_osm_gtfs_bike_agg250_p250_b50_u100,11518,1000,100,fixed_network_path,true,,,,false,,sd,sd_fixed_network_path,,,,,,,,,100,,,Gurobi,gurobi_10min,true,600.0,20260829,16,16,250,,false,ok,153.35599994659424,network_balanced,network_balanced_hardness_sweep,16,,600.0,199.36500000953674
1,,,,,-1661.0,Timelimit,,MIPSolver,,0.5,heidelberg_network_balanced_n250_b50_u100_sd_n_minus_1,heidelberg,,false,0.22222764319036373,250,3200,250,250,0.5,500,125,aachen_osm_gtfs_bike_agg250_p250_b50_u100,11518,1000,100,n_minus_one_most_expensive,true,,,,false,,sd,sd_n_minus_1,,,,,,,,,100,,,Gurobi,gurobi_10min,true,600.0,20260829,16,16,250,,false,timeout,601.3020000457764,network_balanced,network_balanced_hardness_sweep,16,,600.0,634.5420000553131
1,,700,,100,-1663.0,Optimal,2.2846748,BlCSolver,,0.5,heidelberg_network_balanced_n250_b50_u100_blc_astar_fixed_network_path,heidelberg,,false,0.0,250,3200,250,250,0.5,500,125,aachen_osm_gtfs_bike_agg250_p250_b50_u100,11518,1000,100,fixed_network_path,,,,,,1163519,blc,blc_astar_fixed_network_path,,,,0,0,astar,null,,100,true,16,Gurobi,gurobi_10min,true,600.0,20260829,16,16,250,,false,ok,140.39000010490417,network_balanced,network_balanced_hardness_sweep,16,16,600.0,222.86700010299683
1,,600,,100,-1663.0,Optimal,2.4307607,BlCSolver,,0.5,heidelberg_network_balanced_n250_b50_u100_blc_astar_n_minus_1,heidelberg,,false,0.0,250,3200,250,250,0.5,500,125,aachen_osm_gtfs_bike_agg250_p250_b50_u100,11518,1000,100,n_minus_one_most_expensive,,,,,,1163519,blc,blc_astar_n_minus_1,,,,0,0,astar,null,,100,true,16,Gurobi,gurobi_10min,true,600.0,20260829,16,16,250,,false,ok,130.1560001373291,network_balanced,network_balanced_hardness_sweep,16,16,600.0,203.16499996185303
0,,,,,-1663.0,Optimal,,MIPSolver,,0.5,heidelberg_network_balanced_n250_b50_u100_path_dominance,heidelberg,,false,0.0,250,3200,250,250,0.5,500,125,aachen_osm_gtfs_bike_agg250_p250_b50_u100,11518,1000,100,,,1.7260000705718994,600.0,labeling,,,path,path_dominance,false,"{""U45"":1,""U23"":1,""U49"":1,""U96"":4,""U10"":4,""U4"":1,""U60"":1,""U5"":1,""U62"":4,""U98"":9,""U2"":1,""U74"":1,""U19"":1,""U37"":1,""U44"":7,""U91"":1,""U92"":1,""U82"":1,""U73"":14,""U81"":1,""U85"":1,""U53"":2,""U16"":1,""U8"":2,""U41"":3,""U95"":1,""U32"":8,""U31"":1,""U47"":1,""U7"":1,""U25"":1,""U75"":1,""U50"":1,""U83"":1,""U93"":1,""U94"":1,""U78"":1,""U84"":14,""U46"":1,""U39"":1,""U68"":1,""U71"":2,""U58"":1,""U12"":1,""U1"":3,""U24"":1,""U42"":1,""U43"":1,""U87"":1,""U3"":1,""U36"":1,""U21"":1,""U63"":11,""U88"":4,""U20"":2,""U30"":1,""U33"":1,""U80"":1,""U66"":3,""U79"":1,""U27"":13,""U48"":1,""U57"":1,""U76"":1,""U64"":3,""U99"":1,""U9"":1,""U15"":4,""U29"":3,""U97"":1,""U14"":17,""U67"":1,""U6"":2,""U77"":4,""U61"":1,""U13"":1,""U51"":1,""U28"":1,""U100"":7,""U52"":1,""U17"":2,""U22"":1,""U69"":1,""U65"":1,""U59"":1,""U56"":1,""U11"":7,""U86"":1,""U26"":1,""U40"":2,""U72"":1,""U70"":1,""U34"":1,""U38"":1,""U89"":2,""U55"":1,""U18"":13,""U35"":1,""U90"":1,""U54"":1}",598.2739999294281,,,,,true,100,,,Gurobi,gurobi_10min,true,600.0,20260829,16,16,250,,false,ok,0.0559999942779541,network_balanced,network_balanced_hardness_sweep,16,,598.2739999294281,1.8580000400543213
1,,,,,-1663.0,Optimal,,MIPSolver,,0.5,heidelberg_network_balanced_n250_b50_u100_path_no_dominance,heidelberg,,false,0.0,250,3200,250,250,0.5,500,125,aachen_osm_gtfs_bike_agg250_p250_b50_u100,11518,1000,100,,,1.940000057220459,600.0,labeling,,,path,path_no_dominance,false,"{""U45"":2,""U23"":1,""U49"":1,""U96"":418,""U10"":17,""U4"":1,""U60"":1,""U5"":1,""U62"":16,""U98"":78,""U2"":1,""U74"":1,""U19"":1,""U37"":1,""U44"":16,""U91"":1,""U92"":1,""U82"":1,""U73"":656,""U81"":1,""U85"":1,""U53"":3,""U16"":1,""U8"":2,""U41"":8,""U95"":1,""U32"":36,""U31"":1,""U47"":1,""U7"":1,""U25"":1,""U75"":1,""U50"":1,""U83"":1,""U93"":1,""U94"":1,""U78"":1,""U84"":662,""U46"":1,""U39"":1,""U68"":1,""U71"":3,""U58"":1,""U12"":1,""U1"":8,""U24"":2,""U42"":1,""U43"":1,""U87"":1,""U3"":1,""U36"":1,""U21"":1,""U63"":743,""U88"":39,""U20"":3,""U30"":1,""U33"":1,""U80"":1,""U66"":5,""U79"":1,""U27"":219,""U48"":1,""U57"":3,""U76"":1,""U64"":5,""U99"":1,""U9"":1,""U15"":15,""U29"":5,""U97"":1,""U14"":60,""U67"":1,""U6"":9,""U77"":9,""U61"":2,""U13"":1,""U51"":1,""U28"":2,""U100"":314,""U52"":1,""U17"":3,""U22"":1,""U69"":1,""U65"":1,""U59"":1,""U56"":1,""U11"":39,""U86"":1,""U26"":1,""U40"":5,""U72"":1,""U70"":2,""U34"":1,""U38"":1,""U89"":3,""U55"":1,""U18"":5261,""U35"":1,""U90"":1,""U54"":2}",598.0599999427795,,,,,false,100,,,Gurobi,gurobi_10min,true,600.0,20260829,16,16,250,,false,ok,0.2950000762939453,network_balanced,network_balanced_hardness_sweep,16,,598.0599999427795,2.7960000038146973
75,,,,,,Memory_Limit,,MIPSolver,,0.5,heidelberg_network_balanced_n250_b50_u300_sd_fixed_network_path,heidelberg,,false,0.02468086593153116,250,3200,250,250,0.5,500,125,aachen_osm_gtfs_bike_agg250_p250_b50_u300,11518,1000,300,fixed_network_path,true,,,,false,,sd,sd_fixed_network_path,,,,,,,,,300,,,Gurobi,gurobi_10min,true,600.0,20260829,16,16,250,,false,memory_limit,573.2509999275208,network_balanced,network_balanced_hardness_sweep,16,,600.0,730.1040000915527
1,,,,,,Timelimit,,MIPSolver,,0.5,heidelberg_network_balanced_n250_b50_u300_sd_n_minus_1,heidelberg,,false,1.0e100,250,3200,250,250,0.5,500,125,aachen_osm_gtfs_bike_agg250_p250_b50_u300,11518,1000,300,n_minus_one_most_expensive,true,,,,false,,sd,sd_n_minus_1,,,,,,,,,300,,,Gurobi,gurobi_10min,true,600.0,20260829,16,16,250,,false,timeout,601.5110001564026,network_balanced,network_balanced_hardness_sweep,16,,600.0,725.7560000419617
1,,900,,300,,Timelimit,4.0025751,BlCSolver,,0.5,heidelberg_network_balanced_n250_b50_u300_blc_astar_fixed_network_path,heidelberg,,false,1.0e100,250,3200,250,250,0.5,500,125,aachen_osm_gtfs_bike_agg250_p250_b50_u300,11518,1000,300,fixed_network_path,,,,,,3467519,blc,blc_astar_fixed_network_path,,,,0,0,astar,null,,300,true,16,Gurobi,gurobi_10min,true,600.0,20260829,16,16,250,,false,timeout,600.3709998130798,network_balanced,network_balanced_hardness_sweep,16,16,600.0,861.5059998035431
1,,300,,300,,Timelimit,1.0822928,BlCSolver,,0.5,heidelberg_network_balanced_n250_b50_u300_blc_astar_n_minus_1,heidelberg,,false,1.0e100,250,3200,250,250,0.5,500,125,aachen_osm_gtfs_bike_agg250_p250_b50_u300,11518,1000,300,n_minus_one_most_expensive,,,,,,3467519,blc,blc_astar_n_minus_1,,,,0,0,astar,null,,300,true,16,Gurobi,gurobi_10min,true,600.0,20260829,16,16,250,,false,timeout,600.2980000972748,network_balanced,network_balanced_hardness_sweep,16,16,600.0,819.4400000572205
1,,,,,-4444.0,Optimal,,MIPSolver,,0.5,heidelberg_network_balanced_n250_b50_u300_path_dominance,heidelberg,,false,4.091318222666246e-5,250,3200,250,250,0.5,500,125,aachen_osm_gtfs_bike_agg250_p250_b50_u300,11518,1000,300,,,5.342000246047974,600.0,labeling,,,path,path_dominance,false,"{""U23"":1,""U96"":1,""U10"":1,""U126"":1,""U176"":1,""U111"":1,""U19"":1,""U166"":1,""U91"":12,""U189"":1,""U107"":1,""U212"":1,""U121"":1,""U292"":3,""U16"":9,""U155"":1,""U293"":3,""U264"":5,""U7"":1,""U132"":1,""U219"":1,""U257"":1,""U184"":1,""U129"":3,""U275"":10,""U238"":4,""U142"":1,""U1"":2,""U24"":3,""U263"":3,""U43"":1,""U260"":1,""U87"":1,""U109"":7,""U138"":1,""U229"":1,""U119"":1,""U179"":2,""U282"":2,""U243"":1,""U186"":2,""U48"":5,""U57"":2,""U76"":1,""U9"":1,""U29"":1,""U117"":1,""U285"":1,""U67"":1,""U6"":37,""U13"":1,""U149"":1,""U152"":3,""U289"":1,""U188"":1,""U135"":1,""U144"":1,""U148"":1,""U116"":2,""U274"":2,""U167"":1,""U217"":1,""U118"":9,""U187"":3,""U225"":1,""U115"":1,""U250"":1,""U209"":1,""U241"":2,""U262"":3,""U35"":1,""U90"":1,""U54"":1,""U45"":1,""U49"":1,""U62"":1,""U5"":1,""U74"":1,""U203"":1,""U255"":1,""U82"":1,""U73"":3,""U81"":2,""U213"":1,""U8"":1,""U41"":1,""U300"":1,""U177"":1,""U31"":1,""U75"":1,""U83"":4,""U50"":1,""U93"":1,""U216"":19,""U139"":1,""U270"":1,""U78"":1,""U84"":1,""U269"":1,""U46"":1,""U147"":14,""U39"":1,""U68"":1,""U248"":1,""U71"":1,""U291"":18,""U192"":5,""U259"":1,""U103"":1,""U102"":1,""U222"":1,""U183"":1,""U156"":1,""U287"":1,""U204"":1,""U128"":1,""U235"":5,""U154"":1,""U273"":1,""U198"":1,""U226"":1,""U178"":1,""U27"":4,""U191"":2,""U223"":1,""U124"":1,""U267"":1,""U64"":1,""U127"":1,""U182"":1,""U207"":1,""U161"":1,""U130"":1,""U268"":1,""U61"":3,""U141"":15,""U239"":2,""U51"":1,""U158"":1,""U28"":1,""U52"":1,""U157"":1,""U251"":1,""U17"":1,""U195"":1,""U254"":1,""U69"":1,""U112"":1,""U40"":1,""U164"":1,""U72"":1,""U34"":1,""U133"":1,""U199"":1,""U175"":22,""U201"":1,""U281"":1,""U60"":1,""U2"":1,""U153"":1,""U37"":3,""U92"":6,""U196"":1,""U231"":1,""U296"":1,""U286"":1,""U221"":9,""U32"":1,""U151"":7,""U47"":5,""U218"":5,""U298"":9,""U94"":1,""U101"":1,""U283"":1,""U108"":1,""U122"":1,""U123"":38,""U134"":8,""U58"":1,""U205"":1,""U172"":1,""U290"":1,""U12"":1,""U169"":1,""U224"":1,""U3"":1,""U266"":1,""U63"":8,""U240"":11,""U136"":2,""U20"":1,""U190"":1,""U277"":1,""U30"":1,""U80"":1,""U171"":1,""U220"":3,""U279"":1,""U206"":1,""U202"":1,""U271"":1,""U97"":1,""U284"":4,""U77"":1,""U247"":1,""U232"":1,""U105"":1,""U114"":1,""U227"":1,""U59"":1,""U56"":9,""U86"":2,""U26"":1,""U236"":7,""U70"":1,""U208"":12,""U140"":1,""U125"":1,""U163"":1,""U89"":1,""U55"":2,""U110"":3,""U159"":1,""U185"":1,""U214"":1,""U120"":1,""U4"":1,""U98"":1,""U146"":1,""U276"":1,""U173"":1,""U245"":1,""U44"":1,""U193"":1,""U137"":1,""U168"":10,""U85"":1,""U53"":8,""U95"":1,""U297"":1,""U234"":1,""U194"":2,""U200"":1,""U25"":7,""U145"":1,""U228"":1,""U174"":1,""U165"":1,""U258"":11,""U288"":3,""U215"":26,""U237"":8,""U42"":1,""U113"":1,""U106"":1,""U150"":1,""U104"":1,""U244"":11,""U36"":1,""U21"":1,""U242"":1,""U88"":1,""U131"":1,""U33"":5,""U66"":1,""U246"":1,""U272"":27,""U79"":2,""U253"":1,""U261"":1,""U99"":1,""U230"":2,""U170"":1,""U15"":1,""U294"":1,""U280"":1,""U14"":10,""U249"":1,""U252"":1,""U256"":1,""U233"":1,""U100"":18,""U278"":1,""U160"":1,""U22"":1,""U65"":1,""U11"":1,""U180"":1,""U162"":1,""U265"":4,""U295"":1,""U197"":38,""U143"":1,""U210"":1,""U38"":8,""U18"":1,""U299"":2,""U211"":1,""U181"":1}",594.657999753952,,,,,true,300,,,Gurobi,gurobi_10min,true,600.0,20260829,16,16,250,,false,ok,0.16900014877319336,network_balanced,network_balanced_hardness_sweep,16,,594.657999753952,5.63700008392334
1,,,,,-4444.0,Optimal,,MIPSolver,,0.5,heidelberg_network_balanced_n250_b50_u300_path_no_dominance,heidelberg,,false,0.0,250,3200,250,250,0.5,500,125,aachen_osm_gtfs_bike_agg250_p250_b50_u300,11518,1000,300,,,5.658998489379883,600.0,labeling,,,path,path_no_dominance,false,"{""U23"":1,""U96"":1,""U10"":1,""U126"":1,""U176"":1,""U111"":1,""U19"":1,""U166"":1,""U91"":132,""U189"":1,""U107"":1,""U212"":1,""U121"":1,""U292"":9,""U16"":25,""U155"":1,""U293"":10,""U264"":10,""U7"":1,""U132"":1,""U219"":2,""U257"":1,""U184"":1,""U129"":4,""U275"":47,""U238"":18,""U142"":1,""U1"":2,""U24"":20,""U263"":95,""U43"":1,""U260"":1,""U87"":1,""U109"":13,""U138"":1,""U229"":1,""U119"":1,""U179"":5,""U282"":47,""U243"":1,""U186"":4,""U48"":11,""U57"":3,""U76"":1,""U9"":1,""U29"":1,""U117"":1,""U285"":1,""U67"":1,""U6"":7579,""U13"":1,""U149"":1,""U152"":58,""U289"":1,""U188"":1,""U135"":1,""U144"":1,""U148"":1,""U116"":5,""U274"":3,""U167"":1,""U217"":1,""U118"":31,""U187"":6,""U225"":1,""U115"":1,""U250"":2,""U209"":1,""U241"":7,""U262"":25,""U35"":1,""U90"":1,""U54"":1,""U45"":1,""U49"":1,""U62"":1,""U5"":1,""U74"":1,""U203"":2,""U255"":1,""U82"":1,""U73"":4,""U81"":4,""U213"":1,""U8"":2,""U41"":1,""U300"":1,""U177"":1,""U31"":2,""U75"":2,""U83"":9,""U50"":1,""U93"":1,""U216"":3145,""U139"":1,""U270"":1,""U78"":1,""U84"":1,""U269"":1,""U46"":1,""U147"":401,""U39"":1,""U68"":1,""U248"":1,""U71"":1,""U291"":331,""U192"":5,""U259"":1,""U103"":1,""U102"":1,""U222"":1,""U183"":1,""U156"":1,""U287"":1,""U204"":1,""U128"":1,""U235"":17,""U154"":1,""U273"":2,""U198"":1,""U226"":1,""U178"":1,""U27"":14,""U191"":5,""U223"":1,""U124"":1,""U267"":1,""U64"":1,""U127"":1,""U182"":1,""U207"":1,""U161"":1,""U130"":1,""U268"":1,""U61"":4,""U141"":7906,""U239"":2,""U51"":1,""U158"":1,""U28"":1,""U52"":1,""U157"":1,""U251"":1,""U17"":1,""U195"":1,""U254"":1,""U69"":2,""U112"":1,""U40"":1,""U164"":1,""U72"":1,""U34"":1,""U133"":1,""U199"":1,""U175"":2485,""U201"":1,""U281"":1,""U60"":1,""U2"":1,""U153"":1,""U37"":3,""U92"":53,""U196"":1,""U231"":1,""U296"":1,""U286"":1,""U221"":93,""U32"":1,""U151"":229,""U47"":13,""U218"":8,""U298"":465,""U94"":1,""U101"":1,""U283"":1,""U108"":1,""U122"":1,""U123"":3074,""U134"":74,""U58"":1,""U205"":1,""U172"":1,""U290"":1,""U12"":1,""U169"":1,""U224"":1,""U3"":2,""U266"":1,""U63"":16,""U240"":701,""U136"":3,""U20"":1,""U190"":1,""U277"":1,""U30"":2,""U80"":1,""U171"":1,""U220"":6,""U279"":1,""U206"":1,""U202"":1,""U271"":1,""U97"":1,""U284"":16,""U77"":1,""U247"":1,""U232"":1,""U105"":1,""U114"":1,""U227"":1,""U59"":1,""U56"":197,""U86"":2,""U26"":2,""U236"":9,""U70"":1,""U208"":112,""U140"":1,""U125"":1,""U163"":1,""U89"":1,""U55"":2,""U110"":4,""U159"":1,""U185"":1,""U214"":1,""U120"":1,""U4"":1,""U98"":1,""U146"":1,""U276"":1,""U173"":1,""U245"":1,""U44"":1,""U193"":1,""U137"":1,""U168"":81,""U85"":1,""U53"":110,""U95"":1,""U297"":1,""U234"":1,""U194"":2,""U200"":2,""U25"":21,""U145"":1,""U228"":1,""U174"":1,""U165"":1,""U258"":232,""U288"":7,""U215"":1072,""U237"":39,""U42"":1,""U113"":1,""U106"":1,""U150"":1,""U104"":1,""U244"":718,""U36"":1,""U21"":2,""U242"":1,""U88"":1,""U131"":1,""U33"":19,""U66"":1,""U246"":2,""U272"":385,""U79"":3,""U253"":1,""U261"":1,""U99"":1,""U230"":4,""U170"":1,""U15"":1,""U294"":1,""U280"":1,""U14"":57,""U249"":1,""U252"":1,""U256"":1,""U233"":1,""U100"":1388,""U278"":1,""U160"":1,""U22"":1,""U65"":1,""U11"":1,""U180"":1,""U162"":1,""U265"":6,""U295"":1,""U197"":2494,""U143"":1,""U210"":1,""U38"":1103,""U18"":1,""U299"":3,""U211"":1,""U181"":1}",594.3410015106201,,,,,false,300,,,Gurobi,gurobi_10min,true,600.0,20260829,16,16,250,,false,ok,3.9070000648498535,network_balanced,network_balanced_hardness_sweep,16,,594.3410015106201,12.757999897003174
1,,,,,-6128.0,Timelimit,,MIPSolver,,0.5,heidelberg_network_balanced_n250_b50_u500_sd_fixed_network_path,heidelberg,,false,0.1654333695547591,250,3200,250,250,0.5,500,125,aachen_osm_gtfs_bike_agg250_p250_b50_u500,11518,1000,500,fixed_network_path,true,,,,false,,sd,sd_fixed_network_path,,,,,,,,,500,,,Gurobi,gurobi_10min,true,600.0,20260829,16,16,250,,false,timeout,602.2890000343323,network_balanced,network_balanced_hardness_sweep,16,,600.0,862.4100000858307
0,,,,,,Memory_Limit,,MIPSolver,,0.5,heidelberg_network_balanced_n250_b50_u500_sd_n_minus_1,heidelberg,,false,1.0e100,250,3200,250,250,0.5,500,125,aachen_osm_gtfs_bike_agg250_p250_b50_u500,11518,1000,500,n_minus_one_most_expensive,true,,,,false,,sd,sd_n_minus_1,,,,,,,,,500,,,Gurobi,gurobi_10min,true,600.0,20260829,16,16,250,,false,memory_limit,344.48600006103516,network_balanced,network_balanced_hardness_sweep,16,,600.0,553.694000005722
1,,500,,500,,Timelimit,1.8241158,BlCSolver,,0.5,heidelberg_network_balanced_n250_b50_u500_blc_astar_fixed_network_path,heidelberg,,false,1.0e100,250,3200,250,250,0.5,500,125,aachen_osm_gtfs_bike_agg250_p250_b50_u500,11518,1000,500,fixed_network_path,,,,,,5771519,blc,blc_astar_fixed_network_path,,,,0,0,astar,null,,500,true,16,Gurobi,gurobi_10min,true,600.0,20260829,16,16,250,,false,timeout,600.5579998493195,network_balanced,network_balanced_hardness_sweep,16,16,600.0,1024.8250000476837
1,,500,,500,,Timelimit,2.0032791,BlCSolver,,0.5,heidelberg_network_balanced_n250_b50_u500_blc_astar_n_minus_1,heidelberg,,false,1.0e100,250,3200,250,250,0.5,500,125,aachen_osm_gtfs_bike_agg250_p250_b50_u500,11518,1000,500,n_minus_one_most_expensive,,,,,,5771519,blc,blc_astar_n_minus_1,,,,0,0,astar,null,,500,true,16,Gurobi,gurobi_10min,true,600.0,20260829,16,16,250,,false,timeout,600.6059999465942,network_balanced,network_balanced_hardness_sweep,16,16,600.0,962.055999994278
1918,,,,,-6557.0,Optimal,,MIPSolver,,0.5,heidelberg_network_balanced_n250_b50_u500_path_dominance,heidelberg,,false,0.0,250,3200,250,250,0.5,500,125,aachen_osm_gtfs_bike_agg250_p250_b50_u500,11518,1000,500,,,8.46299934387207,600.0,labeling,,,path,path_dominance,false,"{""U23"":1,""U96"":1,""U327"":1,""U10"":4,""U396"":1,""U126"":1,""U176"":1,""U448"":1,""U111"":5,""U432"":4,""U381"":3,""U19"":1,""U166"":1,""U91"":1,""U189"":1,""U466"":1,""U107"":1,""U212"":1,""U121"":1,""U292"":1,""U16"":11,""U155"":1,""U363"":1,""U390"":1,""U372"":1,""U293"":6,""U415"":1,""U385"":1,""U431"":4,""U264"":2,""U7"":1,""U132"":1,""U219"":2,""U257"":1,""U184"":3,""U420"":1,""U346"":1,""U129"":1,""U334"":1,""U275"":1,""U238"":1,""U326"":1,""U439"":3,""U142"":1,""U1"":1,""U24"":4,""U263"":1,""U374"":1,""U43"":1,""U345"":1,""U481"":1,""U302"":1,""U260"":1,""U404"":1,""U87"":5,""U109"":1,""U138"":1,""U324"":1,""U229"":1,""U119"":1,""U347"":1,""U179"":1,""U282"":1,""U397"":1,""U357"":1,""U316"":1,""U475"":1,""U491"":1,""U243"":1,""U323"":1,""U485"":1,""U377"":2,""U186"":1,""U371"":1,""U386"":4,""U437"":1,""U359"":1,""U48"":3,""U57"":1,""U76"":1,""U9"":1,""U488"":1,""U29"":1,""U473"":2,""U471"":1,""U117"":1,""U285"":1,""U331"":1,""U413"":1,""U67"":1,""U6"":6,""U13"":1,""U351"":3,""U492"":2,""U149"":1,""U152"":1,""U489"":3,""U289"":6,""U188"":1,""U444"":1,""U456"":1,""U472"":1,""U135"":1,""U144"":1,""U148"":32,""U116"":1,""U399"":3,""U274"":1,""U167"":1,""U341"":1,""U217"":1,""U421"":1,""U428"":1,""U446"":1,""U118"":1,""U187"":13,""U225"":1,""U115"":1,""U250"":1,""U332"":1,""U438"":8,""U209"":1,""U241"":1,""U262"":1,""U35"":1,""U90"":1,""U54"":4,""U305"":1,""U452"":1,""U416"":1,""U45"":1,""U49"":1,""U443"":1,""U321"":1,""U319"":1,""U417"":1,""U469"":1,""U62"":1,""U5"":1,""U435"":4,""U74"":1,""U307"":1,""U203"":1,""U434"":6,""U255"":2,""U82"":1,""U73"":3,""U81"":1,""U445"":1,""U496"":6,""U213"":9,""U8"":5,""U393"":5,""U41"":1,""U403"":1,""U300"":1,""U455"":2,""U450"":5,""U177"":1,""U318"":1,""U31"":1,""U356"":1,""U75"":1,""U83"":1,""U50"":1,""U93"":1,""U216"":1,""U139"":1,""U270"":28,""U430"":4,""U370"":1,""U78"":1,""U84"":1,""U269"":1,""U436"":10,""U46"":1,""U147"":1,""U39"":1,""U68"":1,""U248"":1,""U71"":1,""U291"":1,""U322"":1,""U335"":1,""U192"":1,""U259"":1,""U419"":1,""U103"":1,""U102"":4,""U222"":1,""U462"":1,""U476"":1,""U364"":1,""U369"":1,""U479"":1,""U183"":24,""U156"":1,""U287"":1,""U204"":1,""U355"":1,""U398"":1,""U441"":1,""U373"":1,""U406"":1,""U354"":1,""U128"":1,""U459"":3,""U382"":2,""U235"":1,""U154"":15,""U273"":1,""U198"":1,""U494"":1,""U226"":4,""U340"":1,""U178"":1,""U27"":1,""U191"":1,""U223"":1,""U124"":1,""U267"":2,""U378"":1,""U64"":1,""U495"":1,""U127"":1,""U182"":1,""U344"":2,""U207"":5,""U161"":1,""U130"":1,""U268"":3,""U394"":1,""U454"":1,""U61"":1,""U141"":4,""U464"":1,""U477"":1,""U433"":1,""U497"":1,""U239"":3,""U51"":1,""U498"":1,""U158"":1,""U28"":1,""U52"":1,""U157"":1,""U251"":1,""U17"":1,""U195"":1,""U254"":1,""U314"":2,""U349"":1,""U391"":1,""U69"":1,""U112"":1,""U320"":2,""U411"":3,""U329"":5,""U40"":1,""U164"":15,""U72"":1,""U474"":1,""U34"":18,""U133"":1,""U199"":2,""U425"":1,""U175"":1,""U405"":1,""U361"":1,""U201"":1,""U281"":1,""U304"":78,""U338"":7,""U60"":9,""U2"":4,""U153"":1,""U333"":1,""U37"":1,""U92"":1,""U451"":1,""U449"":1,""U196"":1,""U231"":1,""U493"":1,""U296"":2,""U308"":1,""U286"":1,""U221"":1,""U32"":1,""U151"":1,""U376"":1,""U47"":1,""U218"":1,""U298"":1,""U328"":1,""U94"":1,""U101"":1,""U283"":1,""U108"":1,""U122"":3,""U123"":1,""U134"":4,""U58"":1,""U205"":1,""U172"":1,""U368"":1,""U458"":1,""U290"":4,""U12"":1,""U169"":1,""U483"":3,""U484"":1,""U486"":1,""U224"":4,""U337"":7,""U3"":1,""U266"":1,""U63"":4,""U240"":1,""U136"":1,""U20"":1,""U190"":1,""U277"":2,""U343"":2,""U30"":13,""U409"":1,""U80"":1,""U171"":1,""U330"":1,""U220"":1,""U279"":1,""U315"":1,""U388"":1,""U309"":1,""U447"":1,""U206"":15,""U202"":1,""U271"":3,""U401"":1,""U470"":1,""U383"":3,""U339"":1,""U97"":1,""U408"":1,""U392"":1,""U284"":1,""U77"":1,""U379"":4,""U247"":1,""U457"":5,""U468"":1,""U350"":11,""U232"":1,""U105"":1,""U353"":15,""U482"":1,""U352"":2,""U114"":1,""U227"":6,""U303"":1,""U59"":1,""U56"":1,""U86"":12,""U26"":1,""U236"":1,""U70"":3,""U208"":1,""U140"":1,""U125"":1,""U163"":1,""U414"":5,""U89"":1,""U55"":1,""U110"":1,""U358"":1,""U442"":1,""U490"":1,""U159"":1,""U185"":1,""U214"":1,""U120"":1,""U4"":1,""U98"":1,""U146"":38,""U276"":6,""U173"":1,""U312"":1,""U389"":1,""U245"":1,""U44"":1,""U412"":3,""U193"":1,""U137"":1,""U168"":1,""U85"":1,""U53"":1,""U325"":1,""U418"":2,""U95"":1,""U402"":1,""U297"":4,""U424"":1,""U467"":5,""U400"":19,""U380"":2,""U234"":1,""U194"":1,""U200"":1,""U25"":1,""U145"":1,""U228"":1,""U301"":3,""U174"":9,""U165"":1,""U460"":1,""U500"":1,""U453"":3,""U258"":1,""U288"":1,""U215"":1,""U237"":5,""U465"":29,""U42"":1,""U360"":16,""U113"":3,""U463"":1,""U106"":1,""U150"":4,""U348"":6,""U104"":1,""U440"":1,""U461"":1,""U244"":1,""U426"":1,""U36"":1,""U21"":1,""U242"":1,""U306"":1,""U88"":13,""U375"":1,""U342"":1,""U131"":1,""U33"":1,""U66"":1,""U246"":1,""U272"":2,""U480"":1,""U79"":1,""U253"":1,""U261"":1,""U387"":6,""U99"":6,""U230"":1,""U317"":1,""U170"":3,""U313"":1,""U15"":1,""U384"":1,""U423"":1,""U294"":1,""U280"":3,""U14"":2,""U249"":1,""U252"":41,""U256"":1,""U233"":31,""U422"":1,""U362"":1,""U100"":1,""U278"":4,""U160"":1,""U410"":1,""U22"":2,""U65"":1,""U310"":1,""U11"":11,""U180"":1,""U407"":1,""U427"":1,""U162"":1,""U265"":10,""U365"":1,""U295"":1,""U336"":1,""U197"":1,""U395"":1,""U143"":1,""U210"":2,""U367"":1,""U487"":1,""U38"":1,""U366"":1,""U18"":1,""U299"":3,""U499"":1,""U211"":1,""U311"":1,""U478"":70,""U429"":1,""U181"":1}",591.5370006561279,,,,,true,500,,,Gurobi,gurobi_10min,true,600.0,20260829,16,16,250,,false,ok,0.693000078201294,network_balanced,network_balanced_hardness_sweep,16,,591.5370006561279,9.312999963760376
6154,,,,,-6557.0,Optimal,,MIPSolver,,0.5,heidelberg_network_balanced_n250_b50_u500_path_no_dominance,heidelberg,,false,1.6726962722419207e-11,250,3200,250,250,0.5,500,125,aachen_osm_gtfs_bike_agg250_p250_b50_u500,11518,1000,500,,,9.820000410079956,600.0,labeling,,,path,path_no_dominance,false,"{""U23"":1,""U96"":1,""U327"":1,""U10"":4,""U396"":1,""U126"":1,""U176"":1,""U448"":1,""U111"":11,""U432"":16,""U381"":7,""U19"":1,""U166"":1,""U91"":1,""U189"":1,""U466"":1,""U107"":1,""U212"":1,""U121"":1,""U292"":1,""U16"":54,""U155"":1,""U363"":1,""U390"":1,""U372"":1,""U293"":9,""U415"":2,""U385"":1,""U431"":100,""U264"":7,""U7"":1,""U132"":1,""U219"":10,""U257"":1,""U184"":3,""U420"":1,""U346"":1,""U129"":1,""U334"":1,""U275"":1,""U238"":1,""U326"":1,""U439"":14,""U142"":1,""U1"":1,""U24"":5,""U263"":1,""U374"":1,""U43"":1,""U345"":1,""U481"":1,""U302"":1,""U260"":1,""U404"":2,""U87"":5,""U109"":1,""U138"":1,""U324"":1,""U229"":2,""U119"":1,""U347"":1,""U179"":1,""U282"":1,""U397"":1,""U357"":1,""U316"":1,""U475"":1,""U491"":1,""U243"":1,""U323"":1,""U485"":1,""U377"":5,""U186"":1,""U371"":1,""U386"":5,""U437"":1,""U359"":1,""U48"":22,""U57"":2,""U76"":1,""U9"":1,""U488"":1,""U29"":1,""U473"":3,""U471"":1,""U117"":1,""U285"":1,""U331"":1,""U413"":1,""U67"":1,""U6"":111,""U13"":2,""U351"":3,""U492"":2,""U149"":1,""U152"":1,""U489"":4,""U289"":38,""U188"":1,""U444"":1,""U456"":1,""U472"":1,""U135"":1,""U144"":1,""U148"":6585,""U116"":1,""U399"":33,""U274"":1,""U167"":1,""U341"":1,""U217"":1,""U421"":1,""U428"":1,""U446"":1,""U118"":1,""U187"":158,""U225"":1,""U115"":1,""U250"":1,""U332"":1,""U438"":52,""U209"":1,""U241"":1,""U262"":1,""U35"":1,""U90"":1,""U54"":18,""U305"":1,""U452"":1,""U416"":1,""U45"":1,""U49"":1,""U443"":2,""U321"":1,""U319"":1,""U417"":1,""U469"":1,""U62"":1,""U5"":1,""U435"":17,""U74"":1,""U307"":2,""U203"":1,""U434"":13,""U255"":3,""U82"":2,""U73"":61,""U81"":1,""U445"":1,""U496"":78,""U213"":85,""U8"":26,""U393"":12,""U41"":1,""U403"":1,""U300"":1,""U455"":3,""U450"":19,""U177"":1,""U318"":1,""U31"":1,""U356"":1,""U75"":1,""U83"":1,""U50"":1,""U93"":1,""U216"":1,""U139"":1,""U270"":4370,""U430"":22,""U370"":2,""U78"":1,""U84"":1,""U269"":1,""U436"":162,""U46"":1,""U147"":1,""U39"":1,""U68"":1,""U248"":1,""U71"":1,""U291"":1,""U322"":1,""U335"":1,""U192"":1,""U259"":1,""U419"":1,""U103"":1,""U102"":8,""U222"":2,""U462"":1,""U476"":1,""U364"":1,""U369"":1,""U479"":1,""U183"":1406,""U156"":1,""U287"":1,""U204"":1,""U355"":1,""U398"":1,""U441"":1,""U373"":1,""U406"":1,""U354"":1,""U128"":1,""U459"":5,""U382"":3,""U235"":2,""U154"":1745,""U273"":1,""U198"":1,""U494"":1,""U226"":15,""U340"":1,""U178"":1,""U27"":1,""U191"":1,""U223"":1,""U124"":1,""U267"":6,""U378"":1,""U64"":1,""U495"":2,""U127"":1,""U182"":1,""U344"":2,""U207"":670,""U161"":1,""U130"":1,""U268"":5,""U394"":1,""U454"":1,""U61"":1,""U141"":18,""U464"":1,""U477"":1,""U433"":1,""U497"":1,""U239"":3,""U51"":1,""U498"":1,""U158"":1,""U28"":1,""U52"":1,""U157"":1,""U251"":1,""U17"":1,""U195"":1,""U254"":1,""U314"":2,""U349"":1,""U391"":1,""U69"":1,""U112"":1,""U320"":2,""U411"":5,""U329"":7,""U40"":1,""U164"":283,""U72"":1,""U474"":1,""U34"":521,""U133"":1,""U199"":3,""U425"":1,""U175"":1,""U405"":1,""U361"":1,""U201"":1,""U281"":1,""U304"":2820,""U338"":57,""U60"":290,""U2"":16,""U153"":1,""U333"":1,""U37"":1,""U92"":2,""U451"":1,""U449"":1,""U196"":1,""U231"":1,""U493"":1,""U296"":2,""U308"":1,""U286"":1,""U221"":1,""U32"":1,""U151"":1,""U376"":1,""U47"":1,""U218"":1,""U298"":1,""U328"":1,""U94"":1,""U101"":1,""U283"":1,""U108"":1,""U122"":7,""U123"":1,""U134"":7,""U58"":1,""U205"":1,""U172"":1,""U368"":1,""U458"":1,""U290"":6,""U12"":1,""U169"":1,""U483"":21,""U484"":1,""U486"":1,""U224"":6,""U337"":76,""U3"":1,""U266"":1,""U63"":56,""U240"":1,""U136"":1,""U20"":1,""U190"":1,""U277"":12,""U343"":4,""U30"":18026,""U409"":1,""U80"":2,""U171"":1,""U330"":1,""U220"":1,""U279"":1,""U315"":1,""U388"":1,""U309"":1,""U447"":1,""U206"":103,""U202"":1,""U271"":9,""U401"":1,""U470"":1,""U383"":5,""U339"":1,""U97"":1,""U408"":1,""U392"":1,""U284"":1,""U77"":1,""U379"":19,""U247"":2,""U457"":30,""U468"":1,""U350"":153,""U232"":1,""U105"":1,""U353"":1944,""U482"":1,""U352"":2,""U114"":1,""U227"":23,""U303"":1,""U59"":1,""U56"":1,""U86"":89,""U26"":1,""U236"":1,""U70"":4,""U208"":2,""U140"":1,""U125"":1,""U163"":1,""U414"":77,""U89"":1,""U55"":1,""U110"":1,""U358"":1,""U442"":1,""U490"":2,""U159"":1,""U185"":1,""U214"":1,""U120"":2,""U4"":1,""U98"":1,""U146"":2534,""U276"":16,""U173"":1,""U312"":1,""U389"":1,""U245"":1,""U44"":1,""U412"":9,""U193"":1,""U137"":1,""U168"":1,""U85"":1,""U53"":1,""U325"":1,""U418"":2,""U95"":1,""U402"":1,""U297"":6,""U424"":1,""U467"":16,""U400"":1442,""U380"":4,""U234"":1,""U194"":1,""U200"":1,""U25"":1,""U145"":1,""U228"":1,""U301"":20,""U174"":63,""U165"":1,""U460"":1,""U500"":1,""U453"":3,""U258"":1,""U288"":1,""U215"":1,""U237"":9,""U465"":2865,""U42"":1,""U360"":83,""U113"":15,""U463"":1,""U106"":1,""U150"":6,""U348"":8,""U104"":1,""U440"":1,""U461"":1,""U244"":1,""U426"":1,""U36"":1,""U21"":1,""U242"":1,""U306"":1,""U88"":95,""U375"":1,""U342"":1,""U131"":1,""U33"":1,""U66"":1,""U246"":2,""U272"":2,""U480"":1,""U79"":1,""U253"":1,""U261"":1,""U387"":2247,""U99"":40,""U230"":1,""U317"":1,""U170"":4,""U313"":1,""U15"":1,""U384"":1,""U423"":1,""U294"":1,""U280"":7,""U14"":3,""U249"":1,""U252"":1714,""U256"":1,""U233"":1060,""U422"":1,""U362"":1,""U100"":1,""U278"":4,""U160"":1,""U410"":1,""U22"":6,""U65"":1,""U310"":1,""U11"":510,""U180"":1,""U407"":1,""U427"":1,""U162"":1,""U265"":30,""U365"":1,""U295"":1,""U336"":1,""U197"":1,""U395"":1,""U143"":1,""U210"":9,""U367"":1,""U487"":1,""U38"":1,""U366"":1,""U18"":1,""U299"":83,""U499"":1,""U211"":1,""U311"":1,""U478"":5166,""U429"":1,""U181"":1}",590.17999958992,,,,,false,500,,,Gurobi,gurobi_10min,true,600.0,20260829,16,16,250,,false,ok,31.907999992370605,network_balanced,network_balanced_hardness_sweep,16,,590.17999958992,46.26699995994568
11,,,,,,Memory_Limit,,MIPSolver,,0.5,heidelberg_network_balanced_n300_b50_u100_sd_fixed_network_path,heidelberg,,false,0.019998922246714176,300,3180,300,300,0.5,600,150,aachen_osm_gtfs_bike_agg300_p300_b50_u100,11819,1200,100,fixed_network_path,true,,,,false,,sd,sd_fixed_network_path,,,,,,,,,100,,,Gurobi,gurobi_10min,true,600.0,20260829,16,16,300,,false,memory_limit,178.6599998474121,network_balanced,network_balanced_hardness_sweep,16,,600.0,220.82800006866455
0,,,,,,Memory_Limit,,MIPSolver,,0.5,heidelberg_network_balanced_n300_b50_u100_sd_n_minus_1,heidelberg,,false,1.0e100,300,3180,300,300,0.5,600,150,aachen_osm_gtfs_bike_agg300_p300_b50_u100,11819,1200,100,n_minus_one_most_expensive,true,,,,false,,sd,sd_n_minus_1,,,,,,,,,100,,,Gurobi,gurobi_10min,true,600.0,20260829,16,16,300,,false,memory_limit,36.79700016975403,network_balanced,network_balanced_hardness_sweep,16,,600.0,68.76399993896484
1,,400,,100,-1383.0,Optimal,0.6324605,BlCSolver,,0.5,heidelberg_network_balanced_n300_b50_u100_blc_astar_fixed_network_path,heidelberg,,false,0.0,300,3180,300,300,0.5,600,150,aachen_osm_gtfs_bike_agg300_p300_b50_u100,11819,1200,100,fixed_network_path,,,,,,1193920,blc,blc_astar_fixed_network_path,,,,0,0,astar,null,,100,true,16,Gurobi,gurobi_10min,true,600.0,20260829,16,16,300,,false,ok,168.34999990463257,network_balanced,network_balanced_hardness_sweep,16,16,600.0,324.7150001525879
1,,800,,100,-1383.0,Optimal,3.2270116,BlCSolver,,0.5,heidelberg_network_balanced_n300_b50_u100_blc_astar_n_minus_1,heidelberg,,false,0.0,300,3180,300,300,0.5,600,150,aachen_osm_gtfs_bike_agg300_p300_b50_u100,11819,1200,100,n_minus_one_most_expensive,,,,,,1193920,blc,blc_astar_n_minus_1,,,,0,0,astar,null,,100,true,16,Gurobi,gurobi_10min,true,600.0,20260829,16,16,300,,false,ok,226.8030002117157,network_balanced,network_balanced_hardness_sweep,16,16,600.0,347.1210000514984
1,,,,,-1383.0,Optimal,,MIPSolver,,0.5,heidelberg_network_balanced_n300_b50_u100_path_dominance,heidelberg,,false,0.0,300,3180,300,300,0.5,600,150,aachen_osm_gtfs_bike_agg300_p300_b50_u100,11819,1200,100,,,1.8989999294281006,600.0,labeling,,,path,path_dominance,false,"{""U45"":14,""U23"":1,""U49"":1,""U96"":1,""U10"":1,""U4"":8,""U60"":1,""U5"":1,""U62"":4,""U98"":1,""U2"":1,""U74"":1,""U19"":1,""U37"":1,""U44"":1,""U91"":1,""U92"":2,""U82"":1,""U73"":1,""U81"":1,""U85"":1,""U53"":1,""U16"":1,""U8"":1,""U41"":1,""U95"":1,""U32"":31,""U31"":5,""U47"":1,""U7"":1,""U25"":1,""U75"":15,""U50"":1,""U83"":1,""U93"":1,""U94"":1,""U78"":1,""U84"":9,""U46"":1,""U39"":2,""U68"":1,""U71"":1,""U58"":2,""U12"":10,""U1"":3,""U24"":1,""U42"":1,""U43"":1,""U87"":1,""U3"":1,""U36"":2,""U21"":1,""U63"":6,""U88"":1,""U20"":1,""U30"":2,""U33"":1,""U80"":3,""U66"":1,""U79"":1,""U27"":1,""U48"":3,""U57"":10,""U76"":1,""U64"":1,""U99"":1,""U9"":7,""U15"":1,""U29"":1,""U97"":1,""U14"":1,""U67"":1,""U6"":1,""U77"":1,""U61"":1,""U13"":1,""U51"":15,""U28"":1,""U100"":3,""U52"":1,""U17"":1,""U22"":2,""U69"":13,""U65"":1,""U59"":1,""U56"":1,""U11"":1,""U86"":1,""U26"":3,""U40"":1,""U72"":1,""U70"":1,""U34"":1,""U38"":1,""U89"":3,""U55"":1,""U18"":1,""U35"":1,""U90"":1,""U54"":1}",598.1010000705719,,,,,true,100,,,Gurobi,gurobi_10min,true,600.0,20260829,16,16,300,,false,ok,0.048999786376953125,network_balanced,network_balanced_hardness_sweep,16,,598.1010000705719,2.0269999504089355
1,,,,,-1383.0,Optimal,,MIPSolver,,0.5,heidelberg_network_balanced_n300_b50_u100_path_no_dominance,heidelberg,,false,0.0,300,3180,300,300,0.5,600,150,aachen_osm_gtfs_bike_agg300_p300_b50_u100,11819,1200,100,,,2.1500000953674316,600.0,labeling,,,path,path_no_dominance,false,"{""U45"":239,""U23"":1,""U49"":1,""U96"":1,""U10"":1,""U4"":179,""U60"":1,""U5"":1,""U62"":9,""U98"":1,""U2"":1,""U74"":1,""U19"":1,""U37"":2,""U44"":1,""U91"":1,""U92"":2,""U82"":1,""U73"":1,""U81"":1,""U85"":1,""U53"":1,""U16"":1,""U8"":1,""U41"":1,""U95"":1,""U32"":5200,""U31"":12,""U47"":1,""U7"":1,""U25"":1,""U75"":111,""U50"":1,""U83"":1,""U93"":1,""U94"":1,""U78"":1,""U84"":47,""U46"":1,""U39"":2,""U68"":1,""U71"":1,""U58"":3,""U12"":324,""U1"":5,""U24"":1,""U42"":1,""U43"":1,""U87"":1,""U3"":1,""U36"":91,""U21"":1,""U63"":47,""U88"":1,""U20"":1,""U30"":3,""U33"":1,""U80"":5,""U66"":1,""U79"":1,""U27"":1,""U48"":10,""U57"":184,""U76"":1,""U64"":2,""U99"":1,""U9"":32,""U15"":1,""U29"":1,""U97"":1,""U14"":1,""U67"":1,""U6"":1,""U77"":1,""U61"":1,""U13"":4,""U51"":1397,""U28"":1,""U100"":6,""U52"":1,""U17"":2,""U22"":2,""U69"":1237,""U65"":1,""U59"":1,""U56"":1,""U11"":1,""U86"":1,""U26"":88,""U40"":1,""U72"":1,""U70"":1,""U34"":1,""U38"":1,""U89"":9,""U55"":1,""U18"":1,""U35"":1,""U90"":1,""U54"":1}",597.8499999046326,,,,,false,100,,,Gurobi,gurobi_10min,true,600.0,20260829,16,16,300,,false,ok,0.2850000858306885,network_balanced,network_balanced_hardness_sweep,16,,597.8499999046326,3.0980000495910645
1,,,,,-4382.0,Timelimit,,MIPSolver,,0.5,heidelberg_network_balanced_n300_b50_u300_sd_fixed_network_path,heidelberg,,false,0.030991202323369646,300,3180,300,300,0.5,600,150,aachen_osm_gtfs_bike_agg300_p300_b50_u300,11819,1200,300,fixed_network_path,true,,,,false,,sd,sd_fixed_network_path,,,,,,,,,300,,,Gurobi,gurobi_10min,true,600.0,20260829,16,16,300,,false,timeout,601.1640000343323,network_balanced,network_balanced_hardness_sweep,16,,600.0,748.2249999046326
1,,,,,,Timelimit,,MIPSolver,,0.5,heidelberg_network_balanced_n300_b50_u300_sd_n_minus_1,heidelberg,,false,1.0e100,300,3180,300,300,0.5,600,150,aachen_osm_gtfs_bike_agg300_p300_b50_u300,11819,1200,300,n_minus_one_most_expensive,true,,,,false,,sd,sd_n_minus_1,,,,,,,,,300,,,Gurobi,gurobi_10min,true,600.0,20260829,16,16,300,,false,timeout,603.5349998474121,network_balanced,network_balanced_hardness_sweep,16,,600.0,709.9170000553131
1,,300,,300,,Timelimit,1.2533636,BlCSolver,,0.5,heidelberg_network_balanced_n300_b50_u300_blc_astar_fixed_network_path,heidelberg,,false,1.0e100,300,3180,300,300,0.5,600,150,aachen_osm_gtfs_bike_agg300_p300_b50_u300,11819,1200,300,fixed_network_path,,,,,,3558120,blc,blc_astar_fixed_network_path,,,,0,0,astar,null,,300,true,16,Gurobi,gurobi_10min,true,600.0,20260829,16,16,300,,false,timeout,600.2920000553131,network_balanced,network_balanced_hardness_sweep,16,16,600.0,1005.7179999351501
1,,300,,300,,Timelimit,0.8235398,BlCSolver,,0.5,heidelberg_network_balanced_n300_b50_u300_blc_astar_n_minus_1,heidelberg,,false,1.0e100,300,3180,300,300,0.5,600,150,aachen_osm_gtfs_bike_agg300_p300_b50_u300,11819,1200,300,n_minus_one_most_expensive,,,,,,3558120,blc,blc_astar_n_minus_1,,,,0,0,astar,null,,300,true,16,Gurobi,gurobi_10min,true,600.0,20260829,16,16,300,,false,timeout,600.3860001564026,network_balanced,network_balanced_hardness_sweep,16,16,600.0,956.5150001049042
1,,,,,-4383.000010013365,Optimal,,MIPSolver,,0.5,heidelberg_network_balanced_n300_b50_u300_path_dominance,heidelberg,,false,0.0,300,3180,300,300,0.5,600,150,aachen_osm_gtfs_bike_agg300_p300_b50_u300,11819,1200,300,,,6.940999746322632,600.0,labeling,,,path,path_dominance,false,"{""U23"":1,""U96"":5,""U10"":1,""U126"":1,""U176"":1,""U111"":1,""U19"":1,""U166"":1,""U91"":2,""U189"":1,""U107"":1,""U212"":1,""U121"":1,""U292"":1,""U16"":1,""U155"":1,""U293"":5,""U264"":1,""U7"":1,""U132"":11,""U219"":1,""U257"":1,""U184"":1,""U129"":1,""U275"":1,""U238"":6,""U142"":1,""U1"":1,""U24"":1,""U263"":9,""U43"":1,""U260"":3,""U87"":1,""U109"":1,""U138"":1,""U229"":1,""U119"":7,""U179"":1,""U282"":1,""U243"":1,""U186"":1,""U48"":1,""U57"":1,""U76"":1,""U9"":4,""U29"":1,""U117"":15,""U285"":1,""U67"":91,""U6"":1,""U13"":1,""U149"":4,""U152"":1,""U289"":1,""U188"":3,""U135"":1,""U144"":1,""U148"":1,""U116"":2,""U274"":1,""U167"":1,""U217"":1,""U118"":3,""U187"":1,""U225"":1,""U115"":1,""U250"":1,""U209"":5,""U241"":1,""U262"":9,""U35"":1,""U90"":5,""U54"":1,""U45"":1,""U49"":1,""U62"":1,""U5"":1,""U74"":1,""U203"":1,""U255"":1,""U82"":1,""U73"":1,""U81"":1,""U213"":3,""U8"":7,""U41"":1,""U300"":1,""U177"":2,""U31"":3,""U75"":8,""U83"":1,""U50"":1,""U93"":1,""U216"":1,""U139"":4,""U270"":1,""U78"":1,""U84"":1,""U269"":1,""U46"":3,""U147"":1,""U39"":1,""U68"":1,""U248"":5,""U71"":2,""U291"":1,""U192"":17,""U259"":8,""U103"":1,""U102"":1,""U222"":15,""U183"":1,""U156"":2,""U287"":1,""U204"":1,""U128"":1,""U235"":1,""U154"":1,""U273"":1,""U198"":2,""U226"":4,""U178"":1,""U27"":1,""U191"":1,""U223"":1,""U124"":1,""U267"":1,""U64"":1,""U127"":4,""U182"":9,""U207"":1,""U161"":2,""U130"":1,""U268"":2,""U61"":2,""U141"":1,""U239"":10,""U51"":9,""U158"":1,""U28"":1,""U52"":1,""U157"":1,""U251"":4,""U17"":1,""U195"":1,""U254"":1,""U69"":1,""U112"":1,""U40"":1,""U164"":1,""U72"":1,""U34"":1,""U133"":1,""U199"":30,""U175"":3,""U201"":1,""U281"":1,""U60"":1,""U2"":1,""U153"":1,""U37"":10,""U92"":4,""U196"":1,""U231"":1,""U296"":6,""U286"":1,""U221"":1,""U32"":1,""U151"":1,""U47"":1,""U218"":1,""U298"":5,""U94"":1,""U101"":1,""U283"":1,""U108"":1,""U122"":1,""U123"":1,""U134"":1,""U58"":1,""U205"":1,""U172"":1,""U290"":1,""U12"":1,""U169"":1,""U224"":13,""U3"":30,""U266"":1,""U63"":20,""U240"":1,""U136"":12,""U20"":1,""U190"":1,""U277"":1,""U30"":1,""U80"":66,""U171"":1,""U220"":1,""U279"":15,""U206"":1,""U202"":2,""U271"":8,""U97"":1,""U284"":3,""U77"":1,""U247"":1,""U232"":2,""U105"":1,""U114"":10,""U227"":1,""U59"":1,""U56"":1,""U86"":7,""U26"":7,""U236"":17,""U70"":1,""U208"":1,""U140"":1,""U125"":1,""U163"":1,""U89"":1,""U55"":1,""U110"":1,""U159"":1,""U185"":1,""U214"":28,""U120"":1,""U4"":1,""U98"":1,""U146"":1,""U276"":1,""U173"":1,""U245"":1,""U44"":1,""U193"":1,""U137"":3,""U168"":1,""U85"":1,""U53"":4,""U95"":1,""U297"":1,""U234"":3,""U194"":1,""U200"":7,""U25"":1,""U145"":1,""U228"":1,""U174"":1,""U165"":1,""U258"":1,""U288"":1,""U215"":1,""U237"":1,""U42"":1,""U113"":1,""U106"":1,""U150"":4,""U104"":1,""U244"":1,""U36"":1,""U21"":12,""U242"":1,""U88"":1,""U131"":1,""U33"":1,""U66"":1,""U246"":25,""U272"":7,""U79"":1,""U253"":16,""U261"":1,""U99"":1,""U230"":1,""U170"":1,""U15"":1,""U294"":1,""U280"":3,""U14"":1,""U249"":1,""U252"":1,""U256"":1,""U233"":10,""U100"":1,""U278"":1,""U160"":1,""U22"":1,""U65"":1,""U11"":1,""U180"":6,""U162"":1,""U265"":3,""U295"":32,""U197"":1,""U143"":3,""U210"":1,""U38"":1,""U18"":1,""U299"":1,""U211"":1,""U181"":17}",593.0590002536774,,,,,true,300,,,Gurobi,gurobi_10min,true,600.0,20260829,16,16,300,,false,ok,0.312000036239624,network_balanced,network_balanced_hardness_sweep,16,,593.0590002536774,7.369999885559082
1,,,,,-4383.0,Optimal,,MIPSolver,,0.5,heidelberg_network_balanced_n300_b50_u300_path_no_dominance,heidelberg,,false,7.070788990157841e-5,300,3180,300,300,0.5,600,150,aachen_osm_gtfs_bike_agg300_p300_b50_u300,11819,1200,300,,,8.191001176834106,600.0,labeling,,,path,path_no_dominance,false,"{""U23"":1,""U96"":18,""U10"":1,""U126"":1,""U176"":1,""U111"":1,""U19"":1,""U166"":1,""U91"":10,""U189"":1,""U107"":1,""U212"":1,""U121"":1,""U292"":1,""U16"":1,""U155"":1,""U293"":12,""U264"":1,""U7"":1,""U132"":168,""U219"":1,""U257"":1,""U184"":2,""U129"":1,""U275"":1,""U238"":9,""U142"":1,""U1"":1,""U24"":1,""U263"":46,""U43"":1,""U260"":6,""U87"":1,""U109"":1,""U138"":1,""U229"":1,""U119"":1003,""U179"":2,""U282"":2,""U243"":1,""U186"":1,""U48"":1,""U57"":1,""U76"":1,""U9"":11,""U29"":1,""U117"":155,""U285"":1,""U67"":7753,""U6"":1,""U13"":1,""U149"":57,""U152"":1,""U289"":1,""U188"":3,""U135"":1,""U144"":1,""U148"":1,""U116"":3,""U274"":1,""U167"":1,""U217"":1,""U118"":3,""U187"":1,""U225"":1,""U115"":1,""U250"":1,""U209"":14,""U241"":1,""U262"":2136,""U35"":1,""U90"":29,""U54"":1,""U45"":1,""U49"":1,""U62"":1,""U5"":1,""U74"":1,""U203"":1,""U255"":1,""U82"":1,""U73"":1,""U81"":1,""U213"":10,""U8"":87,""U41"":1,""U300"":1,""U177"":4,""U31"":4,""U75"":71,""U83"":1,""U50"":1,""U93"":1,""U216"":1,""U139"":8,""U270"":2,""U78"":1,""U84"":1,""U269"":1,""U46"":7,""U147"":1,""U39"":2,""U68"":1,""U248"":9,""U71"":4,""U291"":1,""U192"":30,""U259"":146,""U103"":1,""U102"":1,""U222"":125,""U183"":1,""U156"":3,""U287"":1,""U204"":1,""U128"":1,""U235"":1,""U154"":1,""U273"":1,""U198"":2,""U226"":10,""U178"":1,""U27"":1,""U191"":1,""U223"":1,""U124"":1,""U267"":1,""U64"":1,""U127"":15,""U182"":110,""U207"":1,""U161"":2,""U130"":1,""U268"":10,""U61"":2,""U141"":1,""U239"":1001,""U51"":9931,""U158"":1,""U28"":1,""U52"":1,""U157"":1,""U251"":25,""U17"":1,""U195"":1,""U254"":1,""U69"":1,""U112"":2,""U40"":1,""U164"":1,""U72"":2,""U34"":1,""U133"":1,""U199"":472,""U175"":12,""U201"":1,""U281"":1,""U60"":1,""U2"":1,""U153"":1,""U37"":1030,""U92"":4,""U196"":1,""U231"":1,""U296"":11,""U286"":1,""U221"":1,""U32"":1,""U151"":1,""U47"":1,""U218"":1,""U298"":46,""U94"":1,""U101"":1,""U283"":1,""U108"":1,""U122"":1,""U123"":1,""U134"":1,""U58"":1,""U205"":1,""U172"":1,""U290"":2,""U12"":1,""U169"":1,""U224"":76,""U3"":3662,""U266"":1,""U63"":1676,""U240"":1,""U136"":128,""U20"":2,""U190"":1,""U277"":1,""U30"":1,""U80"":62693,""U171"":1,""U220"":1,""U279"":1891,""U206"":2,""U202"":3,""U271"":14,""U97"":1,""U284"":5,""U77"":1,""U247"":1,""U232"":2,""U105"":2,""U114"":603,""U227"":1,""U59"":1,""U56"":1,""U86"":96,""U26"":24,""U236"":1629,""U70"":1,""U208"":1,""U140"":1,""U125"":1,""U163"":1,""U89"":1,""U55"":1,""U110"":1,""U159"":1,""U185"":1,""U214"":1293,""U120"":1,""U4"":1,""U98"":1,""U146"":1,""U276"":1,""U173"":1,""U245"":1,""U44"":1,""U193"":1,""U137"":6,""U168"":1,""U85"":1,""U53"":5,""U95"":1,""U297"":1,""U234"":6,""U194"":1,""U200"":1491,""U25"":1,""U145"":1,""U228"":1,""U174"":1,""U165"":1,""U258"":1,""U288"":1,""U215"":1,""U237"":1,""U42"":1,""U113"":1,""U106"":1,""U150"":7,""U104"":1,""U244"":1,""U36"":1,""U21"":425,""U242"":1,""U88"":1,""U131"":1,""U33"":1,""U66"":1,""U246"":469,""U272"":4503,""U79"":1,""U253"":510,""U261"":1,""U99"":1,""U230"":1,""U170"":1,""U15"":1,""U294"":2,""U280"":6,""U14"":1,""U249"":1,""U252"":1,""U256"":1,""U233"":894,""U100"":1,""U278"":1,""U160"":1,""U22"":1,""U65"":1,""U11"":1,""U180"":22,""U162"":2,""U265"":3,""U295"":10020,""U197"":1,""U143"":3,""U210"":1,""U38"":1,""U18"":2,""U299"":1,""U211"":1,""U181"":7368}",591.8089988231659,,,,,false,300,,,Gurobi,gurobi_10min,true,600.0,20260829,16,16,300,,false,ok,6.1529998779296875,network_balanced,network_balanced_hardness_sweep,16,,591.8089988231659,25.039000034332275
1,,,,,-6271.0,Timelimit,,MIPSolver,,0.5,heidelberg_network_balanced_n300_b50_u500_sd_fixed_network_path,heidelberg,,false,0.11832018319887042,300,3180,300,300,0.5,600,150,aachen_osm_gtfs_bike_agg300_p300_b50_u500,11819,1200,500,fixed_network_path,true,,,,false,,sd,sd_fixed_network_path,,,,,,,,,500,,,Gurobi,gurobi_10min,true,600.0,20260829,16,16,300,,false,timeout,602.5620000362396,network_balanced,network_balanced_hardness_sweep,16,,600.0,861.5889999866486
0,,,,,,Memory_Limit,,MIPSolver,,0.5,heidelberg_network_balanced_n300_b50_u500_sd_n_minus_1,heidelberg,,false,1.0e100,300,3180,300,300,0.5,600,150,aachen_osm_gtfs_bike_agg300_p300_b50_u500,11819,1200,500,n_minus_one_most_expensive,true,,,,false,,sd,sd_n_minus_1,,,,,,,,,500,,,Gurobi,gurobi_10min,true,600.0,20260829,16,16,300,,false,memory_limit,218.33699989318848,network_balanced,network_balanced_hardness_sweep,16,,600.0,425.92400002479553
,,0,,500,,Memory_Limit,0,BlCSolver,,0.5,heidelberg_network_balanced_n300_b50_u500_blc_astar_fixed_network_path,heidelberg,,false,,300,3180,300,300,0.5,600,150,aachen_osm_gtfs_bike_agg300_p300_b50_u500,11819,1200,500,fixed_network_path,,,,,,5922320,blc,blc_astar_fixed_network_path,,,,0,0,astar,null,,500,true,16,Gurobi,gurobi_10min,true,600.0,20260829,16,16,300,,false,memory_limit,,network_balanced,network_balanced_hardness_sweep,16,16,600.0,829.922000169754
,,0,,500,,Memory_Limit,0,BlCSolver,,0.5,heidelberg_network_balanced_n300_b50_u500_blc_astar_n_minus_1,heidelberg,,false,,300,3180,300,300,0.5,600,150,aachen_osm_gtfs_bike_agg300_p300_b50_u500,11819,1200,500,n_minus_one_most_expensive,,,,,,5922320,blc,blc_astar_n_minus_1,,,,0,0,astar,null,,500,true,16,Gurobi,gurobi_10min,true,600.0,20260829,16,16,300,,false,memory_limit,,network_balanced,network_balanced_hardness_sweep,16,16,600.0,740.3710000514984
1,,,,,-6339.0,Optimal,,MIPSolver,,0.5,heidelberg_network_balanced_n300_b50_u500_path_dominance,heidelberg,,false,0.0,300,3180,300,300,0.5,600,150,aachen_osm_gtfs_bike_agg300_p300_b50_u500,11819,1200,500,,,8.682999610900879,600.0,labeling,,,path,path_dominance,false,"{""U23"":1,""U96"":1,""U327"":1,""U10"":1,""U396"":2,""U126"":1,""U176"":1,""U448"":1,""U111"":1,""U432"":1,""U381"":9,""U19"":1,""U166"":1,""U91"":3,""U189"":4,""U466"":1,""U107"":1,""U212"":1,""U121"":1,""U292"":1,""U16"":7,""U155"":1,""U363"":1,""U390"":3,""U372"":1,""U293"":1,""U415"":1,""U385"":4,""U431"":1,""U264"":1,""U7"":7,""U132"":1,""U219"":47,""U257"":1,""U184"":1,""U420"":1,""U346"":1,""U129"":3,""U334"":1,""U275"":1,""U238"":1,""U326"":1,""U439"":1,""U142"":1,""U1"":1,""U24"":1,""U263"":1,""U374"":1,""U43"":3,""U345"":1,""U481"":1,""U302"":1,""U260"":1,""U404"":7,""U87"":1,""U109"":2,""U138"":1,""U324"":1,""U229"":1,""U119"":1,""U347"":1,""U179"":5,""U282"":1,""U397"":1,""U357"":1,""U316"":1,""U475"":1,""U491"":5,""U243"":1,""U323"":1,""U485"":1,""U377"":1,""U186"":1,""U371"":12,""U386"":1,""U437"":1,""U359"":1,""U48"":1,""U57"":1,""U76"":1,""U9"":1,""U488"":1,""U29"":1,""U473"":1,""U471"":1,""U117"":5,""U285"":1,""U331"":1,""U413"":1,""U67"":1,""U6"":1,""U13"":11,""U351"":1,""U492"":6,""U149"":1,""U152"":1,""U489"":1,""U289"":1,""U188"":1,""U444"":4,""U456"":1,""U472"":1,""U135"":1,""U144"":1,""U148"":1,""U116"":1,""U399"":1,""U274"":1,""U167"":1,""U341"":1,""U217"":1,""U421"":4,""U428"":1,""U446"":1,""U118"":1,""U187"":1,""U225"":4,""U115"":4,""U250"":1,""U332"":15,""U438"":1,""U209"":1,""U241"":1,""U262"":4,""U35"":1,""U90"":2,""U54"":1,""U305"":1,""U452"":1,""U416"":1,""U45"":7,""U49"":1,""U443"":1,""U321"":1,""U319"":5,""U417"":60,""U469"":1,""U62"":3,""U5"":1,""U435"":2,""U74"":4,""U307"":1,""U203"":1,""U434"":1,""U255"":1,""U82"":1,""U73"":1,""U81"":1,""U445"":1,""U496"":1,""U213"":1,""U8"":1,""U393"":1,""U41"":1,""U403"":4,""U300"":1,""U455"":1,""U450"":1,""U177"":1,""U318"":1,""U31"":1,""U356"":1,""U75"":1,""U83"":1,""U50"":1,""U93"":1,""U216"":1,""U139"":1,""U270"":2,""U430"":1,""U370"":1,""U78"":1,""U84"":1,""U269"":1,""U436"":1,""U46"":3,""U147"":1,""U39"":1,""U68"":1,""U248"":1,""U71"":2,""U291"":1,""U322"":1,""U335"":80,""U192"":1,""U259"":1,""U419"":1,""U103"":1,""U102"":1,""U222"":1,""U462"":1,""U476"":1,""U364"":1,""U369"":32,""U479"":1,""U183"":1,""U156"":2,""U287"":4,""U204"":3,""U355"":1,""U398"":1,""U441"":1,""U373"":1,""U406"":1,""U354"":1,""U128"":1,""U459"":1,""U382"":1,""U235"":1,""U154"":1,""U273"":1,""U198"":1,""U494"":1,""U226"":1,""U340"":1,""U178"":4,""U27"":1,""U191"":1,""U223"":1,""U124"":1,""U267"":1,""U378"":1,""U64"":1,""U495"":3,""U127"":1,""U182"":22,""U344"":1,""U207"":5,""U161"":1,""U130"":1,""U268"":1,""U394"":22,""U454"":1,""U61"":1,""U141"":1,""U464"":3,""U477"":1,""U433"":23,""U497"":1,""U239"":1,""U51"":1,""U498"":15,""U158"":1,""U28"":1,""U52"":1,""U157"":1,""U251"":1,""U17"":2,""U195"":1,""U254"":5,""U314"":1,""U349"":1,""U391"":1,""U69"":1,""U112"":1,""U320"":4,""U411"":1,""U329"":1,""U40"":1,""U164"":6,""U72"":1,""U474"":9,""U34"":1,""U133"":1,""U199"":1,""U425"":1,""U175"":5,""U405"":1,""U361"":1,""U201"":1,""U281"":1,""U304"":4,""U338"":1,""U60"":1,""U2"":1,""U153"":3,""U333"":2,""U37"":1,""U92"":3,""U451"":1,""U449"":1,""U196"":2,""U231"":1,""U493"":4,""U296"":1,""U308"":1,""U286"":1,""U221"":1,""U32"":6,""U151"":2,""U376"":1,""U47"":1,""U218"":1,""U298"":1,""U328"":1,""U94"":1,""U101"":1,""U283"":1,""U108"":27,""U122"":1,""U123"":1,""U134"":1,""U58"":5,""U205"":1,""U172"":1,""U368"":1,""U458"":6,""U290"":4,""U12"":1,""U169"":1,""U483"":1,""U484"":1,""U486"":1,""U224"":6,""U337"":3,""U3"":16,""U266"":1,""U63"":1,""U240"":1,""U136"":1,""U20"":1,""U190"":1,""U277"":1,""U343"":4,""U30"":1,""U409"":1,""U80"":1,""U171"":1,""U330"":1,""U220"":1,""U279"":1,""U315"":1,""U388"":1,""U309"":1,""U447"":1,""U206"":7,""U202"":1,""U271"":1,""U401"":4,""U470"":1,""U383"":1,""U339"":1,""U97"":1,""U408"":1,""U392"":1,""U284"":1,""U77"":1,""U379"":1,""U247"":1,""U457"":1,""U468"":1,""U350"":1,""U232"":11,""U105"":1,""U353"":5,""U482"":1,""U352"":1,""U114"":1,""U227"":1,""U303"":1,""U59"":3,""U56"":4,""U86"":2,""U26"":1,""U236"":1,""U70"":1,""U208"":11,""U140"":1,""U125"":1,""U163"":3,""U414"":4,""U89"":1,""U55"":3,""U110"":1,""U358"":10,""U442"":1,""U490"":1,""U159"":4,""U185"":1,""U214"":1,""U120"":1,""U4"":28,""U98"":1,""U146"":1,""U276"":1,""U173"":1,""U312"":1,""U389"":1,""U245"":1,""U44"":1,""U412"":1,""U193"":3,""U137"":1,""U168"":1,""U85"":1,""U53"":1,""U325"":1,""U418"":1,""U95"":4,""U402"":1,""U297"":1,""U424"":1,""U467"":4,""U400"":10,""U380"":1,""U234"":1,""U194"":4,""U200"":1,""U25"":1,""U145"":10,""U228"":1,""U301"":1,""U174"":6,""U165"":2,""U460"":1,""U500"":2,""U453"":3,""U258"":1,""U288"":1,""U215"":1,""U237"":1,""U465"":29,""U42"":1,""U360"":1,""U113"":1,""U463"":3,""U106"":1,""U150"":1,""U348"":1,""U104"":1,""U440"":1,""U461"":1,""U244"":1,""U426"":1,""U36"":1,""U21"":1,""U242"":1,""U306"":1,""U88"":1,""U375"":1,""U342"":1,""U131"":16,""U33"":1,""U66"":1,""U246"":1,""U272"":1,""U480"":1,""U79"":1,""U253"":1,""U261"":1,""U387"":1,""U99"":4,""U230"":1,""U317"":1,""U170"":3,""U313"":1,""U15"":1,""U384"":2,""U423"":1,""U294"":1,""U280"":1,""U14"":1,""U249"":30,""U252"":1,""U256"":1,""U233"":5,""U422"":1,""U362"":1,""U100"":1,""U278"":1,""U160"":1,""U410"":1,""U22"":1,""U65"":5,""U310"":12,""U11"":13,""U180"":1,""U407"":1,""U427"":1,""U162"":1,""U265"":3,""U365"":1,""U295"":1,""U336"":1,""U197"":1,""U395"":1,""U143"":1,""U210"":6,""U367"":8,""U487"":1,""U38"":1,""U366"":4,""U18"":1,""U299"":89,""U499"":1,""U211"":2,""U311"":1,""U478"":1,""U429"":67,""U181"":1}",591.3170003890991,,,,,true,500,,,Gurobi,gurobi_10min,true,600.0,20260829,16,16,300,,false,ok,0.3489999771118164,network_balanced,network_balanced_hardness_sweep,16,,591.3170003890991,9.232999801635742
1,,,,,-6339.0,Optimal,,MIPSolver,,0.5,heidelberg_network_balanced_n300_b50_u500_path_no_dominance,heidelberg,,false,2.5696953978031945e-5,300,3180,300,300,0.5,600,150,aachen_osm_gtfs_bike_agg300_p300_b50_u500,11819,1200,500,,,15.869999885559082,600.0,labeling,,,path,path_no_dominance,false,"{""U23"":1,""U96"":2,""U327"":1,""U10"":1,""U396"":2,""U126"":1,""U176"":1,""U448"":1,""U111"":1,""U432"":2,""U381"":451,""U19"":1,""U166"":2,""U91"":36,""U189"":21,""U466"":1,""U107"":1,""U212"":1,""U121"":1,""U292"":1,""U16"":82,""U155"":1,""U363"":1,""U390"":11,""U372"":1,""U293"":1,""U415"":1,""U385"":16,""U431"":1,""U264"":1,""U7"":3704,""U132"":1,""U219"":8575,""U257"":1,""U184"":1,""U420"":1,""U346"":1,""U129"":8,""U334"":1,""U275"":1,""U238"":1,""U326"":1,""U439"":1,""U142"":1,""U1"":1,""U24"":1,""U263"":1,""U374"":1,""U43"":3,""U345"":1,""U481"":1,""U302"":1,""U260"":1,""U404"":55,""U87"":3,""U109"":9,""U138"":1,""U324"":1,""U229"":1,""U119"":1,""U347"":1,""U179"":7,""U282"":1,""U397"":1,""U357"":1,""U316"":1,""U475"":1,""U491"":19,""U243"":1,""U323"":1,""U485"":1,""U377"":1,""U186"":1,""U371"":101,""U386"":2,""U437"":1,""U359"":1,""U48"":1,""U57"":1,""U76"":1,""U9"":1,""U488"":1,""U29"":1,""U473"":1,""U471"":1,""U117"":9,""U285"":1,""U331"":1,""U413"":1,""U67"":2,""U6"":1,""U13"":15,""U351"":1,""U492"":46,""U149"":2,""U152"":1,""U489"":1,""U289"":1,""U188"":1,""U444"":148,""U456"":1,""U472"":1,""U135"":1,""U144"":1,""U148"":1,""U116"":1,""U399"":1,""U274"":1,""U167"":1,""U341"":1,""U217"":1,""U421"":20,""U428"":1,""U446"":2,""U118"":1,""U187"":1,""U225"":19,""U115"":8,""U250"":1,""U332"":37,""U438"":2,""U209"":1,""U241"":1,""U262"":4,""U35"":1,""U90"":2,""U54"":1,""U305"":1,""U452"":1,""U416"":1,""U45"":7,""U49"":1,""U443"":1,""U321"":1,""U319"":6,""U417"":2583,""U469"":1,""U62"":14,""U5"":1,""U435"":2,""U74"":22,""U307"":1,""U203"":1,""U434"":1,""U255"":1,""U82"":1,""U73"":1,""U81"":1,""U445"":1,""U496"":1,""U213"":1,""U8"":1,""U393"":1,""U41"":1,""U403"":13,""U300"":1,""U455"":1,""U450"":1,""U177"":1,""U318"":1,""U31"":1,""U356"":1,""U75"":1,""U83"":1,""U50"":1,""U93"":1,""U216"":1,""U139"":1,""U270"":4,""U430"":1,""U370"":1,""U78"":1,""U84"":1,""U269"":1,""U436"":1,""U46"":3,""U147"":1,""U39"":1,""U68"":1,""U248"":1,""U71"":7,""U291"":1,""U322"":1,""U335"":34522,""U192"":1,""U259"":1,""U419"":1,""U103"":1,""U102"":1,""U222"":1,""U462"":1,""U476"":1,""U364"":1,""U369"":1353,""U479"":1,""U183"":1,""U156"":2,""U287"":11,""U204"":35,""U355"":1,""U398"":2,""U441"":1,""U373"":1,""U406"":1,""U354"":1,""U128"":1,""U459"":1,""U382"":1,""U235"":1,""U154"":1,""U273"":1,""U198"":1,""U494"":2,""U226"":1,""U340"":1,""U178"":5,""U27"":1,""U191"":1,""U223"":1,""U124"":1,""U267"":1,""U378"":1,""U64"":2,""U495"":7,""U127"":1,""U182"":1538,""U344"":1,""U207"":20,""U161"":1,""U130"":1,""U268"":1,""U394"":1370,""U454"":1,""U61"":1,""U141"":1,""U464"":4,""U477"":1,""U433"":373,""U497"":1,""U239"":1,""U51"":1,""U498"":247,""U158"":2,""U28"":1,""U52"":1,""U157"":1,""U251"":1,""U17"":7,""U195"":1,""U254"":28,""U314"":1,""U349"":1,""U391"":1,""U69"":1,""U112"":1,""U320"":55,""U411"":1,""U329"":1,""U40"":1,""U164"":24,""U72"":1,""U474"":179,""U34"":1,""U133"":1,""U199"":1,""U425"":1,""U175"":7,""U405"":1,""U361"":1,""U201"":1,""U281"":1,""U304"":20,""U338"":2,""U60"":1,""U2"":1,""U153"":5,""U333"":4,""U37"":1,""U92"":10,""U451"":1,""U449"":1,""U196"":5,""U231"":2,""U493"":17,""U296"":1,""U308"":1,""U286"":1,""U221"":1,""U32"":55,""U151"":3,""U376"":2,""U47"":1,""U218"":1,""U298"":1,""U328"":1,""U94"":1,""U101"":2,""U283"":1,""U108"":358,""U122"":1,""U123"":1,""U134"":1,""U58"":78,""U205"":1,""U172"":1,""U368"":1,""U458"":53,""U290"":5,""U12"":1,""U169"":1,""U483"":1,""U484"":1,""U486"":1,""U224"":324,""U337"":4,""U3"":952,""U266"":1,""U63"":2,""U240"":1,""U136"":1,""U20"":1,""U190"":1,""U277"":1,""U343"":5,""U30"":1,""U409"":1,""U80"":1,""U171"":1,""U330"":1,""U220"":1,""U279"":2,""U315"":1,""U388"":1,""U309"":1,""U447"":1,""U206"":40,""U202"":1,""U271"":1,""U401"":12,""U470"":1,""U383"":1,""U339"":1,""U97"":1,""U408"":1,""U392"":1,""U284"":1,""U77"":1,""U379"":1,""U247"":1,""U457"":1,""U468"":1,""U350"":1,""U232"":23,""U105"":1,""U353"":10,""U482"":1,""U352"":1,""U114"":2,""U227"":1,""U303"":1,""U59"":14,""U56"":19,""U86"":3,""U26"":1,""U236"":1,""U70"":1,""U208"":1565,""U140"":1,""U125"":1,""U163"":7,""U414"":13,""U89"":1,""U55"":6,""U110"":1,""U358"":187,""U442"":1,""U490"":1,""U159"":16,""U185"":1,""U214"":1,""U120"":1,""U4"":43786,""U98"":1,""U146"":1,""U276"":1,""U173"":1,""U312"":1,""U389"":1,""U245"":1,""U44"":1,""U412"":1,""U193"":122,""U137"":1,""U168"":1,""U85"":1,""U53"":1,""U325"":1,""U418"":1,""U95"":28,""U402"":1,""U297"":1,""U424"":1,""U467"":4,""U400"":427,""U380"":1,""U234"":1,""U194"":4,""U200"":1,""U25"":3,""U145"":258,""U228"":1,""U301"":1,""U174"":35,""U165"":3,""U460"":1,""U500"":8,""U453"":3,""U258"":1,""U288"":1,""U215"":1,""U237"":1,""U465"":1087,""U42"":1,""U360"":1,""U113"":1,""U463"":176,""U106"":1,""U150"":1,""U348"":1,""U104"":1,""U440"":1,""U461"":1,""U244"":1,""U426"":3,""U36"":1,""U21"":1,""U242"":1,""U306"":1,""U88"":1,""U375"":1,""U342"":1,""U131"":137,""U33"":1,""U66"":1,""U246"":1,""U272"":1,""U480"":1,""U79"":1,""U253"":1,""U261"":2,""U387"":1,""U99"":4,""U230"":1,""U317"":1,""U170"":3,""U313"":1,""U15"":1,""U384"":2,""U423"":1,""U294"":1,""U280"":1,""U14"":1,""U249"":2082,""U252"":1,""U256"":1,""U233"":27,""U422"":1,""U362"":1,""U100"":1,""U278"":1,""U160"":1,""U410"":1,""U22"":1,""U65"":15,""U310"":64,""U11"":473,""U180"":1,""U407"":1,""U427"":1,""U162"":1,""U265"":15,""U365"":1,""U295"":1,""U336"":1,""U197"":1,""U395"":1,""U143"":1,""U210"":52,""U367"":31,""U487"":1,""U38"":1,""U366"":4,""U18"":1,""U299"":25349,""U499"":1,""U211"":2,""U311"":1,""U478"":1,""U429"":78411,""U181"":1}",584.1300001144409,,,,,false,500,,,Gurobi,gurobi_10min,true,600.0,20260829,16,16,300,,false,ok,17.630000114440918,network_balanced,network_balanced_hardness_sweep,16,,584.1300001144409,54.15000009536743
1,,,,,-665.0,Optimal,,MIPSolver,,0.5,karlsruhe_network_balanced_n50_b50_u300_sd_fixed_network_path,karlsruhe,,false,0.0,50,837,50,50,0.5,100,25,aachen_osm_gtfs_bike_agg50_p50_b50_u300,4270,200,300,fixed_network_path,true,,,,false,,sd,sd_fixed_network_path,,,,,,,,,300,,,Gurobi,gurobi_10min,true,600.0,20260829,16,16,50,,false,ok,56.46000003814697,network_balanced,network_balanced_hardness_sweep,16,,600.0,103.75599980354309
26,,,,,-668.1246534079431,Optimal,,MIPSolver,,0.5,karlsruhe_network_balanced_n50_b50_u300_sd_n_minus_1,karlsruhe,,false,0.0,50,837,50,50,0.5,100,25,aachen_osm_gtfs_bike_agg50_p50_b50_u300,4270,200,300,n_minus_one_most_expensive,true,,,,false,,sd,sd_n_minus_1,,,,,,,,,300,,,Gurobi,gurobi_10min,true,600.0,20260829,16,16,50,,false,ok,336.27100014686584,network_balanced,network_balanced_hardness_sweep,16,,600.0,372.24500012397766
1,,900,,300,-665.0,Optimal,1.2466123,BlCSolver,,0.5,karlsruhe_network_balanced_n50_b50_u300_blc_astar_fixed_network_path,karlsruhe,,false,0.0,50,837,50,50,0.5,100,25,aachen_osm_gtfs_bike_agg50_p50_b50_u300,4270,200,300,fixed_network_path,,,,,,1285871,blc,blc_astar_fixed_network_path,,,,0,0,astar,null,,300,true,16,Gurobi,gurobi_10min,true,600.0,20260829,16,16,50,,false,ok,62.86300015449524,network_balanced,network_balanced_hardness_sweep,16,16,600.0,100.12100005149841
1,,1200,,300,-665.0,Optimal,1.3927564,BlCSolver,,0.5,karlsruhe_network_balanced_n50_b50_u300_blc_astar_n_minus_1,karlsruhe,,false,0.0,50,837,50,50,0.5,100,25,aachen_osm_gtfs_bike_agg50_p50_b50_u300,4270,200,300,n_minus_one_most_expensive,,,,,,1285871,blc,blc_astar_n_minus_1,,,,0,0,astar,null,,300,true,16,Gurobi,gurobi_10min,true,600.0,20260829,16,16,50,,false,ok,64.19000005722046,network_balanced,network_balanced_hardness_sweep,16,16,600.0,84.64599990844727
0,,,,,-665.0,Optimal,,MIPSolver,,0.5,karlsruhe_network_balanced_n50_b50_u300_path_dominance,karlsruhe,,false,0.0,50,837,50,50,0.5,100,25,aachen_osm_gtfs_bike_agg50_p50_b50_u300,4270,200,300,,,1.5490000247955322,600.0,labeling,,,path,path_dominance,false,"{""U23"":1,""U96"":1,""U10"":1,""U126"":1,""U176"":1,""U111"":1,""U19"":1,""U166"":1,""U91"":2,""U189"":1,""U107"":1,""U212"":1,""U121"":1,""U292"":1,""U16"":1,""U155"":1,""U293"":1,""U264"":1,""U7"":1,""U132"":1,""U219"":1,""U257"":1,""U184"":1,""U129"":1,""U275"":1,""U238"":1,""U142"":1,""U1"":1,""U24"":1,""U263"":1,""U43"":1,""U260"":1,""U87"":1,""U109"":1,""U138"":1,""U229"":1,""U119"":1,""U179"":1,""U282"":1,""U243"":1,""U186"":1,""U48"":1,""U57"":1,""U76"":1,""U9"":2,""U29"":1,""U117"":1,""U285"":1,""U67"":1,""U6"":1,""U13"":1,""U149"":1,""U152"":2,""U289"":1,""U188"":1,""U135"":1,""U144"":1,""U148"":1,""U116"":1,""U274"":1,""U167"":1,""U217"":1,""U118"":1,""U187"":1,""U225"":1,""U115"":1,""U250"":1,""U209"":1,""U241"":1,""U262"":1,""U35"":1,""U90"":1,""U54"":1,""U45"":1,""U49"":1,""U62"":1,""U5"":2,""U74"":1,""U203"":1,""U255"":1,""U82"":1,""U73"":1,""U81"":1,""U213"":1,""U8"":1,""U41"":1,""U300"":1,""U177"":1,""U31"":1,""U75"":1,""U83"":1,""U50"":1,""U93"":1,""U216"":2,""U139"":1,""U270"":1,""U78"":1,""U84"":1,""U269"":1,""U46"":1,""U147"":1,""U39"":1,""U68"":1,""U248"":1,""U71"":1,""U291"":1,""U192"":1,""U259"":1,""U103"":1,""U102"":2,""U222"":1,""U183"":2,""U156"":1,""U287"":1,""U204"":1,""U128"":2,""U235"":1,""U154"":1,""U273"":1,""U198"":1,""U226"":1,""U178"":1,""U27"":1,""U191"":1,""U223"":1,""U124"":1,""U267"":1,""U64"":1,""U127"":1,""U182"":1,""U207"":1,""U161"":1,""U130"":1,""U268"":1,""U61"":1,""U141"":1,""U239"":1,""U51"":1,""U158"":1,""U28"":1,""U52"":1,""U157"":2,""U251"":1,""U17"":1,""U195"":1,""U254"":1,""U69"":1,""U112"":1,""U40"":1,""U164"":1,""U72"":1,""U34"":1,""U133"":1,""U199"":1,""U175"":1,""U201"":1,""U281"":1,""U60"":1,""U2"":1,""U153"":1,""U37"":1,""U92"":1,""U196"":1,""U231"":1,""U296"":1,""U286"":1,""U221"":1,""U32"":1,""U151"":1,""U47"":1,""U218"":1,""U298"":1,""U94"":1,""U101"":1,""U283"":1,""U108"":1,""U122"":1,""U123"":1,""U134"":1,""U58"":1,""U205"":1,""U172"":1,""U290"":1,""U12"":1,""U169"":1,""U224"":1,""U3"":1,""U266"":1,""U63"":1,""U240"":1,""U136"":1,""U20"":1,""U190"":1,""U277"":1,""U30"":1,""U80"":1,""U171"":1,""U220"":1,""U279"":1,""U206"":1,""U202"":1,""U271"":1,""U97"":1,""U284"":1,""U77"":1,""U247"":1,""U232"":1,""U105"":1,""U114"":2,""U227"":1,""U59"":1,""U56"":1,""U86"":1,""U26"":1,""U236"":1,""U70"":1,""U208"":1,""U140"":1,""U125"":1,""U163"":1,""U89"":1,""U55"":1,""U110"":1,""U159"":1,""U185"":1,""U214"":1,""U120"":1,""U4"":1,""U98"":1,""U146"":1,""U276"":1,""U173"":1,""U245"":1,""U44"":1,""U193"":1,""U137"":1,""U168"":1,""U85"":1,""U53"":1,""U95"":1,""U297"":1,""U234"":1,""U194"":1,""U200"":1,""U25"":1,""U145"":1,""U228"":1,""U174"":1,""U165"":1,""U258"":1,""U288"":1,""U215"":1,""U237"":1,""U42"":1,""U113"":1,""U106"":1,""U150"":1,""U104"":1,""U244"":1,""U36"":1,""U21"":1,""U242"":1,""U88"":1,""U131"":1,""U33"":2,""U66"":1,""U246"":1,""U272"":1,""U79"":1,""U253"":1,""U261"":1,""U99"":1,""U230"":1,""U170"":1,""U15"":1,""U294"":2,""U280"":1,""U14"":1,""U249"":1,""U252"":1,""U256"":1,""U233"":1,""U100"":1,""U278"":1,""U160"":1,""U22"":1,""U65"":1,""U11"":1,""U180"":2,""U162"":1,""U265"":1,""U295"":1,""U197"":1,""U143"":1,""U210"":1,""U38"":1,""U18"":1,""U299"":1,""U211"":1,""U181"":1}",598.4509999752045,,,,,true,300,,,Gurobi,gurobi_10min,true,600.0,20260829,16,16,50,,false,ok,0.009999990463256836,network_balanced,network_balanced_hardness_sweep,16,,598.4509999752045,1.7089998722076416
0,,,,,-665.0,Optimal,,MIPSolver,,0.5,karlsruhe_network_balanced_n50_b50_u300_path_no_dominance,karlsruhe,,false,0.0,50,837,50,50,0.5,100,25,aachen_osm_gtfs_bike_agg50_p50_b50_u300,4270,200,300,,,1.5220000743865967,600.0,labeling,,,path,path_no_dominance,false,"{""U23"":1,""U96"":1,""U10"":1,""U126"":1,""U176"":1,""U111"":1,""U19"":2,""U166"":1,""U91"":2,""U189"":1,""U107"":1,""U212"":1,""U121"":1,""U292"":1,""U16"":1,""U155"":1,""U293"":1,""U264"":1,""U7"":1,""U132"":1,""U219"":1,""U257"":1,""U184"":1,""U129"":1,""U275"":1,""U238"":1,""U142"":1,""U1"":1,""U24"":1,""U263"":1,""U43"":1,""U260"":1,""U87"":1,""U109"":1,""U138"":1,""U229"":1,""U119"":1,""U179"":1,""U282"":1,""U243"":1,""U186"":1,""U48"":1,""U57"":1,""U76"":1,""U9"":2,""U29"":1,""U117"":1,""U285"":1,""U67"":1,""U6"":1,""U13"":1,""U149"":1,""U152"":2,""U289"":1,""U188"":1,""U135"":1,""U144"":1,""U148"":1,""U116"":1,""U274"":1,""U167"":1,""U217"":1,""U118"":1,""U187"":1,""U225"":1,""U115"":1,""U250"":1,""U209"":1,""U241"":1,""U262"":1,""U35"":1,""U90"":1,""U54"":1,""U45"":1,""U49"":1,""U62"":1,""U5"":2,""U74"":1,""U203"":1,""U255"":1,""U82"":1,""U73"":1,""U81"":1,""U213"":1,""U8"":1,""U41"":1,""U300"":1,""U177"":1,""U31"":1,""U75"":1,""U83"":1,""U50"":1,""U93"":1,""U216"":2,""U139"":1,""U270"":1,""U78"":1,""U84"":1,""U269"":1,""U46"":1,""U147"":1,""U39"":1,""U68"":1,""U248"":1,""U71"":1,""U291"":1,""U192"":1,""U259"":1,""U103"":1,""U102"":2,""U222"":1,""U183"":2,""U156"":1,""U287"":1,""U204"":1,""U128"":2,""U235"":1,""U154"":1,""U273"":1,""U198"":1,""U226"":1,""U178"":1,""U27"":1,""U191"":1,""U223"":1,""U124"":1,""U267"":1,""U64"":1,""U127"":1,""U182"":1,""U207"":1,""U161"":1,""U130"":1,""U268"":1,""U61"":1,""U141"":1,""U239"":1,""U51"":1,""U158"":1,""U28"":1,""U52"":1,""U157"":2,""U251"":1,""U17"":1,""U195"":1,""U254"":1,""U69"":1,""U112"":1,""U40"":1,""U164"":1,""U72"":1,""U34"":1,""U133"":1,""U199"":1,""U175"":1,""U201"":1,""U281"":1,""U60"":1,""U2"":1,""U153"":1,""U37"":1,""U92"":1,""U196"":1,""U231"":1,""U296"":1,""U286"":1,""U221"":1,""U32"":1,""U151"":1,""U47"":1,""U218"":1,""U298"":1,""U94"":1,""U101"":1,""U283"":1,""U108"":1,""U122"":1,""U123"":1,""U134"":1,""U58"":1,""U205"":1,""U172"":1,""U290"":1,""U12"":1,""U169"":1,""U224"":1,""U3"":1,""U266"":1,""U63"":1,""U240"":1,""U136"":1,""U20"":1,""U190"":1,""U277"":1,""U30"":1,""U80"":1,""U171"":1,""U220"":1,""U279"":1,""U206"":1,""U202"":1,""U271"":1,""U97"":1,""U284"":1,""U77"":1,""U247"":1,""U232"":1,""U105"":1,""U114"":2,""U227"":1,""U59"":1,""U56"":1,""U86"":1,""U26"":1,""U236"":1,""U70"":1,""U208"":1,""U140"":1,""U125"":1,""U163"":1,""U89"":1,""U55"":1,""U110"":1,""U159"":1,""U185"":1,""U214"":1,""U120"":1,""U4"":1,""U98"":1,""U146"":1,""U276"":1,""U173"":1,""U245"":1,""U44"":1,""U193"":1,""U137"":1,""U168"":1,""U85"":1,""U53"":1,""U95"":1,""U297"":1,""U234"":1,""U194"":1,""U200"":1,""U25"":1,""U145"":1,""U228"":1,""U174"":1,""U165"":1,""U258"":1,""U288"":1,""U215"":1,""U237"":1,""U42"":1,""U113"":1,""U106"":1,""U150"":1,""U104"":1,""U244"":1,""U36"":1,""U21"":1,""U242"":1,""U88"":1,""U131"":1,""U33"":2,""U66"":1,""U246"":1,""U272"":1,""U79"":1,""U253"":1,""U261"":1,""U99"":1,""U230"":1,""U170"":1,""U15"":1,""U294"":2,""U280"":1,""U14"":1,""U249"":1,""U252"":1,""U256"":1,""U233"":1,""U100"":2,""U278"":1,""U160"":1,""U22"":1,""U65"":1,""U11"":1,""U180"":2,""U162"":1,""U265"":1,""U295"":1,""U197"":1,""U143"":1,""U210"":1,""U38"":1,""U18"":1,""U299"":1,""U211"":1,""U181"":1}",598.4779999256134,,,,,false,300,,,Gurobi,gurobi_10min,true,600.0,20260829,16,16,50,,false,ok,0.00800013542175293,network_balanced,network_balanced_hardness_sweep,16,,598.4779999256134,1.569000005722046
1,,,,,-988.0,Optimal,,MIPSolver,,0.5,karlsruhe_network_balanced_n50_b50_u500_sd_fixed_network_path,karlsruhe,,false,0.0,50,837,50,50,0.5,100,25,aachen_osm_gtfs_bike_agg50_p50_b50_u500,4270,200,500,fixed_network_path,true,,,,false,,sd,sd_fixed_network_path,,,,,,,,,500,,,Gurobi,gurobi_10min,true,600.0,20260829,16,16,50,,false,ok,102.39999985694885,network_balanced,network_balanced_hardness_sweep,16,,600.0,186.11299991607666
51,,,,,-998.6233271192773,Optimal,,MIPSolver,,0.5,karlsruhe_network_balanced_n50_b50_u500_sd_n_minus_1,karlsruhe,,false,0.0,50,837,50,50,0.5,100,25,aachen_osm_gtfs_bike_agg50_p50_b50_u500,4270,200,500,n_minus_one_most_expensive,true,,,,false,,sd,sd_n_minus_1,,,,,,,,,500,,,Gurobi,gurobi_10min,true,600.0,20260829,16,16,50,,false,ok,532.5869998931885,network_balanced,network_balanced_hardness_sweep,16,,600.0,597.0420000553131
1,,1500,,500,-988.0,Optimal,2.8343734000000005,BlCSolver,,0.5,karlsruhe_network_balanced_n50_b50_u500_blc_astar_fixed_network_path,karlsruhe,,false,0.0,50,837,50,50,0.5,100,25,aachen_osm_gtfs_bike_agg50_p50_b50_u500,4270,200,500,fixed_network_path,,,,,,2140271,blc,blc_astar_fixed_network_path,,,,0,0,astar,null,,500,true,16,Gurobi,gurobi_10min,true,600.0,20260829,16,16,50,,false,ok,170.1909999847412,network_balanced,network_balanced_hardness_sweep,16,16,600.0,229.0130000114441
1,,2000,,500,-988.0,Optimal,1.8869262999999998,BlCSolver,,0.5,karlsruhe_network_balanced_n50_b50_u500_blc_astar_n_minus_1,karlsruhe,,false,0.0,50,837,50,50,0.5,100,25,aachen_osm_gtfs_bike_agg50_p50_b50_u500,4270,200,500,n_minus_one_most_expensive,,,,,,2140271,blc,blc_astar_n_minus_1,,,,0,0,astar,null,,500,true,16,Gurobi,gurobi_10min,true,600.0,20260829,16,16,50,,false,ok,129.40199995040894,network_balanced,network_balanced_hardness_sweep,16,16,600.0,167.93700003623962
0,,,,,-988.0,Optimal,,MIPSolver,,0.5,karlsruhe_network_balanced_n50_b50_u500_path_dominance,karlsruhe,,false,0.0,50,837,50,50,0.5,100,25,aachen_osm_gtfs_bike_agg50_p50_b50_u500,4270,200,500,,,2.6049997806549072,600.0,labeling,,,path,path_dominance,false,"{""U23"":1,""U96"":1,""U327"":1,""U10"":1,""U396"":1,""U126"":1,""U176"":1,""U448"":1,""U111"":1,""U432"":1,""U381"":1,""U19"":1,""U166"":1,""U91"":1,""U189"":1,""U466"":1,""U107"":1,""U212"":1,""U121"":1,""U292"":1,""U16"":1,""U155"":2,""U363"":1,""U390"":1,""U372"":1,""U293"":1,""U415"":1,""U385"":1,""U431"":1,""U264"":1,""U7"":1,""U132"":1,""U219"":1,""U257"":1,""U184"":1,""U420"":1,""U346"":1,""U129"":1,""U334"":1,""U275"":1,""U238"":2,""U326"":1,""U439"":1,""U142"":1,""U1"":2,""U24"":1,""U263"":1,""U374"":1,""U43"":1,""U345"":1,""U481"":1,""U302"":1,""U260"":1,""U404"":1,""U87"":1,""U109"":1,""U138"":1,""U324"":1,""U229"":1,""U119"":1,""U347"":1,""U179"":1,""U282"":1,""U397"":1,""U357"":1,""U316"":1,""U475"":1,""U491"":1,""U243"":1,""U323"":1,""U485"":1,""U377"":1,""U186"":1,""U371"":1,""U386"":1,""U437"":1,""U359"":1,""U48"":1,""U57"":1,""U76"":1,""U9"":1,""U488"":1,""U29"":1,""U473"":1,""U471"":1,""U117"":1,""U285"":1,""U331"":1,""U413"":1,""U67"":1,""U6"":1,""U13"":1,""U351"":1,""U492"":1,""U149"":1,""U152"":1,""U489"":1,""U289"":1,""U188"":1,""U444"":1,""U456"":1,""U472"":1,""U135"":1,""U144"":1,""U148"":1,""U116"":1,""U399"":1,""U274"":1,""U167"":1,""U341"":1,""U217"":1,""U421"":1,""U428"":1,""U446"":1,""U118"":1,""U187"":1,""U225"":1,""U115"":1,""U250"":1,""U332"":1,""U438"":1,""U209"":1,""U241"":1,""U262"":1,""U35"":2,""U90"":1,""U54"":1,""U305"":1,""U452"":1,""U416"":1,""U45"":1,""U49"":1,""U443"":1,""U321"":1,""U319"":1,""U417"":1,""U469"":1,""U62"":1,""U5"":1,""U435"":1,""U74"":1,""U307"":1,""U203"":1,""U434"":1,""U255"":1,""U82"":1,""U73"":1,""U81"":1,""U445"":1,""U496"":1,""U213"":1,""U8"":1,""U393"":1,""U41"":1,""U403"":1,""U300"":1,""U455"":1,""U450"":1,""U177"":1,""U318"":1,""U31"":1,""U356"":1,""U75"":1,""U83"":1,""U50"":1,""U93"":1,""U216"":1,""U139"":1,""U270"":1,""U430"":1,""U370"":1,""U78"":1,""U84"":1,""U269"":1,""U436"":1,""U46"":1,""U147"":1,""U39"":1,""U68"":1,""U248"":1,""U71"":2,""U291"":1,""U322"":1,""U335"":1,""U192"":1,""U259"":1,""U419"":1,""U103"":1,""U102"":1,""U222"":1,""U462"":1,""U476"":1,""U364"":1,""U369"":2,""U479"":1,""U183"":1,""U156"":1,""U287"":1,""U204"":1,""U355"":1,""U398"":1,""U441"":1,""U373"":1,""U406"":2,""U354"":1,""U128"":1,""U459"":1,""U382"":1,""U235"":1,""U154"":1,""U273"":2,""U198"":1,""U494"":1,""U226"":1,""U340"":2,""U178"":1,""U27"":1,""U191"":1,""U223"":1,""U124"":1,""U267"":1,""U378"":1,""U64"":1,""U495"":1,""U127"":1,""U182"":1,""U344"":1,""U207"":1,""U161"":1,""U130"":1,""U268"":1,""U394"":1,""U454"":1,""U61"":1,""U141"":1,""U464"":1,""U477"":1,""U433"":1,""U497"":1,""U239"":1,""U51"":1,""U498"":1,""U158"":1,""U28"":1,""U52"":1,""U157"":1,""U251"":1,""U17"":1,""U195"":1,""U254"":1,""U314"":1,""U349"":1,""U391"":1,""U69"":1,""U112"":1,""U320"":1,""U411"":1,""U329"":1,""U40"":1,""U164"":1,""U72"":1,""U474"":1,""U34"":1,""U133"":1,""U199"":1,""U425"":1,""U175"":1,""U405"":1,""U361"":1,""U201"":1,""U281"":1,""U304"":1,""U338"":1,""U60"":1,""U2"":1,""U153"":1,""U333"":1,""U37"":2,""U92"":1,""U451"":1,""U449"":1,""U196"":1,""U231"":1,""U493"":1,""U296"":1,""U308"":1,""U286"":1,""U221"":1,""U32"":1,""U151"":1,""U376"":2,""U47"":2,""U218"":1,""U298"":1,""U328"":1,""U94"":1,""U101"":1,""U283"":1,""U108"":1,""U122"":1,""U123"":1,""U134"":1,""U58"":1,""U205"":1,""U172"":1,""U368"":1,""U458"":1,""U290"":1,""U12"":1,""U169"":2,""U483"":1,""U484"":1,""U486"":1,""U224"":1,""U337"":1,""U3"":1,""U266"":1,""U63"":1,""U240"":1,""U136"":1,""U20"":1,""U190"":1,""U277"":1,""U343"":1,""U30"":1,""U409"":1,""U80"":1,""U171"":1,""U330"":1,""U220"":1,""U279"":1,""U315"":1,""U388"":1,""U309"":1,""U447"":1,""U206"":1,""U202"":1,""U271"":1,""U401"":1,""U470"":1,""U383"":1,""U339"":1,""U97"":1,""U408"":1,""U392"":1,""U284"":1,""U77"":1,""U379"":1,""U247"":1,""U457"":1,""U468"":1,""U350"":1,""U232"":1,""U105"":1,""U353"":1,""U482"":1,""U352"":1,""U114"":1,""U227"":1,""U303"":1,""U59"":1,""U56"":1,""U86"":1,""U26"":1,""U236"":1,""U70"":1,""U208"":1,""U140"":1,""U125"":1,""U163"":1,""U414"":1,""U89"":1,""U55"":1,""U110"":1,""U358"":1,""U442"":1,""U490"":1,""U159"":1,""U185"":1,""U214"":1,""U120"":2,""U4"":1,""U98"":2,""U146"":1,""U276"":1,""U173"":1,""U312"":1,""U389"":1,""U245"":1,""U44"":1,""U412"":1,""U193"":1,""U137"":1,""U168"":1,""U85"":1,""U53"":1,""U325"":1,""U418"":1,""U95"":1,""U402"":1,""U297"":1,""U424"":1,""U467"":1,""U400"":1,""U380"":1,""U234"":1,""U194"":1,""U200"":1,""U25"":1,""U145"":1,""U228"":1,""U301"":1,""U174"":1,""U165"":1,""U460"":1,""U500"":1,""U453"":1,""U258"":1,""U288"":1,""U215"":1,""U237"":1,""U465"":1,""U42"":1,""U360"":1,""U113"":1,""U463"":1,""U106"":1,""U150"":1,""U348"":1,""U104"":1,""U440"":1,""U461"":1,""U244"":2,""U426"":1,""U36"":1,""U21"":1,""U242"":1,""U306"":1,""U88"":1,""U375"":1,""U342"":1,""U131"":1,""U33"":1,""U66"":1,""U246"":1,""U272"":2,""U480"":1,""U79"":1,""U253"":1,""U261"":1,""U387"":1,""U99"":1,""U230"":1,""U317"":2,""U170"":1,""U313"":1,""U15"":1,""U384"":1,""U423"":1,""U294"":1,""U280"":1,""U14"":1,""U249"":1,""U252"":1,""U256"":1,""U233"":1,""U422"":1,""U362"":1,""U100"":1,""U278"":1,""U160"":1,""U410"":1,""U22"":1,""U65"":2,""U310"":1,""U11"":1,""U180"":1,""U407"":1,""U427"":1,""U162"":1,""U265"":1,""U365"":1,""U295"":1,""U336"":1,""U197"":1,""U395"":1,""U143"":1,""U210"":1,""U367"":1,""U487"":1,""U38"":1,""U366"":1,""U18"":1,""U299"":1,""U499"":1,""U211"":1,""U311"":1,""U478"":1,""U429"":1,""U181"":1}",597.3950002193451,,,,,true,500,,,Gurobi,gurobi_10min,true,600.0,20260829,16,16,50,,false,ok,0.009999990463256836,network_balanced,network_balanced_hardness_sweep,16,,597.3950002193451,2.679999828338623
0,,,,,-988.0,Optimal,,MIPSolver,,0.5,karlsruhe_network_balanced_n50_b50_u500_path_no_dominance,karlsruhe,,false,0.0,50,837,50,50,0.5,100,25,aachen_osm_gtfs_bike_agg50_p50_b50_u500,4270,200,500,,,4.885999917984009,600.0,labeling,,,path,path_no_dominance,false,"{""U23"":1,""U96"":1,""U327"":1,""U10"":1,""U396"":1,""U126"":1,""U176"":1,""U448"":1,""U111"":1,""U432"":1,""U381"":1,""U19"":1,""U166"":1,""U91"":1,""U189"":1,""U466"":1,""U107"":1,""U212"":1,""U121"":2,""U292"":1,""U16"":1,""U155"":2,""U363"":1,""U390"":1,""U372"":1,""U293"":1,""U415"":1,""U385"":1,""U431"":1,""U264"":1,""U7"":1,""U132"":1,""U219"":1,""U257"":1,""U184"":1,""U420"":1,""U346"":1,""U129"":1,""U334"":1,""U275"":1,""U238"":2,""U326"":1,""U439"":1,""U142"":1,""U1"":2,""U24"":1,""U263"":1,""U374"":1,""U43"":1,""U345"":1,""U481"":1,""U302"":1,""U260"":1,""U404"":1,""U87"":1,""U109"":1,""U138"":1,""U324"":1,""U229"":1,""U119"":1,""U347"":1,""U179"":1,""U282"":1,""U397"":1,""U357"":1,""U316"":1,""U475"":1,""U491"":1,""U243"":1,""U323"":1,""U485"":1,""U377"":1,""U186"":1,""U371"":1,""U386"":1,""U437"":1,""U359"":1,""U48"":1,""U57"":1,""U76"":1,""U9"":1,""U488"":1,""U29"":1,""U473"":1,""U471"":1,""U117"":1,""U285"":1,""U331"":1,""U413"":1,""U67"":1,""U6"":1,""U13"":1,""U351"":1,""U492"":1,""U149"":1,""U152"":1,""U489"":1,""U289"":1,""U188"":1,""U444"":1,""U456"":1,""U472"":1,""U135"":1,""U144"":1,""U148"":1,""U116"":1,""U399"":1,""U274"":1,""U167"":1,""U341"":1,""U217"":1,""U421"":1,""U428"":1,""U446"":1,""U118"":1,""U187"":1,""U225"":1,""U115"":1,""U250"":1,""U332"":1,""U438"":1,""U209"":1,""U241"":1,""U262"":1,""U35"":2,""U90"":1,""U54"":1,""U305"":1,""U452"":1,""U416"":1,""U45"":1,""U49"":1,""U443"":1,""U321"":1,""U319"":1,""U417"":1,""U469"":1,""U62"":1,""U5"":1,""U435"":1,""U74"":1,""U307"":1,""U203"":1,""U434"":1,""U255"":1,""U82"":1,""U73"":1,""U81"":1,""U445"":1,""U496"":1,""U213"":1,""U8"":1,""U393"":1,""U41"":1,""U403"":1,""U300"":1,""U455"":1,""U450"":1,""U177"":1,""U318"":1,""U31"":1,""U356"":1,""U75"":1,""U83"":1,""U50"":1,""U93"":1,""U216"":1,""U139"":1,""U270"":1,""U430"":1,""U370"":1,""U78"":1,""U84"":1,""U269"":1,""U436"":1,""U46"":1,""U147"":1,""U39"":1,""U68"":1,""U248"":1,""U71"":2,""U291"":1,""U322"":1,""U335"":1,""U192"":1,""U259"":1,""U419"":1,""U103"":1,""U102"":1,""U222"":1,""U462"":1,""U476"":1,""U364"":1,""U369"":2,""U479"":1,""U183"":1,""U156"":1,""U287"":1,""U204"":1,""U355"":1,""U398"":1,""U441"":1,""U373"":1,""U406"":2,""U354"":1,""U128"":1,""U459"":1,""U382"":1,""U235"":1,""U154"":1,""U273"":2,""U198"":1,""U494"":1,""U226"":1,""U340"":2,""U178"":1,""U27"":1,""U191"":1,""U223"":1,""U124"":1,""U267"":1,""U378"":1,""U64"":1,""U495"":1,""U127"":1,""U182"":1,""U344"":1,""U207"":1,""U161"":1,""U130"":1,""U268"":1,""U394"":1,""U454"":1,""U61"":1,""U141"":1,""U464"":1,""U477"":1,""U433"":1,""U497"":1,""U239"":1,""U51"":1,""U498"":1,""U158"":1,""U28"":1,""U52"":1,""U157"":2,""U251"":1,""U17"":1,""U195"":1,""U254"":1,""U314"":1,""U349"":1,""U391"":1,""U69"":1,""U112"":1,""U320"":1,""U411"":1,""U329"":1,""U40"":1,""U164"":1,""U72"":1,""U474"":1,""U34"":1,""U133"":1,""U199"":1,""U425"":1,""U175"":1,""U405"":1,""U361"":1,""U201"":1,""U281"":1,""U304"":1,""U338"":1,""U60"":1,""U2"":1,""U153"":1,""U333"":1,""U37"":2,""U92"":1,""U451"":1,""U449"":1,""U196"":1,""U231"":1,""U493"":1,""U296"":1,""U308"":1,""U286"":1,""U221"":1,""U32"":1,""U151"":1,""U376"":2,""U47"":2,""U218"":1,""U298"":1,""U328"":1,""U94"":1,""U101"":1,""U283"":1,""U108"":1,""U122"":1,""U123"":1,""U134"":1,""U58"":1,""U205"":1,""U172"":1,""U368"":2,""U458"":1,""U290"":1,""U12"":1,""U169"":2,""U483"":1,""U484"":1,""U486"":1,""U224"":1,""U337"":1,""U3"":1,""U266"":1,""U63"":1,""U240"":1,""U136"":1,""U20"":1,""U190"":1,""U277"":1,""U343"":1,""U30"":1,""U409"":1,""U80"":1,""U171"":1,""U330"":1,""U220"":1,""U279"":1,""U315"":1,""U388"":1,""U309"":1,""U447"":1,""U206"":1,""U202"":1,""U271"":1,""U401"":1,""U470"":1,""U383"":1,""U339"":1,""U97"":1,""U408"":1,""U392"":1,""U284"":1,""U77"":1,""U379"":1,""U247"":1,""U457"":1,""U468"":1,""U350"":1,""U232"":1,""U105"":1,""U353"":1,""U482"":1,""U352"":1,""U114"":1,""U227"":1,""U303"":1,""U59"":1,""U56"":1,""U86"":1,""U26"":1,""U236"":1,""U70"":1,""U208"":1,""U140"":1,""U125"":1,""U163"":1,""U414"":1,""U89"":1,""U55"":1,""U110"":1,""U358"":1,""U442"":1,""U490"":1,""U159"":1,""U185"":1,""U214"":1,""U120"":2,""U4"":1,""U98"":2,""U146"":1,""U276"":1,""U173"":1,""U312"":1,""U389"":1,""U245"":1,""U44"":1,""U412"":1,""U193"":1,""U137"":1,""U168"":1,""U85"":1,""U53"":1,""U325"":1,""U418"":1,""U95"":1,""U402"":1,""U297"":1,""U424"":1,""U467"":1,""U400"":1,""U380"":1,""U234"":1,""U194"":1,""U200"":1,""U25"":1,""U145"":1,""U228"":1,""U301"":1,""U174"":1,""U165"":1,""U460"":1,""U500"":1,""U453"":1,""U258"":1,""U288"":1,""U215"":1,""U237"":1,""U465"":1,""U42"":1,""U360"":1,""U113"":1,""U463"":1,""U106"":1,""U150"":1,""U348"":1,""U104"":1,""U440"":1,""U461"":1,""U244"":2,""U426"":1,""U36"":1,""U21"":1,""U242"":2,""U306"":1,""U88"":1,""U375"":1,""U342"":1,""U131"":1,""U33"":1,""U66"":1,""U246"":1,""U272"":2,""U480"":1,""U79"":1,""U253"":1,""U261"":1,""U387"":1,""U99"":1,""U230"":1,""U317"":2,""U170"":1,""U313"":1,""U15"":1,""U384"":1,""U423"":1,""U294"":1,""U280"":1,""U14"":1,""U249"":1,""U252"":1,""U256"":1,""U233"":1,""U422"":1,""U362"":1,""U100"":1,""U278"":1,""U160"":1,""U410"":1,""U22"":1,""U65"":2,""U310"":1,""U11"":1,""U180"":1,""U407"":1,""U427"":1,""U162"":1,""U265"":1,""U365"":1,""U295"":1,""U336"":1,""U197"":1,""U395"":1,""U143"":1,""U210"":1,""U367"":1,""U487"":1,""U38"":1,""U366"":1,""U18"":1,""U299"":1,""U499"":1,""U211"":1,""U311"":1,""U478"":1,""U429"":1,""U181"":1}",595.114000082016,,,,,false,500,,,Gurobi,gurobi_10min,true,600.0,20260829,16,16,50,,false,ok,0.009999990463256836,network_balanced,network_balanced_hardness_sweep,16,,595.114000082016,4.946999788284302
1,,,,,-1282.0,Optimal,,MIPSolver,,0.5,karlsruhe_network_balanced_n50_b50_u750_sd_fixed_network_path,karlsruhe,,false,0.0,50,837,50,50,0.5,100,25,aachen_osm_gtfs_bike_agg50_p50_b50_u750,4270,200,750,fixed_network_path,true,,,,false,,sd,sd_fixed_network_path,,,,,,,,,750,,,Gurobi,gurobi_10min,true,600.0,20260829,16,16,50,,false,ok,197.16999983787537,network_balanced,network_balanced_hardness_sweep,16,,600.0,333.6529998779297
1,,,,,-322.0,Timelimit,,MIPSolver,,0.5,karlsruhe_network_balanced_n50_b50_u750_sd_n_minus_1,karlsruhe,,false,3.7362070459221055,50,837,50,50,0.5,100,25,aachen_osm_gtfs_bike_agg50_p50_b50_u750,4270,200,750,n_minus_one_most_expensive,true,,,,false,,sd,sd_n_minus_1,,,,,,,,,750,,,Gurobi,gurobi_10min,true,600.0,20260829,16,16,50,,false,timeout,601.4950001239777,network_balanced,network_balanced_hardness_sweep,16,,600.0,707.6970000267029
1,,3000,,750,-1282.0,Optimal,4.844135,BlCSolver,,0.5,karlsruhe_network_balanced_n50_b50_u750_blc_astar_fixed_network_path,karlsruhe,,false,0.0,50,837,50,50,0.5,100,25,aachen_osm_gtfs_bike_agg50_p50_b50_u750,4270,200,750,fixed_network_path,,,,,,3208271,blc,blc_astar_fixed_network_path,,,,0,0,astar,null,,750,true,16,Gurobi,gurobi_10min,true,600.0,20260829,16,16,50,,false,ok,359.3310000896454,network_balanced,network_balanced_hardness_sweep,16,16,600.0,456.3829998970032
1,,3750,,750,-1282.0,Optimal,5.8511898,BlCSolver,,0.5,karlsruhe_network_balanced_n50_b50_u750_blc_astar_n_minus_1,karlsruhe,,false,0.0,50,837,50,50,0.5,100,25,aachen_osm_gtfs_bike_agg50_p50_b50_u750,4270,200,750,n_minus_one_most_expensive,,,,,,3208271,blc,blc_astar_n_minus_1,,,,0,0,astar,null,,750,true,16,Gurobi,gurobi_10min,true,600.0,20260829,16,16,50,,false,ok,285.8670001029968,network_balanced,network_balanced_hardness_sweep,16,16,600.0,347.5079998970032
1,,,,,-1282.0,Optimal,,MIPSolver,,0.5,karlsruhe_network_balanced_n50_b50_u750_path_dominance,karlsruhe,,false,0.0,50,837,50,50,0.5,100,25,aachen_osm_gtfs_bike_agg50_p50_b50_u750,4270,200,750,,,4.130999565124512,600.0,labeling,,,path,path_dominance,false,"{""U396"":1,""U448"":1,""U19"":1,""U166"":1,""U91"":1,""U155"":1,""U415"":1,""U385"":1,""U184"":1,""U716"":1,""U238"":2,""U326"":1,""U142"":2,""U619"":1,""U24"":1,""U109"":1,""U229"":1,""U569"":1,""U179"":1,""U397"":1,""U491"":1,""U243"":1,""U485"":1,""U186"":1,""U359"":1,""U691"":1,""U285"":1,""U492"":1,""U614"":1,""U444"":1,""U583"":1,""U728"":1,""U735"":1,""U616"":1,""U341"":1,""U118"":1,""U533"":1,""U35"":1,""U49"":1,""U321"":1,""U685"":1,""U62"":1,""U5"":1,""U74"":1,""U203"":1,""U729"":1,""U81"":1,""U571"":1,""U213"":1,""U8"":1,""U455"":1,""U177"":1,""U318"":1,""U31"":1,""U611"":1,""U83"":1,""U50"":1,""U139"":2,""U634"":1,""U370"":1,""U508"":1,""U269"":1,""U46"":1,""U147"":1,""U322"":1,""U666"":1,""U71"":1,""U335"":1,""U419"":1,""U578"":1,""U579"":1,""U156"":1,""U592"":1,""U584"":1,""U534"":1,""U441"":1,""U273"":1,""U340"":1,""U223"":1,""U378"":2,""U64"":1,""U495"":1,""U344"":1,""U594"":1,""U700"":1,""U130"":1,""U454"":1,""U477"":1,""U239"":1,""U51"":1,""U731"":1,""U607"":1,""U617"":1,""U320"":1,""U411"":1,""U34"":1,""U199"":1,""U405"":1,""U304"":1,""U338"":1,""U518"":1,""U37"":1,""U590"":1,""U706"":1,""U296"":1,""U221"":1,""U376"":1,""U328"":1,""U743"":1,""U669"":1,""U108"":1,""U134"":1,""U484"":1,""U486"":1,""U693"":1,""U627"":1,""U63"":1,""U718"":1,""U20"":1,""U171"":1,""U279"":1,""U501"":1,""U660"":1,""U206"":1,""U202"":1,""U339"":1,""U633"":1,""U284"":1,""U247"":1,""U653"":1,""U680"":1,""U232"":1,""U105"":1,""U723"":1,""U352"":1,""U114"":1,""U227"":1,""U56"":1,""U574"":1,""U613"":1,""U70"":1,""U414"":1,""U442"":1,""U490"":1,""U120"":1,""U146"":1,""U173"":1,""U412"":1,""U85"":1,""U418"":1,""U721"":1,""U549"":1,""U467"":1,""U400"":1,""U380"":1,""U194"":1,""U200"":1,""U558"":1,""U453"":1,""U258"":1,""U360"":1,""U670"":1,""U662"":1,""U106"":1,""U694"":1,""U598"":1,""U567"":1,""U36"":1,""U242"":1,""U375"":1,""U521"":1,""U586"":1,""U66"":1,""U79"":1,""U387"":1,""U99"":1,""U317"":1,""U313"":1,""U541"":1,""U562"":1,""U509"":1,""U278"":1,""U410"":1,""U22"":1,""U603"":1,""U310"":1,""U395"":1,""U367"":2,""U181"":1,""U96"":1,""U10"":1,""U381"":1,""U189"":1,""U107"":1,""U697"":1,""U372"":1,""U293"":1,""U264"":1,""U7"":1,""U551"":1,""U636"":1,""U647"":1,""U563"":1,""U374"":1,""U345"":1,""U502"":1,""U678"":1,""U481"":1,""U404"":1,""U138"":1,""U324"":1,""U119"":1,""U347"":1,""U316"":1,""U730"":1,""U377"":2,""U386"":1,""U437"":1,""U529"":1,""U595"":1,""U48"":1,""U9"":1,""U559"":1,""U652"":1,""U512"":1,""U625"":2,""U152"":1,""U289"":1,""U188"":1,""U639"":1,""U646"":1,""U399"":1,""U274"":1,""U446"":1,""U631"":1,""U438"":1,""U90"":1,""U54"":1,""U435"":1,""U307"":1,""U732"":1,""U713"":1,""U445"":1,""U393"":1,""U403"":1,""U450"":1,""U737"":1,""U356"":1,""U93"":1,""U430"":1,""U84"":1,""U291"":1,""U687"":1,""U548"":1,""U192"":1,""U259"":1,""U102"":1,""U476"":1,""U364"":3,""U556"":1,""U355"":1,""U373"":1,""U128"":1,""U459"":1,""U657"":1,""U198"":1,""U494"":1,""U27"":1,""U191"":1,""U124"":2,""U664"":1,""U623"":2,""U635"":1,""U733"":1,""U637"":1,""U28"":1,""U52"":1,""U251"":1,""U314"":1,""U254"":1,""U69"":1,""U507"":1,""U112"":1,""U329"":1,""U201"":1,""U281"":1,""U2"":1,""U333"":1,""U704"":1,""U92"":1,""U449"":1,""U308"":1,""U286"":1,""U32"":1,""U298"":1,""U283"":1,""U707"":1,""U123"":1,""U668"":2,""U58"":1,""U205"":1,""U172"":1,""U12"":1,""U654"":1,""U626"":1,""U224"":1,""U609"":1,""U277"":1,""U30"":1,""U409"":1,""U517"":1,""U593"":1,""U330"":1,""U220"":1,""U388"":1,""U736"":1,""U309"":1,""U724"":1,""U271"":1,""U643"":1,""U620"":1,""U674"":1,""U379"":1,""U683"":1,""U86"":1,""U26"":1,""U236"":1,""U163"":1,""U110"":1,""U655"":1,""U629"":1,""U358"":1,""U514"":1,""U608"":1,""U618"":1,""U159"":1,""U98"":1,""U744"":2,""U245"":1,""U44"":1,""U649"":1,""U712"":1,""U137"":1,""U168"":1,""U53"":1,""U673"":1,""U95"":1,""U424"":1,""U539"":1,""U301"":1,""U165"":1,""U460"":1,""U500"":1,""U288"":1,""U570"":1,""U547"":1,""U638"":1,""U532"":1,""U426"":1,""U21"":1,""U306"":1,""U342"":1,""U33"":1,""U272"":1,""U253"":1,""U170"":1,""U15"":1,""U601"":1,""U575"":1,""U100"":1,""U621"":1,""U65"":1,""U747"":2,""U427"":1,""U365"":1,""U295"":1,""U526"":1,""U600"":1,""U38"":1,""U366"":1,""U499"":1,""U478"":1,""U23"":1,""U126"":1,""U111"":1,""U432"":1,""U519"":1,""U606"":1,""U212"":1,""U612"":1,""U16"":1,""U663"":1,""U561"":1,""U557"":1,""U538"":1,""U431"":2,""U553"":1,""U257"":1,""U420"":1,""U129"":1,""U651"":1,""U523"":1,""U275"":1,""U439"":1,""U263"":1,""U87"":1,""U708"":2,""U282"":1,""U741"":1,""U748"":1,""U357"":1,""U475"":1,""U323"":1,""U645"":1,""U667"":1,""U580"":1,""U525"":1,""U57"":1,""U473"":1,""U589"":1,""U331"":1,""U413"":1,""U6"":1,""U560"":1,""U632"":1,""U682"":2,""U576"":1,""U456"":1,""U148"":1,""U671"":1,""U505"":1,""U217"":1,""U428"":1,""U187"":1,""U332"":1,""U209"":1,""U262"":1,""U305"":1,""U452"":1,""U45"":1,""U443"":1,""U417"":1,""U319"":1,""U469"":1,""U255"":1,""U73"":1,""U734"":1,""U715"":1,""U41"":1,""U75"":1,""U248"":2,""U103"":1,""U222"":1,""U479"":2,""U659"":1,""U369"":1,""U398"":1,""U537"":1,""U406"":1,""U661"":1,""U354"":1,""U235"":1,""U648"":1,""U226"":1,""U178"":1,""U727"":1,""U267"":1,""U688"":1,""U161"":1,""U394"":1,""U497"":1,""U498"":1,""U749"":1,""U195"":1,""U349"":1,""U391"":1,""U542"":1,""U699"":1,""U572"":1,""U679"":1,""U722"":1,""U72"":1,""U698"":1,""U677"":1,""U361"":2,""U60"":1,""U153"":1,""U451"":1,""U196"":1,""U231"":1,""U493"":1,""U151"":1,""U47"":1,""U218"":1,""U530"":1,""U535"":1,""U94"":1,""U644"":1,""U368"":1,""U290"":1,""U169"":1,""U3"":1,""U266"":1,""U240"":1,""U136"":1,""U343"":1,""U585"":1,""U315"":1,""U676"":1,""U628"":1,""U383"":1,""U97"":1,""U408"":1,""U615"":1,""U77"":1,""U350"":1,""U353"":1,""U516"":1,""U703"":1,""U604"":1,""U684"":1,""U140"":2,""U125"":1,""U89"":1,""U506"":1,""U312"":1,""U276"":1,""U689"":1,""U193"":1,""U234"":1,""U145"":1,""U237"":1,""U465"":1,""U591"":1,""U150"":1,""U348"":1,""U527"":1,""U581"":1,""U461"":1,""U244"":1,""U88"":1,""U131"":1,""U480"":1,""U261"":1,""U711"":1,""U230"":1,""U423"":1,""U573"":1,""U280"":1,""U14"":1,""U692"":1,""U726"":1,""U252"":1,""U256"":1,""U524"":1,""U710"":1,""U162"":1,""U540"":1,""U143"":1,""U210"":1,""U299"":1,""U696"":1,""U640"":1,""U311"":1,""U327"":1,""U605"":1,""U176"":1,""U466"":1,""U566"":1,""U121"":1,""U292"":1,""U363"":1,""U390"":1,""U132"":2,""U219"":1,""U515"":1,""U346"":1,""U334"":1,""U1"":1,""U43"":1,""U597"":1,""U302"":1,""U260"":1,""U702"":1,""U543"":1,""U725"":1,""U371"":1,""U658"":1,""U528"":1,""U552"":1,""U503"":1,""U642"":1,""U76"":1,""U488"":1,""U29"":1,""U471"":1,""U117"":1,""U709"":1,""U67"":1,""U510"":1,""U13"":1,""U351"":1,""U149"":1,""U489"":1,""U472"":1,""U135"":1,""U144"":1,""U116"":1,""U624"":2,""U565"":1,""U167"":1,""U421"":1,""U225"":1,""U115"":1,""U250"":1,""U650"":1,""U241"":1,""U568"":1,""U720"":1,""U416"":1,""U434"":1,""U531"":1,""U82"":1,""U496"":1,""U690"":1,""U582"":1,""U300"":1,""U622"":1,""U216"":1,""U588"":1,""U270"":2,""U738"":1,""U78"":1,""U436"":1,""U39"":2,""U68"":1,""U462"":1,""U183"":1,""U287"":1,""U602"":1,""U204"":1,""U382"":1,""U714"":1,""U154"":1,""U630"":1,""U641"":1,""U127"":1,""U182"":1,""U564"":1,""U207"":1,""U268"":1,""U61"":1,""U656"":1,""U141"":1,""U464"":1,""U433"":1,""U158"":1,""U157"":1,""U17"":1,""U686"":1,""U740"":1,""U40"":1,""U164"":1,""U474"":1,""U545"":1,""U133"":1,""U596"":1,""U745"":1,""U425"":1,""U175"":1,""U504"":1,""U739"":1,""U511"":1,""U577"":1,""U717"":1,""U101"":2,""U122"":1,""U458"":1,""U483"":1,""U546"":1,""U719"":1,""U337"":1,""U190"":1,""U80"":1,""U447"":1,""U470"":1,""U401"":1,""U695"":1,""U392"":1,""U742"":1,""U457"":1,""U468"":1,""U672"":1,""U750"":1,""U482"":1,""U303"":1,""U59"":1,""U208"":1,""U681"":1,""U55"":1,""U185"":1,""U610"":1,""U214"":1,""U665"":1,""U4"":1,""U389"":1,""U746"":1,""U544"":1,""U599"":1,""U325"":1,""U522"":1,""U402"":1,""U297"":1,""U25"":1,""U228"":1,""U587"":1,""U174"":1,""U705"":1,""U215"":1,""U42"":1,""U463"":1,""U113"":1,""U675"":1,""U440"":1,""U104"":1,""U246"":1,""U536"":1,""U384"":1,""U294"":1,""U701"":1,""U249"":1,""U233"":1,""U422"":1,""U362"":1,""U550"":1,""U160"":1,""U513"":1,""U407"":1,""U11"":1,""U180"":1,""U265"":1,""U554"":1,""U336"":1,""U197"":1,""U487"":1,""U18"":1,""U520"":1,""U555"":1,""U211"":1,""U429"":1}",595.8690004348755,,,,,true,750,,,Gurobi,gurobi_10min,true,600.0,20260829,16,16,50,,false,ok,0.019999980926513672,network_balanced,network_balanced_hardness_sweep,16,,595.8690004348755,4.254999876022339
1,,,,,-1282.0,Optimal,,MIPSolver,,0.5,karlsruhe_network_balanced_n50_b50_u750_path_no_dominance,karlsruhe,,false,0.0,50,837,50,50,0.5,100,25,aachen_osm_gtfs_bike_agg50_p50_b50_u750,4270,200,750,,,3.811999559402466,600.0,labeling,,,path,path_no_dominance,false,"{""U396"":1,""U448"":1,""U19"":1,""U166"":1,""U91"":1,""U155"":1,""U415"":1,""U385"":1,""U184"":1,""U716"":1,""U238"":2,""U326"":1,""U142"":2,""U619"":1,""U24"":1,""U109"":1,""U229"":1,""U569"":1,""U179"":1,""U397"":1,""U491"":1,""U243"":1,""U485"":2,""U186"":1,""U359"":1,""U691"":1,""U285"":1,""U492"":1,""U614"":1,""U444"":1,""U583"":1,""U728"":1,""U735"":1,""U616"":1,""U341"":1,""U118"":1,""U533"":1,""U35"":1,""U49"":1,""U321"":1,""U685"":1,""U62"":1,""U5"":1,""U74"":1,""U203"":1,""U729"":1,""U81"":1,""U571"":1,""U213"":1,""U8"":1,""U455"":1,""U177"":1,""U318"":1,""U31"":1,""U611"":1,""U83"":1,""U50"":1,""U139"":2,""U634"":1,""U370"":1,""U508"":1,""U269"":1,""U46"":1,""U147"":1,""U322"":1,""U666"":1,""U71"":1,""U335"":1,""U419"":1,""U578"":1,""U579"":1,""U156"":1,""U592"":1,""U584"":1,""U534"":1,""U441"":1,""U273"":1,""U340"":1,""U223"":2,""U378"":2,""U64"":1,""U495"":1,""U344"":1,""U594"":1,""U700"":1,""U130"":1,""U454"":1,""U477"":1,""U239"":1,""U51"":1,""U731"":1,""U607"":1,""U617"":1,""U320"":1,""U411"":1,""U34"":1,""U199"":1,""U405"":1,""U304"":1,""U338"":1,""U518"":1,""U37"":1,""U590"":1,""U706"":1,""U296"":1,""U221"":1,""U376"":2,""U328"":1,""U743"":1,""U669"":1,""U108"":1,""U134"":1,""U484"":1,""U486"":1,""U693"":1,""U627"":1,""U63"":1,""U718"":1,""U20"":1,""U171"":1,""U279"":1,""U501"":1,""U660"":1,""U206"":1,""U202"":1,""U339"":2,""U633"":1,""U284"":1,""U247"":1,""U653"":1,""U680"":1,""U232"":1,""U105"":1,""U723"":1,""U352"":1,""U114"":1,""U227"":1,""U56"":1,""U574"":1,""U613"":1,""U70"":1,""U414"":1,""U442"":1,""U490"":1,""U120"":1,""U146"":1,""U173"":1,""U412"":1,""U85"":1,""U418"":1,""U721"":1,""U549"":1,""U467"":1,""U400"":1,""U380"":1,""U194"":1,""U200"":1,""U558"":1,""U453"":1,""U258"":1,""U360"":1,""U670"":1,""U662"":1,""U106"":1,""U694"":1,""U598"":1,""U567"":1,""U36"":1,""U242"":1,""U375"":1,""U521"":1,""U586"":1,""U66"":1,""U79"":1,""U387"":1,""U99"":1,""U317"":1,""U313"":1,""U541"":1,""U562"":1,""U509"":1,""U278"":1,""U410"":1,""U22"":1,""U603"":1,""U310"":1,""U395"":1,""U367"":2,""U181"":1,""U96"":1,""U10"":1,""U381"":1,""U189"":1,""U107"":1,""U697"":1,""U372"":1,""U293"":1,""U264"":1,""U7"":1,""U551"":1,""U636"":1,""U647"":1,""U563"":1,""U374"":1,""U345"":1,""U502"":1,""U678"":1,""U481"":1,""U404"":1,""U138"":1,""U324"":1,""U119"":1,""U347"":1,""U316"":1,""U730"":1,""U377"":2,""U386"":1,""U437"":1,""U529"":1,""U595"":1,""U48"":1,""U9"":1,""U559"":1,""U652"":1,""U512"":1,""U625"":2,""U152"":1,""U289"":1,""U188"":1,""U639"":1,""U646"":1,""U399"":1,""U274"":1,""U446"":1,""U631"":1,""U438"":1,""U90"":1,""U54"":1,""U435"":1,""U307"":1,""U732"":1,""U713"":1,""U445"":1,""U393"":1,""U403"":1,""U450"":1,""U737"":1,""U356"":1,""U93"":1,""U430"":1,""U84"":1,""U291"":1,""U687"":1,""U548"":1,""U192"":1,""U259"":1,""U102"":1,""U476"":2,""U364"":3,""U556"":1,""U355"":1,""U373"":1,""U128"":1,""U459"":1,""U657"":1,""U198"":1,""U494"":1,""U27"":1,""U191"":1,""U124"":2,""U664"":1,""U623"":2,""U635"":1,""U733"":1,""U637"":1,""U28"":1,""U52"":1,""U251"":1,""U314"":1,""U254"":1,""U69"":1,""U507"":1,""U112"":1,""U329"":1,""U201"":1,""U281"":2,""U2"":1,""U333"":1,""U704"":1,""U92"":1,""U449"":1,""U308"":1,""U286"":1,""U32"":1,""U298"":1,""U283"":1,""U707"":1,""U123"":1,""U668"":2,""U58"":1,""U205"":1,""U172"":1,""U12"":1,""U654"":1,""U626"":1,""U224"":1,""U609"":1,""U277"":1,""U30"":1,""U409"":1,""U517"":1,""U593"":1,""U330"":1,""U220"":1,""U388"":1,""U736"":1,""U309"":1,""U724"":1,""U271"":1,""U643"":1,""U620"":1,""U674"":1,""U379"":1,""U683"":1,""U86"":1,""U26"":1,""U236"":1,""U163"":1,""U110"":1,""U655"":1,""U629"":1,""U358"":1,""U514"":1,""U608"":1,""U618"":1,""U159"":1,""U98"":1,""U744"":2,""U245"":1,""U44"":1,""U649"":1,""U712"":1,""U137"":1,""U168"":1,""U53"":2,""U673"":1,""U95"":1,""U424"":1,""U539"":1,""U301"":1,""U165"":1,""U460"":1,""U500"":1,""U288"":1,""U570"":1,""U547"":1,""U638"":1,""U532"":1,""U426"":1,""U21"":1,""U306"":1,""U342"":1,""U33"":1,""U272"":1,""U253"":1,""U170"":1,""U15"":1,""U601"":1,""U575"":1,""U100"":1,""U621"":1,""U65"":1,""U747"":2,""U427"":1,""U365"":2,""U295"":1,""U526"":1,""U600"":1,""U38"":1,""U366"":1,""U499"":1,""U478"":1,""U23"":1,""U126"":1,""U111"":1,""U432"":1,""U519"":1,""U606"":1,""U212"":1,""U612"":1,""U16"":1,""U663"":1,""U561"":1,""U557"":1,""U538"":1,""U431"":2,""U553"":1,""U257"":1,""U420"":1,""U129"":1,""U651"":1,""U523"":1,""U275"":1,""U439"":1,""U263"":1,""U87"":1,""U708"":2,""U282"":1,""U741"":1,""U748"":1,""U357"":1,""U475"":1,""U323"":2,""U645"":1,""U667"":1,""U580"":1,""U525"":1,""U57"":1,""U473"":1,""U589"":1,""U331"":1,""U413"":2,""U6"":1,""U560"":1,""U632"":1,""U682"":2,""U576"":1,""U456"":1,""U148"":1,""U671"":1,""U505"":1,""U217"":1,""U428"":1,""U187"":1,""U332"":1,""U209"":1,""U262"":1,""U305"":1,""U452"":1,""U45"":1,""U443"":1,""U417"":1,""U319"":1,""U469"":1,""U255"":1,""U73"":1,""U734"":1,""U715"":1,""U41"":1,""U75"":1,""U248"":2,""U103"":1,""U222"":1,""U479"":2,""U659"":1,""U369"":1,""U398"":1,""U537"":1,""U406"":1,""U661"":1,""U354"":1,""U235"":1,""U648"":1,""U226"":1,""U178"":1,""U727"":1,""U267"":1,""U688"":1,""U161"":1,""U394"":1,""U497"":1,""U498"":1,""U749"":1,""U195"":1,""U349"":1,""U391"":1,""U542"":1,""U699"":1,""U572"":1,""U679"":1,""U722"":1,""U72"":1,""U698"":1,""U677"":1,""U361"":2,""U60"":1,""U153"":1,""U451"":1,""U196"":1,""U231"":1,""U493"":1,""U151"":1,""U47"":1,""U218"":1,""U530"":1,""U535"":2,""U94"":1,""U644"":1,""U368"":1,""U290"":1,""U169"":1,""U3"":1,""U266"":1,""U240"":1,""U136"":1,""U343"":1,""U585"":1,""U315"":1,""U676"":1,""U628"":1,""U383"":1,""U97"":1,""U408"":1,""U615"":1,""U77"":1,""U350"":1,""U353"":1,""U516"":1,""U703"":1,""U604"":1,""U684"":1,""U140"":2,""U125"":1,""U89"":1,""U506"":1,""U312"":1,""U276"":1,""U689"":1,""U193"":1,""U234"":1,""U145"":1,""U237"":1,""U465"":1,""U591"":1,""U150"":2,""U348"":1,""U527"":1,""U581"":1,""U461"":1,""U244"":1,""U88"":1,""U131"":1,""U480"":1,""U261"":1,""U711"":1,""U230"":1,""U423"":1,""U573"":1,""U280"":1,""U14"":1,""U692"":1,""U726"":1,""U252"":1,""U256"":1,""U524"":2,""U710"":1,""U162"":1,""U540"":1,""U143"":1,""U210"":1,""U299"":1,""U696"":1,""U640"":1,""U311"":1,""U327"":2,""U605"":1,""U176"":1,""U466"":1,""U566"":1,""U121"":1,""U292"":1,""U363"":1,""U390"":1,""U132"":2,""U219"":1,""U515"":1,""U346"":1,""U334"":1,""U1"":1,""U43"":1,""U597"":1,""U302"":1,""U260"":1,""U702"":1,""U543"":1,""U725"":1,""U371"":1,""U658"":1,""U528"":1,""U552"":1,""U503"":1,""U642"":1,""U76"":1,""U488"":1,""U29"":1,""U471"":1,""U117"":2,""U709"":1,""U67"":1,""U510"":1,""U13"":1,""U351"":1,""U149"":1,""U489"":1,""U472"":1,""U135"":1,""U144"":1,""U116"":1,""U624"":2,""U565"":1,""U167"":1,""U421"":1,""U225"":1,""U115"":1,""U250"":1,""U650"":1,""U241"":1,""U568"":1,""U720"":1,""U416"":1,""U434"":1,""U531"":1,""U82"":2,""U496"":1,""U690"":1,""U582"":1,""U300"":1,""U622"":1,""U216"":1,""U588"":1,""U270"":2,""U738"":1,""U78"":1,""U436"":1,""U39"":2,""U68"":1,""U462"":1,""U183"":1,""U287"":1,""U602"":1,""U204"":1,""U382"":1,""U714"":1,""U154"":1,""U630"":1,""U641"":1,""U127"":1,""U182"":1,""U564"":1,""U207"":1,""U268"":1,""U61"":1,""U656"":1,""U141"":1,""U464"":1,""U433"":1,""U158"":1,""U157"":1,""U17"":1,""U686"":1,""U740"":1,""U40"":1,""U164"":1,""U474"":1,""U545"":1,""U133"":1,""U596"":1,""U745"":1,""U425"":1,""U175"":2,""U504"":1,""U739"":1,""U511"":1,""U577"":1,""U717"":1,""U101"":2,""U122"":1,""U458"":1,""U483"":1,""U546"":1,""U719"":1,""U337"":1,""U190"":1,""U80"":1,""U447"":1,""U470"":2,""U401"":1,""U695"":1,""U392"":1,""U742"":1,""U457"":1,""U468"":1,""U672"":1,""U750"":1,""U482"":1,""U303"":1,""U59"":1,""U208"":1,""U681"":1,""U55"":1,""U185"":1,""U610"":1,""U214"":1,""U665"":1,""U4"":1,""U389"":1,""U746"":1,""U544"":1,""U599"":1,""U325"":1,""U522"":1,""U402"":1,""U297"":1,""U25"":1,""U228"":1,""U587"":1,""U174"":1,""U705"":1,""U215"":1,""U42"":2,""U463"":1,""U113"":1,""U675"":1,""U440"":1,""U104"":1,""U246"":1,""U536"":1,""U384"":1,""U294"":1,""U701"":1,""U249"":1,""U233"":1,""U422"":1,""U362"":2,""U550"":1,""U160"":1,""U513"":1,""U407"":1,""U11"":1,""U180"":1,""U265"":1,""U554"":1,""U336"":1,""U197"":1,""U487"":1,""U18"":1,""U520"":1,""U555"":1,""U211"":1,""U429"":1}",596.1880004405975,,,,,false,750,,,Gurobi,gurobi_10min,true,600.0,20260829,16,16,50,,false,ok,0.0280001163482666,network_balanced,network_balanced_hardness_sweep,16,,596.1880004405975,3.9200000762939453
1,,,,,-1917.0,Optimal,,MIPSolver,,0.5,karlsruhe_network_balanced_n50_b50_u1000_sd_fixed_network_path,karlsruhe,,false,0.0,50,837,50,50,0.5,100,25,aachen_osm_gtfs_bike_agg50_p50_b50_u1000,4270,200,1000,fixed_network_path,true,,,,false,,sd,sd_fixed_network_path,,,,,,,,,1000,,,Gurobi,gurobi_10min,true,600.0,20260829,16,16,50,,false,ok,300.010999917984,network_balanced,network_balanced_hardness_sweep,16,,600.0,499.5720000267029
1,,,,,-1911.0,Timelimit,,MIPSolver,,0.5,karlsruhe_network_balanced_n50_b50_u1000_sd_n_minus_1,karlsruhe,,false,0.1268868044017978,50,837,50,50,0.5,100,25,aachen_osm_gtfs_bike_agg50_p50_b50_u1000,4270,200,1000,n_minus_one_most_expensive,true,,,,false,,sd,sd_n_minus_1,,,,,,,,,1000,,,Gurobi,gurobi_10min,true,600.0,20260829,16,16,50,,false,timeout,601.5030000209808,network_balanced,network_balanced_hardness_sweep,16,,600.0,757.2770001888275
1,,2000,,1000,-1638.0,Timelimit,3.257846,BlCSolver,,0.5,karlsruhe_network_balanced_n50_b50_u1000_blc_astar_fixed_network_path,karlsruhe,,false,0.17399267399267399,50,837,50,50,0.5,100,25,aachen_osm_gtfs_bike_agg50_p50_b50_u1000,4270,200,1000,fixed_network_path,,,,,,4276271,blc,blc_astar_fixed_network_path,,,,0,0,astar,null,,1000,true,16,Gurobi,gurobi_10min,true,600.0,20260829,16,16,50,,false,timeout,600.5429999828339,network_balanced,network_balanced_hardness_sweep,16,16,600.0,725.1489999294281
1,,2000,,1000,,Timelimit,2.6305487000000003,BlCSolver,,0.5,karlsruhe_network_balanced_n50_b50_u1000_blc_astar_n_minus_1,karlsruhe,,false,1.0e100,50,837,50,50,0.5,100,25,aachen_osm_gtfs_bike_agg50_p50_b50_u1000,4270,200,1000,n_minus_one_most_expensive,,,,,,4276271,blc,blc_astar_n_minus_1,,,,0,0,astar,null,,1000,true,16,Gurobi,gurobi_10min,true,600.0,20260829,16,16,50,,false,timeout,600.3510000705719,network_balanced,network_balanced_hardness_sweep,16,16,600.0,682.2109999656677
1,,,,,-1917.0,Optimal,,MIPSolver,,0.5,karlsruhe_network_balanced_n50_b50_u1000_path_dominance,karlsruhe,,false,0.0,50,837,50,50,0.5,100,25,aachen_osm_gtfs_bike_agg50_p50_b50_u1000,4270,200,1000,,,11.564000129699707,600.0,labeling,,,path,path_dominance,false,"{""U828"":1,""U396"":1,""U448"":1,""U893"":1,""U19"":1,""U166"":1,""U91"":1,""U155"":1,""U415"":1,""U385"":1,""U980"":3,""U184"":1,""U909"":1,""U716"":1,""U238"":1,""U326"":1,""U851"":1,""U993"":1,""U917"":1,""U930"":1,""U142"":1,""U619"":1,""U24"":1,""U109"":1,""U229"":1,""U569"":1,""U179"":1,""U397"":1,""U491"":1,""U892"":1,""U243"":1,""U485"":1,""U961"":1,""U186"":1,""U359"":2,""U874"":1,""U876"":1,""U691"":1,""U285"":1,""U981"":1,""U492"":1,""U867"":1,""U614"":1,""U444"":1,""U583"":1,""U728"":1,""U735"":1,""U886"":1,""U616"":1,""U341"":1,""U816"":1,""U118"":1,""U533"":1,""U35"":1,""U49"":1,""U321"":1,""U685"":1,""U62"":1,""U5"":1,""U74"":1,""U203"":1,""U729"":1,""U81"":1,""U571"":1,""U776"":1,""U820"":1,""U979"":1,""U984"":1,""U213"":1,""U8"":1,""U455"":3,""U177"":1,""U318"":1,""U31"":1,""U611"":1,""U83"":1,""U50"":1,""U139"":1,""U634"":1,""U751"":1,""U370"":1,""U864"":1,""U508"":1,""U869"":1,""U269"":1,""U46"":1,""U147"":1,""U322"":1,""U666"":1,""U839"":2,""U71"":1,""U335"":1,""U419"":1,""U578"":1,""U579"":1,""U156"":1,""U953"":1,""U592"":1,""U584"":1,""U534"":1,""U441"":1,""U966"":1,""U757"":1,""U761"":1,""U783"":1,""U273"":1,""U340"":1,""U919"":1,""U223"":1,""U378"":2,""U64"":1,""U495"":1,""U344"":1,""U594"":1,""U700"":1,""U842"":2,""U130"":1,""U922"":1,""U987"":1,""U454"":1,""U477"":1,""U239"":1,""U51"":1,""U731"":1,""U868"":1,""U989"":1,""U819"":1,""U946"":1,""U607"":1,""U617"":1,""U320"":1,""U411"":1,""U810"":1,""U34"":1,""U760"":1,""U934"":1,""U199"":1,""U405"":1,""U787"":1,""U304"":1,""U338"":1,""U518"":1,""U772"":1,""U37"":1,""U590"":1,""U706"":2,""U881"":1,""U296"":1,""U221"":1,""U954"":2,""U376"":1,""U328"":1,""U743"":1,""U669"":1,""U108"":1,""U134"":1,""U484"":1,""U486"":1,""U693"":1,""U627"":1,""U63"":1,""U718"":1,""U20"":1,""U847"":1,""U885"":1,""U171"":1,""U279"":1,""U501"":1,""U660"":2,""U794"":1,""U206"":1,""U202"":1,""U921"":1,""U339"":1,""U633"":1,""U818"":1,""U284"":1,""U882"":1,""U976"":1,""U247"":1,""U653"":1,""U879"":1,""U680"":1,""U232"":1,""U105"":1,""U723"":1,""U352"":1,""U114"":1,""U227"":1,""U56"":1,""U574"":1,""U613"":1,""U70"":1,""U414"":1,""U877"":2,""U442"":1,""U490"":1,""U838"":1,""U848"":1,""U931"":1,""U120"":1,""U146"":2,""U173"":1,""U412"":1,""U965"":1,""U821"":1,""U85"":1,""U418"":1,""U721"":1,""U549"":1,""U467"":1,""U400"":1,""U380"":1,""U194"":1,""U200"":1,""U843"":1,""U558"":1,""U453"":1,""U258"":1,""U360"":1,""U670"":1,""U662"":1,""U106"":1,""U694"":1,""U598"":1,""U567"":2,""U36"":1,""U242"":1,""U894"":1,""U375"":1,""U521"":1,""U586"":1,""U66"":1,""U79"":2,""U387"":1,""U99"":1,""U317"":1,""U313"":1,""U541"":1,""U840"":1,""U562"":1,""U824"":1,""U871"":1,""U509"":2,""U911"":1,""U278"":1,""U410"":1,""U22"":1,""U804"":1,""U603"":1,""U310"":1,""U395"":1,""U367"":1,""U939"":1,""U181"":1,""U929"":1,""U96"":1,""U10"":1,""U785"":1,""U924"":1,""U789"":1,""U381"":1,""U189"":1,""U107"":1,""U974"":1,""U784"":1,""U697"":1,""U372"":1,""U293"":1,""U836"":1,""U991"":1,""U264"":1,""U7"":1,""U551"":1,""U636"":1,""U647"":1,""U782"":1,""U856"":1,""U563"":1,""U374"":1,""U345"":1,""U502"":1,""U678"":1,""U481"":1,""U855"":1,""U404"":1,""U138"":1,""U324"":1,""U920"":1,""U119"":1,""U347"":1,""U764"":1,""U316"":1,""U900"":1,""U730"":1,""U377"":1,""U386"":1,""U437"":1,""U529"":1,""U595"":1,""U48"":1,""U943"":1,""U859"":1,""U9"":1,""U559"":1,""U652"":1,""U862"":1,""U512"":1,""U625"":1,""U152"":1,""U945"":1,""U289"":1,""U896"":1,""U188"":1,""U639"":1,""U646"":1,""U769"":1,""U399"":2,""U274"":1,""U446"":1,""U631"":1,""U438"":1,""U90"":1,""U54"":1,""U996"":1,""U866"":1,""U435"":1,""U307"":1,""U923"":1,""U732"":1,""U713"":1,""U445"":1,""U393"":1,""U403"":1,""U937"":1,""U450"":1,""U737"":1,""U356"":1,""U93"":1,""U430"":2,""U84"":1,""U291"":1,""U687"":2,""U548"":2,""U192"":1,""U259"":1,""U102"":1,""U476"":1,""U364"":1,""U556"":1,""U887"":1,""U958"":1,""U355"":1,""U373"":1,""U891"":1,""U128"":1,""U459"":1,""U657"":1,""U198"":1,""U494"":1,""U27"":1,""U191"":1,""U124"":1,""U985"":1,""U664"":1,""U623"":1,""U635"":1,""U733"":1,""U637"":1,""U28"":1,""U52"":1,""U251"":1,""U314"":1,""U952"":1,""U254"":1,""U950"":2,""U69"":1,""U507"":1,""U112"":1,""U849"":2,""U329"":1,""U201"":1,""U281"":1,""U774"":1,""U2"":1,""U333"":1,""U704"":1,""U92"":1,""U766"":1,""U449"":1,""U308"":1,""U286"":1,""U32"":1,""U298"":1,""U283"":1,""U707"":1,""U123"":1,""U668"":1,""U58"":1,""U205"":1,""U172"":1,""U12"":1,""U654"":1,""U626"":1,""U224"":1,""U609"":1,""U277"":1,""U30"":1,""U409"":1,""U517"":1,""U593"":2,""U803"":1,""U330"":1,""U220"":1,""U388"":1,""U736"":1,""U309"":2,""U724"":1,""U271"":1,""U643"":1,""U620"":1,""U674"":1,""U379"":1,""U683"":1,""U834"":1,""U86"":1,""U26"":1,""U236"":1,""U825"":1,""U951"":2,""U163"":1,""U110"":1,""U949"":1,""U655"":1,""U629"":1,""U358"":1,""U514"":1,""U608"":1,""U618"":1,""U770"":1,""U159"":1,""U947"":1,""U98"":1,""U744"":1,""U245"":1,""U44"":1,""U649"":1,""U712"":1,""U137"":1,""U168"":1,""U53"":1,""U975"":1,""U673"":1,""U95"":1,""U424"":1,""U539"":1,""U301"":1,""U165"":1,""U460"":1,""U500"":1,""U942"":1,""U288"":1,""U570"":1,""U928"":1,""U962"":1,""U547"":1,""U638"":1,""U532"":1,""U426"":1,""U21"":1,""U306"":1,""U963"":1,""U342"":1,""U33"":1,""U272"":1,""U253"":1,""U777"":1,""U992"":1,""U170"":1,""U15"":1,""U601"":1,""U575"":1,""U977"":1,""U100"":1,""U799"":1,""U621"":1,""U65"":1,""U747"":1,""U427"":1,""U365"":1,""U295"":1,""U970"":1,""U526"":1,""U835"":1,""U801"":1,""U600"":1,""U38"":1,""U366"":1,""U499"":1,""U478"":1,""U23"":1,""U982"":1,""U845"":1,""U126"":1,""U111"":1,""U432"":1,""U519"":1,""U802"":1,""U606"":1,""U212"":1,""U612"":1,""U16"":2,""U875"":1,""U663"":1,""U561"":1,""U557"":1,""U538"":1,""U431"":1,""U553"":1,""U257"":1,""U758"":1,""U420"":1,""U906"":1,""U762"":1,""U129"":1,""U651"":1,""U941"":1,""U523"":1,""U275"":1,""U439"":1,""U800"":1,""U263"":1,""U935"":2,""U87"":1,""U708"":1,""U282"":1,""U741"":1,""U748"":1,""U357"":1,""U815"":1,""U475"":1,""U323"":1,""U645"":1,""U667"":1,""U580"":1,""U525"":1,""U57"":1,""U473"":1,""U589"":1,""U826"":1,""U331"":1,""U413"":1,""U6"":1,""U560"":1,""U632"":1,""U682"":1,""U576"":1,""U846"":1,""U926"":1,""U456"":1,""U148"":1,""U671"":1,""U505"":1,""U753"":1,""U217"":1,""U428"":2,""U933"":1,""U187"":1,""U332"":1,""U823"":2,""U209"":1,""U262"":1,""U305"":1,""U452"":1,""U45"":1,""U889"":1,""U443"":1,""U417"":1,""U319"":1,""U853"":1,""U469"":1,""U255"":1,""U73"":1,""U734"":1,""U715"":1,""U983"":1,""U910"":1,""U41"":1,""U75"":1,""U248"":1,""U103"":1,""U222"":1,""U795"":1,""U479"":1,""U659"":1,""U369"":1,""U897"":1,""U811"":1,""U398"":1,""U537"":1,""U406"":1,""U806"":1,""U661"":1,""U354"":1,""U235"":1,""U648"":1,""U226"":1,""U178"":1,""U727"":1,""U267"":1,""U688"":1,""U161"":1,""U394"":1,""U497"":1,""U830"":1,""U498"":1,""U749"":2,""U999"":1,""U195"":1,""U349"":1,""U767"":1,""U391"":1,""U542"":1,""U878"":1,""U699"":1,""U572"":1,""U679"":1,""U722"":1,""U72"":1,""U698"":1,""U677"":1,""U361"":1,""U60"":1,""U153"":1,""U913"":1,""U773"":1,""U451"":1,""U196"":1,""U231"":1,""U493"":1,""U908"":1,""U151"":1,""U47"":2,""U218"":1,""U530"":1,""U986"":1,""U535"":1,""U94"":1,""U788"":2,""U644"":1,""U368"":1,""U759"":1,""U290"":1,""U169"":1,""U3"":1,""U266"":1,""U240"":1,""U136"":1,""U343"":1,""U585"":2,""U315"":1,""U676"":1,""U628"":1,""U383"":1,""U990"":1,""U97"":1,""U865"":1,""U408"":1,""U755"":1,""U615"":1,""U77"":1,""U884"":1,""U350"":1,""U940"":1,""U353"":1,""U960"":1,""U516"":1,""U703"":1,""U604"":1,""U684"":1,""U140"":1,""U125"":1,""U912"":1,""U89"":1,""U780"":1,""U506"":1,""U972"":1,""U312"":1,""U276"":1,""U689"":1,""U193"":1,""U234"":1,""U145"":1,""U817"":1,""U237"":1,""U465"":1,""U591"":1,""U150"":1,""U348"":1,""U527"":1,""U581"":1,""U461"":1,""U813"":1,""U244"":1,""U88"":1,""U903"":2,""U131"":1,""U870"":1,""U973"":1,""U480"":1,""U997"":1,""U812"":1,""U261"":1,""U711"":1,""U230"":1,""U423"":2,""U901"":1,""U573"":1,""U280"":1,""U14"":1,""U692"":1,""U726"":2,""U252"":1,""U256"":1,""U916"":1,""U915"":1,""U907"":1,""U524"":1,""U918"":1,""U932"":1,""U710"":1,""U162"":1,""U899"":1,""U540"":1,""U854"":1,""U858"":1,""U756"":1,""U143"":1,""U210"":1,""U814"":1,""U805"":1,""U299"":1,""U883"":1,""U696"":1,""U640"":1,""U311"":1,""U852"":1,""U327"":1,""U827"":1,""U605"":1,""U176"":1,""U466"":1,""U566"":1,""U121"":1,""U292"":1,""U971"":1,""U363"":1,""U390"":1,""U905"":1,""U132"":1,""U219"":1,""U515"":1,""U790"":1,""U346"":2,""U334"":1,""U850"":1,""U779"":1,""U1"":1,""U43"":1,""U597"":1,""U302"":1,""U260"":1,""U860"":1,""U702"":1,""U543"":1,""U957"":1,""U725"":1,""U371"":1,""U658"":1,""U528"":1,""U552"":1,""U503"":1,""U642"":1,""U76"":1,""U488"":1,""U29"":2,""U471"":1,""U117"":1,""U709"":1,""U67"":1,""U510"":1,""U13"":1,""U351"":1,""U149"":1,""U895"":1,""U489"":1,""U472"":1,""U872"":1,""U135"":1,""U144"":1,""U116"":1,""U624"":1,""U565"":1,""U167"":1,""U421"":1,""U225"":1,""U115"":1,""U250"":1,""U650"":1,""U241"":1,""U568"":1,""U720"":1,""U775"":1,""U416"":1,""U763"":1,""U434"":1,""U531"":1,""U797"":1,""U754"":1,""U994"":1,""U82"":1,""U496"":1,""U690"":1,""U880"":1,""U582"":1,""U300"":1,""U622"":1,""U964"":1,""U216"":1,""U861"":1,""U588"":1,""U270"":1,""U738"":1,""U78"":2,""U436"":1,""U39"":1,""U68"":1,""U969"":1,""U462"":1,""U183"":1,""U287"":1,""U602"":1,""U204"":1,""U904"":1,""U807"":1,""U382"":1,""U791"":1,""U714"":1,""U154"":1,""U844"":1,""U630"":2,""U641"":1,""U781"":1,""U127"":1,""U182"":1,""U564"":1,""U207"":1,""U268"":1,""U61"":1,""U656"":1,""U141"":1,""U464"":1,""U433"":1,""U857"":1,""U158"":1,""U948"":1,""U157"":1,""U17"":1,""U686"":1,""U902"":1,""U740"":1,""U752"":1,""U40"":1,""U164"":1,""U474"":1,""U545"":1,""U133"":1,""U596"":1,""U745"":1,""U425"":1,""U175"":1,""U978"":1,""U504"":1,""U1000"":1,""U995"":1,""U739"":1,""U837"":1,""U511"":1,""U577"":1,""U717"":1,""U786"":1,""U968"":1,""U101"":1,""U768"":1,""U122"":1,""U936"":1,""U458"":1,""U483"":1,""U546"":1,""U841"":1,""U719"":1,""U337"":1,""U190"":1,""U80"":1,""U793"":1,""U447"":1,""U470"":1,""U401"":1,""U925"":1,""U695"":1,""U392"":1,""U833"":1,""U742"":1,""U832"":1,""U457"":1,""U468"":1,""U672"":1,""U750"":2,""U956"":1,""U482"":1,""U303"":1,""U59"":1,""U831"":1,""U914"":1,""U809"":1,""U822"":1,""U208"":1,""U681"":1,""U944"":1,""U55"":1,""U185"":1,""U610"":1,""U214"":1,""U665"":1,""U988"":1,""U4"":1,""U389"":1,""U746"":1,""U765"":1,""U959"":1,""U544"":1,""U599"":1,""U325"":1,""U522"":1,""U890"":1,""U402"":1,""U297"":1,""U25"":1,""U228"":1,""U587"":1,""U174"":1,""U778"":1,""U705"":1,""U792"":1,""U796"":1,""U215"":1,""U798"":1,""U42"":1,""U463"":1,""U113"":1,""U675"":1,""U440"":1,""U104"":2,""U998"":1,""U771"":1,""U808"":1,""U938"":1,""U246"":1,""U536"":1,""U384"":1,""U955"":1,""U294"":2,""U873"":1,""U967"":1,""U701"":1,""U249"":1,""U233"":1,""U863"":1,""U888"":1,""U422"":1,""U362"":1,""U550"":1,""U160"":1,""U513"":1,""U407"":2,""U11"":1,""U180"":1,""U265"":1,""U554"":1,""U336"":1,""U197"":1,""U927"":1,""U487"":1,""U829"":1,""U18"":1,""U520"":1,""U555"":1,""U211"":1,""U898"":1,""U429"":1}",588.4359998703003,,,,,true,1000,,,Gurobi,gurobi_10min,true,600.0,20260829,16,16,50,,false,ok,0.03299999237060547,network_balanced,network_balanced_hardness_sweep,16,,588.4359998703003,11.717000007629395
1,,,,,-1917.0,Optimal,,MIPSolver,,0.5,karlsruhe_network_balanced_n50_b50_u1000_path_no_dominance,karlsruhe,,false,0.0,50,837,50,50,0.5,100,25,aachen_osm_gtfs_bike_agg50_p50_b50_u1000,4270,200,1000,,,4.683999300003052,600.0,labeling,,,path,path_no_dominance,false,"{""U828"":1,""U396"":1,""U448"":1,""U893"":1,""U19"":1,""U166"":1,""U91"":1,""U155"":1,""U415"":1,""U385"":1,""U980"":3,""U184"":1,""U909"":1,""U716"":1,""U238"":1,""U326"":1,""U851"":1,""U993"":1,""U917"":1,""U930"":1,""U142"":1,""U619"":1,""U24"":1,""U109"":1,""U229"":1,""U569"":1,""U179"":1,""U397"":1,""U491"":1,""U892"":1,""U243"":1,""U485"":1,""U961"":1,""U186"":1,""U359"":2,""U874"":1,""U876"":1,""U691"":1,""U285"":1,""U981"":1,""U492"":1,""U867"":1,""U614"":1,""U444"":1,""U583"":1,""U728"":1,""U735"":1,""U886"":2,""U616"":1,""U341"":1,""U816"":1,""U118"":1,""U533"":1,""U35"":1,""U49"":1,""U321"":1,""U685"":1,""U62"":1,""U5"":1,""U74"":1,""U203"":1,""U729"":1,""U81"":1,""U571"":1,""U776"":1,""U820"":1,""U979"":1,""U984"":1,""U213"":1,""U8"":1,""U455"":3,""U177"":1,""U318"":1,""U31"":1,""U611"":1,""U83"":1,""U50"":1,""U139"":1,""U634"":1,""U751"":1,""U370"":1,""U864"":1,""U508"":1,""U869"":1,""U269"":1,""U46"":1,""U147"":1,""U322"":1,""U666"":1,""U839"":2,""U71"":1,""U335"":1,""U419"":1,""U578"":1,""U579"":1,""U156"":1,""U953"":1,""U592"":1,""U584"":1,""U534"":1,""U441"":1,""U966"":1,""U757"":1,""U761"":1,""U783"":1,""U273"":1,""U340"":1,""U919"":1,""U223"":2,""U378"":2,""U64"":1,""U495"":1,""U344"":1,""U594"":1,""U700"":1,""U842"":2,""U130"":1,""U922"":2,""U987"":1,""U454"":1,""U477"":1,""U239"":2,""U51"":1,""U731"":1,""U868"":1,""U989"":1,""U819"":1,""U946"":1,""U607"":1,""U617"":1,""U320"":1,""U411"":1,""U810"":1,""U34"":1,""U760"":1,""U934"":1,""U199"":1,""U405"":1,""U787"":1,""U304"":1,""U338"":1,""U518"":1,""U772"":1,""U37"":1,""U590"":1,""U706"":2,""U881"":1,""U296"":1,""U221"":1,""U954"":2,""U376"":1,""U328"":1,""U743"":1,""U669"":1,""U108"":1,""U134"":1,""U484"":1,""U486"":1,""U693"":1,""U627"":1,""U63"":1,""U718"":1,""U20"":1,""U847"":1,""U885"":1,""U171"":1,""U279"":1,""U501"":1,""U660"":2,""U794"":1,""U206"":1,""U202"":3,""U921"":1,""U339"":1,""U633"":1,""U818"":1,""U284"":1,""U882"":1,""U976"":1,""U247"":1,""U653"":1,""U879"":1,""U680"":1,""U232"":1,""U105"":1,""U723"":2,""U352"":1,""U114"":1,""U227"":1,""U56"":1,""U574"":2,""U613"":1,""U70"":1,""U414"":1,""U877"":2,""U442"":1,""U490"":1,""U838"":1,""U848"":1,""U931"":1,""U120"":1,""U146"":2,""U173"":1,""U412"":1,""U965"":2,""U821"":1,""U85"":1,""U418"":1,""U721"":1,""U549"":1,""U467"":1,""U400"":1,""U380"":1,""U194"":1,""U200"":1,""U843"":1,""U558"":1,""U453"":1,""U258"":1,""U360"":1,""U670"":1,""U662"":1,""U106"":1,""U694"":1,""U598"":1,""U567"":2,""U36"":1,""U242"":1,""U894"":1,""U375"":1,""U521"":1,""U586"":1,""U66"":1,""U79"":2,""U387"":1,""U99"":1,""U317"":1,""U313"":1,""U541"":1,""U840"":1,""U562"":1,""U824"":1,""U871"":1,""U509"":2,""U911"":1,""U278"":1,""U410"":1,""U22"":1,""U804"":1,""U603"":1,""U310"":1,""U395"":1,""U367"":1,""U939"":1,""U181"":1,""U929"":1,""U96"":1,""U10"":1,""U785"":1,""U924"":1,""U789"":1,""U381"":1,""U189"":1,""U107"":1,""U974"":1,""U784"":1,""U697"":1,""U372"":1,""U293"":1,""U836"":1,""U991"":1,""U264"":1,""U7"":2,""U551"":1,""U636"":1,""U647"":1,""U782"":1,""U856"":1,""U563"":2,""U374"":1,""U345"":1,""U502"":1,""U678"":1,""U481"":1,""U855"":1,""U404"":1,""U138"":1,""U324"":1,""U920"":1,""U119"":1,""U347"":1,""U764"":1,""U316"":1,""U900"":1,""U730"":1,""U377"":1,""U386"":1,""U437"":1,""U529"":1,""U595"":1,""U48"":1,""U943"":1,""U859"":1,""U9"":1,""U559"":1,""U652"":1,""U862"":1,""U512"":1,""U625"":1,""U152"":1,""U945"":1,""U289"":1,""U896"":1,""U188"":1,""U639"":1,""U646"":1,""U769"":1,""U399"":2,""U274"":1,""U446"":1,""U631"":1,""U438"":1,""U90"":1,""U54"":1,""U996"":1,""U866"":1,""U435"":1,""U307"":1,""U923"":1,""U732"":1,""U713"":1,""U445"":1,""U393"":1,""U403"":1,""U937"":1,""U450"":1,""U737"":1,""U356"":1,""U93"":1,""U430"":2,""U84"":1,""U291"":1,""U687"":2,""U548"":2,""U192"":1,""U259"":1,""U102"":1,""U476"":1,""U364"":1,""U556"":1,""U887"":1,""U958"":1,""U355"":1,""U373"":1,""U891"":1,""U128"":1,""U459"":1,""U657"":1,""U198"":1,""U494"":1,""U27"":1,""U191"":1,""U124"":1,""U985"":1,""U664"":1,""U623"":2,""U635"":1,""U733"":1,""U637"":1,""U28"":1,""U52"":1,""U251"":1,""U314"":1,""U952"":1,""U254"":1,""U950"":2,""U69"":1,""U507"":1,""U112"":1,""U849"":2,""U329"":1,""U201"":1,""U281"":1,""U774"":1,""U2"":1,""U333"":1,""U704"":1,""U92"":1,""U766"":1,""U449"":1,""U308"":1,""U286"":1,""U32"":1,""U298"":1,""U283"":2,""U707"":1,""U123"":1,""U668"":1,""U58"":1,""U205"":1,""U172"":1,""U12"":1,""U654"":1,""U626"":1,""U224"":1,""U609"":1,""U277"":1,""U30"":1,""U409"":1,""U517"":1,""U593"":2,""U803"":1,""U330"":1,""U220"":1,""U388"":1,""U736"":1,""U309"":2,""U724"":2,""U271"":1,""U643"":1,""U620"":1,""U674"":1,""U379"":1,""U683"":1,""U834"":1,""U86"":1,""U26"":1,""U236"":1,""U825"":1,""U951"":2,""U163"":1,""U110"":1,""U949"":1,""U655"":1,""U629"":1,""U358"":1,""U514"":1,""U608"":1,""U618"":1,""U770"":1,""U159"":1,""U947"":1,""U98"":1,""U744"":1,""U245"":1,""U44"":1,""U649"":1,""U712"":1,""U137"":1,""U168"":1,""U53"":1,""U975"":1,""U673"":1,""U95"":1,""U424"":1,""U539"":1,""U301"":1,""U165"":1,""U460"":1,""U500"":1,""U942"":1,""U288"":1,""U570"":1,""U928"":1,""U962"":1,""U547"":1,""U638"":1,""U532"":1,""U426"":1,""U21"":1,""U306"":1,""U963"":1,""U342"":1,""U33"":1,""U272"":1,""U253"":1,""U777"":1,""U992"":1,""U170"":1,""U15"":1,""U601"":1,""U575"":1,""U977"":1,""U100"":1,""U799"":1,""U621"":1,""U65"":1,""U747"":1,""U427"":1,""U365"":1,""U295"":1,""U970"":1,""U526"":1,""U835"":1,""U801"":1,""U600"":1,""U38"":1,""U366"":1,""U499"":1,""U478"":1,""U23"":1,""U982"":1,""U845"":1,""U126"":1,""U111"":1,""U432"":1,""U519"":1,""U802"":1,""U606"":1,""U212"":1,""U612"":1,""U16"":2,""U875"":1,""U663"":1,""U561"":1,""U557"":1,""U538"":1,""U431"":1,""U553"":1,""U257"":1,""U758"":1,""U420"":1,""U906"":1,""U762"":1,""U129"":1,""U651"":1,""U941"":1,""U523"":1,""U275"":1,""U439"":2,""U800"":1,""U263"":1,""U935"":2,""U87"":1,""U708"":1,""U282"":1,""U741"":1,""U748"":1,""U357"":1,""U815"":1,""U475"":1,""U323"":1,""U645"":2,""U667"":1,""U580"":1,""U525"":1,""U57"":1,""U473"":1,""U589"":1,""U826"":1,""U331"":1,""U413"":1,""U6"":1,""U560"":1,""U632"":1,""U682"":1,""U576"":1,""U846"":1,""U926"":1,""U456"":1,""U148"":1,""U671"":1,""U505"":1,""U753"":1,""U217"":1,""U428"":2,""U933"":1,""U187"":1,""U332"":1,""U823"":2,""U209"":1,""U262"":1,""U305"":1,""U452"":1,""U45"":1,""U889"":1,""U443"":1,""U417"":1,""U319"":1,""U853"":1,""U469"":1,""U255"":1,""U73"":1,""U734"":1,""U715"":1,""U983"":1,""U910"":1,""U41"":1,""U75"":1,""U248"":1,""U103"":1,""U222"":1,""U795"":1,""U479"":1,""U659"":1,""U369"":1,""U897"":1,""U811"":1,""U398"":1,""U537"":1,""U406"":1,""U806"":1,""U661"":1,""U354"":1,""U235"":1,""U648"":1,""U226"":1,""U178"":1,""U727"":1,""U267"":1,""U688"":1,""U161"":1,""U394"":1,""U497"":1,""U830"":1,""U498"":1,""U749"":2,""U999"":1,""U195"":1,""U349"":1,""U767"":1,""U391"":1,""U542"":1,""U878"":1,""U699"":1,""U572"":1,""U679"":1,""U722"":1,""U72"":1,""U698"":1,""U677"":1,""U361"":1,""U60"":1,""U153"":1,""U913"":1,""U773"":1,""U451"":1,""U196"":1,""U231"":1,""U493"":1,""U908"":1,""U151"":1,""U47"":2,""U218"":2,""U530"":1,""U986"":1,""U535"":1,""U94"":1,""U788"":2,""U644"":1,""U368"":1,""U759"":1,""U290"":1,""U169"":1,""U3"":1,""U266"":1,""U240"":1,""U136"":1,""U343"":1,""U585"":2,""U315"":1,""U676"":1,""U628"":1,""U383"":1,""U990"":1,""U97"":1,""U865"":1,""U408"":1,""U755"":1,""U615"":1,""U77"":1,""U884"":1,""U350"":1,""U940"":1,""U353"":1,""U960"":1,""U516"":1,""U703"":1,""U604"":1,""U684"":1,""U140"":1,""U125"":1,""U912"":1,""U89"":1,""U780"":1,""U506"":1,""U972"":1,""U312"":1,""U276"":1,""U689"":1,""U193"":1,""U234"":1,""U145"":1,""U817"":1,""U237"":1,""U465"":1,""U591"":2,""U150"":1,""U348"":1,""U527"":1,""U581"":1,""U461"":1,""U813"":1,""U244"":1,""U88"":1,""U903"":2,""U131"":1,""U870"":1,""U973"":1,""U480"":1,""U997"":1,""U812"":1,""U261"":1,""U711"":1,""U230"":1,""U423"":2,""U901"":1,""U573"":1,""U280"":1,""U14"":1,""U692"":1,""U726"":2,""U252"":1,""U256"":1,""U916"":1,""U915"":1,""U907"":1,""U524"":1,""U918"":1,""U932"":1,""U710"":1,""U162"":1,""U899"":1,""U540"":1,""U854"":1,""U858"":1,""U756"":1,""U143"":1,""U210"":1,""U814"":2,""U805"":2,""U299"":1,""U883"":1,""U696"":1,""U640"":1,""U311"":1,""U852"":1,""U327"":1,""U827"":1,""U605"":1,""U176"":1,""U466"":1,""U566"":1,""U121"":1,""U292"":1,""U971"":2,""U363"":1,""U390"":1,""U905"":1,""U132"":1,""U219"":1,""U515"":1,""U790"":1,""U346"":2,""U334"":1,""U850"":1,""U779"":2,""U1"":1,""U43"":1,""U597"":1,""U302"":1,""U260"":1,""U860"":1,""U702"":1,""U543"":1,""U957"":1,""U725"":1,""U371"":1,""U658"":1,""U528"":1,""U552"":1,""U503"":1,""U642"":1,""U76"":2,""U488"":1,""U29"":2,""U471"":1,""U117"":1,""U709"":1,""U67"":1,""U510"":1,""U13"":1,""U351"":1,""U149"":2,""U895"":1,""U489"":1,""U472"":1,""U872"":1,""U135"":1,""U144"":1,""U116"":1,""U624"":1,""U565"":1,""U167"":1,""U421"":1,""U225"":1,""U115"":1,""U250"":1,""U650"":1,""U241"":1,""U568"":1,""U720"":1,""U775"":1,""U416"":1,""U763"":1,""U434"":1,""U531"":1,""U797"":1,""U754"":1,""U994"":1,""U82"":1,""U496"":1,""U690"":1,""U880"":1,""U582"":1,""U300"":1,""U622"":1,""U964"":1,""U216"":1,""U861"":1,""U588"":1,""U270"":1,""U738"":1,""U78"":2,""U436"":1,""U39"":1,""U68"":1,""U969"":1,""U462"":1,""U183"":1,""U287"":1,""U602"":1,""U204"":1,""U904"":1,""U807"":1,""U382"":1,""U791"":1,""U714"":2,""U154"":1,""U844"":1,""U630"":2,""U641"":1,""U781"":1,""U127"":1,""U182"":1,""U564"":1,""U207"":1,""U268"":1,""U61"":1,""U656"":1,""U141"":1,""U464"":1,""U433"":1,""U857"":1,""U158"":1,""U948"":1,""U157"":1,""U17"":1,""U686"":1,""U902"":1,""U740"":1,""U752"":1,""U40"":1,""U164"":1,""U474"":1,""U545"":1,""U133"":1,""U596"":1,""U745"":1,""U425"":1,""U175"":1,""U978"":1,""U504"":1,""U1000"":1,""U995"":1,""U739"":1,""U837"":1,""U511"":1,""U577"":1,""U717"":1,""U786"":1,""U968"":1,""U101"":1,""U768"":1,""U122"":1,""U936"":2,""U458"":1,""U483"":1,""U546"":1,""U841"":1,""U719"":1,""U337"":1,""U190"":1,""U80"":1,""U793"":1,""U447"":1,""U470"":1,""U401"":1,""U925"":1,""U695"":1,""U392"":1,""U833"":1,""U742"":1,""U832"":1,""U457"":1,""U468"":1,""U672"":1,""U750"":2,""U956"":1,""U482"":1,""U303"":1,""U59"":1,""U831"":1,""U914"":1,""U809"":1,""U822"":1,""U208"":1,""U681"":1,""U944"":1,""U55"":2,""U185"":1,""U610"":1,""U214"":1,""U665"":1,""U988"":1,""U4"":1,""U389"":1,""U746"":1,""U765"":1,""U959"":1,""U544"":1,""U599"":1,""U325"":1,""U522"":1,""U890"":1,""U402"":1,""U297"":1,""U25"":1,""U228"":1,""U587"":1,""U174"":1,""U778"":1,""U705"":1,""U792"":1,""U796"":1,""U215"":1,""U798"":1,""U42"":1,""U463"":1,""U113"":1,""U675"":1,""U440"":1,""U104"":2,""U998"":1,""U771"":1,""U808"":1,""U938"":1,""U246"":1,""U536"":1,""U384"":1,""U955"":1,""U294"":2,""U873"":1,""U967"":1,""U701"":1,""U249"":1,""U233"":1,""U863"":1,""U888"":1,""U422"":1,""U362"":1,""U550"":1,""U160"":1,""U513"":1,""U407"":2,""U11"":1,""U180"":1,""U265"":1,""U554"":1,""U336"":1,""U197"":1,""U927"":1,""U487"":1,""U829"":1,""U18"":1,""U520"":1,""U555"":1,""U211"":1,""U898"":1,""U429"":1}",595.316000699997,,,,,false,1000,,,Gurobi,gurobi_10min,true,600.0,20260829,16,16,50,,false,ok,0.03900003433227539,network_balanced,network_balanced_hardness_sweep,16,,595.316000699997,4.79200005531311
1,,,,,-526.0,Optimal,,MIPSolver,,0.5,karlsruhe_network_balanced_n100_b50_u300_sd_fixed_network_path,karlsruhe,,false,5.596456382323844e-5,100,1542,100,100,0.5,200,50,aachen_osm_gtfs_bike_agg100_p100_b50_u300,8756,400,300,fixed_network_path,true,,,,false,,sd,sd_fixed_network_path,,,,,,,,,300,,,Gurobi,gurobi_10min,true,600.0,20260829,16,16,100,,false,ok,198.18299984931946,network_balanced,network_balanced_hardness_sweep,16,,600.0,311.268000125885
1,,,,,-104.0,Timelimit,,MIPSolver,,0.5,karlsruhe_network_balanced_n100_b50_u300_sd_n_minus_1,karlsruhe,,false,4.947009957972219,100,1542,100,100,0.5,200,50,aachen_osm_gtfs_bike_agg100_p100_b50_u300,8756,400,300,n_minus_one_most_expensive,true,,,,false,,sd,sd_n_minus_1,,,,,,,,,300,,,Gurobi,gurobi_10min,true,600.0,20260829,16,16,100,,false,timeout,600.960000038147,network_balanced,network_balanced_hardness_sweep,16,,600.0,683.4830000400543
1,,600,,300,-526.0,Optimal,1.0857710999999999,BlCSolver,,0.5,karlsruhe_network_balanced_n100_b50_u300_blc_astar_fixed_network_path,karlsruhe,,false,0.0,100,1542,100,100,0.5,200,50,aachen_osm_gtfs_bike_agg100_p100_b50_u300,8756,400,300,fixed_network_path,,,,,,2636157,blc,blc_astar_fixed_network_path,,,,0,0,astar,null,,300,true,16,Gurobi,gurobi_10min,true,600.0,20260829,16,16,100,,false,ok,59.230000019073486,network_balanced,network_balanced_hardness_sweep,16,16,600.0,136.65000009536743
1,,600,,300,-526.0,Optimal,1.4320822,BlCSolver,,0.5,karlsruhe_network_balanced_n100_b50_u300_blc_astar_n_minus_1,karlsruhe,,false,0.0,100,1542,100,100,0.5,200,50,aachen_osm_gtfs_bike_agg100_p100_b50_u300,8756,400,300,n_minus_one_most_expensive,,,,,,2636157,blc,blc_astar_n_minus_1,,,,0,0,astar,null,,300,true,16,Gurobi,gurobi_10min,true,600.0,20260829,16,16,100,,false,ok,60.03600001335144,network_balanced,network_balanced_hardness_sweep,16,16,600.0,117.46599984169006
0,,,,,-526.0,Optimal,,MIPSolver,,0.5,karlsruhe_network_balanced_n100_b50_u300_path_dominance,karlsruhe,,false,0.0,100,1542,100,100,0.5,200,50,aachen_osm_gtfs_bike_agg100_p100_b50_u300,8756,400,300,,,3.2109997272491455,600.0,labeling,,,path,path_dominance,false,"{""U23"":1,""U96"":1,""U10"":1,""U126"":1,""U176"":1,""U111"":1,""U19"":1,""U166"":1,""U91"":1,""U189"":1,""U107"":1,""U212"":1,""U121"":1,""U292"":1,""U16"":1,""U155"":1,""U293"":1,""U264"":1,""U7"":1,""U132"":1,""U219"":1,""U257"":2,""U184"":1,""U129"":1,""U275"":1,""U238"":1,""U142"":2,""U1"":1,""U24"":1,""U263"":1,""U43"":1,""U260"":1,""U87"":1,""U109"":1,""U138"":1,""U229"":1,""U119"":1,""U179"":2,""U282"":1,""U243"":1,""U186"":1,""U48"":1,""U57"":1,""U76"":1,""U9"":1,""U29"":1,""U117"":1,""U285"":1,""U67"":1,""U6"":1,""U13"":1,""U149"":1,""U152"":1,""U289"":1,""U188"":1,""U135"":1,""U144"":1,""U148"":1,""U116"":1,""U274"":1,""U167"":1,""U217"":1,""U118"":1,""U187"":1,""U225"":1,""U115"":1,""U250"":1,""U209"":1,""U241"":1,""U262"":1,""U35"":1,""U90"":1,""U54"":1,""U45"":1,""U49"":1,""U62"":1,""U5"":1,""U74"":1,""U203"":1,""U255"":1,""U82"":1,""U73"":1,""U81"":1,""U213"":1,""U8"":1,""U41"":1,""U300"":1,""U177"":1,""U31"":1,""U75"":1,""U83"":1,""U50"":1,""U93"":1,""U216"":1,""U139"":1,""U270"":1,""U78"":1,""U84"":1,""U269"":1,""U46"":1,""U147"":1,""U39"":1,""U68"":1,""U248"":1,""U71"":1,""U291"":1,""U192"":1,""U259"":1,""U103"":1,""U102"":1,""U222"":1,""U183"":1,""U156"":1,""U287"":1,""U204"":1,""U128"":1,""U235"":1,""U154"":1,""U273"":1,""U198"":1,""U226"":1,""U178"":1,""U27"":1,""U191"":1,""U223"":1,""U124"":1,""U267"":1,""U64"":1,""U127"":1,""U182"":1,""U207"":1,""U161"":1,""U130"":1,""U268"":1,""U61"":1,""U141"":1,""U239"":1,""U51"":1,""U158"":1,""U28"":1,""U52"":1,""U157"":1,""U251"":1,""U17"":1,""U195"":1,""U254"":1,""U69"":1,""U112"":1,""U40"":1,""U164"":1,""U72"":1,""U34"":1,""U133"":1,""U199"":1,""U175"":1,""U201"":1,""U281"":1,""U60"":1,""U2"":1,""U153"":1,""U37"":1,""U92"":1,""U196"":1,""U231"":1,""U296"":1,""U286"":1,""U221"":1,""U32"":1,""U151"":2,""U47"":1,""U218"":1,""U298"":1,""U94"":1,""U101"":2,""U283"":1,""U108"":1,""U122"":1,""U123"":1,""U134"":1,""U58"":1,""U205"":1,""U172"":1,""U290"":1,""U12"":1,""U169"":1,""U224"":1,""U3"":1,""U266"":1,""U63"":1,""U240"":1,""U136"":1,""U20"":1,""U190"":1,""U277"":1,""U30"":1,""U80"":1,""U171"":1,""U220"":1,""U279"":1,""U206"":1,""U202"":1,""U271"":1,""U97"":1,""U284"":1,""U77"":1,""U247"":1,""U232"":1,""U105"":1,""U114"":1,""U227"":1,""U59"":1,""U56"":1,""U86"":1,""U26"":1,""U236"":1,""U70"":1,""U208"":1,""U140"":1,""U125"":1,""U163"":1,""U89"":3,""U55"":1,""U110"":1,""U159"":1,""U185"":1,""U214"":1,""U120"":1,""U4"":1,""U98"":1,""U146"":1,""U276"":1,""U173"":1,""U245"":1,""U44"":1,""U193"":1,""U137"":1,""U168"":1,""U85"":1,""U53"":1,""U95"":1,""U297"":1,""U234"":1,""U194"":1,""U200"":1,""U25"":1,""U145"":1,""U228"":1,""U174"":1,""U165"":1,""U258"":1,""U288"":1,""U215"":1,""U237"":1,""U42"":1,""U113"":1,""U106"":1,""U150"":1,""U104"":2,""U244"":1,""U36"":1,""U21"":3,""U242"":1,""U88"":1,""U131"":1,""U33"":1,""U66"":1,""U246"":1,""U272"":1,""U79"":1,""U253"":1,""U261"":1,""U99"":1,""U230"":2,""U170"":1,""U15"":1,""U294"":1,""U280"":1,""U14"":1,""U249"":1,""U252"":1,""U256"":1,""U233"":1,""U100"":1,""U278"":1,""U160"":1,""U22"":1,""U65"":1,""U11"":1,""U180"":1,""U162"":1,""U265"":1,""U295"":1,""U197"":1,""U143"":1,""U210"":1,""U38"":2,""U18"":1,""U299"":1,""U211"":1,""U181"":1}",596.7890002727509,,,,,true,300,,,Gurobi,gurobi_10min,true,600.0,20260829,16,16,100,,false,ok,0.019999980926513672,network_balanced,network_balanced_hardness_sweep,16,,596.7890002727509,3.2980000972747803
0,,,,,-526.0,Optimal,,MIPSolver,,0.5,karlsruhe_network_balanced_n100_b50_u300_path_no_dominance,karlsruhe,,false,0.0,100,1542,100,100,0.5,200,50,aachen_osm_gtfs_bike_agg100_p100_b50_u300,8756,400,300,,,3.2320001125335693,600.0,labeling,,,path,path_no_dominance,false,"{""U23"":1,""U96"":1,""U10"":1,""U126"":1,""U176"":1,""U111"":1,""U19"":1,""U166"":1,""U91"":1,""U189"":1,""U107"":1,""U212"":1,""U121"":1,""U292"":1,""U16"":1,""U155"":1,""U293"":1,""U264"":1,""U7"":1,""U132"":1,""U219"":1,""U257"":2,""U184"":1,""U129"":1,""U275"":1,""U238"":1,""U142"":2,""U1"":1,""U24"":1,""U263"":1,""U43"":1,""U260"":1,""U87"":1,""U109"":1,""U138"":1,""U229"":1,""U119"":1,""U179"":3,""U282"":1,""U243"":1,""U186"":1,""U48"":1,""U57"":2,""U76"":1,""U9"":1,""U29"":1,""U117"":1,""U285"":1,""U67"":1,""U6"":1,""U13"":1,""U149"":1,""U152"":1,""U289"":1,""U188"":1,""U135"":1,""U144"":1,""U148"":1,""U116"":1,""U274"":1,""U167"":1,""U217"":1,""U118"":1,""U187"":1,""U225"":1,""U115"":1,""U250"":1,""U209"":1,""U241"":1,""U262"":1,""U35"":1,""U90"":1,""U54"":1,""U45"":1,""U49"":1,""U62"":1,""U5"":1,""U74"":1,""U203"":2,""U255"":1,""U82"":1,""U73"":1,""U81"":1,""U213"":1,""U8"":1,""U41"":1,""U300"":1,""U177"":1,""U31"":1,""U75"":1,""U83"":1,""U50"":1,""U93"":1,""U216"":1,""U139"":1,""U270"":1,""U78"":1,""U84"":1,""U269"":1,""U46"":1,""U147"":1,""U39"":1,""U68"":1,""U248"":1,""U71"":1,""U291"":1,""U192"":1,""U259"":1,""U103"":1,""U102"":1,""U222"":1,""U183"":1,""U156"":1,""U287"":1,""U204"":1,""U128"":1,""U235"":1,""U154"":1,""U273"":1,""U198"":1,""U226"":1,""U178"":1,""U27"":1,""U191"":1,""U223"":1,""U124"":1,""U267"":1,""U64"":1,""U127"":1,""U182"":1,""U207"":1,""U161"":1,""U130"":1,""U268"":1,""U61"":1,""U141"":1,""U239"":1,""U51"":1,""U158"":1,""U28"":1,""U52"":1,""U157"":1,""U251"":1,""U17"":1,""U195"":1,""U254"":1,""U69"":1,""U112"":1,""U40"":1,""U164"":1,""U72"":1,""U34"":1,""U133"":1,""U199"":1,""U175"":1,""U201"":1,""U281"":1,""U60"":1,""U2"":1,""U153"":1,""U37"":1,""U92"":1,""U196"":1,""U231"":1,""U296"":1,""U286"":1,""U221"":1,""U32"":1,""U151"":2,""U47"":1,""U218"":1,""U298"":1,""U94"":1,""U101"":2,""U283"":1,""U108"":1,""U122"":1,""U123"":1,""U134"":1,""U58"":1,""U205"":1,""U172"":1,""U290"":1,""U12"":1,""U169"":1,""U224"":1,""U3"":1,""U266"":1,""U63"":1,""U240"":1,""U136"":1,""U20"":1,""U190"":1,""U277"":1,""U30"":1,""U80"":2,""U171"":1,""U220"":1,""U279"":1,""U206"":1,""U202"":1,""U271"":1,""U97"":1,""U284"":1,""U77"":1,""U247"":1,""U232"":1,""U105"":1,""U114"":1,""U227"":1,""U59"":1,""U56"":1,""U86"":1,""U26"":1,""U236"":1,""U70"":1,""U208"":1,""U140"":1,""U125"":1,""U163"":1,""U89"":3,""U55"":1,""U110"":1,""U159"":1,""U185"":1,""U214"":1,""U120"":1,""U4"":1,""U98"":1,""U146"":1,""U276"":1,""U173"":1,""U245"":1,""U44"":1,""U193"":1,""U137"":1,""U168"":1,""U85"":1,""U53"":1,""U95"":1,""U297"":1,""U234"":1,""U194"":1,""U200"":1,""U25"":1,""U145"":1,""U228"":1,""U174"":1,""U165"":1,""U258"":1,""U288"":1,""U215"":1,""U237"":1,""U42"":1,""U113"":1,""U106"":1,""U150"":1,""U104"":2,""U244"":1,""U36"":1,""U21"":3,""U242"":1,""U88"":1,""U131"":1,""U33"":1,""U66"":1,""U246"":1,""U272"":1,""U79"":1,""U253"":1,""U261"":1,""U99"":1,""U230"":2,""U170"":1,""U15"":1,""U294"":1,""U280"":1,""U14"":1,""U249"":1,""U252"":1,""U256"":1,""U233"":1,""U100"":1,""U278"":1,""U160"":1,""U22"":1,""U65"":1,""U11"":1,""U180"":1,""U162"":1,""U265"":1,""U295"":1,""U197"":1,""U143"":1,""U210"":1,""U38"":3,""U18"":1,""U299"":1,""U211"":1,""U181"":1}",596.7679998874664,,,,,false,300,,,Gurobi,gurobi_10min,true,600.0,20260829,16,16,100,,false,ok,0.01900005340576172,network_balanced,network_balanced_hardness_sweep,16,,596.7679998874664,3.316999912261963
1,,,,,-995.0,Optimal,,MIPSolver,,0.5,karlsruhe_network_balanced_n100_b50_u500_sd_fixed_network_path,karlsruhe,,false,0.0,100,1542,100,100,0.5,200,50,aachen_osm_gtfs_bike_agg100_p100_b50_u500,8756,400,500,fixed_network_path,true,,,,false,,sd,sd_fixed_network_path,,,,,,,,,500,,,Gurobi,gurobi_10min,true,600.0,20260829,16,16,100,,false,ok,435.50099992752075,network_balanced,network_balanced_hardness_sweep,16,,600.0,624.4649999141693
0,,,,,,Memory_Limit,,MIPSolver,,0.5,karlsruhe_network_balanced_n100_b50_u500_sd_n_minus_1,karlsruhe,,false,1.0e100,100,1542,100,100,0.5,200,50,aachen_osm_gtfs_bike_agg100_p100_b50_u500,8756,400,500,n_minus_one_most_expensive,true,,,,false,,sd,sd_n_minus_1,,,,,,,,,500,,,Gurobi,gurobi_10min,true,600.0,20260829,16,16,100,,false,memory_limit,213.8019998073578,network_balanced,network_balanced_hardness_sweep,16,,600.0,372.18499994277954
1,,1000,,500,-995.0,Optimal,1.8938936000000002,BlCSolver,,0.5,karlsruhe_network_balanced_n100_b50_u500_blc_astar_fixed_network_path,karlsruhe,,false,0.0,100,1542,100,100,0.5,200,50,aachen_osm_gtfs_bike_agg100_p100_b50_u500,8756,400,500,fixed_network_path,,,,,,4387757,blc,blc_astar_fixed_network_path,,,,0,0,astar,null,,500,true,16,Gurobi,gurobi_10min,true,600.0,20260829,16,16,100,,false,ok,112.38900017738342,network_balanced,network_balanced_hardness_sweep,16,16,600.0,258.6890001296997
1,,1000,,500,-995.0,Optimal,1.4207367999999998,BlCSolver,,0.5,karlsruhe_network_balanced_n100_b50_u500_blc_astar_n_minus_1,karlsruhe,,false,0.0,100,1542,100,100,0.5,200,50,aachen_osm_gtfs_bike_agg100_p100_b50_u500,8756,400,500,n_minus_one_most_expensive,,,,,,4387757,blc,blc_astar_n_minus_1,,,,0,0,astar,null,,500,true,16,Gurobi,gurobi_10min,true,600.0,20260829,16,16,100,,false,ok,112.76600003242493,network_balanced,network_balanced_hardness_sweep,16,16,600.0,211.5809998512268
0,,,,,-995.0,Optimal,,MIPSolver,,0.5,karlsruhe_network_balanced_n100_b50_u500_path_dominance,karlsruhe,,false,0.0,100,1542,100,100,0.5,200,50,aachen_osm_gtfs_bike_agg100_p100_b50_u500,8756,400,500,,,6.004000186920166,600.0,labeling,,,path,path_dominance,false,"{""U23"":1,""U96"":1,""U327"":1,""U10"":1,""U396"":1,""U126"":1,""U176"":1,""U448"":1,""U111"":1,""U432"":1,""U381"":1,""U19"":1,""U166"":1,""U91"":1,""U189"":1,""U466"":1,""U107"":1,""U212"":1,""U121"":1,""U292"":1,""U16"":1,""U155"":1,""U363"":1,""U390"":1,""U372"":1,""U293"":1,""U415"":1,""U385"":1,""U431"":1,""U264"":1,""U7"":1,""U132"":1,""U219"":1,""U257"":1,""U184"":1,""U420"":1,""U346"":1,""U129"":1,""U334"":1,""U275"":1,""U238"":1,""U326"":1,""U439"":1,""U142"":1,""U1"":1,""U24"":1,""U263"":1,""U374"":1,""U43"":1,""U345"":1,""U481"":1,""U302"":1,""U260"":1,""U404"":1,""U87"":1,""U109"":1,""U138"":1,""U324"":1,""U229"":1,""U119"":1,""U347"":1,""U179"":1,""U282"":1,""U397"":1,""U357"":1,""U316"":1,""U475"":1,""U491"":1,""U243"":1,""U323"":1,""U485"":1,""U377"":1,""U186"":1,""U371"":1,""U386"":1,""U437"":1,""U359"":1,""U48"":1,""U57"":1,""U76"":1,""U9"":3,""U488"":1,""U29"":1,""U473"":1,""U471"":1,""U117"":1,""U285"":1,""U331"":1,""U413"":1,""U67"":1,""U6"":1,""U13"":1,""U351"":1,""U492"":1,""U149"":1,""U152"":1,""U489"":1,""U289"":1,""U188"":1,""U444"":1,""U456"":1,""U472"":1,""U135"":1,""U144"":1,""U148"":1,""U116"":1,""U399"":1,""U274"":1,""U167"":1,""U341"":1,""U217"":1,""U421"":1,""U428"":1,""U446"":1,""U118"":1,""U187"":1,""U225"":1,""U115"":1,""U250"":1,""U332"":1,""U438"":1,""U209"":2,""U241"":1,""U262"":1,""U35"":1,""U90"":1,""U54"":2,""U305"":1,""U452"":1,""U416"":1,""U45"":1,""U49"":1,""U443"":1,""U321"":1,""U319"":1,""U417"":1,""U469"":1,""U62"":1,""U5"":2,""U435"":1,""U74"":1,""U307"":1,""U203"":1,""U434"":1,""U255"":1,""U82"":1,""U73"":1,""U81"":1,""U445"":1,""U496"":1,""U213"":1,""U8"":1,""U393"":1,""U41"":1,""U403"":1,""U300"":1,""U455"":1,""U450"":1,""U177"":1,""U318"":1,""U31"":1,""U356"":1,""U75"":1,""U83"":1,""U50"":1,""U93"":1,""U216"":1,""U139"":1,""U270"":1,""U430"":1,""U370"":1,""U78"":1,""U84"":1,""U269"":1,""U436"":1,""U46"":1,""U147"":1,""U39"":1,""U68"":1,""U248"":1,""U71"":1,""U291"":1,""U322"":1,""U335"":1,""U192"":1,""U259"":1,""U419"":1,""U103"":1,""U102"":1,""U222"":1,""U462"":1,""U476"":1,""U364"":2,""U369"":1,""U479"":3,""U183"":1,""U156"":1,""U287"":1,""U204"":1,""U355"":1,""U398"":1,""U441"":1,""U373"":1,""U406"":1,""U354"":1,""U128"":1,""U459"":1,""U382"":1,""U235"":1,""U154"":2,""U273"":1,""U198"":1,""U494"":1,""U226"":1,""U340"":1,""U178"":1,""U27"":1,""U191"":1,""U223"":1,""U124"":1,""U267"":1,""U378"":1,""U64"":1,""U495"":1,""U127"":1,""U182"":1,""U344"":1,""U207"":1,""U161"":1,""U130"":1,""U268"":1,""U394"":1,""U454"":1,""U61"":1,""U141"":1,""U464"":1,""U477"":1,""U433"":1,""U497"":1,""U239"":1,""U51"":1,""U498"":1,""U158"":1,""U28"":1,""U52"":1,""U157"":1,""U251"":1,""U17"":1,""U195"":1,""U254"":1,""U314"":2,""U349"":1,""U391"":1,""U69"":1,""U112"":1,""U320"":1,""U411"":1,""U329"":1,""U40"":1,""U164"":1,""U72"":1,""U474"":1,""U34"":1,""U133"":1,""U199"":1,""U425"":1,""U175"":1,""U405"":1,""U361"":1,""U201"":1,""U281"":1,""U304"":1,""U338"":1,""U60"":1,""U2"":1,""U153"":1,""U333"":1,""U37"":1,""U92"":1,""U451"":1,""U449"":1,""U196"":1,""U231"":1,""U493"":1,""U296"":1,""U308"":1,""U286"":2,""U221"":1,""U32"":1,""U151"":1,""U376"":1,""U47"":1,""U218"":1,""U298"":1,""U328"":1,""U94"":1,""U101"":1,""U283"":2,""U108"":1,""U122"":1,""U123"":1,""U134"":1,""U58"":1,""U205"":1,""U172"":1,""U368"":1,""U458"":1,""U290"":1,""U12"":1,""U169"":1,""U483"":1,""U484"":1,""U486"":1,""U224"":1,""U337"":1,""U3"":1,""U266"":1,""U63"":1,""U240"":1,""U136"":1,""U20"":2,""U190"":1,""U277"":1,""U343"":1,""U30"":1,""U409"":1,""U80"":1,""U171"":1,""U330"":1,""U220"":1,""U279"":1,""U315"":1,""U388"":1,""U309"":1,""U447"":1,""U206"":1,""U202"":1,""U271"":3,""U401"":1,""U470"":1,""U383"":1,""U339"":1,""U97"":1,""U408"":1,""U392"":1,""U284"":1,""U77"":3,""U379"":1,""U247"":2,""U457"":1,""U468"":1,""U350"":1,""U232"":1,""U105"":1,""U353"":1,""U482"":1,""U352"":1,""U114"":1,""U227"":1,""U303"":1,""U59"":1,""U56"":1,""U86"":1,""U26"":1,""U236"":1,""U70"":1,""U208"":1,""U140"":2,""U125"":1,""U163"":1,""U414"":1,""U89"":1,""U55"":1,""U110"":1,""U358"":1,""U442"":1,""U490"":1,""U159"":1,""U185"":1,""U214"":1,""U120"":1,""U4"":1,""U98"":1,""U146"":1,""U276"":1,""U173"":1,""U312"":1,""U389"":1,""U245"":1,""U44"":1,""U412"":2,""U193"":1,""U137"":1,""U168"":1,""U85"":1,""U53"":1,""U325"":1,""U418"":1,""U95"":1,""U402"":1,""U297"":1,""U424"":1,""U467"":1,""U400"":1,""U380"":1,""U234"":1,""U194"":1,""U200"":1,""U25"":2,""U145"":1,""U228"":1,""U301"":1,""U174"":1,""U165"":1,""U460"":1,""U500"":1,""U453"":1,""U258"":1,""U288"":1,""U215"":1,""U237"":1,""U465"":1,""U42"":1,""U360"":1,""U113"":1,""U463"":1,""U106"":1,""U150"":1,""U348"":1,""U104"":1,""U440"":2,""U461"":1,""U244"":1,""U426"":1,""U36"":1,""U21"":1,""U242"":1,""U306"":1,""U88"":1,""U375"":1,""U342"":1,""U131"":1,""U33"":1,""U66"":1,""U246"":1,""U272"":1,""U480"":1,""U79"":1,""U253"":2,""U261"":1,""U387"":1,""U99"":1,""U230"":1,""U317"":1,""U170"":1,""U313"":1,""U15"":1,""U384"":1,""U423"":1,""U294"":1,""U280"":1,""U14"":1,""U249"":1,""U252"":1,""U256"":1,""U233"":1,""U422"":1,""U362"":1,""U100"":1,""U278"":1,""U160"":1,""U410"":1,""U22"":1,""U65"":1,""U310"":1,""U11"":1,""U180"":1,""U407"":1,""U427"":1,""U162"":1,""U265"":1,""U365"":1,""U295"":1,""U336"":1,""U197"":1,""U395"":1,""U143"":1,""U210"":1,""U367"":1,""U487"":1,""U38"":1,""U366"":1,""U18"":1,""U299"":1,""U499"":1,""U211"":1,""U311"":1,""U478"":1,""U429"":1,""U181"":1}",593.9959998130798,,,,,true,500,,,Gurobi,gurobi_10min,true,600.0,20260829,16,16,100,,false,ok,0.0280001163482666,network_balanced,network_balanced_hardness_sweep,16,,593.9959998130798,6.117000102996826
0,,,,,-995.0,Optimal,,MIPSolver,,0.5,karlsruhe_network_balanced_n100_b50_u500_path_no_dominance,karlsruhe,,false,0.0,100,1542,100,100,0.5,200,50,aachen_osm_gtfs_bike_agg100_p100_b50_u500,8756,400,500,,,5.4629998207092285,600.0,labeling,,,path,path_no_dominance,false,"{""U23"":1,""U96"":1,""U327"":1,""U10"":1,""U396"":1,""U126"":1,""U176"":1,""U448"":1,""U111"":1,""U432"":1,""U381"":1,""U19"":1,""U166"":1,""U91"":1,""U189"":1,""U466"":1,""U107"":1,""U212"":1,""U121"":1,""U292"":1,""U16"":1,""U155"":1,""U363"":1,""U390"":1,""U372"":1,""U293"":1,""U415"":1,""U385"":1,""U431"":1,""U264"":1,""U7"":1,""U132"":1,""U219"":1,""U257"":1,""U184"":1,""U420"":1,""U346"":1,""U129"":1,""U334"":1,""U275"":1,""U238"":1,""U326"":1,""U439"":1,""U142"":1,""U1"":1,""U24"":1,""U263"":1,""U374"":1,""U43"":1,""U345"":1,""U481"":1,""U302"":1,""U260"":1,""U404"":1,""U87"":1,""U109"":1,""U138"":1,""U324"":1,""U229"":1,""U119"":1,""U347"":1,""U179"":1,""U282"":1,""U397"":1,""U357"":1,""U316"":1,""U475"":1,""U491"":1,""U243"":1,""U323"":1,""U485"":1,""U377"":1,""U186"":1,""U371"":1,""U386"":1,""U437"":1,""U359"":1,""U48"":1,""U57"":1,""U76"":1,""U9"":5,""U488"":1,""U29"":1,""U473"":1,""U471"":1,""U117"":1,""U285"":1,""U331"":1,""U413"":1,""U67"":1,""U6"":1,""U13"":1,""U351"":1,""U492"":1,""U149"":1,""U152"":1,""U489"":1,""U289"":1,""U188"":1,""U444"":1,""U456"":1,""U472"":1,""U135"":1,""U144"":1,""U148"":1,""U116"":1,""U399"":1,""U274"":1,""U167"":1,""U341"":1,""U217"":1,""U421"":1,""U428"":1,""U446"":1,""U118"":1,""U187"":1,""U225"":1,""U115"":1,""U250"":1,""U332"":1,""U438"":1,""U209"":2,""U241"":1,""U262"":1,""U35"":1,""U90"":1,""U54"":3,""U305"":1,""U452"":1,""U416"":1,""U45"":1,""U49"":1,""U443"":1,""U321"":1,""U319"":1,""U417"":1,""U469"":1,""U62"":1,""U5"":2,""U435"":1,""U74"":1,""U307"":1,""U203"":1,""U434"":1,""U255"":1,""U82"":1,""U73"":1,""U81"":1,""U445"":1,""U496"":1,""U213"":1,""U8"":1,""U393"":1,""U41"":1,""U403"":1,""U300"":1,""U455"":1,""U450"":1,""U177"":1,""U318"":1,""U31"":1,""U356"":1,""U75"":1,""U83"":1,""U50"":1,""U93"":1,""U216"":1,""U139"":1,""U270"":1,""U430"":1,""U370"":1,""U78"":1,""U84"":1,""U269"":1,""U436"":1,""U46"":1,""U147"":1,""U39"":1,""U68"":1,""U248"":1,""U71"":1,""U291"":1,""U322"":1,""U335"":1,""U192"":1,""U259"":1,""U419"":1,""U103"":1,""U102"":1,""U222"":1,""U462"":1,""U476"":1,""U364"":3,""U369"":1,""U479"":3,""U183"":1,""U156"":1,""U287"":1,""U204"":1,""U355"":1,""U398"":1,""U441"":1,""U373"":1,""U406"":1,""U354"":1,""U128"":1,""U459"":1,""U382"":1,""U235"":1,""U154"":2,""U273"":1,""U198"":1,""U494"":1,""U226"":1,""U340"":1,""U178"":1,""U27"":1,""U191"":1,""U223"":1,""U124"":1,""U267"":1,""U378"":1,""U64"":1,""U495"":1,""U127"":1,""U182"":1,""U344"":1,""U207"":1,""U161"":1,""U130"":1,""U268"":1,""U394"":1,""U454"":1,""U61"":1,""U141"":1,""U464"":1,""U477"":1,""U433"":1,""U497"":1,""U239"":1,""U51"":1,""U498"":1,""U158"":1,""U28"":1,""U52"":1,""U157"":1,""U251"":1,""U17"":1,""U195"":1,""U254"":1,""U314"":5,""U349"":1,""U391"":1,""U69"":1,""U112"":1,""U320"":1,""U411"":1,""U329"":1,""U40"":1,""U164"":1,""U72"":1,""U474"":1,""U34"":1,""U133"":1,""U199"":1,""U425"":1,""U175"":1,""U405"":2,""U361"":1,""U201"":1,""U281"":1,""U304"":1,""U338"":1,""U60"":1,""U2"":1,""U153"":1,""U333"":1,""U37"":1,""U92"":1,""U451"":1,""U449"":1,""U196"":1,""U231"":1,""U493"":1,""U296"":1,""U308"":1,""U286"":2,""U221"":1,""U32"":1,""U151"":1,""U376"":1,""U47"":1,""U218"":1,""U298"":1,""U328"":1,""U94"":1,""U101"":1,""U283"":2,""U108"":1,""U122"":1,""U123"":1,""U134"":1,""U58"":1,""U205"":1,""U172"":1,""U368"":1,""U458"":1,""U290"":1,""U12"":1,""U169"":1,""U483"":1,""U484"":1,""U486"":1,""U224"":1,""U337"":1,""U3"":1,""U266"":1,""U63"":1,""U240"":1,""U136"":1,""U20"":2,""U190"":1,""U277"":1,""U343"":1,""U30"":1,""U409"":1,""U80"":1,""U171"":1,""U330"":1,""U220"":1,""U279"":1,""U315"":1,""U388"":1,""U309"":1,""U447"":1,""U206"":1,""U202"":1,""U271"":3,""U401"":1,""U470"":1,""U383"":1,""U339"":1,""U97"":1,""U408"":1,""U392"":1,""U284"":1,""U77"":3,""U379"":1,""U247"":2,""U457"":1,""U468"":1,""U350"":1,""U232"":1,""U105"":1,""U353"":2,""U482"":1,""U352"":1,""U114"":1,""U227"":1,""U303"":1,""U59"":1,""U56"":1,""U86"":1,""U26"":1,""U236"":1,""U70"":1,""U208"":1,""U140"":2,""U125"":1,""U163"":1,""U414"":1,""U89"":1,""U55"":1,""U110"":1,""U358"":1,""U442"":1,""U490"":1,""U159"":1,""U185"":1,""U214"":1,""U120"":1,""U4"":1,""U98"":1,""U146"":1,""U276"":1,""U173"":1,""U312"":1,""U389"":1,""U245"":1,""U44"":1,""U412"":2,""U193"":1,""U137"":1,""U168"":1,""U85"":1,""U53"":1,""U325"":1,""U418"":1,""U95"":1,""U402"":1,""U297"":1,""U424"":1,""U467"":1,""U400"":1,""U380"":1,""U234"":1,""U194"":1,""U200"":1,""U25"":2,""U145"":1,""U228"":1,""U301"":1,""U174"":1,""U165"":1,""U460"":1,""U500"":1,""U453"":1,""U258"":1,""U288"":1,""U215"":1,""U237"":1,""U465"":1,""U42"":1,""U360"":1,""U113"":1,""U463"":1,""U106"":1,""U150"":1,""U348"":1,""U104"":1,""U440"":2,""U461"":1,""U244"":1,""U426"":1,""U36"":1,""U21"":1,""U242"":1,""U306"":1,""U88"":1,""U375"":1,""U342"":1,""U131"":1,""U33"":1,""U66"":1,""U246"":1,""U272"":1,""U480"":1,""U79"":1,""U253"":2,""U261"":1,""U387"":1,""U99"":1,""U230"":1,""U317"":2,""U170"":1,""U313"":1,""U15"":1,""U384"":1,""U423"":1,""U294"":1,""U280"":1,""U14"":1,""U249"":1,""U252"":1,""U256"":1,""U233"":1,""U422"":1,""U362"":1,""U100"":1,""U278"":1,""U160"":1,""U410"":1,""U22"":1,""U65"":1,""U310"":1,""U11"":1,""U180"":1,""U407"":1,""U427"":1,""U162"":1,""U265"":1,""U365"":1,""U295"":1,""U336"":1,""U197"":1,""U395"":1,""U143"":1,""U210"":1,""U367"":1,""U487"":1,""U38"":1,""U366"":1,""U18"":1,""U299"":1,""U499"":1,""U211"":1,""U311"":1,""U478"":1,""U429"":1,""U181"":1}",594.5370001792908,,,,,false,500,,,Gurobi,gurobi_10min,true,600.0,20260829,16,16,100,,false,ok,0.028999805450439453,network_balanced,network_balanced_hardness_sweep,16,,594.5370001792908,5.56499981880188
1,,,,,-1385.0,Timelimit,,MIPSolver,,0.5,karlsruhe_network_balanced_n100_b50_u750_sd_fixed_network_path,karlsruhe,,false,0.07194784349855897,100,1542,100,100,0.5,200,50,aachen_osm_gtfs_bike_agg100_p100_b50_u750,8756,400,750,fixed_network_path,true,,,,false,,sd,sd_fixed_network_path,,,,,,,,,750,,,Gurobi,gurobi_10min,true,600.0,20260829,16,16,100,,false,timeout,601.9720001220703,network_balanced,network_balanced_hardness_sweep,16,,600.0,905.3450000286102
0,,,,,,Memory_Limit,,MIPSolver,,0.5,karlsruhe_network_balanced_n100_b50_u750_sd_n_minus_1,karlsruhe,,false,1.0e100,100,1542,100,100,0.5,200,50,aachen_osm_gtfs_bike_agg100_p100_b50_u750,8756,400,750,n_minus_one_most_expensive,true,,,,false,,sd,sd_n_minus_1,,,,,,,,,750,,,Gurobi,gurobi_10min,true,600.0,20260829,16,16,100,,false,memory_limit,333.29299998283386,network_balanced,network_balanced_hardness_sweep,16,,600.0,579.837000131607
1,,2250,,750,-1385.0,Optimal,6.1518585,BlCSolver,,0.5,karlsruhe_network_balanced_n100_b50_u750_blc_astar_fixed_network_path,karlsruhe,,false,0.0,100,1542,100,100,0.5,200,50,aachen_osm_gtfs_bike_agg100_p100_b50_u750,8756,400,750,fixed_network_path,,,,,,6577257,blc,blc_astar_fixed_network_path,,,,0,0,astar,null,,750,true,16,Gurobi,gurobi_10min,true,600.0,20260829,16,16,100,,false,ok,218.85400009155273,network_balanced,network_balanced_hardness_sweep,16,16,600.0,434.00300002098083
1,,2250,,750,-1385.0,Optimal,7.0914193,BlCSolver,,0.5,karlsruhe_network_balanced_n100_b50_u750_blc_astar_n_minus_1,karlsruhe,,false,0.0,100,1542,100,100,0.5,200,50,aachen_osm_gtfs_bike_agg100_p100_b50_u750,8756,400,750,n_minus_one_most_expensive,,,,,,6577257,blc,blc_astar_n_minus_1,,,,0,0,astar,null,,750,true,16,Gurobi,gurobi_10min,true,600.0,20260829,16,16,100,,false,ok,221.3289999961853,network_balanced,network_balanced_hardness_sweep,16,16,600.0,364.5329999923706
1,,,,,-1385.0,Optimal,,MIPSolver,,0.5,karlsruhe_network_balanced_n100_b50_u750_path_dominance,karlsruhe,,false,0.0,100,1542,100,100,0.5,200,50,aachen_osm_gtfs_bike_agg100_p100_b50_u750,8756,400,750,,,8.418999910354614,600.0,labeling,,,path,path_dominance,false,"{""U396"":1,""U448"":1,""U19"":1,""U166"":1,""U91"":1,""U155"":1,""U415"":1,""U385"":1,""U184"":1,""U716"":1,""U238"":3,""U326"":1,""U142"":1,""U619"":1,""U24"":1,""U109"":1,""U229"":1,""U569"":8,""U179"":1,""U397"":1,""U491"":1,""U243"":1,""U485"":1,""U186"":1,""U359"":1,""U691"":1,""U285"":1,""U492"":1,""U614"":1,""U444"":1,""U583"":1,""U728"":1,""U735"":2,""U616"":1,""U341"":1,""U118"":1,""U533"":1,""U35"":1,""U49"":1,""U321"":1,""U685"":1,""U62"":1,""U5"":1,""U74"":1,""U203"":1,""U729"":1,""U81"":1,""U571"":2,""U213"":1,""U8"":1,""U455"":1,""U177"":1,""U318"":1,""U31"":1,""U611"":1,""U83"":1,""U50"":1,""U139"":1,""U634"":1,""U370"":1,""U508"":1,""U269"":1,""U46"":1,""U147"":1,""U322"":1,""U666"":1,""U71"":1,""U335"":1,""U419"":1,""U578"":1,""U579"":1,""U156"":1,""U592"":1,""U584"":1,""U534"":1,""U441"":1,""U273"":1,""U340"":1,""U223"":1,""U378"":2,""U64"":1,""U495"":1,""U344"":1,""U594"":1,""U700"":1,""U130"":2,""U454"":1,""U477"":1,""U239"":1,""U51"":1,""U731"":1,""U607"":1,""U617"":1,""U320"":1,""U411"":1,""U34"":1,""U199"":1,""U405"":1,""U304"":1,""U338"":1,""U518"":1,""U37"":1,""U590"":1,""U706"":1,""U296"":1,""U221"":1,""U376"":1,""U328"":1,""U743"":1,""U669"":1,""U108"":1,""U134"":1,""U484"":1,""U486"":1,""U693"":1,""U627"":1,""U63"":1,""U718"":1,""U20"":1,""U171"":1,""U279"":1,""U501"":1,""U660"":1,""U206"":1,""U202"":1,""U339"":1,""U633"":1,""U284"":1,""U247"":1,""U653"":1,""U680"":1,""U232"":1,""U105"":1,""U723"":1,""U352"":1,""U114"":1,""U227"":1,""U56"":2,""U574"":1,""U613"":1,""U70"":1,""U414"":1,""U442"":1,""U490"":1,""U120"":1,""U146"":1,""U173"":2,""U412"":1,""U85"":1,""U418"":1,""U721"":1,""U549"":1,""U467"":1,""U400"":1,""U380"":1,""U194"":1,""U200"":1,""U558"":1,""U453"":1,""U258"":1,""U360"":1,""U670"":1,""U662"":1,""U106"":1,""U694"":1,""U598"":2,""U567"":1,""U36"":1,""U242"":1,""U375"":1,""U521"":1,""U586"":3,""U66"":1,""U79"":1,""U387"":1,""U99"":1,""U317"":1,""U313"":1,""U541"":1,""U562"":1,""U509"":1,""U278"":1,""U410"":1,""U22"":1,""U603"":1,""U310"":1,""U395"":1,""U367"":1,""U181"":1,""U96"":1,""U10"":1,""U381"":1,""U189"":1,""U107"":1,""U697"":1,""U372"":1,""U293"":1,""U264"":1,""U7"":1,""U551"":1,""U636"":1,""U647"":1,""U563"":1,""U374"":1,""U345"":1,""U502"":1,""U678"":1,""U481"":1,""U404"":1,""U138"":1,""U324"":1,""U119"":1,""U347"":1,""U316"":1,""U730"":1,""U377"":1,""U386"":1,""U437"":1,""U529"":1,""U595"":2,""U48"":1,""U9"":1,""U559"":1,""U652"":1,""U512"":1,""U625"":1,""U152"":1,""U289"":1,""U188"":1,""U639"":1,""U646"":1,""U399"":1,""U274"":1,""U446"":1,""U631"":1,""U438"":1,""U90"":1,""U54"":1,""U435"":1,""U307"":1,""U732"":1,""U713"":1,""U445"":1,""U393"":1,""U403"":1,""U450"":1,""U737"":1,""U356"":1,""U93"":1,""U430"":1,""U84"":1,""U291"":1,""U687"":1,""U548"":1,""U192"":1,""U259"":1,""U102"":1,""U476"":4,""U364"":1,""U556"":1,""U355"":1,""U373"":1,""U128"":1,""U459"":1,""U657"":1,""U198"":1,""U494"":1,""U27"":1,""U191"":1,""U124"":1,""U664"":1,""U623"":1,""U635"":1,""U733"":1,""U637"":1,""U28"":1,""U52"":1,""U251"":1,""U314"":1,""U254"":1,""U69"":1,""U507"":1,""U112"":1,""U329"":1,""U201"":1,""U281"":1,""U2"":2,""U333"":1,""U704"":1,""U92"":1,""U449"":1,""U308"":1,""U286"":1,""U32"":1,""U298"":1,""U283"":1,""U707"":1,""U123"":1,""U668"":1,""U58"":1,""U205"":1,""U172"":1,""U12"":1,""U654"":2,""U626"":1,""U224"":1,""U609"":1,""U277"":1,""U30"":1,""U409"":1,""U517"":1,""U593"":1,""U330"":1,""U220"":1,""U388"":1,""U736"":1,""U309"":1,""U724"":1,""U271"":1,""U643"":1,""U620"":1,""U674"":1,""U379"":1,""U683"":1,""U86"":1,""U26"":1,""U236"":1,""U163"":1,""U110"":1,""U655"":1,""U629"":1,""U358"":1,""U514"":1,""U608"":1,""U618"":1,""U159"":1,""U98"":1,""U744"":1,""U245"":1,""U44"":1,""U649"":1,""U712"":1,""U137"":1,""U168"":1,""U53"":1,""U673"":1,""U95"":1,""U424"":1,""U539"":1,""U301"":1,""U165"":1,""U460"":1,""U500"":1,""U288"":1,""U570"":1,""U547"":1,""U638"":1,""U532"":1,""U426"":1,""U21"":1,""U306"":1,""U342"":1,""U33"":1,""U272"":1,""U253"":1,""U170"":2,""U15"":1,""U601"":1,""U575"":1,""U100"":1,""U621"":1,""U65"":1,""U747"":1,""U427"":1,""U365"":1,""U295"":1,""U526"":1,""U600"":1,""U38"":1,""U366"":1,""U499"":1,""U478"":1,""U23"":1,""U126"":1,""U111"":1,""U432"":1,""U519"":1,""U606"":1,""U212"":1,""U612"":1,""U16"":1,""U663"":1,""U561"":1,""U557"":1,""U538"":1,""U431"":1,""U553"":1,""U257"":1,""U420"":1,""U129"":1,""U651"":1,""U523"":1,""U275"":1,""U439"":1,""U263"":1,""U87"":1,""U708"":1,""U282"":1,""U741"":1,""U748"":1,""U357"":1,""U475"":1,""U323"":1,""U645"":1,""U667"":1,""U580"":1,""U525"":1,""U57"":1,""U473"":1,""U589"":1,""U331"":1,""U413"":1,""U6"":1,""U560"":1,""U632"":1,""U682"":1,""U576"":1,""U456"":1,""U148"":1,""U671"":1,""U505"":1,""U217"":1,""U428"":1,""U187"":1,""U332"":1,""U209"":1,""U262"":1,""U305"":1,""U452"":2,""U45"":1,""U443"":1,""U417"":1,""U319"":1,""U469"":2,""U255"":1,""U73"":1,""U734"":1,""U715"":1,""U41"":1,""U75"":1,""U248"":1,""U103"":2,""U222"":1,""U479"":1,""U659"":1,""U369"":1,""U398"":1,""U537"":1,""U406"":1,""U661"":1,""U354"":1,""U235"":1,""U648"":1,""U226"":1,""U178"":1,""U727"":1,""U267"":2,""U688"":1,""U161"":1,""U394"":1,""U497"":1,""U498"":1,""U749"":1,""U195"":1,""U349"":1,""U391"":1,""U542"":1,""U699"":1,""U572"":1,""U679"":1,""U722"":1,""U72"":1,""U698"":1,""U677"":1,""U361"":1,""U60"":1,""U153"":1,""U451"":1,""U196"":1,""U231"":1,""U493"":1,""U151"":1,""U47"":1,""U218"":2,""U530"":1,""U535"":1,""U94"":1,""U644"":1,""U368"":1,""U290"":1,""U169"":1,""U3"":1,""U266"":1,""U240"":1,""U136"":2,""U343"":1,""U585"":1,""U315"":1,""U676"":1,""U628"":1,""U383"":1,""U97"":1,""U408"":1,""U615"":1,""U77"":1,""U350"":1,""U353"":1,""U516"":1,""U703"":1,""U604"":1,""U684"":1,""U140"":1,""U125"":1,""U89"":1,""U506"":1,""U312"":1,""U276"":1,""U689"":1,""U193"":1,""U234"":1,""U145"":1,""U237"":1,""U465"":1,""U591"":1,""U150"":1,""U348"":1,""U527"":1,""U581"":1,""U461"":1,""U244"":1,""U88"":1,""U131"":1,""U480"":1,""U261"":1,""U711"":1,""U230"":1,""U423"":1,""U573"":1,""U280"":1,""U14"":1,""U692"":1,""U726"":1,""U252"":1,""U256"":1,""U524"":1,""U710"":1,""U162"":1,""U540"":1,""U143"":1,""U210"":1,""U299"":1,""U696"":1,""U640"":1,""U311"":1,""U327"":1,""U605"":1,""U176"":1,""U466"":1,""U566"":1,""U121"":1,""U292"":1,""U363"":1,""U390"":1,""U132"":1,""U219"":1,""U515"":1,""U346"":1,""U334"":1,""U1"":1,""U43"":1,""U597"":1,""U302"":2,""U260"":1,""U702"":1,""U543"":1,""U725"":1,""U371"":1,""U658"":1,""U528"":1,""U552"":1,""U503"":3,""U642"":1,""U76"":1,""U488"":1,""U29"":1,""U471"":1,""U117"":1,""U709"":1,""U67"":1,""U510"":1,""U13"":1,""U351"":1,""U149"":1,""U489"":1,""U472"":1,""U135"":1,""U144"":1,""U116"":1,""U624"":1,""U565"":1,""U167"":1,""U421"":1,""U225"":2,""U115"":1,""U250"":1,""U650"":1,""U241"":1,""U568"":1,""U720"":1,""U416"":1,""U434"":1,""U531"":1,""U82"":1,""U496"":2,""U690"":1,""U582"":1,""U300"":1,""U622"":1,""U216"":1,""U588"":1,""U270"":1,""U738"":1,""U78"":1,""U436"":1,""U39"":1,""U68"":1,""U462"":1,""U183"":1,""U287"":1,""U602"":1,""U204"":1,""U382"":1,""U714"":1,""U154"":1,""U630"":1,""U641"":1,""U127"":1,""U182"":1,""U564"":1,""U207"":1,""U268"":1,""U61"":1,""U656"":1,""U141"":1,""U464"":1,""U433"":1,""U158"":1,""U157"":1,""U17"":1,""U686"":1,""U740"":1,""U40"":1,""U164"":1,""U474"":1,""U545"":1,""U133"":1,""U596"":1,""U745"":1,""U425"":1,""U175"":1,""U504"":1,""U739"":1,""U511"":1,""U577"":1,""U717"":1,""U101"":1,""U122"":1,""U458"":1,""U483"":1,""U546"":1,""U719"":1,""U337"":1,""U190"":1,""U80"":1,""U447"":1,""U470"":1,""U401"":1,""U695"":1,""U392"":1,""U742"":1,""U457"":1,""U468"":1,""U672"":1,""U750"":1,""U482"":1,""U303"":1,""U59"":1,""U208"":1,""U681"":1,""U55"":1,""U185"":1,""U610"":1,""U214"":1,""U665"":1,""U4"":1,""U389"":1,""U746"":1,""U544"":1,""U599"":1,""U325"":1,""U522"":1,""U402"":1,""U297"":1,""U25"":1,""U228"":1,""U587"":1,""U174"":1,""U705"":1,""U215"":1,""U42"":1,""U463"":1,""U113"":1,""U675"":1,""U440"":1,""U104"":1,""U246"":1,""U536"":1,""U384"":1,""U294"":1,""U701"":1,""U249"":1,""U233"":1,""U422"":1,""U362"":1,""U550"":1,""U160"":1,""U513"":1,""U407"":1,""U11"":1,""U180"":1,""U265"":1,""U554"":1,""U336"":1,""U197"":1,""U487"":1,""U18"":1,""U520"":1,""U555"":1,""U211"":1,""U429"":2}",591.5810000896454,,,,,true,750,,,Gurobi,gurobi_10min,true,600.0,20260829,16,16,100,,false,ok,0.03800010681152344,network_balanced,network_balanced_hardness_sweep,16,,591.5810000896454,8.564000129699707
0,,,,,-1385.0,Optimal,,MIPSolver,,0.5,karlsruhe_network_balanced_n100_b50_u750_path_no_dominance,karlsruhe,,false,0.0,100,1542,100,100,0.5,200,50,aachen_osm_gtfs_bike_agg100_p100_b50_u750,8756,400,750,,,8.819999933242798,600.0,labeling,,,path,path_no_dominance,false,"{""U396"":1,""U448"":1,""U19"":1,""U166"":1,""U91"":1,""U155"":1,""U415"":1,""U385"":1,""U184"":1,""U716"":1,""U238"":3,""U326"":1,""U142"":1,""U619"":1,""U24"":1,""U109"":1,""U229"":1,""U569"":12,""U179"":1,""U397"":1,""U491"":1,""U243"":1,""U485"":1,""U186"":1,""U359"":1,""U691"":1,""U285"":1,""U492"":1,""U614"":1,""U444"":1,""U583"":1,""U728"":1,""U735"":2,""U616"":1,""U341"":1,""U118"":1,""U533"":1,""U35"":1,""U49"":1,""U321"":1,""U685"":1,""U62"":1,""U5"":1,""U74"":1,""U203"":1,""U729"":1,""U81"":1,""U571"":2,""U213"":1,""U8"":2,""U455"":1,""U177"":1,""U318"":1,""U31"":1,""U611"":1,""U83"":1,""U50"":1,""U139"":1,""U634"":1,""U370"":1,""U508"":1,""U269"":1,""U46"":1,""U147"":1,""U322"":1,""U666"":1,""U71"":1,""U335"":1,""U419"":1,""U578"":1,""U579"":1,""U156"":1,""U592"":1,""U584"":1,""U534"":1,""U441"":1,""U273"":1,""U340"":1,""U223"":1,""U378"":2,""U64"":1,""U495"":1,""U344"":1,""U594"":1,""U700"":1,""U130"":2,""U454"":1,""U477"":1,""U239"":1,""U51"":1,""U731"":1,""U607"":1,""U617"":1,""U320"":1,""U411"":1,""U34"":1,""U199"":1,""U405"":1,""U304"":1,""U338"":1,""U518"":1,""U37"":1,""U590"":1,""U706"":1,""U296"":1,""U221"":1,""U376"":1,""U328"":1,""U743"":1,""U669"":1,""U108"":1,""U134"":1,""U484"":1,""U486"":1,""U693"":1,""U627"":1,""U63"":1,""U718"":1,""U20"":1,""U171"":1,""U279"":1,""U501"":1,""U660"":1,""U206"":1,""U202"":1,""U339"":1,""U633"":1,""U284"":1,""U247"":1,""U653"":1,""U680"":1,""U232"":1,""U105"":1,""U723"":1,""U352"":1,""U114"":1,""U227"":1,""U56"":3,""U574"":1,""U613"":1,""U70"":1,""U414"":1,""U442"":1,""U490"":2,""U120"":1,""U146"":1,""U173"":2,""U412"":1,""U85"":1,""U418"":1,""U721"":1,""U549"":1,""U467"":1,""U400"":1,""U380"":1,""U194"":1,""U200"":1,""U558"":1,""U453"":1,""U258"":1,""U360"":1,""U670"":1,""U662"":1,""U106"":1,""U694"":1,""U598"":2,""U567"":1,""U36"":1,""U242"":1,""U375"":1,""U521"":1,""U586"":3,""U66"":1,""U79"":1,""U387"":1,""U99"":1,""U317"":1,""U313"":1,""U541"":1,""U562"":1,""U509"":1,""U278"":1,""U410"":1,""U22"":1,""U603"":1,""U310"":1,""U395"":1,""U367"":1,""U181"":1,""U96"":1,""U10"":1,""U381"":1,""U189"":1,""U107"":1,""U697"":1,""U372"":1,""U293"":1,""U264"":1,""U7"":1,""U551"":1,""U636"":1,""U647"":1,""U563"":1,""U374"":1,""U345"":1,""U502"":1,""U678"":1,""U481"":1,""U404"":1,""U138"":1,""U324"":2,""U119"":1,""U347"":1,""U316"":1,""U730"":1,""U377"":1,""U386"":1,""U437"":1,""U529"":1,""U595"":3,""U48"":1,""U9"":1,""U559"":1,""U652"":1,""U512"":1,""U625"":1,""U152"":1,""U289"":1,""U188"":1,""U639"":1,""U646"":1,""U399"":1,""U274"":1,""U446"":1,""U631"":1,""U438"":1,""U90"":1,""U54"":1,""U435"":1,""U307"":1,""U732"":1,""U713"":1,""U445"":1,""U393"":1,""U403"":1,""U450"":1,""U737"":1,""U356"":1,""U93"":1,""U430"":1,""U84"":1,""U291"":1,""U687"":1,""U548"":1,""U192"":1,""U259"":1,""U102"":1,""U476"":5,""U364"":1,""U556"":1,""U355"":1,""U373"":1,""U128"":1,""U459"":1,""U657"":1,""U198"":1,""U494"":1,""U27"":1,""U191"":1,""U124"":1,""U664"":1,""U623"":1,""U635"":1,""U733"":1,""U637"":1,""U28"":1,""U52"":1,""U251"":1,""U314"":1,""U254"":1,""U69"":1,""U507"":1,""U112"":1,""U329"":1,""U201"":1,""U281"":1,""U2"":2,""U333"":1,""U704"":1,""U92"":1,""U449"":1,""U308"":1,""U286"":1,""U32"":1,""U298"":1,""U283"":1,""U707"":1,""U123"":1,""U668"":1,""U58"":1,""U205"":1,""U172"":1,""U12"":1,""U654"":2,""U626"":1,""U224"":1,""U609"":1,""U277"":1,""U30"":1,""U409"":1,""U517"":1,""U593"":1,""U330"":1,""U220"":1,""U388"":1,""U736"":1,""U309"":1,""U724"":1,""U271"":1,""U643"":1,""U620"":1,""U674"":1,""U379"":1,""U683"":1,""U86"":1,""U26"":2,""U236"":1,""U163"":1,""U110"":1,""U655"":1,""U629"":1,""U358"":1,""U514"":1,""U608"":1,""U618"":1,""U159"":1,""U98"":1,""U744"":2,""U245"":1,""U44"":1,""U649"":1,""U712"":1,""U137"":1,""U168"":1,""U53"":1,""U673"":1,""U95"":1,""U424"":1,""U539"":1,""U301"":1,""U165"":1,""U460"":1,""U500"":1,""U288"":1,""U570"":1,""U547"":1,""U638"":1,""U532"":1,""U426"":1,""U21"":1,""U306"":1,""U342"":1,""U33"":1,""U272"":1,""U253"":1,""U170"":2,""U15"":1,""U601"":1,""U575"":1,""U100"":1,""U621"":1,""U65"":1,""U747"":1,""U427"":1,""U365"":1,""U295"":1,""U526"":1,""U600"":1,""U38"":1,""U366"":1,""U499"":1,""U478"":1,""U23"":1,""U126"":1,""U111"":1,""U432"":1,""U519"":1,""U606"":1,""U212"":1,""U612"":1,""U16"":1,""U663"":1,""U561"":1,""U557"":1,""U538"":1,""U431"":1,""U553"":1,""U257"":1,""U420"":1,""U129"":1,""U651"":1,""U523"":1,""U275"":1,""U439"":1,""U263"":1,""U87"":1,""U708"":1,""U282"":1,""U741"":1,""U748"":1,""U357"":1,""U475"":1,""U323"":1,""U645"":1,""U667"":1,""U580"":1,""U525"":1,""U57"":1,""U473"":1,""U589"":1,""U331"":1,""U413"":1,""U6"":1,""U560"":1,""U632"":1,""U682"":1,""U576"":1,""U456"":1,""U148"":1,""U671"":1,""U505"":1,""U217"":1,""U428"":1,""U187"":1,""U332"":1,""U209"":1,""U262"":1,""U305"":1,""U452"":2,""U45"":1,""U443"":1,""U417"":1,""U319"":1,""U469"":2,""U255"":1,""U73"":2,""U734"":1,""U715"":1,""U41"":1,""U75"":1,""U248"":1,""U103"":2,""U222"":1,""U479"":1,""U659"":1,""U369"":1,""U398"":1,""U537"":1,""U406"":1,""U661"":1,""U354"":1,""U235"":1,""U648"":1,""U226"":1,""U178"":1,""U727"":1,""U267"":3,""U688"":1,""U161"":1,""U394"":1,""U497"":1,""U498"":1,""U749"":1,""U195"":1,""U349"":1,""U391"":1,""U542"":1,""U699"":1,""U572"":1,""U679"":1,""U722"":1,""U72"":1,""U698"":1,""U677"":1,""U361"":1,""U60"":1,""U153"":1,""U451"":1,""U196"":1,""U231"":1,""U493"":1,""U151"":1,""U47"":1,""U218"":2,""U530"":1,""U535"":1,""U94"":1,""U644"":1,""U368"":1,""U290"":1,""U169"":1,""U3"":1,""U266"":1,""U240"":1,""U136"":3,""U343"":1,""U585"":1,""U315"":1,""U676"":1,""U628"":1,""U383"":1,""U97"":1,""U408"":1,""U615"":1,""U77"":1,""U350"":1,""U353"":1,""U516"":1,""U703"":1,""U604"":1,""U684"":1,""U140"":1,""U125"":1,""U89"":1,""U506"":1,""U312"":1,""U276"":1,""U689"":1,""U193"":1,""U234"":1,""U145"":1,""U237"":1,""U465"":1,""U591"":1,""U150"":1,""U348"":1,""U527"":1,""U581"":1,""U461"":1,""U244"":1,""U88"":1,""U131"":1,""U480"":1,""U261"":1,""U711"":1,""U230"":1,""U423"":1,""U573"":1,""U280"":1,""U14"":1,""U692"":1,""U726"":1,""U252"":1,""U256"":1,""U524"":1,""U710"":1,""U162"":1,""U540"":1,""U143"":1,""U210"":1,""U299"":1,""U696"":1,""U640"":1,""U311"":1,""U327"":1,""U605"":1,""U176"":1,""U466"":1,""U566"":1,""U121"":1,""U292"":1,""U363"":1,""U390"":1,""U132"":1,""U219"":1,""U515"":1,""U346"":1,""U334"":1,""U1"":1,""U43"":1,""U597"":1,""U302"":2,""U260"":1,""U702"":1,""U543"":1,""U725"":1,""U371"":1,""U658"":1,""U528"":1,""U552"":1,""U503"":3,""U642"":1,""U76"":1,""U488"":1,""U29"":1,""U471"":1,""U117"":1,""U709"":1,""U67"":1,""U510"":1,""U13"":1,""U351"":1,""U149"":1,""U489"":2,""U472"":1,""U135"":1,""U144"":1,""U116"":1,""U624"":1,""U565"":1,""U167"":1,""U421"":1,""U225"":2,""U115"":1,""U250"":1,""U650"":1,""U241"":1,""U568"":1,""U720"":1,""U416"":1,""U434"":1,""U531"":1,""U82"":1,""U496"":2,""U690"":1,""U582"":1,""U300"":1,""U622"":1,""U216"":1,""U588"":1,""U270"":1,""U738"":1,""U78"":1,""U436"":1,""U39"":1,""U68"":1,""U462"":1,""U183"":1,""U287"":1,""U602"":1,""U204"":1,""U382"":1,""U714"":1,""U154"":1,""U630"":1,""U641"":1,""U127"":1,""U182"":1,""U564"":1,""U207"":1,""U268"":1,""U61"":1,""U656"":1,""U141"":1,""U464"":1,""U433"":1,""U158"":1,""U157"":1,""U17"":1,""U686"":1,""U740"":1,""U40"":1,""U164"":1,""U474"":1,""U545"":1,""U133"":1,""U596"":1,""U745"":2,""U425"":1,""U175"":1,""U504"":1,""U739"":1,""U511"":1,""U577"":1,""U717"":1,""U101"":1,""U122"":1,""U458"":1,""U483"":1,""U546"":1,""U719"":1,""U337"":1,""U190"":1,""U80"":1,""U447"":1,""U470"":1,""U401"":1,""U695"":1,""U392"":1,""U742"":1,""U457"":1,""U468"":1,""U672"":1,""U750"":1,""U482"":1,""U303"":1,""U59"":1,""U208"":1,""U681"":1,""U55"":1,""U185"":1,""U610"":1,""U214"":1,""U665"":1,""U4"":1,""U389"":1,""U746"":1,""U544"":1,""U599"":1,""U325"":1,""U522"":1,""U402"":1,""U297"":1,""U25"":1,""U228"":1,""U587"":1,""U174"":1,""U705"":1,""U215"":1,""U42"":1,""U463"":1,""U113"":1,""U675"":1,""U440"":1,""U104"":1,""U246"":1,""U536"":1,""U384"":1,""U294"":1,""U701"":1,""U249"":1,""U233"":1,""U422"":1,""U362"":1,""U550"":1,""U160"":1,""U513"":1,""U407"":1,""U11"":1,""U180"":1,""U265"":1,""U554"":1,""U336"":1,""U197"":1,""U487"":1,""U18"":1,""U520"":1,""U555"":1,""U211"":1,""U429"":2}",591.1800000667572,,,,,false,750,,,Gurobi,gurobi_10min,true,600.0,20260829,16,16,100,,false,ok,0.03900003433227539,network_balanced,network_balanced_hardness_sweep,16,,591.1800000667572,8.958999872207642
1,,,,,-2256.0,Timelimit,,MIPSolver,,0.5,karlsruhe_network_balanced_n100_b50_u1000_sd_fixed_network_path,karlsruhe,,false,0.04693776179793,100,1542,100,100,0.5,200,50,aachen_osm_gtfs_bike_agg100_p100_b50_u1000,8756,400,1000,fixed_network_path,true,,,,false,,sd,sd_fixed_network_path,,,,,,,,,1000,,,Gurobi,gurobi_10min,true,600.0,20260829,16,16,100,,false,timeout,617.4450001716614,network_balanced,network_balanced_hardness_sweep,16,,600.0,1030.3079998493195
0,,,,,,Memory_Limit,,MIPSolver,,0.5,karlsruhe_network_balanced_n100_b50_u1000_sd_n_minus_1,karlsruhe,,false,1.0e100,100,1542,100,100,0.5,200,50,aachen_osm_gtfs_bike_agg100_p100_b50_u1000,8756,400,1000,n_minus_one_most_expensive,true,,,,false,,sd,sd_n_minus_1,,,,,,,,,1000,,,Gurobi,gurobi_10min,true,600.0,20260829,16,16,100,,false,memory_limit,337.86500000953674,network_balanced,network_balanced_hardness_sweep,16,,600.0,677.6270000934601
1,,5000,,1000,-2258.0,Optimal,12.154139899999999,BlCSolver,,0.5,karlsruhe_network_balanced_n100_b50_u1000_blc_astar_fixed_network_path,karlsruhe,,false,0.0,100,1542,100,100,0.5,200,50,aachen_osm_gtfs_bike_agg100_p100_b50_u1000,8756,400,1000,fixed_network_path,,,,,,8766757,blc,blc_astar_fixed_network_path,,,,0,0,astar,null,,1000,true,16,Gurobi,gurobi_10min,true,600.0,20260829,16,16,100,,false,ok,350.67400002479553,network_balanced,network_balanced_hardness_sweep,16,16,600.0,645.9240000247955
1,,5000,,1000,-2258.0,Optimal,10.707056000000001,BlCSolver,,0.5,karlsruhe_network_balanced_n100_b50_u1000_blc_astar_n_minus_1,karlsruhe,,false,0.0,100,1542,100,100,0.5,200,50,aachen_osm_gtfs_bike_agg100_p100_b50_u1000,8756,400,1000,n_minus_one_most_expensive,,,,,,8766757,blc,blc_astar_n_minus_1,,,,0,0,astar,null,,1000,true,16,Gurobi,gurobi_10min,true,600.0,20260829,16,16,100,,false,ok,350.0059998035431,network_balanced,network_balanced_hardness_sweep,16,16,600.0,542.3069999217987
1,,,,,-2258.0,Optimal,,MIPSolver,,0.5,karlsruhe_network_balanced_n100_b50_u1000_path_dominance,karlsruhe,,false,0.0,100,1542,100,100,0.5,200,50,aachen_osm_gtfs_bike_agg100_p100_b50_u1000,8756,400,1000,,,11.391000509262085,600.0,labeling,,,path,path_dominance,false,"{""U828"":1,""U396"":1,""U448"":1,""U893"":1,""U19"":1,""U166"":1,""U91"":1,""U155"":1,""U415"":1,""U385"":1,""U980"":1,""U184"":1,""U909"":1,""U716"":1,""U238"":1,""U326"":1,""U851"":1,""U993"":1,""U917"":1,""U930"":1,""U142"":1,""U619"":1,""U24"":1,""U109"":2,""U229"":1,""U569"":1,""U179"":1,""U397"":1,""U491"":1,""U892"":1,""U243"":1,""U485"":1,""U961"":1,""U186"":1,""U359"":1,""U874"":1,""U876"":1,""U691"":1,""U285"":1,""U981"":1,""U492"":1,""U867"":1,""U614"":2,""U444"":1,""U583"":1,""U728"":1,""U735"":1,""U886"":1,""U616"":1,""U341"":1,""U816"":1,""U118"":1,""U533"":1,""U35"":1,""U49"":1,""U321"":1,""U685"":1,""U62"":1,""U5"":1,""U74"":1,""U203"":1,""U729"":1,""U81"":1,""U571"":3,""U776"":1,""U820"":1,""U979"":1,""U984"":1,""U213"":1,""U8"":1,""U455"":2,""U177"":1,""U318"":1,""U31"":2,""U611"":1,""U83"":1,""U50"":1,""U139"":1,""U634"":1,""U751"":1,""U370"":1,""U864"":1,""U508"":1,""U869"":1,""U269"":1,""U46"":1,""U147"":1,""U322"":1,""U666"":1,""U839"":1,""U71"":1,""U335"":2,""U419"":1,""U578"":1,""U579"":1,""U156"":1,""U953"":1,""U592"":1,""U584"":1,""U534"":1,""U441"":1,""U966"":1,""U757"":1,""U761"":1,""U783"":1,""U273"":1,""U340"":1,""U919"":1,""U223"":1,""U378"":1,""U64"":1,""U495"":1,""U344"":1,""U594"":1,""U700"":1,""U842"":1,""U130"":1,""U922"":1,""U987"":1,""U454"":1,""U477"":1,""U239"":1,""U51"":1,""U731"":1,""U868"":1,""U989"":1,""U819"":1,""U946"":1,""U607"":1,""U617"":1,""U320"":1,""U411"":1,""U810"":1,""U34"":1,""U760"":1,""U934"":1,""U199"":1,""U405"":1,""U787"":1,""U304"":1,""U338"":2,""U518"":1,""U772"":1,""U37"":1,""U590"":1,""U706"":1,""U881"":1,""U296"":1,""U221"":1,""U954"":1,""U376"":1,""U328"":1,""U743"":1,""U669"":2,""U108"":1,""U134"":1,""U484"":1,""U486"":1,""U693"":1,""U627"":1,""U63"":1,""U718"":1,""U20"":1,""U847"":1,""U885"":1,""U171"":1,""U279"":1,""U501"":1,""U660"":1,""U794"":1,""U206"":1,""U202"":1,""U921"":1,""U339"":1,""U633"":1,""U818"":1,""U284"":1,""U882"":1,""U976"":1,""U247"":1,""U653"":1,""U879"":1,""U680"":1,""U232"":1,""U105"":1,""U723"":1,""U352"":1,""U114"":1,""U227"":1,""U56"":1,""U574"":1,""U613"":1,""U70"":1,""U414"":1,""U877"":1,""U442"":1,""U490"":1,""U838"":1,""U848"":1,""U931"":2,""U120"":2,""U146"":1,""U173"":1,""U412"":1,""U965"":1,""U821"":1,""U85"":2,""U418"":1,""U721"":1,""U549"":1,""U467"":1,""U400"":1,""U380"":1,""U194"":1,""U200"":1,""U843"":1,""U558"":1,""U453"":1,""U258"":1,""U360"":1,""U670"":1,""U662"":1,""U106"":1,""U694"":1,""U598"":1,""U567"":1,""U36"":1,""U242"":1,""U894"":1,""U375"":1,""U521"":1,""U586"":1,""U66"":1,""U79"":1,""U387"":1,""U99"":1,""U317"":2,""U313"":2,""U541"":1,""U840"":1,""U562"":2,""U824"":1,""U871"":1,""U509"":1,""U911"":1,""U278"":1,""U410"":1,""U22"":1,""U804"":1,""U603"":1,""U310"":1,""U395"":2,""U367"":1,""U939"":3,""U181"":1,""U929"":1,""U96"":1,""U10"":1,""U785"":1,""U924"":1,""U789"":1,""U381"":1,""U189"":1,""U107"":1,""U974"":1,""U784"":1,""U697"":1,""U372"":1,""U293"":1,""U836"":1,""U991"":1,""U264"":1,""U7"":1,""U551"":1,""U636"":1,""U647"":1,""U782"":2,""U856"":1,""U563"":1,""U374"":1,""U345"":1,""U502"":1,""U678"":1,""U481"":1,""U855"":1,""U404"":1,""U138"":1,""U324"":1,""U920"":1,""U119"":1,""U347"":1,""U764"":1,""U316"":2,""U900"":1,""U730"":1,""U377"":1,""U386"":1,""U437"":1,""U529"":1,""U595"":1,""U48"":1,""U943"":1,""U859"":1,""U9"":1,""U559"":1,""U652"":1,""U862"":1,""U512"":1,""U625"":1,""U152"":1,""U945"":1,""U289"":1,""U896"":1,""U188"":1,""U639"":1,""U646"":1,""U769"":1,""U399"":1,""U274"":1,""U446"":1,""U631"":1,""U438"":1,""U90"":1,""U54"":1,""U996"":1,""U866"":1,""U435"":1,""U307"":1,""U923"":1,""U732"":1,""U713"":1,""U445"":1,""U393"":1,""U403"":1,""U937"":1,""U450"":1,""U737"":1,""U356"":1,""U93"":1,""U430"":1,""U84"":1,""U291"":1,""U687"":2,""U548"":1,""U192"":1,""U259"":1,""U102"":1,""U476"":1,""U364"":2,""U556"":1,""U887"":1,""U958"":1,""U355"":1,""U373"":1,""U891"":1,""U128"":1,""U459"":1,""U657"":1,""U198"":1,""U494"":1,""U27"":1,""U191"":1,""U124"":1,""U985"":1,""U664"":1,""U623"":1,""U635"":1,""U733"":1,""U637"":1,""U28"":1,""U52"":1,""U251"":1,""U314"":1,""U952"":2,""U254"":1,""U950"":1,""U69"":1,""U507"":1,""U112"":1,""U849"":1,""U329"":1,""U201"":1,""U281"":1,""U774"":1,""U2"":1,""U333"":1,""U704"":1,""U92"":1,""U766"":1,""U449"":1,""U308"":1,""U286"":1,""U32"":1,""U298"":1,""U283"":1,""U707"":1,""U123"":1,""U668"":1,""U58"":1,""U205"":1,""U172"":1,""U12"":1,""U654"":1,""U626"":1,""U224"":1,""U609"":1,""U277"":1,""U30"":1,""U409"":1,""U517"":2,""U593"":1,""U803"":1,""U330"":1,""U220"":1,""U388"":1,""U736"":1,""U309"":1,""U724"":1,""U271"":1,""U643"":1,""U620"":1,""U674"":1,""U379"":2,""U683"":1,""U834"":1,""U86"":1,""U26"":1,""U236"":1,""U825"":1,""U951"":1,""U163"":1,""U110"":1,""U949"":1,""U655"":1,""U629"":1,""U358"":1,""U514"":1,""U608"":1,""U618"":1,""U770"":1,""U159"":2,""U947"":1,""U98"":1,""U744"":1,""U245"":1,""U44"":1,""U649"":1,""U712"":1,""U137"":1,""U168"":1,""U53"":1,""U975"":1,""U673"":1,""U95"":1,""U424"":1,""U539"":1,""U301"":1,""U165"":1,""U460"":1,""U500"":1,""U942"":1,""U288"":1,""U570"":1,""U928"":1,""U962"":1,""U547"":1,""U638"":1,""U532"":2,""U426"":1,""U21"":1,""U306"":1,""U963"":1,""U342"":1,""U33"":1,""U272"":1,""U253"":1,""U777"":1,""U992"":1,""U170"":1,""U15"":1,""U601"":1,""U575"":1,""U977"":1,""U100"":1,""U799"":1,""U621"":1,""U65"":1,""U747"":1,""U427"":1,""U365"":1,""U295"":1,""U970"":1,""U526"":1,""U835"":1,""U801"":1,""U600"":1,""U38"":1,""U366"":1,""U499"":1,""U478"":1,""U23"":1,""U982"":1,""U845"":1,""U126"":1,""U111"":1,""U432"":1,""U519"":1,""U802"":1,""U606"":1,""U212"":1,""U612"":1,""U16"":1,""U875"":1,""U663"":1,""U561"":2,""U557"":1,""U538"":1,""U431"":1,""U553"":1,""U257"":1,""U758"":1,""U420"":1,""U906"":1,""U762"":1,""U129"":1,""U651"":1,""U941"":1,""U523"":1,""U275"":1,""U439"":3,""U800"":1,""U263"":2,""U935"":1,""U87"":1,""U708"":1,""U282"":1,""U741"":1,""U748"":1,""U357"":1,""U815"":1,""U475"":1,""U323"":1,""U645"":1,""U667"":1,""U580"":1,""U525"":1,""U57"":1,""U473"":1,""U589"":1,""U826"":1,""U331"":1,""U413"":1,""U6"":1,""U560"":1,""U632"":1,""U682"":1,""U576"":1,""U846"":1,""U926"":1,""U456"":1,""U148"":1,""U671"":1,""U505"":1,""U753"":1,""U217"":1,""U428"":1,""U933"":1,""U187"":1,""U332"":1,""U823"":1,""U209"":1,""U262"":2,""U305"":1,""U452"":1,""U45"":1,""U889"":1,""U443"":1,""U417"":1,""U319"":1,""U853"":1,""U469"":1,""U255"":1,""U73"":1,""U734"":1,""U715"":1,""U983"":1,""U910"":1,""U41"":1,""U75"":1,""U248"":1,""U103"":1,""U222"":1,""U795"":1,""U479"":1,""U659"":1,""U369"":1,""U897"":1,""U811"":1,""U398"":1,""U537"":1,""U406"":1,""U806"":1,""U661"":2,""U354"":1,""U235"":1,""U648"":1,""U226"":1,""U178"":1,""U727"":1,""U267"":1,""U688"":1,""U161"":1,""U394"":1,""U497"":1,""U830"":1,""U498"":1,""U749"":1,""U999"":1,""U195"":1,""U349"":1,""U767"":1,""U391"":1,""U542"":1,""U878"":1,""U699"":1,""U572"":1,""U679"":1,""U722"":1,""U72"":1,""U698"":1,""U677"":1,""U361"":1,""U60"":1,""U153"":1,""U913"":1,""U773"":1,""U451"":1,""U196"":1,""U231"":1,""U493"":1,""U908"":1,""U151"":1,""U47"":1,""U218"":1,""U530"":2,""U986"":1,""U535"":1,""U94"":1,""U788"":1,""U644"":1,""U368"":1,""U759"":1,""U290"":1,""U169"":1,""U3"":1,""U266"":1,""U240"":2,""U136"":1,""U343"":1,""U585"":1,""U315"":1,""U676"":1,""U628"":1,""U383"":1,""U990"":1,""U97"":1,""U865"":1,""U408"":1,""U755"":1,""U615"":2,""U77"":1,""U884"":1,""U350"":1,""U940"":1,""U353"":1,""U960"":1,""U516"":2,""U703"":1,""U604"":1,""U684"":1,""U140"":1,""U125"":1,""U912"":1,""U89"":1,""U780"":1,""U506"":1,""U972"":1,""U312"":1,""U276"":1,""U689"":1,""U193"":1,""U234"":2,""U145"":1,""U817"":1,""U237"":1,""U465"":1,""U591"":1,""U150"":1,""U348"":1,""U527"":1,""U581"":1,""U461"":1,""U813"":1,""U244"":1,""U88"":1,""U903"":1,""U131"":1,""U870"":1,""U973"":1,""U480"":1,""U997"":1,""U812"":1,""U261"":1,""U711"":1,""U230"":1,""U423"":1,""U901"":1,""U573"":1,""U280"":1,""U14"":1,""U692"":1,""U726"":1,""U252"":1,""U256"":1,""U916"":1,""U915"":1,""U907"":1,""U524"":1,""U918"":1,""U932"":1,""U710"":1,""U162"":1,""U899"":1,""U540"":1,""U854"":1,""U858"":1,""U756"":1,""U143"":1,""U210"":1,""U814"":1,""U805"":1,""U299"":1,""U883"":1,""U696"":1,""U640"":1,""U311"":1,""U852"":1,""U327"":1,""U827"":1,""U605"":1,""U176"":1,""U466"":1,""U566"":1,""U121"":1,""U292"":1,""U971"":1,""U363"":1,""U390"":1,""U905"":1,""U132"":1,""U219"":1,""U515"":1,""U790"":1,""U346"":1,""U334"":1,""U850"":2,""U779"":3,""U1"":1,""U43"":1,""U597"":1,""U302"":1,""U260"":1,""U860"":1,""U702"":1,""U543"":1,""U957"":1,""U725"":1,""U371"":1,""U658"":1,""U528"":1,""U552"":1,""U503"":1,""U642"":1,""U76"":1,""U488"":1,""U29"":1,""U471"":1,""U117"":1,""U709"":1,""U67"":1,""U510"":1,""U13"":1,""U351"":1,""U149"":1,""U895"":1,""U489"":1,""U472"":1,""U872"":1,""U135"":1,""U144"":1,""U116"":1,""U624"":1,""U565"":1,""U167"":1,""U421"":1,""U225"":1,""U115"":1,""U250"":1,""U650"":2,""U241"":1,""U568"":1,""U720"":1,""U775"":1,""U416"":1,""U763"":1,""U434"":1,""U531"":1,""U797"":1,""U754"":1,""U994"":1,""U82"":1,""U496"":1,""U690"":1,""U880"":1,""U582"":2,""U300"":1,""U622"":1,""U964"":1,""U216"":1,""U861"":1,""U588"":1,""U270"":1,""U738"":1,""U78"":1,""U436"":1,""U39"":1,""U68"":1,""U969"":1,""U462"":1,""U183"":2,""U287"":1,""U602"":1,""U204"":1,""U904"":1,""U807"":1,""U382"":1,""U791"":1,""U714"":1,""U154"":1,""U844"":1,""U630"":1,""U641"":1,""U781"":1,""U127"":1,""U182"":1,""U564"":1,""U207"":1,""U268"":1,""U61"":1,""U656"":1,""U141"":1,""U464"":1,""U433"":1,""U857"":1,""U158"":1,""U948"":1,""U157"":1,""U17"":1,""U686"":1,""U902"":1,""U740"":1,""U752"":1,""U40"":1,""U164"":1,""U474"":1,""U545"":1,""U133"":1,""U596"":1,""U745"":1,""U425"":1,""U175"":1,""U978"":1,""U504"":1,""U1000"":1,""U995"":1,""U739"":1,""U837"":1,""U511"":1,""U577"":1,""U717"":1,""U786"":1,""U968"":1,""U101"":1,""U768"":1,""U122"":1,""U936"":1,""U458"":1,""U483"":1,""U546"":1,""U841"":1,""U719"":1,""U337"":1,""U190"":1,""U80"":1,""U793"":1,""U447"":1,""U470"":1,""U401"":1,""U925"":2,""U695"":1,""U392"":1,""U833"":1,""U742"":1,""U832"":1,""U457"":1,""U468"":1,""U672"":1,""U750"":1,""U956"":1,""U482"":1,""U303"":1,""U59"":1,""U831"":1,""U914"":1,""U809"":1,""U822"":1,""U208"":1,""U681"":1,""U944"":1,""U55"":1,""U185"":1,""U610"":1,""U214"":1,""U665"":1,""U988"":1,""U4"":1,""U389"":1,""U746"":9,""U765"":1,""U959"":1,""U544"":1,""U599"":1,""U325"":1,""U522"":1,""U890"":1,""U402"":1,""U297"":1,""U25"":1,""U228"":1,""U587"":1,""U174"":1,""U778"":1,""U705"":1,""U792"":1,""U796"":1,""U215"":1,""U798"":1,""U42"":4,""U463"":1,""U113"":1,""U675"":1,""U440"":1,""U104"":1,""U998"":1,""U771"":1,""U808"":2,""U938"":1,""U246"":1,""U536"":1,""U384"":1,""U955"":1,""U294"":1,""U873"":1,""U967"":1,""U701"":1,""U249"":1,""U233"":1,""U863"":1,""U888"":1,""U422"":1,""U362"":1,""U550"":1,""U160"":1,""U513"":1,""U407"":1,""U11"":1,""U180"":1,""U265"":1,""U554"":1,""U336"":1,""U197"":1,""U927"":2,""U487"":1,""U829"":1,""U18"":1,""U520"":1,""U555"":1,""U211"":1,""U898"":1,""U429"":1}",588.6089994907379,,,,,true,1000,,,Gurobi,gurobi_10min,true,600.0,20260829,16,16,100,,false,ok,0.09500002861022949,network_balanced,network_balanced_hardness_sweep,16,,588.6089994907379,11.608000040054321
1,,,,,-2258.0,Optimal,,MIPSolver,,0.5,karlsruhe_network_balanced_n100_b50_u1000_path_no_dominance,karlsruhe,,false,0.0,100,1542,100,100,0.5,200,50,aachen_osm_gtfs_bike_agg100_p100_b50_u1000,8756,400,1000,,,11.149999856948853,600.0,labeling,,,path,path_no_dominance,false,"{""U828"":1,""U396"":1,""U448"":1,""U893"":1,""U19"":1,""U166"":1,""U91"":1,""U155"":1,""U415"":1,""U385"":1,""U980"":1,""U184"":1,""U909"":1,""U716"":1,""U238"":1,""U326"":1,""U851"":1,""U993"":1,""U917"":1,""U930"":1,""U142"":1,""U619"":1,""U24"":1,""U109"":2,""U229"":1,""U569"":1,""U179"":1,""U397"":1,""U491"":1,""U892"":1,""U243"":1,""U485"":1,""U961"":1,""U186"":1,""U359"":1,""U874"":1,""U876"":1,""U691"":1,""U285"":1,""U981"":1,""U492"":1,""U867"":1,""U614"":2,""U444"":1,""U583"":1,""U728"":1,""U735"":1,""U886"":1,""U616"":1,""U341"":1,""U816"":1,""U118"":1,""U533"":1,""U35"":1,""U49"":1,""U321"":1,""U685"":1,""U62"":1,""U5"":1,""U74"":1,""U203"":1,""U729"":1,""U81"":1,""U571"":3,""U776"":1,""U820"":1,""U979"":1,""U984"":1,""U213"":1,""U8"":2,""U455"":2,""U177"":1,""U318"":1,""U31"":2,""U611"":1,""U83"":1,""U50"":1,""U139"":1,""U634"":1,""U751"":1,""U370"":1,""U864"":1,""U508"":1,""U869"":1,""U269"":1,""U46"":1,""U147"":1,""U322"":1,""U666"":1,""U839"":1,""U71"":1,""U335"":2,""U419"":1,""U578"":1,""U579"":1,""U156"":1,""U953"":1,""U592"":1,""U584"":1,""U534"":1,""U441"":1,""U966"":1,""U757"":1,""U761"":1,""U783"":1,""U273"":1,""U340"":1,""U919"":1,""U223"":1,""U378"":1,""U64"":1,""U495"":1,""U344"":1,""U594"":1,""U700"":1,""U842"":1,""U130"":1,""U922"":1,""U987"":1,""U454"":1,""U477"":1,""U239"":1,""U51"":1,""U731"":1,""U868"":1,""U989"":2,""U819"":1,""U946"":1,""U607"":1,""U617"":1,""U320"":1,""U411"":1,""U810"":1,""U34"":1,""U760"":1,""U934"":1,""U199"":1,""U405"":1,""U787"":1,""U304"":1,""U338"":2,""U518"":1,""U772"":1,""U37"":1,""U590"":1,""U706"":1,""U881"":1,""U296"":2,""U221"":1,""U954"":1,""U376"":1,""U328"":1,""U743"":1,""U669"":2,""U108"":1,""U134"":1,""U484"":1,""U486"":1,""U693"":1,""U627"":1,""U63"":1,""U718"":1,""U20"":1,""U847"":1,""U885"":1,""U171"":1,""U279"":1,""U501"":1,""U660"":1,""U794"":1,""U206"":1,""U202"":1,""U921"":1,""U339"":1,""U633"":1,""U818"":1,""U284"":1,""U882"":1,""U976"":1,""U247"":1,""U653"":1,""U879"":1,""U680"":1,""U232"":1,""U105"":1,""U723"":1,""U352"":1,""U114"":1,""U227"":1,""U56"":1,""U574"":1,""U613"":1,""U70"":1,""U414"":1,""U877"":1,""U442"":1,""U490"":1,""U838"":1,""U848"":1,""U931"":2,""U120"":2,""U146"":1,""U173"":1,""U412"":1,""U965"":1,""U821"":1,""U85"":2,""U418"":1,""U721"":1,""U549"":1,""U467"":1,""U400"":1,""U380"":1,""U194"":1,""U200"":1,""U843"":1,""U558"":1,""U453"":1,""U258"":1,""U360"":1,""U670"":1,""U662"":1,""U106"":1,""U694"":1,""U598"":1,""U567"":1,""U36"":1,""U242"":1,""U894"":1,""U375"":1,""U521"":2,""U586"":1,""U66"":1,""U79"":1,""U387"":1,""U99"":1,""U317"":2,""U313"":2,""U541"":1,""U840"":1,""U562"":3,""U824"":1,""U871"":1,""U509"":1,""U911"":1,""U278"":1,""U410"":1,""U22"":1,""U804"":1,""U603"":1,""U310"":1,""U395"":2,""U367"":1,""U939"":3,""U181"":1,""U929"":1,""U96"":1,""U10"":1,""U785"":1,""U924"":1,""U789"":1,""U381"":1,""U189"":1,""U107"":1,""U974"":1,""U784"":1,""U697"":2,""U372"":1,""U293"":1,""U836"":1,""U991"":1,""U264"":1,""U7"":1,""U551"":1,""U636"":1,""U647"":1,""U782"":2,""U856"":1,""U563"":1,""U374"":1,""U345"":1,""U502"":1,""U678"":1,""U481"":1,""U855"":1,""U404"":1,""U138"":1,""U324"":1,""U920"":1,""U119"":1,""U347"":1,""U764"":1,""U316"":2,""U900"":1,""U730"":1,""U377"":1,""U386"":1,""U437"":1,""U529"":1,""U595"":1,""U48"":1,""U943"":1,""U859"":1,""U9"":1,""U559"":1,""U652"":1,""U862"":1,""U512"":1,""U625"":1,""U152"":1,""U945"":1,""U289"":1,""U896"":1,""U188"":1,""U639"":1,""U646"":1,""U769"":1,""U399"":1,""U274"":1,""U446"":1,""U631"":1,""U438"":1,""U90"":1,""U54"":1,""U996"":1,""U866"":1,""U435"":1,""U307"":1,""U923"":1,""U732"":1,""U713"":1,""U445"":1,""U393"":1,""U403"":1,""U937"":1,""U450"":2,""U737"":1,""U356"":2,""U93"":1,""U430"":1,""U84"":1,""U291"":1,""U687"":2,""U548"":1,""U192"":1,""U259"":1,""U102"":1,""U476"":1,""U364"":2,""U556"":1,""U887"":1,""U958"":1,""U355"":1,""U373"":1,""U891"":1,""U128"":1,""U459"":1,""U657"":1,""U198"":1,""U494"":1,""U27"":1,""U191"":1,""U124"":1,""U985"":1,""U664"":1,""U623"":1,""U635"":1,""U733"":1,""U637"":1,""U28"":1,""U52"":1,""U251"":1,""U314"":1,""U952"":2,""U254"":1,""U950"":1,""U69"":1,""U507"":1,""U112"":1,""U849"":1,""U329"":1,""U201"":1,""U281"":1,""U774"":1,""U2"":1,""U333"":1,""U704"":1,""U92"":1,""U766"":1,""U449"":1,""U308"":1,""U286"":1,""U32"":1,""U298"":1,""U283"":1,""U707"":1,""U123"":1,""U668"":1,""U58"":1,""U205"":1,""U172"":1,""U12"":1,""U654"":1,""U626"":1,""U224"":1,""U609"":1,""U277"":1,""U30"":1,""U409"":1,""U517"":2,""U593"":1,""U803"":1,""U330"":1,""U220"":1,""U388"":1,""U736"":1,""U309"":1,""U724"":1,""U271"":1,""U643"":1,""U620"":1,""U674"":1,""U379"":2,""U683"":1,""U834"":1,""U86"":1,""U26"":1,""U236"":1,""U825"":1,""U951"":1,""U163"":1,""U110"":1,""U949"":1,""U655"":1,""U629"":1,""U358"":1,""U514"":1,""U608"":1,""U618"":1,""U770"":1,""U159"":2,""U947"":1,""U98"":1,""U744"":1,""U245"":1,""U44"":1,""U649"":1,""U712"":1,""U137"":1,""U168"":1,""U53"":1,""U975"":1,""U673"":1,""U95"":1,""U424"":1,""U539"":1,""U301"":1,""U165"":1,""U460"":2,""U500"":1,""U942"":1,""U288"":1,""U570"":1,""U928"":1,""U962"":1,""U547"":1,""U638"":1,""U532"":2,""U426"":1,""U21"":1,""U306"":1,""U963"":1,""U342"":1,""U33"":1,""U272"":1,""U253"":1,""U777"":1,""U992"":1,""U170"":1,""U15"":1,""U601"":1,""U575"":2,""U977"":1,""U100"":1,""U799"":1,""U621"":1,""U65"":1,""U747"":1,""U427"":1,""U365"":1,""U295"":1,""U970"":1,""U526"":1,""U835"":1,""U801"":1,""U600"":1,""U38"":1,""U366"":1,""U499"":1,""U478"":1,""U23"":1,""U982"":1,""U845"":1,""U126"":1,""U111"":1,""U432"":1,""U519"":1,""U802"":1,""U606"":1,""U212"":1,""U612"":1,""U16"":1,""U875"":1,""U663"":1,""U561"":2,""U557"":1,""U538"":1,""U431"":1,""U553"":1,""U257"":1,""U758"":1,""U420"":1,""U906"":1,""U762"":1,""U129"":1,""U651"":1,""U941"":1,""U523"":1,""U275"":1,""U439"":3,""U800"":1,""U263"":3,""U935"":1,""U87"":1,""U708"":1,""U282"":1,""U741"":1,""U748"":1,""U357"":1,""U815"":1,""U475"":1,""U323"":1,""U645"":1,""U667"":1,""U580"":1,""U525"":1,""U57"":1,""U473"":1,""U589"":1,""U826"":1,""U331"":1,""U413"":1,""U6"":1,""U560"":1,""U632"":1,""U682"":2,""U576"":1,""U846"":1,""U926"":1,""U456"":1,""U148"":1,""U671"":1,""U505"":1,""U753"":1,""U217"":1,""U428"":1,""U933"":1,""U187"":1,""U332"":1,""U823"":1,""U209"":1,""U262"":3,""U305"":1,""U452"":1,""U45"":1,""U889"":1,""U443"":1,""U417"":1,""U319"":1,""U853"":1,""U469"":1,""U255"":1,""U73"":1,""U734"":1,""U715"":1,""U983"":1,""U910"":1,""U41"":1,""U75"":1,""U248"":1,""U103"":1,""U222"":1,""U795"":1,""U479"":1,""U659"":1,""U369"":1,""U897"":1,""U811"":1,""U398"":1,""U537"":1,""U406"":1,""U806"":1,""U661"":2,""U354"":1,""U235"":1,""U648"":1,""U226"":1,""U178"":1,""U727"":1,""U267"":1,""U688"":1,""U161"":2,""U394"":1,""U497"":1,""U830"":1,""U498"":1,""U749"":1,""U999"":1,""U195"":1,""U349"":1,""U767"":1,""U391"":1,""U542"":1,""U878"":1,""U699"":1,""U572"":1,""U679"":1,""U722"":1,""U72"":1,""U698"":1,""U677"":1,""U361"":1,""U60"":1,""U153"":1,""U913"":1,""U773"":1,""U451"":1,""U196"":1,""U231"":1,""U493"":1,""U908"":1,""U151"":1,""U47"":1,""U218"":1,""U530"":2,""U986"":1,""U535"":1,""U94"":1,""U788"":1,""U644"":1,""U368"":1,""U759"":1,""U290"":1,""U169"":1,""U3"":1,""U266"":1,""U240"":2,""U136"":1,""U343"":1,""U585"":1,""U315"":1,""U676"":1,""U628"":1,""U383"":1,""U990"":1,""U97"":1,""U865"":1,""U408"":1,""U755"":1,""U615"":2,""U77"":1,""U884"":1,""U350"":1,""U940"":1,""U353"":1,""U960"":1,""U516"":2,""U703"":1,""U604"":1,""U684"":1,""U140"":1,""U125"":1,""U912"":1,""U89"":1,""U780"":1,""U506"":1,""U972"":1,""U312"":1,""U276"":2,""U689"":1,""U193"":1,""U234"":2,""U145"":1,""U817"":1,""U237"":1,""U465"":1,""U591"":1,""U150"":1,""U348"":1,""U527"":1,""U581"":1,""U461"":1,""U813"":1,""U244"":1,""U88"":1,""U903"":1,""U131"":1,""U870"":1,""U973"":1,""U480"":1,""U997"":1,""U812"":1,""U261"":1,""U711"":1,""U230"":1,""U423"":1,""U901"":1,""U573"":1,""U280"":1,""U14"":1,""U692"":1,""U726"":1,""U252"":1,""U256"":1,""U916"":1,""U915"":1,""U907"":1,""U524"":1,""U918"":1,""U932"":1,""U710"":1,""U162"":1,""U899"":1,""U540"":1,""U854"":1,""U858"":1,""U756"":1,""U143"":1,""U210"":1,""U814"":1,""U805"":1,""U299"":1,""U883"":1,""U696"":1,""U640"":1,""U311"":1,""U852"":1,""U327"":1,""U827"":1,""U605"":1,""U176"":1,""U466"":1,""U566"":1,""U121"":1,""U292"":1,""U971"":1,""U363"":1,""U390"":1,""U905"":1,""U132"":1,""U219"":1,""U515"":1,""U790"":1,""U346"":1,""U334"":1,""U850"":2,""U779"":3,""U1"":1,""U43"":1,""U597"":1,""U302"":1,""U260"":1,""U860"":1,""U702"":1,""U543"":1,""U957"":1,""U725"":1,""U371"":1,""U658"":1,""U528"":1,""U552"":1,""U503"":1,""U642"":1,""U76"":1,""U488"":1,""U29"":1,""U471"":1,""U117"":1,""U709"":1,""U67"":1,""U510"":1,""U13"":1,""U351"":1,""U149"":1,""U895"":1,""U489"":1,""U472"":1,""U872"":1,""U135"":1,""U144"":1,""U116"":1,""U624"":1,""U565"":1,""U167"":1,""U421"":1,""U225"":1,""U115"":1,""U250"":1,""U650"":2,""U241"":1,""U568"":1,""U720"":1,""U775"":1,""U416"":1,""U763"":1,""U434"":1,""U531"":1,""U797"":1,""U754"":1,""U994"":1,""U82"":1,""U496"":1,""U690"":1,""U880"":1,""U582"":2,""U300"":1,""U622"":1,""U964"":1,""U216"":1,""U861"":1,""U588"":1,""U270"":1,""U738"":1,""U78"":1,""U436"":1,""U39"":1,""U68"":1,""U969"":1,""U462"":1,""U183"":3,""U287"":1,""U602"":1,""U204"":1,""U904"":1,""U807"":1,""U382"":1,""U791"":1,""U714"":1,""U154"":1,""U844"":1,""U630"":1,""U641"":1,""U781"":1,""U127"":1,""U182"":1,""U564"":1,""U207"":1,""U268"":1,""U61"":1,""U656"":1,""U141"":1,""U464"":1,""U433"":1,""U857"":1,""U158"":1,""U948"":1,""U157"":1,""U17"":1,""U686"":1,""U902"":1,""U740"":1,""U752"":1,""U40"":1,""U164"":1,""U474"":1,""U545"":1,""U133"":1,""U596"":1,""U745"":1,""U425"":1,""U175"":1,""U978"":1,""U504"":1,""U1000"":1,""U995"":1,""U739"":1,""U837"":1,""U511"":1,""U577"":1,""U717"":1,""U786"":1,""U968"":1,""U101"":1,""U768"":1,""U122"":1,""U936"":1,""U458"":1,""U483"":1,""U546"":1,""U841"":1,""U719"":1,""U337"":1,""U190"":1,""U80"":1,""U793"":1,""U447"":1,""U470"":1,""U401"":1,""U925"":2,""U695"":1,""U392"":1,""U833"":1,""U742"":1,""U832"":1,""U457"":1,""U468"":1,""U672"":1,""U750"":1,""U956"":1,""U482"":1,""U303"":1,""U59"":1,""U831"":1,""U914"":1,""U809"":1,""U822"":1,""U208"":1,""U681"":1,""U944"":1,""U55"":1,""U185"":1,""U610"":1,""U214"":1,""U665"":1,""U988"":1,""U4"":1,""U389"":1,""U746"":13,""U765"":1,""U959"":1,""U544"":1,""U599"":1,""U325"":1,""U522"":1,""U890"":1,""U402"":1,""U297"":1,""U25"":1,""U228"":1,""U587"":1,""U174"":1,""U778"":1,""U705"":1,""U792"":1,""U796"":1,""U215"":1,""U798"":1,""U42"":5,""U463"":1,""U113"":1,""U675"":1,""U440"":1,""U104"":1,""U998"":1,""U771"":1,""U808"":2,""U938"":1,""U246"":1,""U536"":1,""U384"":1,""U955"":1,""U294"":1,""U873"":1,""U967"":1,""U701"":1,""U249"":1,""U233"":1,""U863"":1,""U888"":1,""U422"":1,""U362"":1,""U550"":1,""U160"":1,""U513"":1,""U407"":1,""U11"":1,""U180"":1,""U265"":1,""U554"":1,""U336"":2,""U197"":1,""U927"":2,""U487"":1,""U829"":1,""U18"":1,""U520"":1,""U555"":1,""U211"":1,""U898"":1,""U429"":1}",588.8500001430511,,,,,false,1000,,,Gurobi,gurobi_10min,true,600.0,20260829,16,16,100,,false,ok,0.10199999809265137,network_balanced,network_balanced_hardness_sweep,16,,588.8500001430511,11.424999952316284
1,,,,,-918.0,Timelimit,,MIPSolver,,0.5,karlsruhe_network_balanced_n150_b50_u300_sd_fixed_network_path,karlsruhe,,false,0.0005676585051616548,150,2480,150,150,0.5,300,75,aachen_osm_gtfs_bike_agg150_p150_b50_u300,13876,600,300,fixed_network_path,true,,,,false,,sd,sd_fixed_network_path,,,,,,,,,300,,,Gurobi,gurobi_10min,true,600.0,20260829,16,16,150,,false,timeout,601.5820000171661,network_balanced,network_balanced_hardness_sweep,16,,600.0,800.1060001850128
0,,,,,,Memory_Limit,,MIPSolver,,0.5,karlsruhe_network_balanced_n150_b50_u300_sd_n_minus_1,karlsruhe,,false,1.0e100,150,2480,150,150,0.5,300,75,aachen_osm_gtfs_bike_agg150_p150_b50_u300,13876,600,300,n_minus_one_most_expensive,true,,,,false,,sd,sd_n_minus_1,,,,,,,,,300,,,Gurobi,gurobi_10min,true,600.0,20260829,16,16,150,,false,memory_limit,202.67200016975403,network_balanced,network_balanced_hardness_sweep,16,,600.0,352.239000082016
1,,1500,,300,-918.0,Optimal,6.6818100000000005,BlCSolver,,0.5,karlsruhe_network_balanced_n150_b50_u300_blc_astar_fixed_network_path,karlsruhe,,false,0.0,150,2480,150,150,0.5,300,75,aachen_osm_gtfs_bike_agg150_p150_b50_u300,13876,600,300,fixed_network_path,,,,,,4177277,blc,blc_astar_fixed_network_path,,,,0,0,astar,null,,300,true,16,Gurobi,gurobi_10min,true,600.0,20260829,16,16,150,,false,ok,399.220999956131,network_balanced,network_balanced_hardness_sweep,16,16,600.0,558.8420000076294
1,,1200,,300,-918.0,Optimal,3.7057931,BlCSolver,,0.5,karlsruhe_network_balanced_n150_b50_u300_blc_astar_n_minus_1,karlsruhe,,false,0.0,150,2480,150,150,0.5,300,75,aachen_osm_gtfs_bike_agg150_p150_b50_u300,13876,600,300,n_minus_one_most_expensive,,,,,,4177277,blc,blc_astar_n_minus_1,,,,0,0,astar,null,,300,true,16,Gurobi,gurobi_10min,true,600.0,20260829,16,16,150,,false,ok,410.4190001487732,network_balanced,network_balanced_hardness_sweep,16,16,600.0,526.819000005722
1,,,,,-918.0,Optimal,,MIPSolver,,0.5,karlsruhe_network_balanced_n150_b50_u300_path_dominance,karlsruhe,,false,0.0,150,2480,150,150,0.5,300,75,aachen_osm_gtfs_bike_agg150_p150_b50_u300,13876,600,300,,,5.780999660491943,600.0,labeling,,,path,path_dominance,false,"{""U23"":1,""U96"":1,""U10"":1,""U126"":1,""U176"":1,""U111"":1,""U19"":1,""U166"":1,""U91"":1,""U189"":1,""U107"":2,""U212"":1,""U121"":1,""U292"":1,""U16"":1,""U155"":1,""U293"":1,""U264"":1,""U7"":1,""U132"":1,""U219"":2,""U257"":1,""U184"":1,""U129"":1,""U275"":1,""U238"":3,""U142"":1,""U1"":1,""U24"":1,""U263"":1,""U43"":1,""U260"":3,""U87"":1,""U109"":1,""U138"":1,""U229"":1,""U119"":1,""U179"":1,""U282"":1,""U243"":1,""U186"":1,""U48"":1,""U57"":1,""U76"":2,""U9"":1,""U29"":1,""U117"":1,""U285"":1,""U67"":1,""U6"":1,""U13"":1,""U149"":1,""U152"":1,""U289"":1,""U188"":1,""U135"":1,""U144"":1,""U148"":1,""U116"":1,""U274"":1,""U167"":1,""U217"":1,""U118"":1,""U187"":1,""U225"":1,""U115"":1,""U250"":1,""U209"":1,""U241"":1,""U262"":1,""U35"":1,""U90"":1,""U54"":1,""U45"":1,""U49"":1,""U62"":1,""U5"":1,""U74"":1,""U203"":1,""U255"":1,""U82"":1,""U73"":1,""U81"":2,""U213"":1,""U8"":1,""U41"":1,""U300"":1,""U177"":1,""U31"":2,""U75"":1,""U83"":1,""U50"":1,""U93"":1,""U216"":1,""U139"":3,""U270"":1,""U78"":1,""U84"":1,""U269"":1,""U46"":1,""U147"":1,""U39"":1,""U68"":1,""U248"":1,""U71"":1,""U291"":1,""U192"":1,""U259"":2,""U103"":1,""U102"":1,""U222"":1,""U183"":1,""U156"":1,""U287"":1,""U204"":1,""U128"":1,""U235"":1,""U154"":1,""U273"":1,""U198"":1,""U226"":1,""U178"":1,""U27"":1,""U191"":1,""U223"":1,""U124"":1,""U267"":1,""U64"":1,""U127"":2,""U182"":1,""U207"":3,""U161"":1,""U130"":1,""U268"":2,""U61"":1,""U141"":1,""U239"":1,""U51"":1,""U158"":1,""U28"":1,""U52"":1,""U157"":1,""U251"":4,""U17"":1,""U195"":1,""U254"":1,""U69"":1,""U112"":1,""U40"":1,""U164"":1,""U72"":1,""U34"":1,""U133"":1,""U199"":1,""U175"":1,""U201"":1,""U281"":1,""U60"":1,""U2"":2,""U153"":1,""U37"":1,""U92"":1,""U196"":1,""U231"":1,""U296"":1,""U286"":1,""U221"":1,""U32"":1,""U151"":1,""U47"":1,""U218"":1,""U298"":1,""U94"":1,""U101"":1,""U283"":1,""U108"":1,""U122"":1,""U123"":2,""U134"":1,""U58"":2,""U205"":1,""U172"":1,""U290"":1,""U12"":2,""U169"":1,""U224"":1,""U3"":1,""U266"":1,""U63"":1,""U240"":1,""U136"":1,""U20"":1,""U190"":1,""U277"":1,""U30"":1,""U80"":1,""U171"":1,""U220"":1,""U279"":1,""U206"":1,""U202"":1,""U271"":1,""U97"":1,""U284"":1,""U77"":1,""U247"":1,""U232"":2,""U105"":1,""U114"":1,""U227"":1,""U59"":1,""U56"":1,""U86"":1,""U26"":1,""U236"":1,""U70"":1,""U208"":1,""U140"":1,""U125"":1,""U163"":1,""U89"":1,""U55"":1,""U110"":1,""U159"":1,""U185"":1,""U214"":1,""U120"":1,""U4"":1,""U98"":1,""U146"":1,""U276"":1,""U173"":1,""U245"":1,""U44"":1,""U193"":1,""U137"":1,""U168"":1,""U85"":1,""U53"":1,""U95"":1,""U297"":1,""U234"":1,""U194"":1,""U200"":1,""U25"":1,""U145"":1,""U228"":1,""U174"":1,""U165"":1,""U258"":1,""U288"":1,""U215"":1,""U237"":1,""U42"":1,""U113"":1,""U106"":1,""U150"":1,""U104"":1,""U244"":1,""U36"":1,""U21"":1,""U242"":1,""U88"":1,""U131"":1,""U33"":1,""U66"":1,""U246"":1,""U272"":1,""U79"":1,""U253"":1,""U261"":1,""U99"":1,""U230"":1,""U170"":1,""U15"":1,""U294"":1,""U280"":1,""U14"":1,""U249"":1,""U252"":1,""U256"":1,""U233"":1,""U100"":1,""U278"":1,""U160"":1,""U22"":1,""U65"":1,""U11"":1,""U180"":1,""U162"":1,""U265"":1,""U295"":1,""U197"":1,""U143"":1,""U210"":1,""U38"":1,""U18"":1,""U299"":1,""U211"":1,""U181"":1}",594.219000339508,,,,,true,300,,,Gurobi,gurobi_10min,true,600.0,20260829,16,16,150,,false,ok,0.032000064849853516,network_balanced,network_balanced_hardness_sweep,16,,594.219000339508,5.931999921798706
0,,,,,-918.0,Optimal,,MIPSolver,,0.5,karlsruhe_network_balanced_n150_b50_u300_path_no_dominance,karlsruhe,,false,0.0,150,2480,150,150,0.5,300,75,aachen_osm_gtfs_bike_agg150_p150_b50_u300,13876,600,300,,,5.733999967575073,600.0,labeling,,,path,path_no_dominance,false,"{""U23"":1,""U96"":1,""U10"":1,""U126"":1,""U176"":1,""U111"":1,""U19"":1,""U166"":1,""U91"":1,""U189"":1,""U107"":2,""U212"":1,""U121"":1,""U292"":1,""U16"":1,""U155"":1,""U293"":1,""U264"":1,""U7"":1,""U132"":1,""U219"":2,""U257"":1,""U184"":1,""U129"":1,""U275"":1,""U238"":3,""U142"":1,""U1"":1,""U24"":1,""U263"":1,""U43"":1,""U260"":5,""U87"":1,""U109"":1,""U138"":1,""U229"":1,""U119"":1,""U179"":1,""U282"":1,""U243"":1,""U186"":1,""U48"":1,""U57"":1,""U76"":2,""U9"":1,""U29"":1,""U117"":2,""U285"":1,""U67"":1,""U6"":1,""U13"":1,""U149"":1,""U152"":1,""U289"":1,""U188"":1,""U135"":1,""U144"":1,""U148"":1,""U116"":1,""U274"":1,""U167"":1,""U217"":1,""U118"":1,""U187"":1,""U225"":1,""U115"":1,""U250"":1,""U209"":1,""U241"":1,""U262"":1,""U35"":1,""U90"":1,""U54"":1,""U45"":1,""U49"":1,""U62"":2,""U5"":1,""U74"":1,""U203"":1,""U255"":1,""U82"":1,""U73"":1,""U81"":2,""U213"":1,""U8"":1,""U41"":1,""U300"":1,""U177"":2,""U31"":3,""U75"":1,""U83"":1,""U50"":1,""U93"":1,""U216"":1,""U139"":9,""U270"":1,""U78"":2,""U84"":1,""U269"":1,""U46"":1,""U147"":1,""U39"":2,""U68"":1,""U248"":1,""U71"":1,""U291"":1,""U192"":1,""U259"":2,""U103"":1,""U102"":1,""U222"":1,""U183"":1,""U156"":1,""U287"":1,""U204"":1,""U128"":1,""U235"":2,""U154"":1,""U273"":1,""U198"":1,""U226"":1,""U178"":1,""U27"":1,""U191"":1,""U223"":1,""U124"":1,""U267"":1,""U64"":1,""U127"":2,""U182"":1,""U207"":3,""U161"":1,""U130"":1,""U268"":2,""U61"":1,""U141"":2,""U239"":1,""U51"":1,""U158"":1,""U28"":1,""U52"":1,""U157"":1,""U251"":4,""U17"":1,""U195"":1,""U254"":1,""U69"":1,""U112"":1,""U40"":1,""U164"":1,""U72"":1,""U34"":1,""U133"":1,""U199"":1,""U175"":1,""U201"":1,""U281"":1,""U60"":1,""U2"":2,""U153"":1,""U37"":1,""U92"":1,""U196"":1,""U231"":1,""U296"":1,""U286"":1,""U221"":1,""U32"":1,""U151"":1,""U47"":1,""U218"":1,""U298"":1,""U94"":1,""U101"":1,""U283"":1,""U108"":1,""U122"":1,""U123"":2,""U134"":1,""U58"":2,""U205"":1,""U172"":1,""U290"":1,""U12"":2,""U169"":1,""U224"":1,""U3"":1,""U266"":1,""U63"":1,""U240"":1,""U136"":1,""U20"":1,""U190"":1,""U277"":1,""U30"":1,""U80"":2,""U171"":2,""U220"":1,""U279"":1,""U206"":1,""U202"":1,""U271"":1,""U97"":1,""U284"":1,""U77"":1,""U247"":2,""U232"":2,""U105"":1,""U114"":1,""U227"":1,""U59"":1,""U56"":1,""U86"":1,""U26"":1,""U236"":1,""U70"":1,""U208"":1,""U140"":1,""U125"":1,""U163"":1,""U89"":1,""U55"":1,""U110"":1,""U159"":1,""U185"":1,""U214"":1,""U120"":1,""U4"":1,""U98"":1,""U146"":1,""U276"":1,""U173"":1,""U245"":1,""U44"":1,""U193"":1,""U137"":1,""U168"":1,""U85"":1,""U53"":1,""U95"":1,""U297"":1,""U234"":1,""U194"":1,""U200"":1,""U25"":1,""U145"":1,""U228"":1,""U174"":1,""U165"":1,""U258"":1,""U288"":1,""U215"":1,""U237"":1,""U42"":1,""U113"":1,""U106"":2,""U150"":1,""U104"":1,""U244"":1,""U36"":1,""U21"":2,""U242"":1,""U88"":1,""U131"":1,""U33"":1,""U66"":1,""U246"":1,""U272"":1,""U79"":1,""U253"":1,""U261"":1,""U99"":1,""U230"":1,""U170"":1,""U15"":2,""U294"":1,""U280"":1,""U14"":1,""U249"":1,""U252"":1,""U256"":1,""U233"":1,""U100"":1,""U278"":1,""U160"":1,""U22"":1,""U65"":1,""U11"":1,""U180"":1,""U162"":1,""U265"":1,""U295"":1,""U197"":1,""U143"":1,""U210"":1,""U38"":1,""U18"":1,""U299"":1,""U211"":1,""U181"":1}",594.2660000324249,,,,,false,300,,,Gurobi,gurobi_10min,true,600.0,20260829,16,16,150,,false,ok,0.03900003433227539,network_balanced,network_balanced_hardness_sweep,16,,594.2660000324249,5.890000104904175
1,,,,,-1263.0,Optimal,,MIPSolver,,0.5,karlsruhe_network_balanced_n150_b50_u500_sd_fixed_network_path,karlsruhe,,false,0.0,150,2480,150,150,0.5,300,75,aachen_osm_gtfs_bike_agg150_p150_b50_u500,13876,600,500,fixed_network_path,true,,,,false,,sd,sd_fixed_network_path,,,,,,,,,500,,,Gurobi,gurobi_10min,true,600.0,20260829,16,16,150,,false,ok,529.9289999008179,network_balanced,network_balanced_hardness_sweep,16,,600.0,857.9090001583099
0,,,,,,Memory_Limit,,MIPSolver,,0.5,karlsruhe_network_balanced_n150_b50_u500_sd_n_minus_1,karlsruhe,,false,1.0e100,150,2480,150,150,0.5,300,75,aachen_osm_gtfs_bike_agg150_p150_b50_u500,13876,600,500,n_minus_one_most_expensive,true,,,,false,,sd,sd_n_minus_1,,,,,,,,,500,,,Gurobi,gurobi_10min,true,600.0,20260829,16,16,150,,false,memory_limit,226.635999917984,network_balanced,network_balanced_hardness_sweep,16,,600.0,494.0519998073578
1,,2000,,500,-699.0,Timelimit,6.2741649,BlCSolver,,0.5,karlsruhe_network_balanced_n150_b50_u500_blc_astar_fixed_network_path,karlsruhe,,false,0.9113018597997139,150,2480,150,150,0.5,300,75,aachen_osm_gtfs_bike_agg150_p150_b50_u500,13876,600,500,fixed_network_path,,,,,,6952877,blc,blc_astar_fixed_network_path,,,,0,0,astar,null,,500,true,16,Gurobi,gurobi_10min,true,600.0,20260829,16,16,150,,false,timeout,601.710000038147,network_balanced,network_balanced_hardness_sweep,16,16,600.0,884.800999879837
1,,500,,500,,Timelimit,1.9634524,BlCSolver,,0.5,karlsruhe_network_balanced_n150_b50_u500_blc_astar_n_minus_1,karlsruhe,,false,1.0e100,150,2480,150,150,0.5,300,75,aachen_osm_gtfs_bike_agg150_p150_b50_u500,13876,600,500,n_minus_one_most_expensive,,,,,,6952877,blc,blc_astar_n_minus_1,,,,0,0,astar,null,,500,true,16,Gurobi,gurobi_10min,true,600.0,20260829,16,16,150,,false,timeout,600.6399998664856,network_balanced,network_balanced_hardness_sweep,16,16,600.0,790.4500000476837
0,,,,,-1263.0,Optimal,,MIPSolver,,0.5,karlsruhe_network_balanced_n150_b50_u500_path_dominance,karlsruhe,,false,0.0,150,2480,150,150,0.5,300,75,aachen_osm_gtfs_bike_agg150_p150_b50_u500,13876,600,500,,,9.896000385284424,600.0,labeling,,,path,path_dominance,false,"{""U23"":1,""U96"":1,""U327"":1,""U10"":1,""U396"":1,""U126"":1,""U176"":1,""U448"":1,""U111"":1,""U432"":1,""U381"":1,""U19"":1,""U166"":1,""U91"":2,""U189"":1,""U466"":2,""U107"":1,""U212"":1,""U121"":1,""U292"":1,""U16"":1,""U155"":1,""U363"":1,""U390"":1,""U372"":1,""U293"":1,""U415"":1,""U385"":1,""U431"":1,""U264"":1,""U7"":1,""U132"":1,""U219"":1,""U257"":2,""U184"":1,""U420"":1,""U346"":1,""U129"":1,""U334"":1,""U275"":1,""U238"":1,""U326"":1,""U439"":1,""U142"":1,""U1"":1,""U24"":1,""U263"":1,""U374"":1,""U43"":1,""U345"":1,""U481"":1,""U302"":1,""U260"":1,""U404"":1,""U87"":1,""U109"":1,""U138"":1,""U324"":1,""U229"":1,""U119"":1,""U347"":1,""U179"":1,""U282"":1,""U397"":1,""U357"":1,""U316"":1,""U475"":1,""U491"":1,""U243"":1,""U323"":1,""U485"":1,""U377"":1,""U186"":1,""U371"":1,""U386"":1,""U437"":1,""U359"":1,""U48"":1,""U57"":1,""U76"":1,""U9"":1,""U488"":1,""U29"":1,""U473"":1,""U471"":1,""U117"":1,""U285"":1,""U331"":2,""U413"":1,""U67"":1,""U6"":1,""U13"":1,""U351"":1,""U492"":1,""U149"":1,""U152"":2,""U489"":1,""U289"":1,""U188"":1,""U444"":1,""U456"":1,""U472"":1,""U135"":1,""U144"":2,""U148"":1,""U116"":1,""U399"":1,""U274"":1,""U167"":1,""U341"":1,""U217"":2,""U421"":1,""U428"":1,""U446"":1,""U118"":1,""U187"":1,""U225"":1,""U115"":1,""U250"":1,""U332"":1,""U438"":1,""U209"":1,""U241"":1,""U262"":1,""U35"":1,""U90"":1,""U54"":1,""U305"":1,""U452"":1,""U416"":1,""U45"":1,""U49"":1,""U443"":1,""U321"":1,""U319"":1,""U417"":1,""U469"":1,""U62"":1,""U5"":1,""U435"":1,""U74"":1,""U307"":1,""U203"":1,""U434"":1,""U255"":1,""U82"":1,""U73"":1,""U81"":1,""U445"":2,""U496"":1,""U213"":1,""U8"":1,""U393"":1,""U41"":1,""U403"":1,""U300"":1,""U455"":2,""U450"":1,""U177"":1,""U318"":1,""U31"":1,""U356"":1,""U75"":1,""U83"":1,""U50"":1,""U93"":1,""U216"":1,""U139"":1,""U270"":1,""U430"":1,""U370"":1,""U78"":1,""U84"":1,""U269"":1,""U436"":1,""U46"":1,""U147"":1,""U39"":1,""U68"":1,""U248"":1,""U71"":1,""U291"":1,""U322"":1,""U335"":1,""U192"":1,""U259"":1,""U419"":1,""U103"":1,""U102"":1,""U222"":1,""U462"":1,""U476"":1,""U364"":1,""U369"":1,""U479"":1,""U183"":1,""U156"":1,""U287"":1,""U204"":1,""U355"":1,""U398"":1,""U441"":1,""U373"":1,""U406"":1,""U354"":1,""U128"":1,""U459"":1,""U382"":1,""U235"":1,""U154"":1,""U273"":1,""U198"":1,""U494"":1,""U226"":1,""U340"":1,""U178"":1,""U27"":1,""U191"":1,""U223"":1,""U124"":1,""U267"":1,""U378"":1,""U64"":1,""U495"":1,""U127"":1,""U182"":1,""U344"":1,""U207"":1,""U161"":1,""U130"":1,""U268"":1,""U394"":1,""U454"":1,""U61"":1,""U141"":1,""U464"":1,""U477"":1,""U433"":1,""U497"":1,""U239"":1,""U51"":1,""U498"":1,""U158"":1,""U28"":4,""U52"":1,""U157"":1,""U251"":1,""U17"":1,""U195"":1,""U254"":1,""U314"":1,""U349"":1,""U391"":1,""U69"":1,""U112"":1,""U320"":1,""U411"":2,""U329"":1,""U40"":1,""U164"":1,""U72"":1,""U474"":1,""U34"":1,""U133"":1,""U199"":1,""U425"":1,""U175"":1,""U405"":1,""U361"":1,""U201"":1,""U281"":1,""U304"":1,""U338"":1,""U60"":1,""U2"":1,""U153"":1,""U333"":1,""U37"":1,""U92"":1,""U451"":1,""U449"":1,""U196"":1,""U231"":1,""U493"":1,""U296"":1,""U308"":1,""U286"":1,""U221"":1,""U32"":1,""U151"":1,""U376"":1,""U47"":1,""U218"":1,""U298"":1,""U328"":1,""U94"":1,""U101"":1,""U283"":1,""U108"":1,""U122"":1,""U123"":1,""U134"":1,""U58"":1,""U205"":1,""U172"":1,""U368"":1,""U458"":1,""U290"":1,""U12"":1,""U169"":2,""U483"":1,""U484"":1,""U486"":1,""U224"":1,""U337"":2,""U3"":1,""U266"":1,""U63"":1,""U240"":1,""U136"":1,""U20"":1,""U190"":1,""U277"":1,""U343"":1,""U30"":1,""U409"":1,""U80"":1,""U171"":1,""U330"":1,""U220"":1,""U279"":1,""U315"":1,""U388"":1,""U309"":1,""U447"":1,""U206"":1,""U202"":1,""U271"":2,""U401"":1,""U470"":1,""U383"":1,""U339"":1,""U97"":1,""U408"":2,""U392"":1,""U284"":1,""U77"":1,""U379"":1,""U247"":1,""U457"":1,""U468"":1,""U350"":1,""U232"":1,""U105"":1,""U353"":1,""U482"":1,""U352"":1,""U114"":1,""U227"":1,""U303"":2,""U59"":1,""U56"":1,""U86"":1,""U26"":1,""U236"":1,""U70"":1,""U208"":2,""U140"":1,""U125"":1,""U163"":1,""U414"":1,""U89"":1,""U55"":1,""U110"":1,""U358"":1,""U442"":1,""U490"":1,""U159"":1,""U185"":1,""U214"":1,""U120"":1,""U4"":1,""U98"":1,""U146"":1,""U276"":1,""U173"":1,""U312"":1,""U389"":1,""U245"":1,""U44"":1,""U412"":1,""U193"":1,""U137"":1,""U168"":1,""U85"":1,""U53"":1,""U325"":1,""U418"":1,""U95"":1,""U402"":1,""U297"":1,""U424"":1,""U467"":1,""U400"":1,""U380"":1,""U234"":1,""U194"":1,""U200"":1,""U25"":1,""U145"":1,""U228"":1,""U301"":1,""U174"":1,""U165"":1,""U460"":1,""U500"":1,""U453"":1,""U258"":1,""U288"":1,""U215"":1,""U237"":1,""U465"":1,""U42"":3,""U360"":1,""U113"":1,""U463"":1,""U106"":2,""U150"":1,""U348"":1,""U104"":1,""U440"":1,""U461"":1,""U244"":1,""U426"":1,""U36"":1,""U21"":1,""U242"":1,""U306"":1,""U88"":1,""U375"":1,""U342"":1,""U131"":1,""U33"":2,""U66"":1,""U246"":1,""U272"":2,""U480"":2,""U79"":1,""U253"":1,""U261"":1,""U387"":1,""U99"":1,""U230"":1,""U317"":1,""U170"":1,""U313"":1,""U15"":1,""U384"":1,""U423"":1,""U294"":1,""U280"":1,""U14"":1,""U249"":1,""U252"":1,""U256"":1,""U233"":1,""U422"":1,""U362"":1,""U100"":1,""U278"":1,""U160"":1,""U410"":1,""U22"":1,""U65"":1,""U310"":1,""U11"":1,""U180"":1,""U407"":1,""U427"":1,""U162"":1,""U265"":2,""U365"":1,""U295"":1,""U336"":1,""U197"":1,""U395"":3,""U143"":1,""U210"":1,""U367"":1,""U487"":1,""U38"":1,""U366"":1,""U18"":1,""U299"":1,""U499"":1,""U211"":1,""U311"":1,""U478"":1,""U429"":1,""U181"":2}",590.1039996147156,,,,,true,500,,,Gurobi,gurobi_10min,true,600.0,20260829,16,16,150,,false,ok,0.03900003433227539,network_balanced,network_balanced_hardness_sweep,16,,590.1039996147156,10.080000162124634
0,,,,,-1263.0,Optimal,,MIPSolver,,0.5,karlsruhe_network_balanced_n150_b50_u500_path_no_dominance,karlsruhe,,false,0.0,150,2480,150,150,0.5,300,75,aachen_osm_gtfs_bike_agg150_p150_b50_u500,13876,600,500,,,9.784000158309937,600.0,labeling,,,path,path_no_dominance,false,"{""U23"":1,""U96"":1,""U327"":1,""U10"":1,""U396"":1,""U126"":1,""U176"":1,""U448"":1,""U111"":1,""U432"":1,""U381"":1,""U19"":1,""U166"":1,""U91"":2,""U189"":1,""U466"":2,""U107"":1,""U212"":1,""U121"":1,""U292"":1,""U16"":1,""U155"":1,""U363"":1,""U390"":1,""U372"":1,""U293"":1,""U415"":1,""U385"":1,""U431"":1,""U264"":1,""U7"":1,""U132"":1,""U219"":1,""U257"":3,""U184"":1,""U420"":1,""U346"":1,""U129"":1,""U334"":1,""U275"":1,""U238"":2,""U326"":1,""U439"":1,""U142"":1,""U1"":1,""U24"":1,""U263"":1,""U374"":1,""U43"":1,""U345"":1,""U481"":1,""U302"":1,""U260"":1,""U404"":1,""U87"":1,""U109"":1,""U138"":1,""U324"":1,""U229"":1,""U119"":1,""U347"":1,""U179"":1,""U282"":1,""U397"":1,""U357"":1,""U316"":1,""U475"":1,""U491"":1,""U243"":1,""U323"":1,""U485"":1,""U377"":1,""U186"":1,""U371"":1,""U386"":1,""U437"":1,""U359"":1,""U48"":1,""U57"":1,""U76"":1,""U9"":1,""U488"":1,""U29"":1,""U473"":1,""U471"":1,""U117"":1,""U285"":1,""U331"":2,""U413"":1,""U67"":1,""U6"":1,""U13"":1,""U351"":1,""U492"":1,""U149"":1,""U152"":2,""U489"":1,""U289"":1,""U188"":1,""U444"":1,""U456"":1,""U472"":1,""U135"":1,""U144"":3,""U148"":1,""U116"":1,""U399"":1,""U274"":1,""U167"":1,""U341"":1,""U217"":2,""U421"":1,""U428"":1,""U446"":1,""U118"":1,""U187"":1,""U225"":1,""U115"":1,""U250"":1,""U332"":1,""U438"":1,""U209"":1,""U241"":1,""U262"":1,""U35"":1,""U90"":1,""U54"":1,""U305"":1,""U452"":1,""U416"":1,""U45"":1,""U49"":1,""U443"":1,""U321"":1,""U319"":1,""U417"":1,""U469"":1,""U62"":1,""U5"":1,""U435"":1,""U74"":1,""U307"":1,""U203"":1,""U434"":1,""U255"":1,""U82"":1,""U73"":1,""U81"":1,""U445"":2,""U496"":1,""U213"":1,""U8"":1,""U393"":1,""U41"":1,""U403"":1,""U300"":1,""U455"":2,""U450"":1,""U177"":1,""U318"":1,""U31"":1,""U356"":1,""U75"":1,""U83"":1,""U50"":1,""U93"":1,""U216"":1,""U139"":1,""U270"":1,""U430"":1,""U370"":1,""U78"":1,""U84"":1,""U269"":1,""U436"":1,""U46"":1,""U147"":1,""U39"":1,""U68"":1,""U248"":1,""U71"":1,""U291"":1,""U322"":1,""U335"":1,""U192"":1,""U259"":1,""U419"":1,""U103"":1,""U102"":1,""U222"":1,""U462"":1,""U476"":1,""U364"":1,""U369"":1,""U479"":1,""U183"":1,""U156"":1,""U287"":1,""U204"":2,""U355"":1,""U398"":1,""U441"":1,""U373"":1,""U406"":1,""U354"":1,""U128"":1,""U459"":1,""U382"":1,""U235"":1,""U154"":1,""U273"":1,""U198"":1,""U494"":1,""U226"":1,""U340"":1,""U178"":1,""U27"":1,""U191"":1,""U223"":1,""U124"":1,""U267"":1,""U378"":1,""U64"":1,""U495"":1,""U127"":1,""U182"":1,""U344"":1,""U207"":1,""U161"":1,""U130"":1,""U268"":1,""U394"":1,""U454"":1,""U61"":1,""U141"":1,""U464"":1,""U477"":1,""U433"":1,""U497"":1,""U239"":1,""U51"":1,""U498"":1,""U158"":1,""U28"":5,""U52"":1,""U157"":1,""U251"":1,""U17"":1,""U195"":2,""U254"":1,""U314"":1,""U349"":1,""U391"":1,""U69"":1,""U112"":1,""U320"":1,""U411"":2,""U329"":1,""U40"":1,""U164"":1,""U72"":1,""U474"":1,""U34"":2,""U133"":1,""U199"":1,""U425"":1,""U175"":1,""U405"":2,""U361"":1,""U201"":1,""U281"":1,""U304"":1,""U338"":1,""U60"":1,""U2"":1,""U153"":1,""U333"":1,""U37"":1,""U92"":1,""U451"":1,""U449"":1,""U196"":1,""U231"":1,""U493"":1,""U296"":1,""U308"":1,""U286"":1,""U221"":1,""U32"":1,""U151"":1,""U376"":1,""U47"":1,""U218"":1,""U298"":1,""U328"":1,""U94"":1,""U101"":1,""U283"":1,""U108"":1,""U122"":1,""U123"":1,""U134"":1,""U58"":1,""U205"":1,""U172"":1,""U368"":1,""U458"":1,""U290"":1,""U12"":1,""U169"":2,""U483"":1,""U484"":1,""U486"":1,""U224"":1,""U337"":2,""U3"":1,""U266"":1,""U63"":1,""U240"":1,""U136"":1,""U20"":1,""U190"":1,""U277"":1,""U343"":1,""U30"":1,""U409"":1,""U80"":1,""U171"":1,""U330"":1,""U220"":1,""U279"":1,""U315"":1,""U388"":1,""U309"":1,""U447"":1,""U206"":1,""U202"":1,""U271"":2,""U401"":1,""U470"":1,""U383"":1,""U339"":1,""U97"":1,""U408"":2,""U392"":1,""U284"":1,""U77"":1,""U379"":1,""U247"":1,""U457"":1,""U468"":1,""U350"":1,""U232"":1,""U105"":1,""U353"":1,""U482"":1,""U352"":1,""U114"":1,""U227"":1,""U303"":2,""U59"":1,""U56"":1,""U86"":1,""U26"":1,""U236"":1,""U70"":1,""U208"":3,""U140"":1,""U125"":1,""U163"":1,""U414"":1,""U89"":1,""U55"":1,""U110"":1,""U358"":1,""U442"":1,""U490"":1,""U159"":1,""U185"":1,""U214"":1,""U120"":1,""U4"":1,""U98"":1,""U146"":1,""U276"":1,""U173"":1,""U312"":1,""U389"":1,""U245"":1,""U44"":1,""U412"":1,""U193"":1,""U137"":1,""U168"":1,""U85"":1,""U53"":1,""U325"":1,""U418"":1,""U95"":1,""U402"":1,""U297"":1,""U424"":1,""U467"":1,""U400"":1,""U380"":1,""U234"":1,""U194"":1,""U200"":1,""U25"":1,""U145"":1,""U228"":1,""U301"":1,""U174"":1,""U165"":1,""U460"":1,""U500"":1,""U453"":1,""U258"":1,""U288"":1,""U215"":1,""U237"":1,""U465"":1,""U42"":4,""U360"":2,""U113"":1,""U463"":1,""U106"":2,""U150"":1,""U348"":1,""U104"":1,""U440"":1,""U461"":1,""U244"":1,""U426"":1,""U36"":1,""U21"":1,""U242"":1,""U306"":1,""U88"":1,""U375"":1,""U342"":1,""U131"":1,""U33"":2,""U66"":1,""U246"":1,""U272"":2,""U480"":2,""U79"":1,""U253"":1,""U261"":1,""U387"":1,""U99"":1,""U230"":1,""U317"":1,""U170"":1,""U313"":1,""U15"":2,""U384"":1,""U423"":1,""U294"":1,""U280"":1,""U14"":2,""U249"":1,""U252"":1,""U256"":1,""U233"":1,""U422"":1,""U362"":1,""U100"":1,""U278"":1,""U160"":1,""U410"":1,""U22"":1,""U65"":1,""U310"":1,""U11"":1,""U180"":1,""U407"":1,""U427"":1,""U162"":1,""U265"":2,""U365"":1,""U295"":1,""U336"":1,""U197"":1,""U395"":5,""U143"":1,""U210"":1,""U367"":1,""U487"":1,""U38"":1,""U366"":1,""U18"":1,""U299"":1,""U499"":1,""U211"":1,""U311"":1,""U478"":1,""U429"":1,""U181"":2}",590.2159998416901,,,,,false,500,,,Gurobi,gurobi_10min,true,600.0,20260829,16,16,150,,false,ok,0.031000137329101562,network_balanced,network_balanced_hardness_sweep,16,,590.2159998416901,9.965999841690063
1,,,,,,Timelimit,,MIPSolver,,0.5,karlsruhe_network_balanced_n150_b50_u750_sd_fixed_network_path,karlsruhe,,false,1.0e100,150,2480,150,150,0.5,300,75,aachen_osm_gtfs_bike_agg150_p150_b50_u750,13876,600,750,fixed_network_path,true,,,,false,,sd,sd_fixed_network_path,,,,,,,,,750,,,Gurobi,gurobi_10min,true,600.0,20260829,16,16,150,,false,timeout,600.9590001106262,network_balanced,network_balanced_hardness_sweep,16,,600.0,1114.1230001449585
Inf,,,,,,Memory_Limit,,MIPSolver,,0.5,karlsruhe_network_balanced_n150_b50_u750_sd_n_minus_1,karlsruhe,,false,Inf,150,2480,150,150,0.5,300,75,aachen_osm_gtfs_bike_agg150_p150_b50_u750,13876,600,750,n_minus_one_most_expensive,true,,,,false,,sd,sd_n_minus_1,,,,,,,,,750,,,Gurobi,gurobi_10min,true,600.0,20260829,16,16,150,,false,memory_limit,186.08400011062622,network_balanced,network_balanced_hardness_sweep,16,,600.0,599.9860000610352
1,,750,,750,,Timelimit,3.1363832,BlCSolver,,0.5,karlsruhe_network_balanced_n150_b50_u750_blc_astar_fixed_network_path,karlsruhe,,false,1.0e100,150,2480,150,150,0.5,300,75,aachen_osm_gtfs_bike_agg150_p150_b50_u750,13876,600,750,fixed_network_path,,,,,,10422377,blc,blc_astar_fixed_network_path,,,,0,0,astar,null,,750,true,16,Gurobi,gurobi_10min,true,600.0,20260829,16,16,150,,false,timeout,600.8210000991821,network_balanced,network_balanced_hardness_sweep,16,16,600.0,1016.5110001564026
,,0,,750,,Memory_Limit,0,BlCSolver,,0.5,karlsruhe_network_balanced_n150_b50_u750_blc_astar_n_minus_1,karlsruhe,,false,,150,2480,150,150,0.5,300,75,aachen_osm_gtfs_bike_agg150_p150_b50_u750,13876,600,750,n_minus_one_most_expensive,,,,,,10422377,blc,blc_astar_n_minus_1,,,,0,0,astar,null,,750,true,16,Gurobi,gurobi_10min,true,600.0,20260829,16,16,150,,false,memory_limit,,network_balanced,network_balanced_hardness_sweep,16,16,600.0,502.80999994277954
1,,,,,-2026.0,Optimal,,MIPSolver,,0.5,karlsruhe_network_balanced_n150_b50_u750_path_dominance,karlsruhe,,false,0.0,150,2480,150,150,0.5,300,75,aachen_osm_gtfs_bike_agg150_p150_b50_u750,13876,600,750,,,28.217999935150146,600.0,labeling,,,path,path_dominance,false,"{""U396"":1,""U448"":1,""U19"":1,""U166"":1,""U91"":1,""U155"":1,""U415"":3,""U385"":1,""U184"":1,""U716"":1,""U238"":1,""U326"":1,""U142"":1,""U619"":1,""U24"":1,""U109"":1,""U229"":1,""U569"":1,""U179"":1,""U397"":1,""U491"":1,""U243"":1,""U485"":1,""U186"":1,""U359"":1,""U691"":1,""U285"":1,""U492"":1,""U614"":1,""U444"":1,""U583"":1,""U728"":1,""U735"":1,""U616"":2,""U341"":1,""U118"":1,""U533"":1,""U35"":1,""U49"":1,""U321"":1,""U685"":1,""U62"":1,""U5"":1,""U74"":1,""U203"":1,""U729"":1,""U81"":1,""U571"":1,""U213"":1,""U8"":1,""U455"":1,""U177"":1,""U318"":1,""U31"":1,""U611"":1,""U83"":1,""U50"":1,""U139"":1,""U634"":1,""U370"":1,""U508"":1,""U269"":1,""U46"":2,""U147"":1,""U322"":1,""U666"":1,""U71"":3,""U335"":1,""U419"":1,""U578"":2,""U579"":1,""U156"":1,""U592"":1,""U584"":1,""U534"":1,""U441"":1,""U273"":1,""U340"":1,""U223"":1,""U378"":1,""U64"":1,""U495"":1,""U344"":1,""U594"":1,""U700"":1,""U130"":1,""U454"":1,""U477"":1,""U239"":1,""U51"":1,""U731"":1,""U607"":1,""U617"":1,""U320"":1,""U411"":1,""U34"":1,""U199"":1,""U405"":1,""U304"":1,""U338"":1,""U518"":1,""U37"":1,""U590"":1,""U706"":1,""U296"":1,""U221"":1,""U376"":1,""U328"":1,""U743"":1,""U669"":1,""U108"":1,""U134"":1,""U484"":1,""U486"":1,""U693"":1,""U627"":1,""U63"":1,""U718"":1,""U20"":1,""U171"":1,""U279"":1,""U501"":1,""U660"":1,""U206"":1,""U202"":1,""U339"":1,""U633"":2,""U284"":1,""U247"":1,""U653"":1,""U680"":1,""U232"":1,""U105"":1,""U723"":1,""U352"":1,""U114"":1,""U227"":1,""U56"":1,""U574"":1,""U613"":1,""U70"":4,""U414"":1,""U442"":1,""U490"":1,""U120"":1,""U146"":2,""U173"":1,""U412"":1,""U85"":1,""U418"":1,""U721"":1,""U549"":1,""U467"":1,""U400"":1,""U380"":1,""U194"":1,""U200"":1,""U558"":1,""U453"":1,""U258"":1,""U360"":1,""U670"":1,""U662"":1,""U106"":1,""U694"":1,""U598"":1,""U567"":1,""U36"":1,""U242"":1,""U375"":1,""U521"":1,""U586"":1,""U66"":1,""U79"":1,""U387"":2,""U99"":2,""U317"":1,""U313"":2,""U541"":1,""U562"":1,""U509"":1,""U278"":1,""U410"":1,""U22"":1,""U603"":1,""U310"":1,""U395"":1,""U367"":1,""U181"":1,""U96"":1,""U10"":1,""U381"":1,""U189"":1,""U107"":2,""U697"":1,""U372"":1,""U293"":1,""U264"":1,""U7"":1,""U551"":1,""U636"":1,""U647"":1,""U563"":1,""U374"":1,""U345"":1,""U502"":1,""U678"":1,""U481"":1,""U404"":1,""U138"":1,""U324"":1,""U119"":1,""U347"":1,""U316"":1,""U730"":1,""U377"":1,""U386"":1,""U437"":1,""U529"":1,""U595"":1,""U48"":1,""U9"":1,""U559"":1,""U652"":1,""U512"":1,""U625"":1,""U152"":1,""U289"":1,""U188"":1,""U639"":1,""U646"":1,""U399"":1,""U274"":1,""U446"":1,""U631"":2,""U438"":1,""U90"":1,""U54"":1,""U435"":1,""U307"":1,""U732"":1,""U713"":2,""U445"":1,""U393"":1,""U403"":1,""U450"":1,""U737"":1,""U356"":1,""U93"":2,""U430"":1,""U84"":1,""U291"":3,""U687"":1,""U548"":1,""U192"":1,""U259"":2,""U102"":1,""U476"":1,""U364"":1,""U556"":1,""U355"":1,""U373"":1,""U128"":1,""U459"":1,""U657"":1,""U198"":1,""U494"":1,""U27"":1,""U191"":1,""U124"":1,""U664"":1,""U623"":1,""U635"":1,""U733"":1,""U637"":1,""U28"":1,""U52"":1,""U251"":1,""U314"":1,""U254"":1,""U69"":1,""U507"":1,""U112"":1,""U329"":2,""U201"":1,""U281"":2,""U2"":1,""U333"":1,""U704"":1,""U92"":1,""U449"":1,""U308"":1,""U286"":1,""U32"":1,""U298"":1,""U283"":1,""U707"":1,""U123"":1,""U668"":2,""U58"":1,""U205"":1,""U172"":1,""U12"":1,""U654"":1,""U626"":1,""U224"":1,""U609"":1,""U277"":2,""U30"":1,""U409"":2,""U517"":1,""U593"":1,""U330"":1,""U220"":1,""U388"":1,""U736"":1,""U309"":1,""U724"":1,""U271"":1,""U643"":1,""U620"":1,""U674"":1,""U379"":1,""U683"":1,""U86"":1,""U26"":1,""U236"":1,""U163"":1,""U110"":1,""U655"":1,""U629"":1,""U358"":1,""U514"":1,""U608"":2,""U618"":1,""U159"":1,""U98"":1,""U744"":1,""U245"":1,""U44"":1,""U649"":1,""U712"":1,""U137"":1,""U168"":1,""U53"":1,""U673"":1,""U95"":1,""U424"":1,""U539"":1,""U301"":1,""U165"":1,""U460"":1,""U500"":1,""U288"":1,""U570"":1,""U547"":1,""U638"":1,""U532"":1,""U426"":1,""U21"":1,""U306"":1,""U342"":1,""U33"":1,""U272"":1,""U253"":1,""U170"":1,""U15"":1,""U601"":1,""U575"":1,""U100"":1,""U621"":1,""U65"":1,""U747"":1,""U427"":1,""U365"":1,""U295"":1,""U526"":1,""U600"":1,""U38"":1,""U366"":1,""U499"":1,""U478"":1,""U23"":1,""U126"":1,""U111"":1,""U432"":1,""U519"":1,""U606"":1,""U212"":1,""U612"":1,""U16"":1,""U663"":1,""U561"":1,""U557"":1,""U538"":1,""U431"":1,""U553"":1,""U257"":1,""U420"":3,""U129"":1,""U651"":1,""U523"":1,""U275"":2,""U439"":2,""U263"":1,""U87"":1,""U708"":1,""U282"":1,""U741"":1,""U748"":1,""U357"":1,""U475"":1,""U323"":1,""U645"":1,""U667"":1,""U580"":1,""U525"":1,""U57"":1,""U473"":1,""U589"":1,""U331"":1,""U413"":1,""U6"":1,""U560"":1,""U632"":1,""U682"":1,""U576"":1,""U456"":1,""U148"":1,""U671"":1,""U505"":1,""U217"":3,""U428"":1,""U187"":1,""U332"":1,""U209"":1,""U262"":1,""U305"":1,""U452"":1,""U45"":1,""U443"":1,""U417"":3,""U319"":1,""U469"":1,""U255"":1,""U73"":1,""U734"":1,""U715"":1,""U41"":1,""U75"":1,""U248"":1,""U103"":1,""U222"":1,""U479"":1,""U659"":1,""U369"":1,""U398"":1,""U537"":1,""U406"":1,""U661"":1,""U354"":1,""U235"":1,""U648"":1,""U226"":1,""U178"":1,""U727"":1,""U267"":1,""U688"":1,""U161"":1,""U394"":1,""U497"":2,""U498"":1,""U749"":1,""U195"":1,""U349"":1,""U391"":1,""U542"":1,""U699"":1,""U572"":2,""U679"":1,""U722"":1,""U72"":1,""U698"":1,""U677"":8,""U361"":1,""U60"":1,""U153"":1,""U451"":1,""U196"":1,""U231"":1,""U493"":1,""U151"":1,""U47"":1,""U218"":1,""U530"":1,""U535"":1,""U94"":1,""U644"":1,""U368"":1,""U290"":1,""U169"":1,""U3"":1,""U266"":2,""U240"":1,""U136"":1,""U343"":1,""U585"":1,""U315"":1,""U676"":1,""U628"":1,""U383"":1,""U97"":1,""U408"":1,""U615"":1,""U77"":1,""U350"":1,""U353"":1,""U516"":1,""U703"":1,""U604"":1,""U684"":1,""U140"":2,""U125"":1,""U89"":1,""U506"":1,""U312"":1,""U276"":1,""U689"":1,""U193"":1,""U234"":1,""U145"":3,""U237"":1,""U465"":1,""U591"":1,""U150"":1,""U348"":1,""U527"":1,""U581"":1,""U461"":1,""U244"":1,""U88"":1,""U131"":1,""U480"":1,""U261"":1,""U711"":1,""U230"":1,""U423"":1,""U573"":1,""U280"":1,""U14"":1,""U692"":1,""U726"":1,""U252"":1,""U256"":1,""U524"":1,""U710"":1,""U162"":1,""U540"":1,""U143"":1,""U210"":1,""U299"":1,""U696"":1,""U640"":1,""U311"":1,""U327"":1,""U605"":1,""U176"":1,""U466"":1,""U566"":1,""U121"":1,""U292"":1,""U363"":1,""U390"":2,""U132"":1,""U219"":1,""U515"":1,""U346"":1,""U334"":1,""U1"":1,""U43"":1,""U597"":1,""U302"":1,""U260"":1,""U702"":1,""U543"":1,""U725"":1,""U371"":1,""U658"":1,""U528"":1,""U552"":1,""U503"":1,""U642"":1,""U76"":1,""U488"":1,""U29"":1,""U471"":1,""U117"":1,""U709"":1,""U67"":1,""U510"":1,""U13"":1,""U351"":1,""U149"":1,""U489"":1,""U472"":1,""U135"":1,""U144"":1,""U116"":1,""U624"":1,""U565"":1,""U167"":1,""U421"":1,""U225"":1,""U115"":1,""U250"":1,""U650"":1,""U241"":1,""U568"":1,""U720"":2,""U416"":1,""U434"":1,""U531"":1,""U82"":1,""U496"":1,""U690"":1,""U582"":1,""U300"":1,""U622"":1,""U216"":1,""U588"":1,""U270"":1,""U738"":1,""U78"":1,""U436"":1,""U39"":1,""U68"":2,""U462"":1,""U183"":1,""U287"":1,""U602"":1,""U204"":1,""U382"":1,""U714"":1,""U154"":1,""U630"":1,""U641"":1,""U127"":1,""U182"":1,""U564"":1,""U207"":1,""U268"":1,""U61"":1,""U656"":1,""U141"":1,""U464"":1,""U433"":1,""U158"":1,""U157"":1,""U17"":1,""U686"":1,""U740"":1,""U40"":1,""U164"":1,""U474"":1,""U545"":1,""U133"":1,""U596"":1,""U745"":1,""U425"":1,""U175"":1,""U504"":1,""U739"":1,""U511"":1,""U577"":1,""U717"":1,""U101"":1,""U122"":1,""U458"":1,""U483"":1,""U546"":1,""U719"":1,""U337"":1,""U190"":1,""U80"":1,""U447"":1,""U470"":1,""U401"":2,""U695"":1,""U392"":1,""U742"":1,""U457"":1,""U468"":1,""U672"":1,""U750"":1,""U482"":1,""U303"":1,""U59"":1,""U208"":1,""U681"":1,""U55"":1,""U185"":1,""U610"":1,""U214"":1,""U665"":1,""U4"":1,""U389"":1,""U746"":1,""U544"":1,""U599"":1,""U325"":1,""U522"":1,""U402"":1,""U297"":1,""U25"":1,""U228"":1,""U587"":1,""U174"":1,""U705"":1,""U215"":1,""U42"":1,""U463"":1,""U113"":1,""U675"":1,""U440"":1,""U104"":1,""U246"":1,""U536"":1,""U384"":1,""U294"":1,""U701"":1,""U249"":1,""U233"":1,""U422"":1,""U362"":1,""U550"":1,""U160"":1,""U513"":1,""U407"":1,""U11"":1,""U180"":1,""U265"":1,""U554"":1,""U336"":1,""U197"":1,""U487"":1,""U18"":1,""U520"":1,""U555"":1,""U211"":1,""U429"":1}",571.7820000648499,,,,,true,750,,,Gurobi,gurobi_10min,true,600.0,20260829,16,16,150,,false,ok,0.0409998893737793,network_balanced,network_balanced_hardness_sweep,16,,571.7820000648499,28.408999919891357
1,,,,,-2026.0,Optimal,,MIPSolver,,0.5,karlsruhe_network_balanced_n150_b50_u750_path_no_dominance,karlsruhe,,false,0.0,150,2480,150,150,0.5,300,75,aachen_osm_gtfs_bike_agg150_p150_b50_u750,13876,600,750,,,13.04800033569336,600.0,labeling,,,path,path_no_dominance,false,"{""U396"":1,""U448"":1,""U19"":1,""U166"":1,""U91"":1,""U155"":1,""U415"":15,""U385"":1,""U184"":1,""U716"":1,""U238"":1,""U326"":1,""U142"":1,""U619"":1,""U24"":1,""U109"":1,""U229"":1,""U569"":1,""U179"":1,""U397"":1,""U491"":1,""U243"":1,""U485"":1,""U186"":1,""U359"":1,""U691"":1,""U285"":1,""U492"":1,""U614"":1,""U444"":1,""U583"":1,""U728"":1,""U735"":1,""U616"":9,""U341"":1,""U118"":1,""U533"":1,""U35"":1,""U49"":1,""U321"":1,""U685"":2,""U62"":1,""U5"":1,""U74"":1,""U203"":1,""U729"":1,""U81"":1,""U571"":1,""U213"":1,""U8"":1,""U455"":1,""U177"":1,""U318"":1,""U31"":1,""U611"":1,""U83"":1,""U50"":1,""U139"":1,""U634"":1,""U370"":1,""U508"":1,""U269"":1,""U46"":2,""U147"":1,""U322"":1,""U666"":1,""U71"":8,""U335"":1,""U419"":1,""U578"":3,""U579"":1,""U156"":1,""U592"":1,""U584"":1,""U534"":1,""U441"":1,""U273"":1,""U340"":1,""U223"":1,""U378"":1,""U64"":1,""U495"":1,""U344"":1,""U594"":1,""U700"":1,""U130"":1,""U454"":1,""U477"":1,""U239"":1,""U51"":1,""U731"":1,""U607"":1,""U617"":1,""U320"":1,""U411"":1,""U34"":1,""U199"":1,""U405"":1,""U304"":1,""U338"":1,""U518"":1,""U37"":1,""U590"":1,""U706"":1,""U296"":1,""U221"":1,""U376"":1,""U328"":1,""U743"":1,""U669"":1,""U108"":1,""U134"":1,""U484"":1,""U486"":1,""U693"":1,""U627"":1,""U63"":1,""U718"":1,""U20"":1,""U171"":1,""U279"":1,""U501"":1,""U660"":1,""U206"":1,""U202"":1,""U339"":1,""U633"":2,""U284"":1,""U247"":1,""U653"":1,""U680"":1,""U232"":1,""U105"":1,""U723"":1,""U352"":1,""U114"":1,""U227"":1,""U56"":1,""U574"":1,""U613"":1,""U70"":15,""U414"":1,""U442"":1,""U490"":1,""U120"":1,""U146"":2,""U173"":1,""U412"":1,""U85"":1,""U418"":1,""U721"":1,""U549"":1,""U467"":1,""U400"":1,""U380"":1,""U194"":1,""U200"":1,""U558"":1,""U453"":1,""U258"":1,""U360"":1,""U670"":1,""U662"":1,""U106"":1,""U694"":1,""U598"":1,""U567"":1,""U36"":1,""U242"":1,""U375"":1,""U521"":1,""U586"":1,""U66"":1,""U79"":1,""U387"":4,""U99"":4,""U317"":2,""U313"":2,""U541"":2,""U562"":1,""U509"":1,""U278"":1,""U410"":1,""U22"":1,""U603"":1,""U310"":1,""U395"":1,""U367"":1,""U181"":1,""U96"":1,""U10"":1,""U381"":1,""U189"":1,""U107"":3,""U697"":1,""U372"":1,""U293"":1,""U264"":1,""U7"":1,""U551"":1,""U636"":1,""U647"":1,""U563"":1,""U374"":1,""U345"":1,""U502"":1,""U678"":1,""U481"":1,""U404"":1,""U138"":1,""U324"":1,""U119"":1,""U347"":1,""U316"":1,""U730"":1,""U377"":1,""U386"":1,""U437"":1,""U529"":1,""U595"":1,""U48"":1,""U9"":1,""U559"":1,""U652"":1,""U512"":1,""U625"":1,""U152"":1,""U289"":1,""U188"":1,""U639"":1,""U646"":1,""U399"":1,""U274"":1,""U446"":1,""U631"":3,""U438"":1,""U90"":1,""U54"":1,""U435"":1,""U307"":1,""U732"":1,""U713"":2,""U445"":2,""U393"":1,""U403"":1,""U450"":1,""U737"":1,""U356"":1,""U93"":2,""U430"":1,""U84"":1,""U291"":3,""U687"":1,""U548"":1,""U192"":2,""U259"":2,""U102"":1,""U476"":1,""U364"":1,""U556"":1,""U355"":1,""U373"":1,""U128"":1,""U459"":1,""U657"":1,""U198"":1,""U494"":1,""U27"":1,""U191"":1,""U124"":1,""U664"":1,""U623"":1,""U635"":1,""U733"":1,""U637"":1,""U28"":1,""U52"":1,""U251"":1,""U314"":1,""U254"":1,""U69"":1,""U507"":1,""U112"":1,""U329"":2,""U201"":1,""U281"":3,""U2"":1,""U333"":1,""U704"":1,""U92"":1,""U449"":1,""U308"":2,""U286"":1,""U32"":1,""U298"":1,""U283"":1,""U707"":1,""U123"":1,""U668"":2,""U58"":1,""U205"":1,""U172"":1,""U12"":1,""U654"":1,""U626"":1,""U224"":1,""U609"":1,""U277"":2,""U30"":1,""U409"":2,""U517"":1,""U593"":1,""U330"":1,""U220"":1,""U388"":1,""U736"":1,""U309"":1,""U724"":1,""U271"":1,""U643"":1,""U620"":1,""U674"":1,""U379"":1,""U683"":1,""U86"":1,""U26"":1,""U236"":1,""U163"":1,""U110"":1,""U655"":1,""U629"":1,""U358"":1,""U514"":1,""U608"":2,""U618"":1,""U159"":1,""U98"":2,""U744"":1,""U245"":1,""U44"":1,""U649"":1,""U712"":1,""U137"":1,""U168"":1,""U53"":1,""U673"":1,""U95"":1,""U424"":1,""U539"":1,""U301"":1,""U165"":1,""U460"":1,""U500"":1,""U288"":1,""U570"":1,""U547"":1,""U638"":1,""U532"":1,""U426"":1,""U21"":1,""U306"":1,""U342"":1,""U33"":1,""U272"":1,""U253"":1,""U170"":1,""U15"":1,""U601"":1,""U575"":1,""U100"":1,""U621"":1,""U65"":1,""U747"":1,""U427"":1,""U365"":1,""U295"":1,""U526"":1,""U600"":1,""U38"":1,""U366"":1,""U499"":1,""U478"":1,""U23"":1,""U126"":1,""U111"":1,""U432"":1,""U519"":1,""U606"":1,""U212"":1,""U612"":1,""U16"":1,""U663"":1,""U561"":1,""U557"":1,""U538"":1,""U431"":1,""U553"":1,""U257"":1,""U420"":6,""U129"":1,""U651"":1,""U523"":1,""U275"":2,""U439"":2,""U263"":1,""U87"":1,""U708"":1,""U282"":1,""U741"":1,""U748"":1,""U357"":1,""U475"":1,""U323"":1,""U645"":1,""U667"":1,""U580"":1,""U525"":1,""U57"":1,""U473"":1,""U589"":1,""U331"":1,""U413"":1,""U6"":1,""U560"":1,""U632"":1,""U682"":1,""U576"":1,""U456"":1,""U148"":1,""U671"":1,""U505"":1,""U217"":3,""U428"":1,""U187"":1,""U332"":1,""U209"":1,""U262"":1,""U305"":1,""U452"":1,""U45"":1,""U443"":1,""U417"":3,""U319"":1,""U469"":1,""U255"":1,""U73"":1,""U734"":1,""U715"":1,""U41"":1,""U75"":1,""U248"":1,""U103"":1,""U222"":1,""U479"":1,""U659"":1,""U369"":1,""U398"":1,""U537"":1,""U406"":1,""U661"":1,""U354"":1,""U235"":1,""U648"":1,""U226"":1,""U178"":1,""U727"":1,""U267"":1,""U688"":1,""U161"":1,""U394"":1,""U497"":2,""U498"":1,""U749"":1,""U195"":1,""U349"":1,""U391"":1,""U542"":1,""U699"":1,""U572"":2,""U679"":1,""U722"":1,""U72"":1,""U698"":1,""U677"":17,""U361"":1,""U60"":1,""U153"":1,""U451"":1,""U196"":1,""U231"":1,""U493"":1,""U151"":1,""U47"":1,""U218"":1,""U530"":1,""U535"":1,""U94"":1,""U644"":1,""U368"":1,""U290"":1,""U169"":1,""U3"":1,""U266"":4,""U240"":1,""U136"":1,""U343"":1,""U585"":1,""U315"":1,""U676"":1,""U628"":1,""U383"":1,""U97"":1,""U408"":1,""U615"":1,""U77"":1,""U350"":1,""U353"":1,""U516"":1,""U703"":1,""U604"":1,""U684"":1,""U140"":2,""U125"":1,""U89"":1,""U506"":1,""U312"":1,""U276"":1,""U689"":1,""U193"":1,""U234"":1,""U145"":3,""U237"":1,""U465"":1,""U591"":1,""U150"":1,""U348"":1,""U527"":1,""U581"":1,""U461"":1,""U244"":1,""U88"":1,""U131"":1,""U480"":1,""U261"":1,""U711"":1,""U230"":1,""U423"":1,""U573"":2,""U280"":1,""U14"":1,""U692"":1,""U726"":1,""U252"":1,""U256"":1,""U524"":1,""U710"":1,""U162"":1,""U540"":1,""U143"":1,""U210"":1,""U299"":1,""U696"":1,""U640"":1,""U311"":1,""U327"":1,""U605"":1,""U176"":1,""U466"":2,""U566"":1,""U121"":1,""U292"":1,""U363"":1,""U390"":2,""U132"":1,""U219"":1,""U515"":1,""U346"":1,""U334"":2,""U1"":1,""U43"":1,""U597"":1,""U302"":1,""U260"":1,""U702"":1,""U543"":1,""U725"":1,""U371"":1,""U658"":1,""U528"":1,""U552"":1,""U503"":1,""U642"":1,""U76"":1,""U488"":1,""U29"":1,""U471"":1,""U117"":1,""U709"":1,""U67"":1,""U510"":1,""U13"":1,""U351"":1,""U149"":1,""U489"":1,""U472"":1,""U135"":1,""U144"":1,""U116"":1,""U624"":1,""U565"":1,""U167"":1,""U421"":1,""U225"":1,""U115"":1,""U250"":1,""U650"":1,""U241"":1,""U568"":1,""U720"":2,""U416"":1,""U434"":1,""U531"":2,""U82"":1,""U496"":1,""U690"":1,""U582"":1,""U300"":1,""U622"":1,""U216"":1,""U588"":1,""U270"":1,""U738"":1,""U78"":1,""U436"":1,""U39"":1,""U68"":2,""U462"":1,""U183"":1,""U287"":1,""U602"":1,""U204"":1,""U382"":1,""U714"":1,""U154"":1,""U630"":1,""U641"":1,""U127"":1,""U182"":1,""U564"":1,""U207"":1,""U268"":1,""U61"":1,""U656"":1,""U141"":1,""U464"":1,""U433"":1,""U158"":1,""U157"":1,""U17"":1,""U686"":1,""U740"":1,""U40"":1,""U164"":1,""U474"":1,""U545"":1,""U133"":1,""U596"":1,""U745"":1,""U425"":1,""U175"":1,""U504"":1,""U739"":1,""U511"":1,""U577"":1,""U717"":1,""U101"":2,""U122"":1,""U458"":1,""U483"":1,""U546"":1,""U719"":1,""U337"":1,""U190"":1,""U80"":1,""U447"":1,""U470"":1,""U401"":2,""U695"":1,""U392"":1,""U742"":1,""U457"":1,""U468"":1,""U672"":1,""U750"":1,""U482"":1,""U303"":1,""U59"":2,""U208"":1,""U681"":1,""U55"":1,""U185"":1,""U610"":1,""U214"":1,""U665"":1,""U4"":1,""U389"":1,""U746"":1,""U544"":1,""U599"":1,""U325"":1,""U522"":1,""U402"":1,""U297"":1,""U25"":1,""U228"":1,""U587"":1,""U174"":1,""U705"":1,""U215"":1,""U42"":1,""U463"":1,""U113"":1,""U675"":1,""U440"":1,""U104"":1,""U246"":1,""U536"":1,""U384"":1,""U294"":1,""U701"":1,""U249"":1,""U233"":1,""U422"":1,""U362"":1,""U550"":1,""U160"":1,""U513"":1,""U407"":2,""U11"":1,""U180"":1,""U265"":1,""U554"":1,""U336"":1,""U197"":1,""U487"":1,""U18"":1,""U520"":1,""U555"":1,""U211"":1,""U429"":1}",586.9519996643066,,,,,false,750,,,Gurobi,gurobi_10min,true,600.0,20260829,16,16,150,,false,ok,0.05900001525878906,network_balanced,network_balanced_hardness_sweep,16,,586.9519996643066,13.277000188827515
1,,,,,,Timelimit,,MIPSolver,,0.5,karlsruhe_network_balanced_n150_b50_u1000_sd_fixed_network_path,karlsruhe,,false,1.0e100,150,2480,150,150,0.5,300,75,aachen_osm_gtfs_bike_agg150_p150_b50_u1000,13876,600,1000,fixed_network_path,true,,,,false,,sd,sd_fixed_network_path,,,,,,,,,1000,,,Gurobi,gurobi_10min,true,600.0,20260829,16,16,150,,false,timeout,600.6770000457764,network_balanced,network_balanced_hardness_sweep,16,,600.0,1313.6239998340607
Inf,,,,,,Memory_Limit,,MIPSolver,,0.5,karlsruhe_network_balanced_n150_b50_u1000_sd_n_minus_1,karlsruhe,,false,Inf,150,2480,150,150,0.5,300,75,aachen_osm_gtfs_bike_agg150_p150_b50_u1000,13876,600,1000,n_minus_one_most_expensive,true,,,,false,,sd,sd_n_minus_1,,,,,,,,,1000,,,Gurobi,gurobi_10min,true,600.0,20260829,16,16,150,,false,memory_limit,268.8159999847412,network_balanced,network_balanced_hardness_sweep,16,,600.0,868.5620000362396
,,0,,1000,,Memory_Limit,0,BlCSolver,,0.5,karlsruhe_network_balanced_n150_b50_u1000_blc_astar_fixed_network_path,karlsruhe,,false,,150,2480,150,150,0.5,300,75,aachen_osm_gtfs_bike_agg150_p150_b50_u1000,13876,600,1000,fixed_network_path,,,,,,13891877,blc,blc_astar_fixed_network_path,,,,0,0,astar,null,,1000,true,16,Gurobi,gurobi_10min,true,600.0,20260829,16,16,150,,false,memory_limit,,network_balanced,network_balanced_hardness_sweep,16,16,600.0,711.5800001621246
,,0,,1000,,Memory_Limit,0,BlCSolver,,0.5,karlsruhe_network_balanced_n150_b50_u1000_blc_astar_n_minus_1,karlsruhe,,false,,150,2480,150,150,0.5,300,75,aachen_osm_gtfs_bike_agg150_p150_b50_u1000,13876,600,1000,n_minus_one_most_expensive,,,,,,13891877,blc,blc_astar_n_minus_1,,,,0,0,astar,null,,1000,true,16,Gurobi,gurobi_10min,true,600.0,20260829,16,16,150,,false,memory_limit,,network_balanced,network_balanced_hardness_sweep,16,16,600.0,560.7890000343323
1,,,,,-2429.0,Optimal,,MIPSolver,,0.5,karlsruhe_network_balanced_n150_b50_u1000_path_dominance,karlsruhe,,false,0.0,150,2480,150,150,0.5,300,75,aachen_osm_gtfs_bike_agg150_p150_b50_u1000,13876,600,1000,,,39.555999994277954,600.0,labeling,,,path,path_dominance,false,"{""U828"":1,""U396"":1,""U448"":1,""U893"":1,""U19"":1,""U166"":1,""U91"":1,""U155"":1,""U415"":1,""U385"":1,""U980"":1,""U184"":1,""U909"":1,""U716"":1,""U238"":3,""U326"":1,""U851"":1,""U993"":1,""U917"":1,""U930"":1,""U142"":1,""U619"":1,""U24"":1,""U109"":1,""U229"":1,""U569"":2,""U179"":1,""U397"":1,""U491"":1,""U892"":1,""U243"":1,""U485"":1,""U961"":1,""U186"":1,""U359"":1,""U874"":1,""U876"":1,""U691"":1,""U285"":1,""U981"":1,""U492"":1,""U867"":1,""U614"":1,""U444"":1,""U583"":1,""U728"":1,""U735"":1,""U886"":1,""U616"":1,""U341"":1,""U816"":1,""U118"":1,""U533"":1,""U35"":1,""U49"":1,""U321"":1,""U685"":1,""U62"":1,""U5"":1,""U74"":1,""U203"":1,""U729"":1,""U81"":1,""U571"":1,""U776"":1,""U820"":1,""U979"":1,""U984"":1,""U213"":1,""U8"":1,""U455"":1,""U177"":1,""U318"":1,""U31"":1,""U611"":1,""U83"":1,""U50"":1,""U139"":1,""U634"":1,""U751"":1,""U370"":1,""U864"":1,""U508"":1,""U869"":1,""U269"":1,""U46"":1,""U147"":1,""U322"":1,""U666"":1,""U839"":1,""U71"":1,""U335"":1,""U419"":1,""U578"":1,""U579"":1,""U156"":3,""U953"":1,""U592"":2,""U584"":1,""U534"":1,""U441"":1,""U966"":1,""U757"":1,""U761"":1,""U783"":1,""U273"":1,""U340"":1,""U919"":1,""U223"":1,""U378"":1,""U64"":1,""U495"":1,""U344"":1,""U594"":1,""U700"":1,""U842"":1,""U130"":1,""U922"":1,""U987"":1,""U454"":1,""U477"":1,""U239"":1,""U51"":1,""U731"":1,""U868"":1,""U989"":1,""U819"":1,""U946"":1,""U607"":1,""U617"":1,""U320"":1,""U411"":1,""U810"":1,""U34"":1,""U760"":1,""U934"":1,""U199"":1,""U405"":1,""U787"":1,""U304"":1,""U338"":1,""U518"":1,""U772"":1,""U37"":1,""U590"":1,""U706"":1,""U881"":1,""U296"":1,""U221"":2,""U954"":1,""U376"":1,""U328"":1,""U743"":1,""U669"":1,""U108"":1,""U134"":1,""U484"":1,""U486"":1,""U693"":1,""U627"":1,""U63"":1,""U718"":1,""U20"":1,""U847"":1,""U885"":3,""U171"":1,""U279"":1,""U501"":1,""U660"":1,""U794"":1,""U206"":1,""U202"":1,""U921"":1,""U339"":1,""U633"":1,""U818"":1,""U284"":1,""U882"":1,""U976"":1,""U247"":1,""U653"":1,""U879"":1,""U680"":1,""U232"":1,""U105"":1,""U723"":1,""U352"":1,""U114"":1,""U227"":1,""U56"":1,""U574"":3,""U613"":1,""U70"":1,""U414"":1,""U877"":1,""U442"":1,""U490"":1,""U838"":1,""U848"":1,""U931"":1,""U120"":1,""U146"":1,""U173"":1,""U412"":1,""U965"":1,""U821"":1,""U85"":1,""U418"":1,""U721"":1,""U549"":1,""U467"":1,""U400"":1,""U380"":1,""U194"":1,""U200"":1,""U843"":1,""U558"":1,""U453"":1,""U258"":1,""U360"":1,""U670"":1,""U662"":1,""U106"":1,""U694"":1,""U598"":1,""U567"":1,""U36"":1,""U242"":1,""U894"":1,""U375"":1,""U521"":1,""U586"":1,""U66"":1,""U79"":1,""U387"":1,""U99"":1,""U317"":1,""U313"":1,""U541"":1,""U840"":1,""U562"":1,""U824"":3,""U871"":1,""U509"":1,""U911"":1,""U278"":1,""U410"":1,""U22"":1,""U804"":1,""U603"":1,""U310"":1,""U395"":1,""U367"":1,""U939"":1,""U181"":1,""U929"":1,""U96"":1,""U10"":1,""U785"":1,""U924"":1,""U789"":1,""U381"":1,""U189"":1,""U107"":1,""U974"":1,""U784"":1,""U697"":2,""U372"":1,""U293"":1,""U836"":1,""U991"":1,""U264"":1,""U7"":1,""U551"":1,""U636"":1,""U647"":1,""U782"":2,""U856"":1,""U563"":1,""U374"":1,""U345"":1,""U502"":1,""U678"":1,""U481"":1,""U855"":1,""U404"":1,""U138"":1,""U324"":1,""U920"":1,""U119"":1,""U347"":1,""U764"":1,""U316"":1,""U900"":1,""U730"":1,""U377"":1,""U386"":1,""U437"":1,""U529"":1,""U595"":1,""U48"":1,""U943"":1,""U859"":1,""U9"":1,""U559"":1,""U652"":1,""U862"":1,""U512"":1,""U625"":1,""U152"":1,""U945"":1,""U289"":1,""U896"":1,""U188"":1,""U639"":1,""U646"":1,""U769"":1,""U399"":1,""U274"":1,""U446"":1,""U631"":1,""U438"":1,""U90"":1,""U54"":1,""U996"":1,""U866"":1,""U435"":1,""U307"":1,""U923"":1,""U732"":1,""U713"":1,""U445"":1,""U393"":1,""U403"":1,""U937"":1,""U450"":1,""U737"":1,""U356"":1,""U93"":1,""U430"":1,""U84"":1,""U291"":1,""U687"":2,""U548"":1,""U192"":1,""U259"":1,""U102"":1,""U476"":1,""U364"":1,""U556"":1,""U887"":1,""U958"":1,""U355"":1,""U373"":1,""U891"":1,""U128"":1,""U459"":1,""U657"":1,""U198"":1,""U494"":1,""U27"":1,""U191"":1,""U124"":1,""U985"":1,""U664"":1,""U623"":4,""U635"":1,""U733"":1,""U637"":1,""U28"":1,""U52"":1,""U251"":1,""U314"":1,""U952"":1,""U254"":1,""U950"":1,""U69"":1,""U507"":1,""U112"":1,""U849"":1,""U329"":1,""U201"":1,""U281"":1,""U774"":1,""U2"":1,""U333"":1,""U704"":1,""U92"":1,""U766"":1,""U449"":1,""U308"":1,""U286"":1,""U32"":1,""U298"":1,""U283"":1,""U707"":1,""U123"":1,""U668"":3,""U58"":1,""U205"":1,""U172"":1,""U12"":1,""U654"":1,""U626"":1,""U224"":1,""U609"":1,""U277"":1,""U30"":1,""U409"":1,""U517"":1,""U593"":1,""U803"":1,""U330"":2,""U220"":1,""U388"":1,""U736"":1,""U309"":1,""U724"":1,""U271"":1,""U643"":1,""U620"":3,""U674"":3,""U379"":1,""U683"":1,""U834"":3,""U86"":1,""U26"":1,""U236"":1,""U825"":1,""U951"":1,""U163"":1,""U110"":1,""U949"":1,""U655"":1,""U629"":1,""U358"":1,""U514"":1,""U608"":1,""U618"":1,""U770"":1,""U159"":1,""U947"":1,""U98"":1,""U744"":1,""U245"":1,""U44"":1,""U649"":1,""U712"":1,""U137"":1,""U168"":1,""U53"":1,""U975"":1,""U673"":2,""U95"":1,""U424"":1,""U539"":1,""U301"":1,""U165"":1,""U460"":1,""U500"":1,""U942"":1,""U288"":1,""U570"":1,""U928"":1,""U962"":1,""U547"":1,""U638"":1,""U532"":1,""U426"":1,""U21"":1,""U306"":1,""U963"":1,""U342"":1,""U33"":1,""U272"":1,""U253"":2,""U777"":1,""U992"":1,""U170"":2,""U15"":1,""U601"":1,""U575"":1,""U977"":1,""U100"":1,""U799"":1,""U621"":1,""U65"":1,""U747"":1,""U427"":1,""U365"":1,""U295"":1,""U970"":1,""U526"":1,""U835"":1,""U801"":1,""U600"":1,""U38"":1,""U366"":1,""U499"":1,""U478"":1,""U23"":1,""U982"":1,""U845"":1,""U126"":1,""U111"":1,""U432"":1,""U519"":1,""U802"":1,""U606"":1,""U212"":1,""U612"":1,""U16"":1,""U875"":1,""U663"":1,""U561"":1,""U557"":1,""U538"":1,""U431"":1,""U553"":1,""U257"":1,""U758"":1,""U420"":1,""U906"":1,""U762"":1,""U129"":1,""U651"":1,""U941"":1,""U523"":3,""U275"":1,""U439"":1,""U800"":1,""U263"":1,""U935"":1,""U87"":1,""U708"":1,""U282"":1,""U741"":1,""U748"":1,""U357"":1,""U815"":1,""U475"":1,""U323"":1,""U645"":1,""U667"":1,""U580"":1,""U525"":1,""U57"":1,""U473"":1,""U589"":1,""U826"":1,""U331"":1,""U413"":1,""U6"":1,""U560"":2,""U632"":1,""U682"":1,""U576"":1,""U846"":1,""U926"":1,""U456"":1,""U148"":1,""U671"":1,""U505"":1,""U753"":1,""U217"":1,""U428"":1,""U933"":1,""U187"":1,""U332"":1,""U823"":1,""U209"":1,""U262"":2,""U305"":1,""U452"":1,""U45"":1,""U889"":1,""U443"":1,""U417"":1,""U319"":1,""U853"":1,""U469"":1,""U255"":1,""U73"":1,""U734"":1,""U715"":1,""U983"":1,""U910"":1,""U41"":1,""U75"":1,""U248"":1,""U103"":1,""U222"":1,""U795"":1,""U479"":1,""U659"":1,""U369"":1,""U897"":1,""U811"":1,""U398"":1,""U537"":1,""U406"":1,""U806"":2,""U661"":1,""U354"":1,""U235"":1,""U648"":1,""U226"":1,""U178"":2,""U727"":1,""U267"":1,""U688"":1,""U161"":1,""U394"":1,""U497"":1,""U830"":1,""U498"":1,""U749"":1,""U999"":2,""U195"":1,""U349"":1,""U767"":1,""U391"":1,""U542"":1,""U878"":1,""U699"":1,""U572"":1,""U679"":1,""U722"":1,""U72"":1,""U698"":1,""U677"":1,""U361"":1,""U60"":1,""U153"":1,""U913"":1,""U773"":1,""U451"":1,""U196"":1,""U231"":1,""U493"":1,""U908"":1,""U151"":1,""U47"":1,""U218"":1,""U530"":1,""U986"":1,""U535"":1,""U94"":1,""U788"":1,""U644"":1,""U368"":1,""U759"":1,""U290"":1,""U169"":1,""U3"":1,""U266"":1,""U240"":1,""U136"":1,""U343"":1,""U585"":1,""U315"":1,""U676"":1,""U628"":1,""U383"":1,""U990"":1,""U97"":1,""U865"":1,""U408"":1,""U755"":1,""U615"":1,""U77"":1,""U884"":1,""U350"":1,""U940"":1,""U353"":1,""U960"":1,""U516"":1,""U703"":1,""U604"":1,""U684"":5,""U140"":2,""U125"":1,""U912"":1,""U89"":1,""U780"":2,""U506"":1,""U972"":1,""U312"":1,""U276"":1,""U689"":1,""U193"":1,""U234"":1,""U145"":1,""U817"":3,""U237"":1,""U465"":1,""U591"":1,""U150"":1,""U348"":1,""U527"":1,""U581"":1,""U461"":1,""U813"":1,""U244"":1,""U88"":1,""U903"":1,""U131"":1,""U870"":1,""U973"":1,""U480"":1,""U997"":1,""U812"":1,""U261"":1,""U711"":1,""U230"":1,""U423"":1,""U901"":2,""U573"":1,""U280"":1,""U14"":1,""U692"":1,""U726"":1,""U252"":1,""U256"":1,""U916"":1,""U915"":1,""U907"":1,""U524"":1,""U918"":1,""U932"":1,""U710"":1,""U162"":1,""U899"":2,""U540"":1,""U854"":1,""U858"":1,""U756"":1,""U143"":1,""U210"":1,""U814"":1,""U805"":1,""U299"":1,""U883"":1,""U696"":1,""U640"":1,""U311"":2,""U852"":1,""U327"":1,""U827"":1,""U605"":1,""U176"":1,""U466"":1,""U566"":1,""U121"":1,""U292"":1,""U971"":1,""U363"":1,""U390"":1,""U905"":1,""U132"":1,""U219"":1,""U515"":1,""U790"":1,""U346"":1,""U334"":1,""U850"":1,""U779"":1,""U1"":1,""U43"":1,""U597"":1,""U302"":1,""U260"":1,""U860"":1,""U702"":1,""U543"":1,""U957"":1,""U725"":1,""U371"":1,""U658"":1,""U528"":1,""U552"":1,""U503"":1,""U642"":1,""U76"":1,""U488"":1,""U29"":1,""U471"":1,""U117"":1,""U709"":1,""U67"":1,""U510"":1,""U13"":1,""U351"":1,""U149"":1,""U895"":1,""U489"":1,""U472"":1,""U872"":1,""U135"":1,""U144"":1,""U116"":1,""U624"":1,""U565"":1,""U167"":1,""U421"":1,""U225"":2,""U115"":1,""U250"":1,""U650"":1,""U241"":1,""U568"":1,""U720"":1,""U775"":1,""U416"":1,""U763"":1,""U434"":1,""U531"":1,""U797"":1,""U754"":1,""U994"":1,""U82"":1,""U496"":1,""U690"":1,""U880"":1,""U582"":1,""U300"":1,""U622"":1,""U964"":1,""U216"":1,""U861"":1,""U588"":1,""U270"":1,""U738"":1,""U78"":1,""U436"":1,""U39"":1,""U68"":1,""U969"":1,""U462"":1,""U183"":1,""U287"":1,""U602"":1,""U204"":1,""U904"":1,""U807"":1,""U382"":1,""U791"":1,""U714"":1,""U154"":1,""U844"":1,""U630"":1,""U641"":1,""U781"":1,""U127"":1,""U182"":1,""U564"":1,""U207"":1,""U268"":1,""U61"":1,""U656"":1,""U141"":1,""U464"":1,""U433"":1,""U857"":2,""U158"":2,""U948"":1,""U157"":1,""U17"":1,""U686"":1,""U902"":1,""U740"":1,""U752"":1,""U40"":1,""U164"":1,""U474"":1,""U545"":1,""U133"":1,""U596"":1,""U745"":1,""U425"":1,""U175"":1,""U978"":1,""U504"":1,""U1000"":1,""U995"":1,""U739"":1,""U837"":1,""U511"":1,""U577"":1,""U717"":1,""U786"":1,""U968"":1,""U101"":1,""U768"":1,""U122"":1,""U936"":1,""U458"":1,""U483"":1,""U546"":1,""U841"":1,""U719"":1,""U337"":1,""U190"":1,""U80"":2,""U793"":1,""U447"":3,""U470"":1,""U401"":1,""U925"":1,""U695"":1,""U392"":1,""U833"":1,""U742"":1,""U832"":1,""U457"":4,""U468"":2,""U672"":1,""U750"":1,""U956"":1,""U482"":1,""U303"":1,""U59"":1,""U831"":1,""U914"":1,""U809"":1,""U822"":1,""U208"":1,""U681"":2,""U944"":1,""U55"":1,""U185"":1,""U610"":1,""U214"":1,""U665"":2,""U988"":1,""U4"":1,""U389"":1,""U746"":1,""U765"":1,""U959"":1,""U544"":1,""U599"":1,""U325"":1,""U522"":1,""U890"":1,""U402"":1,""U297"":1,""U25"":1,""U228"":1,""U587"":1,""U174"":1,""U778"":1,""U705"":2,""U792"":1,""U796"":1,""U215"":1,""U798"":1,""U42"":1,""U463"":1,""U113"":1,""U675"":1,""U440"":1,""U104"":1,""U998"":1,""U771"":1,""U808"":1,""U938"":1,""U246"":1,""U536"":1,""U384"":1,""U955"":1,""U294"":1,""U873"":1,""U967"":2,""U701"":1,""U249"":1,""U233"":1,""U863"":3,""U888"":1,""U422"":1,""U362"":1,""U550"":1,""U160"":1,""U513"":1,""U407"":1,""U11"":2,""U180"":1,""U265"":1,""U554"":1,""U336"":1,""U197"":1,""U927"":1,""U487"":1,""U829"":1,""U18"":1,""U520"":1,""U555"":1,""U211"":1,""U898"":1,""U429"":1}",560.444000005722,,,,,true,1000,,,Gurobi,gurobi_10min,true,600.0,20260829,16,16,150,,false,ok,0.06100010871887207,network_balanced,network_balanced_hardness_sweep,16,,560.444000005722,39.78699994087219
1,,,,,-2429.0,Optimal,,MIPSolver,,0.5,karlsruhe_network_balanced_n150_b50_u1000_path_no_dominance,karlsruhe,,false,0.0,150,2480,150,150,0.5,300,75,aachen_osm_gtfs_bike_agg150_p150_b50_u1000,13876,600,1000,,,17.720999240875244,600.0,labeling,,,path,path_no_dominance,false,"{""U828"":1,""U396"":1,""U448"":1,""U893"":1,""U19"":1,""U166"":1,""U91"":1,""U155"":1,""U415"":1,""U385"":1,""U980"":1,""U184"":1,""U909"":1,""U716"":1,""U238"":3,""U326"":1,""U851"":1,""U993"":1,""U917"":1,""U930"":1,""U142"":1,""U619"":1,""U24"":1,""U109"":1,""U229"":1,""U569"":2,""U179"":1,""U397"":1,""U491"":1,""U892"":1,""U243"":1,""U485"":1,""U961"":1,""U186"":1,""U359"":1,""U874"":1,""U876"":1,""U691"":1,""U285"":1,""U981"":1,""U492"":2,""U867"":1,""U614"":1,""U444"":1,""U583"":1,""U728"":1,""U735"":1,""U886"":1,""U616"":1,""U341"":1,""U816"":1,""U118"":1,""U533"":1,""U35"":1,""U49"":1,""U321"":2,""U685"":1,""U62"":1,""U5"":1,""U74"":1,""U203"":1,""U729"":1,""U81"":1,""U571"":1,""U776"":1,""U820"":1,""U979"":1,""U984"":1,""U213"":1,""U8"":1,""U455"":1,""U177"":1,""U318"":1,""U31"":1,""U611"":1,""U83"":1,""U50"":1,""U139"":1,""U634"":1,""U751"":1,""U370"":1,""U864"":1,""U508"":1,""U869"":1,""U269"":1,""U46"":1,""U147"":1,""U322"":1,""U666"":1,""U839"":1,""U71"":1,""U335"":1,""U419"":1,""U578"":1,""U579"":1,""U156"":3,""U953"":1,""U592"":2,""U584"":1,""U534"":1,""U441"":1,""U966"":1,""U757"":1,""U761"":1,""U783"":1,""U273"":1,""U340"":1,""U919"":1,""U223"":1,""U378"":1,""U64"":1,""U495"":2,""U344"":1,""U594"":1,""U700"":1,""U842"":1,""U130"":1,""U922"":1,""U987"":1,""U454"":1,""U477"":1,""U239"":1,""U51"":1,""U731"":1,""U868"":1,""U989"":1,""U819"":1,""U946"":1,""U607"":1,""U617"":1,""U320"":1,""U411"":1,""U810"":1,""U34"":1,""U760"":1,""U934"":1,""U199"":1,""U405"":1,""U787"":1,""U304"":1,""U338"":1,""U518"":1,""U772"":1,""U37"":1,""U590"":1,""U706"":1,""U881"":1,""U296"":1,""U221"":2,""U954"":1,""U376"":1,""U328"":1,""U743"":1,""U669"":1,""U108"":1,""U134"":1,""U484"":1,""U486"":1,""U693"":1,""U627"":1,""U63"":1,""U718"":1,""U20"":1,""U847"":1,""U885"":3,""U171"":1,""U279"":1,""U501"":1,""U660"":1,""U794"":1,""U206"":1,""U202"":1,""U921"":1,""U339"":1,""U633"":1,""U818"":1,""U284"":1,""U882"":1,""U976"":1,""U247"":1,""U653"":1,""U879"":1,""U680"":2,""U232"":1,""U105"":1,""U723"":1,""U352"":1,""U114"":1,""U227"":2,""U56"":1,""U574"":3,""U613"":1,""U70"":1,""U414"":1,""U877"":1,""U442"":1,""U490"":1,""U838"":1,""U848"":1,""U931"":1,""U120"":1,""U146"":1,""U173"":1,""U412"":1,""U965"":1,""U821"":1,""U85"":1,""U418"":1,""U721"":1,""U549"":1,""U467"":1,""U400"":1,""U380"":1,""U194"":1,""U200"":1,""U843"":1,""U558"":1,""U453"":1,""U258"":1,""U360"":1,""U670"":1,""U662"":1,""U106"":1,""U694"":1,""U598"":1,""U567"":1,""U36"":1,""U242"":1,""U894"":1,""U375"":1,""U521"":1,""U586"":1,""U66"":1,""U79"":1,""U387"":1,""U99"":1,""U317"":1,""U313"":1,""U541"":1,""U840"":1,""U562"":1,""U824"":3,""U871"":1,""U509"":1,""U911"":1,""U278"":1,""U410"":1,""U22"":1,""U804"":1,""U603"":1,""U310"":1,""U395"":1,""U367"":1,""U939"":1,""U181"":1,""U929"":1,""U96"":1,""U10"":1,""U785"":1,""U924"":1,""U789"":1,""U381"":1,""U189"":1,""U107"":1,""U974"":1,""U784"":1,""U697"":2,""U372"":1,""U293"":1,""U836"":1,""U991"":1,""U264"":1,""U7"":1,""U551"":1,""U636"":1,""U647"":1,""U782"":3,""U856"":1,""U563"":1,""U374"":1,""U345"":1,""U502"":1,""U678"":1,""U481"":1,""U855"":1,""U404"":1,""U138"":1,""U324"":1,""U920"":2,""U119"":1,""U347"":1,""U764"":1,""U316"":1,""U900"":1,""U730"":1,""U377"":1,""U386"":1,""U437"":1,""U529"":1,""U595"":1,""U48"":1,""U943"":1,""U859"":1,""U9"":1,""U559"":1,""U652"":1,""U862"":1,""U512"":1,""U625"":1,""U152"":1,""U945"":1,""U289"":1,""U896"":1,""U188"":1,""U639"":1,""U646"":1,""U769"":1,""U399"":1,""U274"":1,""U446"":2,""U631"":1,""U438"":1,""U90"":1,""U54"":1,""U996"":1,""U866"":1,""U435"":1,""U307"":1,""U923"":1,""U732"":1,""U713"":1,""U445"":1,""U393"":1,""U403"":2,""U937"":1,""U450"":1,""U737"":1,""U356"":1,""U93"":1,""U430"":1,""U84"":1,""U291"":1,""U687"":3,""U548"":1,""U192"":1,""U259"":1,""U102"":1,""U476"":1,""U364"":1,""U556"":1,""U887"":1,""U958"":1,""U355"":1,""U373"":1,""U891"":1,""U128"":1,""U459"":1,""U657"":1,""U198"":1,""U494"":1,""U27"":1,""U191"":1,""U124"":1,""U985"":1,""U664"":1,""U623"":4,""U635"":1,""U733"":1,""U637"":1,""U28"":1,""U52"":1,""U251"":1,""U314"":1,""U952"":1,""U254"":1,""U950"":1,""U69"":1,""U507"":1,""U112"":1,""U849"":1,""U329"":1,""U201"":1,""U281"":1,""U774"":1,""U2"":1,""U333"":1,""U704"":1,""U92"":1,""U766"":1,""U449"":1,""U308"":1,""U286"":1,""U32"":1,""U298"":1,""U283"":1,""U707"":1,""U123"":1,""U668"":6,""U58"":1,""U205"":1,""U172"":1,""U12"":1,""U654"":1,""U626"":1,""U224"":1,""U609"":1,""U277"":1,""U30"":1,""U409"":1,""U517"":1,""U593"":1,""U803"":1,""U330"":3,""U220"":1,""U388"":1,""U736"":1,""U309"":1,""U724"":1,""U271"":1,""U643"":1,""U620"":3,""U674"":3,""U379"":1,""U683"":1,""U834"":8,""U86"":1,""U26"":1,""U236"":1,""U825"":1,""U951"":1,""U163"":1,""U110"":1,""U949"":1,""U655"":1,""U629"":1,""U358"":1,""U514"":1,""U608"":1,""U618"":1,""U770"":1,""U159"":1,""U947"":1,""U98"":1,""U744"":1,""U245"":1,""U44"":1,""U649"":1,""U712"":1,""U137"":1,""U168"":1,""U53"":1,""U975"":1,""U673"":2,""U95"":1,""U424"":1,""U539"":1,""U301"":1,""U165"":1,""U460"":1,""U500"":1,""U942"":1,""U288"":1,""U570"":1,""U928"":1,""U962"":1,""U547"":1,""U638"":1,""U532"":1,""U426"":1,""U21"":1,""U306"":1,""U963"":1,""U342"":1,""U33"":1,""U272"":1,""U253"":2,""U777"":1,""U992"":1,""U170"":2,""U15"":1,""U601"":1,""U575"":1,""U977"":1,""U100"":2,""U799"":1,""U621"":1,""U65"":1,""U747"":1,""U427"":1,""U365"":1,""U295"":1,""U970"":1,""U526"":1,""U835"":1,""U801"":1,""U600"":1,""U38"":1,""U366"":1,""U499"":1,""U478"":1,""U23"":1,""U982"":1,""U845"":1,""U126"":1,""U111"":1,""U432"":1,""U519"":1,""U802"":1,""U606"":1,""U212"":1,""U612"":1,""U16"":1,""U875"":1,""U663"":1,""U561"":1,""U557"":1,""U538"":1,""U431"":1,""U553"":1,""U257"":1,""U758"":1,""U420"":1,""U906"":1,""U762"":1,""U129"":1,""U651"":1,""U941"":1,""U523"":3,""U275"":1,""U439"":1,""U800"":1,""U263"":1,""U935"":1,""U87"":1,""U708"":1,""U282"":1,""U741"":1,""U748"":1,""U357"":1,""U815"":1,""U475"":1,""U323"":1,""U645"":1,""U667"":1,""U580"":1,""U525"":1,""U57"":1,""U473"":1,""U589"":1,""U826"":1,""U331"":1,""U413"":1,""U6"":1,""U560"":3,""U632"":1,""U682"":1,""U576"":1,""U846"":1,""U926"":1,""U456"":1,""U148"":1,""U671"":1,""U505"":1,""U753"":1,""U217"":1,""U428"":1,""U933"":1,""U187"":1,""U332"":1,""U823"":1,""U209"":1,""U262"":4,""U305"":1,""U452"":1,""U45"":1,""U889"":1,""U443"":1,""U417"":1,""U319"":1,""U853"":1,""U469"":1,""U255"":1,""U73"":1,""U734"":1,""U715"":1,""U983"":1,""U910"":1,""U41"":1,""U75"":1,""U248"":1,""U103"":1,""U222"":1,""U795"":1,""U479"":1,""U659"":1,""U369"":1,""U897"":1,""U811"":1,""U398"":1,""U537"":1,""U406"":1,""U806"":2,""U661"":1,""U354"":1,""U235"":1,""U648"":1,""U226"":1,""U178"":2,""U727"":1,""U267"":1,""U688"":1,""U161"":1,""U394"":1,""U497"":1,""U830"":1,""U498"":1,""U749"":1,""U999"":2,""U195"":1,""U349"":1,""U767"":1,""U391"":1,""U542"":1,""U878"":1,""U699"":1,""U572"":1,""U679"":1,""U722"":1,""U72"":1,""U698"":1,""U677"":1,""U361"":1,""U60"":1,""U153"":1,""U913"":1,""U773"":1,""U451"":1,""U196"":1,""U231"":1,""U493"":1,""U908"":1,""U151"":1,""U47"":1,""U218"":1,""U530"":1,""U986"":1,""U535"":1,""U94"":1,""U788"":1,""U644"":1,""U368"":1,""U759"":1,""U290"":1,""U169"":1,""U3"":1,""U266"":1,""U240"":1,""U136"":1,""U343"":1,""U585"":1,""U315"":1,""U676"":1,""U628"":1,""U383"":1,""U990"":1,""U97"":1,""U865"":1,""U408"":1,""U755"":1,""U615"":1,""U77"":1,""U884"":1,""U350"":1,""U940"":1,""U353"":1,""U960"":1,""U516"":1,""U703"":1,""U604"":1,""U684"":7,""U140"":2,""U125"":1,""U912"":1,""U89"":1,""U780"":2,""U506"":1,""U972"":1,""U312"":1,""U276"":1,""U689"":1,""U193"":1,""U234"":1,""U145"":1,""U817"":5,""U237"":1,""U465"":1,""U591"":1,""U150"":1,""U348"":1,""U527"":1,""U581"":1,""U461"":1,""U813"":1,""U244"":1,""U88"":1,""U903"":1,""U131"":1,""U870"":1,""U973"":1,""U480"":1,""U997"":1,""U812"":1,""U261"":1,""U711"":1,""U230"":1,""U423"":1,""U901"":2,""U573"":1,""U280"":1,""U14"":1,""U692"":1,""U726"":1,""U252"":1,""U256"":1,""U916"":1,""U915"":1,""U907"":1,""U524"":1,""U918"":1,""U932"":1,""U710"":1,""U162"":1,""U899"":3,""U540"":1,""U854"":1,""U858"":1,""U756"":1,""U143"":1,""U210"":1,""U814"":1,""U805"":1,""U299"":1,""U883"":1,""U696"":1,""U640"":1,""U311"":3,""U852"":1,""U327"":1,""U827"":1,""U605"":1,""U176"":1,""U466"":1,""U566"":1,""U121"":1,""U292"":1,""U971"":1,""U363"":1,""U390"":1,""U905"":1,""U132"":1,""U219"":1,""U515"":1,""U790"":1,""U346"":1,""U334"":1,""U850"":1,""U779"":1,""U1"":1,""U43"":1,""U597"":1,""U302"":1,""U260"":1,""U860"":1,""U702"":1,""U543"":1,""U957"":1,""U725"":1,""U371"":1,""U658"":1,""U528"":1,""U552"":1,""U503"":1,""U642"":1,""U76"":1,""U488"":1,""U29"":1,""U471"":1,""U117"":1,""U709"":1,""U67"":1,""U510"":1,""U13"":1,""U351"":1,""U149"":1,""U895"":1,""U489"":1,""U472"":1,""U872"":1,""U135"":1,""U144"":1,""U116"":1,""U624"":1,""U565"":1,""U167"":2,""U421"":1,""U225"":2,""U115"":1,""U250"":1,""U650"":1,""U241"":1,""U568"":1,""U720"":1,""U775"":1,""U416"":1,""U763"":1,""U434"":1,""U531"":1,""U797"":1,""U754"":1,""U994"":1,""U82"":2,""U496"":1,""U690"":1,""U880"":1,""U582"":1,""U300"":1,""U622"":1,""U964"":1,""U216"":1,""U861"":1,""U588"":1,""U270"":1,""U738"":1,""U78"":1,""U436"":1,""U39"":1,""U68"":1,""U969"":1,""U462"":1,""U183"":2,""U287"":1,""U602"":1,""U204"":1,""U904"":1,""U807"":1,""U382"":1,""U791"":1,""U714"":1,""U154"":1,""U844"":1,""U630"":1,""U641"":1,""U781"":1,""U127"":1,""U182"":1,""U564"":1,""U207"":1,""U268"":1,""U61"":1,""U656"":1,""U141"":1,""U464"":1,""U433"":1,""U857"":2,""U158"":2,""U948"":1,""U157"":1,""U17"":1,""U686"":1,""U902"":1,""U740"":1,""U752"":1,""U40"":1,""U164"":1,""U474"":1,""U545"":1,""U133"":1,""U596"":1,""U745"":1,""U425"":1,""U175"":1,""U978"":1,""U504"":1,""U1000"":1,""U995"":1,""U739"":1,""U837"":1,""U511"":1,""U577"":1,""U717"":1,""U786"":1,""U968"":1,""U101"":1,""U768"":1,""U122"":1,""U936"":1,""U458"":1,""U483"":1,""U546"":1,""U841"":1,""U719"":1,""U337"":1,""U190"":1,""U80"":2,""U793"":1,""U447"":3,""U470"":1,""U401"":1,""U925"":1,""U695"":1,""U392"":1,""U833"":1,""U742"":1,""U832"":1,""U457"":4,""U468"":2,""U672"":1,""U750"":1,""U956"":1,""U482"":1,""U303"":1,""U59"":1,""U831"":1,""U914"":1,""U809"":1,""U822"":1,""U208"":1,""U681"":6,""U944"":1,""U55"":1,""U185"":1,""U610"":1,""U214"":1,""U665"":2,""U988"":1,""U4"":1,""U389"":1,""U746"":1,""U765"":1,""U959"":1,""U544"":1,""U599"":1,""U325"":1,""U522"":1,""U890"":1,""U402"":1,""U297"":1,""U25"":1,""U228"":1,""U587"":1,""U174"":1,""U778"":1,""U705"":2,""U792"":1,""U796"":1,""U215"":1,""U798"":1,""U42"":1,""U463"":1,""U113"":1,""U675"":1,""U440"":1,""U104"":1,""U998"":1,""U771"":1,""U808"":1,""U938"":1,""U246"":1,""U536"":1,""U384"":1,""U955"":1,""U294"":1,""U873"":1,""U967"":3,""U701"":1,""U249"":1,""U233"":1,""U863"":3,""U888"":1,""U422"":1,""U362"":1,""U550"":1,""U160"":1,""U513"":1,""U407"":1,""U11"":2,""U180"":1,""U265"":1,""U554"":2,""U336"":1,""U197"":2,""U927"":1,""U487"":1,""U829"":1,""U18"":1,""U520"":1,""U555"":1,""U211"":2,""U898"":1,""U429"":1}",582.2790007591248,,,,,false,1000,,,Gurobi,gurobi_10min,true,600.0,20260829,16,16,150,,false,ok,0.06099987030029297,network_balanced,network_balanced_hardness_sweep,16,,582.2790007591248,17.950999975204468
1,,,,,-647.0,Timelimit,,MIPSolver,,0.5,karlsruhe_network_balanced_n200_b50_u300_sd_fixed_network_path,karlsruhe,,false,0.0023848656078666475,200,3109,200,200,0.5,400,100,aachen_osm_gtfs_bike_agg200_p200_b50_u300,16986,800,300,fixed_network_path,true,,,,false,,sd,sd_fixed_network_path,,,,,,,,,300,,,Gurobi,gurobi_10min,true,600.0,20260829,16,16,200,,false,timeout,601.5499999523163,network_balanced,network_balanced_hardness_sweep,16,,600.0,834.4119999408722
0,,,,,,Memory_Limit,,MIPSolver,,0.5,karlsruhe_network_balanced_n200_b50_u300_sd_n_minus_1,karlsruhe,,false,1.0e100,200,3109,200,200,0.5,400,100,aachen_osm_gtfs_bike_agg200_p200_b50_u300,16986,800,300,n_minus_one_most_expensive,true,,,,false,,sd,sd_n_minus_1,,,,,,,,,300,,,Gurobi,gurobi_10min,true,600.0,20260829,16,16,200,,false,memory_limit,277.835000038147,network_balanced,network_balanced_hardness_sweep,16,,600.0,465.8970000743866
1,,300,,300,,Timelimit,1.9987521,BlCSolver,,0.5,karlsruhe_network_balanced_n200_b50_u300_blc_astar_fixed_network_path,karlsruhe,,false,1.0e100,200,3109,200,200,0.5,400,100,aachen_osm_gtfs_bike_agg200_p200_b50_u300,16986,800,300,fixed_network_path,,,,,,5113387,blc,blc_astar_fixed_network_path,,,,0,0,astar,null,,300,true,16,Gurobi,gurobi_10min,true,600.0,20260829,16,16,200,,false,timeout,600.444000005722,network_balanced,network_balanced_hardness_sweep,16,16,600.0,835.2969999313354
1,,300,,300,,Timelimit,0.6660992,BlCSolver,,0.5,karlsruhe_network_balanced_n200_b50_u300_blc_astar_n_minus_1,karlsruhe,,false,1.0e100,200,3109,200,200,0.5,400,100,aachen_osm_gtfs_bike_agg200_p200_b50_u300,16986,800,300,n_minus_one_most_expensive,,,,,,5113387,blc,blc_astar_n_minus_1,,,,0,0,astar,null,,300,true,16,Gurobi,gurobi_10min,true,600.0,20260829,16,16,200,,false,timeout,600.3960001468658,network_balanced,network_balanced_hardness_sweep,16,16,600.0,780.8250000476837
1,,,,,-647.0,Optimal,,MIPSolver,,0.5,karlsruhe_network_balanced_n200_b50_u300_path_dominance,karlsruhe,,false,0.0,200,3109,200,200,0.5,400,100,aachen_osm_gtfs_bike_agg200_p200_b50_u300,16986,800,300,,,9.009000062942505,600.0,labeling,,,path,path_dominance,false,"{""U23"":1,""U96"":1,""U10"":1,""U126"":1,""U176"":1,""U111"":1,""U19"":1,""U166"":1,""U91"":1,""U189"":1,""U107"":3,""U212"":1,""U121"":1,""U292"":1,""U16"":1,""U155"":1,""U293"":1,""U264"":1,""U7"":1,""U132"":2,""U219"":2,""U257"":1,""U184"":1,""U129"":1,""U275"":1,""U238"":1,""U142"":1,""U1"":1,""U24"":1,""U263"":1,""U43"":1,""U260"":1,""U87"":1,""U109"":1,""U138"":1,""U229"":1,""U119"":1,""U179"":1,""U282"":1,""U243"":1,""U186"":1,""U48"":1,""U57"":1,""U76"":1,""U9"":2,""U29"":1,""U117"":1,""U285"":1,""U67"":1,""U6"":1,""U13"":1,""U149"":1,""U152"":1,""U289"":1,""U188"":1,""U135"":1,""U144"":1,""U148"":1,""U116"":1,""U274"":1,""U167"":1,""U217"":1,""U118"":1,""U187"":1,""U225"":1,""U115"":1,""U250"":2,""U209"":1,""U241"":1,""U262"":1,""U35"":1,""U90"":1,""U54"":1,""U45"":1,""U49"":1,""U62"":1,""U5"":1,""U74"":1,""U203"":1,""U255"":1,""U82"":1,""U73"":1,""U81"":1,""U213"":1,""U8"":1,""U41"":1,""U300"":1,""U177"":1,""U31"":1,""U75"":1,""U83"":1,""U50"":1,""U93"":1,""U216"":1,""U139"":1,""U270"":1,""U78"":1,""U84"":2,""U269"":1,""U46"":1,""U147"":1,""U39"":1,""U68"":1,""U248"":1,""U71"":1,""U291"":1,""U192"":1,""U259"":1,""U103"":1,""U102"":1,""U222"":1,""U183"":1,""U156"":1,""U287"":1,""U204"":1,""U128"":1,""U235"":1,""U154"":1,""U273"":1,""U198"":1,""U226"":1,""U178"":1,""U27"":1,""U191"":1,""U223"":1,""U124"":1,""U267"":1,""U64"":2,""U127"":1,""U182"":1,""U207"":1,""U161"":1,""U130"":1,""U268"":1,""U61"":1,""U141"":1,""U239"":1,""U51"":1,""U158"":1,""U28"":1,""U52"":1,""U157"":1,""U251"":2,""U17"":1,""U195"":1,""U254"":1,""U69"":1,""U112"":1,""U40"":1,""U164"":1,""U72"":1,""U34"":1,""U133"":1,""U199"":1,""U175"":1,""U201"":1,""U281"":1,""U60"":1,""U2"":1,""U153"":1,""U37"":1,""U92"":1,""U196"":1,""U231"":1,""U296"":1,""U286"":1,""U221"":1,""U32"":1,""U151"":1,""U47"":1,""U218"":1,""U298"":1,""U94"":1,""U101"":1,""U283"":1,""U108"":1,""U122"":1,""U123"":1,""U134"":1,""U58"":1,""U205"":1,""U172"":1,""U290"":2,""U12"":1,""U169"":1,""U224"":1,""U3"":1,""U266"":1,""U63"":1,""U240"":1,""U136"":1,""U20"":1,""U190"":1,""U277"":1,""U30"":1,""U80"":1,""U171"":1,""U220"":1,""U279"":1,""U206"":1,""U202"":1,""U271"":1,""U97"":1,""U284"":1,""U77"":1,""U247"":1,""U232"":1,""U105"":1,""U114"":1,""U227"":1,""U59"":2,""U56"":1,""U86"":1,""U26"":1,""U236"":3,""U70"":1,""U208"":1,""U140"":3,""U125"":1,""U163"":1,""U89"":1,""U55"":1,""U110"":1,""U159"":1,""U185"":1,""U214"":1,""U120"":1,""U4"":1,""U98"":1,""U146"":1,""U276"":1,""U173"":1,""U245"":1,""U44"":1,""U193"":1,""U137"":2,""U168"":1,""U85"":1,""U53"":1,""U95"":1,""U297"":1,""U234"":1,""U194"":1,""U200"":1,""U25"":1,""U145"":1,""U228"":1,""U174"":1,""U165"":1,""U258"":1,""U288"":1,""U215"":1,""U237"":1,""U42"":1,""U113"":1,""U106"":1,""U150"":1,""U104"":1,""U244"":1,""U36"":1,""U21"":1,""U242"":1,""U88"":1,""U131"":1,""U33"":1,""U66"":1,""U246"":1,""U272"":1,""U79"":1,""U253"":1,""U261"":1,""U99"":1,""U230"":1,""U170"":1,""U15"":1,""U294"":1,""U280"":1,""U14"":1,""U249"":1,""U252"":1,""U256"":1,""U233"":1,""U100"":1,""U278"":1,""U160"":1,""U22"":1,""U65"":1,""U11"":1,""U180"":1,""U162"":1,""U265"":1,""U295"":1,""U197"":1,""U143"":1,""U210"":1,""U38"":1,""U18"":1,""U299"":1,""U211"":1,""U181"":1}",590.9909999370575,,,,,true,300,,,Gurobi,gurobi_10min,true,600.0,20260829,16,16,200,,false,ok,0.029000043869018555,network_balanced,network_balanced_hardness_sweep,16,,590.9909999370575,9.156000137329102
1,,,,,-647.0,Optimal,,MIPSolver,,0.5,karlsruhe_network_balanced_n200_b50_u300_path_no_dominance,karlsruhe,,false,0.0,200,3109,200,200,0.5,400,100,aachen_osm_gtfs_bike_agg200_p200_b50_u300,16986,800,300,,,7.4730000495910645,600.0,labeling,,,path,path_no_dominance,false,"{""U23"":1,""U96"":1,""U10"":1,""U126"":1,""U176"":1,""U111"":1,""U19"":1,""U166"":1,""U91"":1,""U189"":1,""U107"":4,""U212"":1,""U121"":2,""U292"":1,""U16"":1,""U155"":1,""U293"":1,""U264"":1,""U7"":1,""U132"":2,""U219"":3,""U257"":1,""U184"":1,""U129"":1,""U275"":1,""U238"":1,""U142"":1,""U1"":2,""U24"":1,""U263"":1,""U43"":1,""U260"":2,""U87"":1,""U109"":1,""U138"":1,""U229"":1,""U119"":1,""U179"":1,""U282"":1,""U243"":1,""U186"":1,""U48"":1,""U57"":1,""U76"":1,""U9"":3,""U29"":1,""U117"":1,""U285"":2,""U67"":1,""U6"":1,""U13"":1,""U149"":1,""U152"":1,""U289"":1,""U188"":1,""U135"":1,""U144"":1,""U148"":1,""U116"":1,""U274"":1,""U167"":1,""U217"":1,""U118"":1,""U187"":2,""U225"":1,""U115"":1,""U250"":2,""U209"":1,""U241"":1,""U262"":1,""U35"":1,""U90"":1,""U54"":1,""U45"":1,""U49"":1,""U62"":1,""U5"":1,""U74"":1,""U203"":1,""U255"":1,""U82"":1,""U73"":1,""U81"":2,""U213"":1,""U8"":1,""U41"":1,""U300"":1,""U177"":1,""U31"":1,""U75"":1,""U83"":1,""U50"":1,""U93"":1,""U216"":1,""U139"":1,""U270"":1,""U78"":1,""U84"":2,""U269"":1,""U46"":1,""U147"":1,""U39"":1,""U68"":1,""U248"":1,""U71"":1,""U291"":1,""U192"":1,""U259"":1,""U103"":1,""U102"":1,""U222"":1,""U183"":1,""U156"":1,""U287"":1,""U204"":1,""U128"":1,""U235"":1,""U154"":1,""U273"":1,""U198"":1,""U226"":1,""U178"":1,""U27"":1,""U191"":1,""U223"":1,""U124"":1,""U267"":1,""U64"":2,""U127"":1,""U182"":1,""U207"":1,""U161"":1,""U130"":1,""U268"":1,""U61"":1,""U141"":2,""U239"":1,""U51"":2,""U158"":1,""U28"":1,""U52"":1,""U157"":1,""U251"":2,""U17"":1,""U195"":1,""U254"":1,""U69"":1,""U112"":1,""U40"":1,""U164"":1,""U72"":1,""U34"":1,""U133"":1,""U199"":1,""U175"":1,""U201"":1,""U281"":1,""U60"":1,""U2"":1,""U153"":1,""U37"":1,""U92"":1,""U196"":1,""U231"":1,""U296"":1,""U286"":1,""U221"":1,""U32"":1,""U151"":1,""U47"":1,""U218"":1,""U298"":1,""U94"":1,""U101"":1,""U283"":1,""U108"":1,""U122"":1,""U123"":1,""U134"":1,""U58"":1,""U205"":1,""U172"":1,""U290"":2,""U12"":1,""U169"":1,""U224"":1,""U3"":1,""U266"":1,""U63"":1,""U240"":1,""U136"":1,""U20"":1,""U190"":1,""U277"":1,""U30"":1,""U80"":1,""U171"":1,""U220"":1,""U279"":1,""U206"":1,""U202"":1,""U271"":1,""U97"":1,""U284"":1,""U77"":1,""U247"":1,""U232"":1,""U105"":1,""U114"":1,""U227"":1,""U59"":3,""U56"":1,""U86"":1,""U26"":2,""U236"":3,""U70"":1,""U208"":1,""U140"":3,""U125"":2,""U163"":1,""U89"":1,""U55"":1,""U110"":2,""U159"":1,""U185"":1,""U214"":1,""U120"":1,""U4"":1,""U98"":1,""U146"":1,""U276"":1,""U173"":1,""U245"":1,""U44"":2,""U193"":1,""U137"":2,""U168"":2,""U85"":1,""U53"":1,""U95"":1,""U297"":1,""U234"":1,""U194"":1,""U200"":1,""U25"":1,""U145"":1,""U228"":2,""U174"":1,""U165"":1,""U258"":1,""U288"":1,""U215"":1,""U237"":1,""U42"":1,""U113"":1,""U106"":1,""U150"":1,""U104"":1,""U244"":1,""U36"":1,""U21"":2,""U242"":1,""U88"":3,""U131"":1,""U33"":1,""U66"":1,""U246"":1,""U272"":1,""U79"":1,""U253"":1,""U261"":1,""U99"":1,""U230"":1,""U170"":1,""U15"":1,""U294"":1,""U280"":1,""U14"":1,""U249"":2,""U252"":1,""U256"":1,""U233"":1,""U100"":1,""U278"":1,""U160"":1,""U22"":1,""U65"":1,""U11"":1,""U180"":1,""U162"":1,""U265"":1,""U295"":1,""U197"":1,""U143"":1,""U210"":1,""U38"":1,""U18"":1,""U299"":1,""U211"":1,""U181"":1}",592.5269999504089,,,,,false,300,,,Gurobi,gurobi_10min,true,600.0,20260829,16,16,200,,false,ok,0.037999868392944336,network_balanced,network_balanced_hardness_sweep,16,,592.5269999504089,7.640999794006348
1,,,,,,Memory_Limit,,MIPSolver,,0.5,karlsruhe_network_balanced_n200_b50_u500_sd_fixed_network_path,karlsruhe,,false,1.0e100,200,3109,200,200,0.5,400,100,aachen_osm_gtfs_bike_agg200_p200_b50_u500,16986,800,500,fixed_network_path,true,,,,false,,sd,sd_fixed_network_path,,,,,,,,,500,,,Gurobi,gurobi_10min,true,600.0,20260829,16,16,200,,false,memory_limit,588.4370000362396,network_balanced,network_balanced_hardness_sweep,16,,600.0,999.7290000915527
0,,,,,,Memory_Limit,,MIPSolver,,0.5,karlsruhe_network_balanced_n200_b50_u500_sd_n_minus_1,karlsruhe,,false,1.0e100,200,3109,200,200,0.5,400,100,aachen_osm_gtfs_bike_agg200_p200_b50_u500,16986,800,500,n_minus_one_most_expensive,true,,,,false,,sd,sd_n_minus_1,,,,,,,,,500,,,Gurobi,gurobi_10min,true,600.0,20260829,16,16,200,,false,memory_limit,284.9480001926422,network_balanced,network_balanced_hardness_sweep,16,,600.0,615.6920001506805
1,,500,,500,,Timelimit,3.4671905,BlCSolver,,0.5,karlsruhe_network_balanced_n200_b50_u500_blc_astar_fixed_network_path,karlsruhe,,false,1.0e100,200,3109,200,200,0.5,400,100,aachen_osm_gtfs_bike_agg200_p200_b50_u500,16986,800,500,fixed_network_path,,,,,,8510987,blc,blc_astar_fixed_network_path,,,,0,0,astar,null,,500,true,16,Gurobi,gurobi_10min,true,600.0,20260829,16,16,200,,false,timeout,600.4460000991821,network_balanced,network_balanced_hardness_sweep,16,16,600.0,1002.9700000286102
1,,500,,500,,Timelimit,4.4856778,BlCSolver,,0.5,karlsruhe_network_balanced_n200_b50_u500_blc_astar_n_minus_1,karlsruhe,,false,1.0e100,200,3109,200,200,0.5,400,100,aachen_osm_gtfs_bike_agg200_p200_b50_u500,16986,800,500,n_minus_one_most_expensive,,,,,,8510987,blc,blc_astar_n_minus_1,,,,0,0,astar,null,,500,true,16,Gurobi,gurobi_10min,true,600.0,20260829,16,16,200,,false,timeout,600.5079998970032,network_balanced,network_balanced_hardness_sweep,16,16,600.0,905.7909998893738
1,,,,,-1127.0,Optimal,,MIPSolver,,0.5,karlsruhe_network_balanced_n200_b50_u500_path_dominance,karlsruhe,,false,0.0,200,3109,200,200,0.5,400,100,aachen_osm_gtfs_bike_agg200_p200_b50_u500,16986,800,500,,,11.866000413894653,600.0,labeling,,,path,path_dominance,false,"{""U23"":1,""U96"":1,""U327"":1,""U10"":1,""U396"":1,""U126"":1,""U176"":1,""U448"":1,""U111"":3,""U432"":1,""U381"":1,""U19"":1,""U166"":1,""U91"":1,""U189"":1,""U466"":1,""U107"":1,""U212"":1,""U121"":1,""U292"":1,""U16"":1,""U155"":1,""U363"":1,""U390"":1,""U372"":1,""U293"":1,""U415"":1,""U385"":1,""U431"":1,""U264"":1,""U7"":1,""U132"":1,""U219"":1,""U257"":1,""U184"":1,""U420"":1,""U346"":1,""U129"":1,""U334"":1,""U275"":1,""U238"":1,""U326"":1,""U439"":1,""U142"":1,""U1"":1,""U24"":1,""U263"":1,""U374"":1,""U43"":1,""U345"":1,""U481"":1,""U302"":1,""U260"":1,""U404"":1,""U87"":1,""U109"":1,""U138"":1,""U324"":1,""U229"":1,""U119"":1,""U347"":1,""U179"":1,""U282"":1,""U397"":1,""U357"":1,""U316"":1,""U475"":1,""U491"":1,""U243"":1,""U323"":1,""U485"":1,""U377"":1,""U186"":1,""U371"":1,""U386"":1,""U437"":1,""U359"":1,""U48"":3,""U57"":1,""U76"":5,""U9"":1,""U488"":4,""U29"":1,""U473"":1,""U471"":1,""U117"":1,""U285"":1,""U331"":1,""U413"":1,""U67"":1,""U6"":1,""U13"":1,""U351"":1,""U492"":1,""U149"":1,""U152"":1,""U489"":1,""U289"":1,""U188"":1,""U444"":1,""U456"":1,""U472"":1,""U135"":1,""U144"":1,""U148"":1,""U116"":1,""U399"":1,""U274"":1,""U167"":1,""U341"":1,""U217"":1,""U421"":1,""U428"":1,""U446"":1,""U118"":2,""U187"":1,""U225"":1,""U115"":1,""U250"":1,""U332"":1,""U438"":1,""U209"":4,""U241"":1,""U262"":1,""U35"":1,""U90"":1,""U54"":1,""U305"":1,""U452"":3,""U416"":1,""U45"":2,""U49"":1,""U443"":1,""U321"":1,""U319"":1,""U417"":1,""U469"":1,""U62"":1,""U5"":1,""U435"":1,""U74"":1,""U307"":1,""U203"":1,""U434"":2,""U255"":1,""U82"":1,""U73"":1,""U81"":1,""U445"":1,""U496"":1,""U213"":1,""U8"":1,""U393"":1,""U41"":1,""U403"":1,""U300"":1,""U455"":1,""U450"":1,""U177"":1,""U318"":1,""U31"":1,""U356"":1,""U75"":1,""U83"":1,""U50"":1,""U93"":1,""U216"":1,""U139"":2,""U270"":1,""U430"":5,""U370"":1,""U78"":1,""U84"":1,""U269"":1,""U436"":1,""U46"":1,""U147"":1,""U39"":1,""U68"":1,""U248"":1,""U71"":1,""U291"":1,""U322"":1,""U335"":1,""U192"":1,""U259"":1,""U419"":1,""U103"":1,""U102"":1,""U222"":1,""U462"":1,""U476"":1,""U364"":1,""U369"":1,""U479"":1,""U183"":2,""U156"":1,""U287"":1,""U204"":1,""U355"":1,""U398"":1,""U441"":1,""U373"":1,""U406"":1,""U354"":1,""U128"":1,""U459"":1,""U382"":1,""U235"":1,""U154"":1,""U273"":1,""U198"":1,""U494"":1,""U226"":1,""U340"":1,""U178"":1,""U27"":1,""U191"":1,""U223"":1,""U124"":2,""U267"":1,""U378"":1,""U64"":1,""U495"":1,""U127"":1,""U182"":1,""U344"":1,""U207"":1,""U161"":1,""U130"":1,""U268"":1,""U394"":1,""U454"":1,""U61"":1,""U141"":1,""U464"":1,""U477"":1,""U433"":1,""U497"":1,""U239"":1,""U51"":1,""U498"":1,""U158"":1,""U28"":1,""U52"":1,""U157"":1,""U251"":1,""U17"":1,""U195"":1,""U254"":1,""U314"":1,""U349"":1,""U391"":1,""U69"":1,""U112"":1,""U320"":1,""U411"":1,""U329"":1,""U40"":1,""U164"":1,""U72"":1,""U474"":1,""U34"":1,""U133"":1,""U199"":1,""U425"":3,""U175"":1,""U405"":1,""U361"":2,""U201"":1,""U281"":1,""U304"":1,""U338"":1,""U60"":1,""U2"":1,""U153"":1,""U333"":1,""U37"":1,""U92"":1,""U451"":1,""U449"":1,""U196"":1,""U231"":1,""U493"":1,""U296"":1,""U308"":1,""U286"":1,""U221"":1,""U32"":1,""U151"":2,""U376"":1,""U47"":1,""U218"":1,""U298"":1,""U328"":1,""U94"":1,""U101"":1,""U283"":1,""U108"":1,""U122"":1,""U123"":1,""U134"":1,""U58"":1,""U205"":1,""U172"":1,""U368"":1,""U458"":1,""U290"":1,""U12"":1,""U169"":1,""U483"":1,""U484"":1,""U486"":1,""U224"":1,""U337"":1,""U3"":1,""U266"":1,""U63"":1,""U240"":1,""U136"":1,""U20"":1,""U190"":1,""U277"":1,""U343"":1,""U30"":1,""U409"":1,""U80"":1,""U171"":1,""U330"":1,""U220"":1,""U279"":1,""U315"":1,""U388"":1,""U309"":1,""U447"":1,""U206"":1,""U202"":1,""U271"":1,""U401"":1,""U470"":1,""U383"":2,""U339"":1,""U97"":1,""U408"":1,""U392"":1,""U284"":1,""U77"":1,""U379"":1,""U247"":1,""U457"":1,""U468"":1,""U350"":1,""U232"":1,""U105"":1,""U353"":4,""U482"":1,""U352"":1,""U114"":1,""U227"":1,""U303"":1,""U59"":1,""U56"":1,""U86"":5,""U26"":1,""U236"":1,""U70"":1,""U208"":1,""U140"":1,""U125"":1,""U163"":1,""U414"":1,""U89"":1,""U55"":1,""U110"":1,""U358"":1,""U442"":1,""U490"":1,""U159"":1,""U185"":1,""U214"":3,""U120"":1,""U4"":1,""U98"":1,""U146"":1,""U276"":1,""U173"":1,""U312"":1,""U389"":1,""U245"":1,""U44"":1,""U412"":1,""U193"":1,""U137"":1,""U168"":1,""U85"":1,""U53"":1,""U325"":1,""U418"":1,""U95"":1,""U402"":1,""U297"":1,""U424"":1,""U467"":1,""U400"":1,""U380"":1,""U234"":1,""U194"":1,""U200"":1,""U25"":1,""U145"":1,""U228"":1,""U301"":1,""U174"":1,""U165"":1,""U460"":1,""U500"":1,""U453"":1,""U258"":1,""U288"":1,""U215"":1,""U237"":1,""U465"":1,""U42"":1,""U360"":1,""U113"":1,""U463"":1,""U106"":1,""U150"":1,""U348"":1,""U104"":1,""U440"":1,""U461"":1,""U244"":1,""U426"":2,""U36"":1,""U21"":2,""U242"":1,""U306"":1,""U88"":1,""U375"":1,""U342"":1,""U131"":1,""U33"":1,""U66"":1,""U246"":1,""U272"":1,""U480"":1,""U79"":1,""U253"":1,""U261"":1,""U387"":1,""U99"":1,""U230"":1,""U317"":1,""U170"":1,""U313"":1,""U15"":1,""U384"":1,""U423"":1,""U294"":1,""U280"":1,""U14"":1,""U249"":1,""U252"":1,""U256"":1,""U233"":1,""U422"":1,""U362"":1,""U100"":1,""U278"":1,""U160"":1,""U410"":1,""U22"":1,""U65"":1,""U310"":1,""U11"":1,""U180"":1,""U407"":1,""U427"":1,""U162"":1,""U265"":1,""U365"":1,""U295"":1,""U336"":1,""U197"":1,""U395"":1,""U143"":1,""U210"":1,""U367"":1,""U487"":1,""U38"":1,""U366"":1,""U18"":1,""U299"":1,""U499"":1,""U211"":1,""U311"":1,""U478"":1,""U429"":1,""U181"":1}",588.1339995861053,,,,,true,500,,,Gurobi,gurobi_10min,true,600.0,20260829,16,16,200,,false,ok,0.04900002479553223,network_balanced,network_balanced_hardness_sweep,16,,588.1339995861053,12.065999984741211
1,,,,,-1127.0,Optimal,,MIPSolver,,0.5,karlsruhe_network_balanced_n200_b50_u500_path_no_dominance,karlsruhe,,false,0.0,200,3109,200,200,0.5,400,100,aachen_osm_gtfs_bike_agg200_p200_b50_u500,16986,800,500,,,12.799999952316284,600.0,labeling,,,path,path_no_dominance,false,"{""U23"":1,""U96"":1,""U327"":1,""U10"":1,""U396"":1,""U126"":1,""U176"":1,""U448"":1,""U111"":4,""U432"":1,""U381"":1,""U19"":1,""U166"":1,""U91"":1,""U189"":1,""U466"":1,""U107"":1,""U212"":1,""U121"":1,""U292"":1,""U16"":1,""U155"":1,""U363"":1,""U390"":1,""U372"":1,""U293"":1,""U415"":1,""U385"":1,""U431"":1,""U264"":1,""U7"":1,""U132"":1,""U219"":1,""U257"":1,""U184"":1,""U420"":1,""U346"":1,""U129"":1,""U334"":1,""U275"":1,""U238"":1,""U326"":2,""U439"":1,""U142"":1,""U1"":1,""U24"":1,""U263"":1,""U374"":1,""U43"":1,""U345"":1,""U481"":1,""U302"":1,""U260"":1,""U404"":1,""U87"":1,""U109"":1,""U138"":1,""U324"":1,""U229"":1,""U119"":1,""U347"":1,""U179"":1,""U282"":1,""U397"":1,""U357"":1,""U316"":1,""U475"":1,""U491"":1,""U243"":1,""U323"":1,""U485"":1,""U377"":1,""U186"":2,""U371"":1,""U386"":1,""U437"":1,""U359"":1,""U48"":3,""U57"":1,""U76"":6,""U9"":1,""U488"":6,""U29"":1,""U473"":1,""U471"":1,""U117"":1,""U285"":1,""U331"":1,""U413"":1,""U67"":1,""U6"":1,""U13"":2,""U351"":1,""U492"":1,""U149"":2,""U152"":1,""U489"":1,""U289"":1,""U188"":1,""U444"":1,""U456"":1,""U472"":1,""U135"":1,""U144"":1,""U148"":1,""U116"":1,""U399"":1,""U274"":1,""U167"":1,""U341"":1,""U217"":1,""U421"":1,""U428"":1,""U446"":1,""U118"":3,""U187"":1,""U225"":1,""U115"":1,""U250"":1,""U332"":1,""U438"":1,""U209"":4,""U241"":1,""U262"":1,""U35"":1,""U90"":1,""U54"":1,""U305"":1,""U452"":5,""U416"":1,""U45"":2,""U49"":1,""U443"":1,""U321"":1,""U319"":1,""U417"":1,""U469"":2,""U62"":1,""U5"":1,""U435"":1,""U74"":1,""U307"":1,""U203"":1,""U434"":2,""U255"":1,""U82"":1,""U73"":1,""U81"":1,""U445"":1,""U496"":1,""U213"":1,""U8"":1,""U393"":1,""U41"":1,""U403"":1,""U300"":1,""U455"":1,""U450"":1,""U177"":1,""U318"":1,""U31"":1,""U356"":1,""U75"":1,""U83"":1,""U50"":1,""U93"":1,""U216"":1,""U139"":2,""U270"":1,""U430"":5,""U370"":1,""U78"":1,""U84"":1,""U269"":1,""U436"":1,""U46"":1,""U147"":1,""U39"":1,""U68"":3,""U248"":1,""U71"":1,""U291"":1,""U322"":2,""U335"":1,""U192"":1,""U259"":1,""U419"":1,""U103"":1,""U102"":1,""U222"":1,""U462"":1,""U476"":1,""U364"":1,""U369"":1,""U479"":2,""U183"":2,""U156"":1,""U287"":1,""U204"":1,""U355"":1,""U398"":1,""U441"":1,""U373"":1,""U406"":1,""U354"":1,""U128"":1,""U459"":1,""U382"":1,""U235"":1,""U154"":1,""U273"":1,""U198"":1,""U494"":1,""U226"":1,""U340"":1,""U178"":1,""U27"":1,""U191"":1,""U223"":1,""U124"":2,""U267"":1,""U378"":1,""U64"":1,""U495"":1,""U127"":1,""U182"":1,""U344"":1,""U207"":1,""U161"":1,""U130"":1,""U268"":1,""U394"":1,""U454"":1,""U61"":1,""U141"":1,""U464"":2,""U477"":1,""U433"":1,""U497"":2,""U239"":1,""U51"":1,""U498"":1,""U158"":1,""U28"":1,""U52"":1,""U157"":2,""U251"":1,""U17"":1,""U195"":1,""U254"":1,""U314"":1,""U349"":1,""U391"":1,""U69"":1,""U112"":1,""U320"":1,""U411"":1,""U329"":2,""U40"":1,""U164"":1,""U72"":1,""U474"":1,""U34"":1,""U133"":1,""U199"":1,""U425"":4,""U175"":1,""U405"":1,""U361"":3,""U201"":1,""U281"":1,""U304"":1,""U338"":1,""U60"":1,""U2"":1,""U153"":1,""U333"":1,""U37"":1,""U92"":1,""U451"":1,""U449"":1,""U196"":1,""U231"":1,""U493"":1,""U296"":1,""U308"":1,""U286"":1,""U221"":1,""U32"":1,""U151"":2,""U376"":1,""U47"":1,""U218"":1,""U298"":1,""U328"":1,""U94"":1,""U101"":1,""U283"":2,""U108"":1,""U122"":1,""U123"":1,""U134"":1,""U58"":1,""U205"":1,""U172"":1,""U368"":1,""U458"":1,""U290"":1,""U12"":1,""U169"":2,""U483"":1,""U484"":1,""U486"":1,""U224"":1,""U337"":2,""U3"":2,""U266"":2,""U63"":1,""U240"":1,""U136"":1,""U20"":1,""U190"":1,""U277"":1,""U343"":1,""U30"":1,""U409"":1,""U80"":1,""U171"":1,""U330"":1,""U220"":1,""U279"":1,""U315"":1,""U388"":1,""U309"":1,""U447"":1,""U206"":2,""U202"":1,""U271"":1,""U401"":1,""U470"":1,""U383"":2,""U339"":1,""U97"":1,""U408"":1,""U392"":1,""U284"":1,""U77"":1,""U379"":1,""U247"":1,""U457"":1,""U468"":1,""U350"":1,""U232"":1,""U105"":1,""U353"":5,""U482"":1,""U352"":1,""U114"":1,""U227"":1,""U303"":1,""U59"":1,""U56"":1,""U86"":12,""U26"":1,""U236"":1,""U70"":1,""U208"":1,""U140"":1,""U125"":1,""U163"":1,""U414"":2,""U89"":1,""U55"":1,""U110"":1,""U358"":1,""U442"":1,""U490"":1,""U159"":1,""U185"":1,""U214"":4,""U120"":1,""U4"":1,""U98"":1,""U146"":1,""U276"":1,""U173"":1,""U312"":1,""U389"":1,""U245"":1,""U44"":1,""U412"":1,""U193"":1,""U137"":1,""U168"":1,""U85"":1,""U53"":1,""U325"":1,""U418"":1,""U95"":1,""U402"":1,""U297"":1,""U424"":1,""U467"":1,""U400"":1,""U380"":1,""U234"":1,""U194"":1,""U200"":1,""U25"":1,""U145"":1,""U228"":1,""U301"":1,""U174"":1,""U165"":1,""U460"":2,""U500"":1,""U453"":2,""U258"":1,""U288"":1,""U215"":1,""U237"":1,""U465"":1,""U42"":1,""U360"":1,""U113"":1,""U463"":1,""U106"":1,""U150"":1,""U348"":1,""U104"":1,""U440"":1,""U461"":1,""U244"":1,""U426"":3,""U36"":1,""U21"":2,""U242"":1,""U306"":1,""U88"":2,""U375"":1,""U342"":1,""U131"":1,""U33"":1,""U66"":1,""U246"":1,""U272"":1,""U480"":1,""U79"":3,""U253"":1,""U261"":1,""U387"":1,""U99"":1,""U230"":1,""U317"":1,""U170"":1,""U313"":1,""U15"":1,""U384"":1,""U423"":1,""U294"":1,""U280"":1,""U14"":1,""U249"":1,""U252"":1,""U256"":1,""U233"":1,""U422"":1,""U362"":1,""U100"":1,""U278"":1,""U160"":1,""U410"":1,""U22"":1,""U65"":1,""U310"":1,""U11"":1,""U180"":1,""U407"":1,""U427"":1,""U162"":1,""U265"":1,""U365"":1,""U295"":1,""U336"":2,""U197"":1,""U395"":1,""U143"":1,""U210"":2,""U367"":1,""U487"":1,""U38"":1,""U366"":1,""U18"":1,""U299"":1,""U499"":1,""U211"":1,""U311"":1,""U478"":1,""U429"":1,""U181"":1}",587.2000000476837,,,,,false,500,,,Gurobi,gurobi_10min,true,600.0,20260829,16,16,200,,false,ok,0.05900001525878906,network_balanced,network_balanced_hardness_sweep,16,,587.2000000476837,13.033999919891357
1,,,,,-160.0,Optimal,,MIPSolver,,0.5,karlsruhe_network_balanced_n250_b50_u100_sd_fixed_network_path,karlsruhe,,false,0.0,250,3231,250,250,0.5,500,125,aachen_osm_gtfs_bike_agg250_p250_b50_u100,16726,1000,100,fixed_network_path,true,,,,false,,sd,sd_fixed_network_path,,,,,,,,,100,,,Gurobi,gurobi_10min,true,600.0,20260829,16,16,250,,false,ok,182.82200002670288,network_balanced,network_balanced_hardness_sweep,16,,600.0,248.11600017547607
1,,,,,-160.0,Timelimit,,MIPSolver,,0.5,karlsruhe_network_balanced_n250_b50_u100_sd_n_minus_1,karlsruhe,,false,0.04296833823559929,250,3231,250,250,0.5,500,125,aachen_osm_gtfs_bike_agg250_p250_b50_u100,16726,1000,100,n_minus_one_most_expensive,true,,,,false,,sd,sd_n_minus_1,,,,,,,,,100,,,Gurobi,gurobi_10min,true,600.0,20260829,16,16,250,,false,timeout,601.2630000114441,network_balanced,network_balanced_hardness_sweep,16,,600.0,663.7929999828339
1,,200,,100,-160.0,Optimal,0.3124367,BlCSolver,,0.5,karlsruhe_network_balanced_n250_b50_u100_blc_astar_fixed_network_path,karlsruhe,,false,0.0,250,3231,250,250,0.5,500,125,aachen_osm_gtfs_bike_agg250_p250_b50_u100,16726,1000,100,fixed_network_path,,,,,,1689527,blc,blc_astar_fixed_network_path,,,,0,0,astar,null,,100,true,16,Gurobi,gurobi_10min,true,600.0,20260829,16,16,250,,false,ok,115.69700002670288,network_balanced,network_balanced_hardness_sweep,16,16,600.0,216.0460000038147
1,,200,,100,-160.0,Optimal,1.4027962,BlCSolver,,0.5,karlsruhe_network_balanced_n250_b50_u100_blc_astar_n_minus_1,karlsruhe,,false,0.0,250,3231,250,250,0.5,500,125,aachen_osm_gtfs_bike_agg250_p250_b50_u100,16726,1000,100,n_minus_one_most_expensive,,,,,,1689527,blc,blc_astar_n_minus_1,,,,0,0,astar,null,,100,true,16,Gurobi,gurobi_10min,true,600.0,20260829,16,16,250,,false,ok,115.84400010108948,network_balanced,network_balanced_hardness_sweep,16,16,600.0,201.88300013542175
1,,,,,-160.0,Optimal,,MIPSolver,,0.5,karlsruhe_network_balanced_n250_b50_u100_path_dominance,karlsruhe,,false,0.0,250,3231,250,250,0.5,500,125,aachen_osm_gtfs_bike_agg250_p250_b50_u100,16726,1000,100,,,2.5369999408721924,600.0,labeling,,,path,path_dominance,false,"{""U45"":1,""U23"":1,""U49"":1,""U96"":1,""U10"":3,""U4"":1,""U60"":1,""U5"":1,""U62"":1,""U98"":1,""U2"":1,""U74"":1,""U19"":1,""U37"":1,""U44"":1,""U91"":1,""U92"":1,""U82"":1,""U73"":1,""U81"":1,""U85"":1,""U53"":1,""U16"":1,""U8"":1,""U41"":1,""U95"":1,""U32"":1,""U31"":1,""U47"":1,""U7"":1,""U25"":1,""U75"":1,""U50"":1,""U83"":1,""U93"":1,""U94"":1,""U78"":1,""U84"":1,""U46"":1,""U39"":1,""U68"":1,""U71"":1,""U58"":1,""U12"":1,""U1"":1,""U24"":1,""U42"":1,""U43"":1,""U87"":2,""U3"":1,""U36"":1,""U21"":1,""U63"":1,""U88"":1,""U20"":1,""U30"":1,""U33"":1,""U80"":1,""U66"":1,""U79"":1,""U27"":1,""U48"":1,""U57"":1,""U76"":1,""U64"":1,""U99"":1,""U9"":1,""U15"":1,""U29"":1,""U97"":1,""U14"":1,""U67"":1,""U6"":1,""U77"":1,""U61"":1,""U13"":1,""U51"":1,""U28"":2,""U100"":1,""U52"":1,""U17"":1,""U22"":1,""U69"":1,""U65"":1,""U59"":1,""U56"":1,""U11"":1,""U86"":1,""U26"":1,""U40"":1,""U72"":1,""U70"":1,""U34"":1,""U38"":1,""U89"":1,""U55"":1,""U18"":1,""U35"":1,""U90"":1,""U54"":1}",597.4630000591278,,,,,true,100,,,Gurobi,gurobi_10min,true,600.0,20260829,16,16,250,,false,ok,0.019999980926513672,network_balanced,network_balanced_hardness_sweep,16,,597.4630000591278,2.687000036239624
1,,,,,-160.0,Optimal,,MIPSolver,,0.5,karlsruhe_network_balanced_n250_b50_u100_path_no_dominance,karlsruhe,,false,0.0,250,3231,250,250,0.5,500,125,aachen_osm_gtfs_bike_agg250_p250_b50_u100,16726,1000,100,,,2.5169999599456787,600.0,labeling,,,path,path_no_dominance,false,"{""U45"":1,""U23"":1,""U49"":1,""U96"":2,""U10"":3,""U4"":1,""U60"":1,""U5"":1,""U62"":1,""U98"":1,""U2"":1,""U74"":1,""U19"":2,""U37"":1,""U44"":1,""U91"":1,""U92"":1,""U82"":1,""U73"":1,""U81"":1,""U85"":1,""U53"":1,""U16"":1,""U8"":1,""U41"":1,""U95"":1,""U32"":1,""U31"":1,""U47"":1,""U7"":1,""U25"":1,""U75"":1,""U50"":1,""U83"":1,""U93"":1,""U94"":1,""U78"":1,""U84"":1,""U46"":1,""U39"":1,""U68"":2,""U71"":2,""U58"":1,""U12"":1,""U1"":1,""U24"":1,""U42"":1,""U43"":1,""U87"":3,""U3"":1,""U36"":1,""U21"":1,""U63"":1,""U88"":1,""U20"":1,""U30"":1,""U33"":1,""U80"":1,""U66"":1,""U79"":1,""U27"":1,""U48"":1,""U57"":1,""U76"":1,""U64"":1,""U99"":1,""U9"":1,""U15"":1,""U29"":2,""U97"":1,""U14"":1,""U67"":1,""U6"":2,""U77"":1,""U61"":1,""U13"":1,""U51"":1,""U28"":2,""U100"":1,""U52"":1,""U17"":1,""U22"":1,""U69"":1,""U65"":1,""U59"":1,""U56"":1,""U11"":1,""U86"":1,""U26"":1,""U40"":1,""U72"":1,""U70"":1,""U34"":1,""U38"":1,""U89"":1,""U55"":1,""U18"":1,""U35"":1,""U90"":1,""U54"":1}",597.4830000400543,,,,,false,100,,,Gurobi,gurobi_10min,true,600.0,20260829,16,16,250,,false,ok,0.029000043869018555,network_balanced,network_balanced_hardness_sweep,16,,597.4830000400543,2.6579999923706055
1,,,,,-665.0,Timelimit,,MIPSolver,,0.5,karlsruhe_network_balanced_n250_b50_u300_sd_fixed_network_path,karlsruhe,,false,0.002161162280499685,250,3231,250,250,0.5,500,125,aachen_osm_gtfs_bike_agg250_p250_b50_u300,16726,1000,300,fixed_network_path,true,,,,false,,sd,sd_fixed_network_path,,,,,,,,,300,,,Gurobi,gurobi_10min,true,600.0,20260829,16,16,250,,false,timeout,601.6820001602173,network_balanced,network_balanced_hardness_sweep,16,,600.0,829.4130001068115
0,,,,,,Memory_Limit,,MIPSolver,,0.5,karlsruhe_network_balanced_n250_b50_u300_sd_n_minus_1,karlsruhe,,false,1.0e100,250,3231,250,250,0.5,500,125,aachen_osm_gtfs_bike_agg250_p250_b50_u300,16726,1000,300,n_minus_one_most_expensive,true,,,,false,,sd,sd_n_minus_1,,,,,,,,,300,,,Gurobi,gurobi_10min,true,600.0,20260829,16,16,250,,false,memory_limit,256.51900005340576,network_balanced,network_balanced_hardness_sweep,16,,600.0,444.047000169754
1,,900,,300,-665.0,Timelimit,5.076868300000001,BlCSolver,,0.5,karlsruhe_network_balanced_n250_b50_u300_blc_astar_fixed_network_path,karlsruhe,,false,0.021052631578947368,250,3231,250,250,0.5,500,125,aachen_osm_gtfs_bike_agg250_p250_b50_u300,16726,1000,300,fixed_network_path,,,,,,5035127,blc,blc_astar_fixed_network_path,,,,0,0,astar,null,,300,true,16,Gurobi,gurobi_10min,true,600.0,20260829,16,16,250,,false,timeout,601.0220000743866,network_balanced,network_balanced_hardness_sweep,16,16,600.0,910.4850001335144
1,,600,,300,,Timelimit,1.9182516,BlCSolver,,0.5,karlsruhe_network_balanced_n250_b50_u300_blc_astar_n_minus_1,karlsruhe,,false,1.0e100,250,3231,250,250,0.5,500,125,aachen_osm_gtfs_bike_agg250_p250_b50_u300,16726,1000,300,n_minus_one_most_expensive,,,,,,5035127,blc,blc_astar_n_minus_1,,,,0,0,astar,null,,300,true,16,Gurobi,gurobi_10min,true,600.0,20260829,16,16,250,,false,timeout,600.5480000972748,network_balanced,network_balanced_hardness_sweep,16,16,600.0,854.0140001773834
1,,,,,-665.0,Optimal,,MIPSolver,,0.5,karlsruhe_network_balanced_n250_b50_u300_path_dominance,karlsruhe,,false,0.0,250,3231,250,250,0.5,500,125,aachen_osm_gtfs_bike_agg250_p250_b50_u300,16726,1000,300,,,8.37000036239624,600.0,labeling,,,path,path_dominance,false,"{""U23"":1,""U96"":1,""U10"":3,""U126"":1,""U176"":2,""U111"":3,""U19"":1,""U166"":1,""U91"":1,""U189"":1,""U107"":1,""U212"":1,""U121"":1,""U292"":1,""U16"":1,""U155"":1,""U293"":1,""U264"":1,""U7"":1,""U132"":1,""U219"":1,""U257"":1,""U184"":1,""U129"":1,""U275"":1,""U238"":1,""U142"":1,""U1"":1,""U24"":1,""U263"":1,""U43"":1,""U260"":1,""U87"":1,""U109"":1,""U138"":1,""U229"":1,""U119"":1,""U179"":1,""U282"":1,""U243"":1,""U186"":1,""U48"":1,""U57"":1,""U76"":1,""U9"":1,""U29"":1,""U117"":1,""U285"":1,""U67"":1,""U6"":1,""U13"":1,""U149"":1,""U152"":1,""U289"":1,""U188"":1,""U135"":1,""U144"":1,""U148"":1,""U116"":1,""U274"":1,""U167"":1,""U217"":1,""U118"":1,""U187"":1,""U225"":1,""U115"":1,""U250"":1,""U209"":1,""U241"":1,""U262"":1,""U35"":1,""U90"":1,""U54"":1,""U45"":1,""U49"":1,""U62"":1,""U5"":1,""U74"":1,""U203"":1,""U255"":1,""U82"":1,""U73"":1,""U81"":1,""U213"":1,""U8"":1,""U41"":1,""U300"":1,""U177"":1,""U31"":1,""U75"":1,""U83"":1,""U50"":1,""U93"":1,""U216"":1,""U139"":1,""U270"":1,""U78"":1,""U84"":1,""U269"":8,""U46"":1,""U147"":1,""U39"":1,""U68"":1,""U248"":1,""U71"":1,""U291"":1,""U192"":1,""U259"":1,""U103"":1,""U102"":1,""U222"":1,""U183"":1,""U156"":1,""U287"":1,""U204"":1,""U128"":1,""U235"":1,""U154"":1,""U273"":1,""U198"":1,""U226"":1,""U178"":1,""U27"":1,""U191"":1,""U223"":1,""U124"":1,""U267"":1,""U64"":1,""U127"":1,""U182"":1,""U207"":1,""U161"":1,""U130"":1,""U268"":1,""U61"":1,""U141"":1,""U239"":1,""U51"":1,""U158"":1,""U28"":1,""U52"":1,""U157"":1,""U251"":1,""U17"":1,""U195"":2,""U254"":1,""U69"":1,""U112"":1,""U40"":1,""U164"":1,""U72"":1,""U34"":1,""U133"":1,""U199"":1,""U175"":1,""U201"":1,""U281"":1,""U60"":1,""U2"":1,""U153"":1,""U37"":1,""U92"":1,""U196"":1,""U231"":1,""U296"":1,""U286"":1,""U221"":1,""U32"":1,""U151"":1,""U47"":1,""U218"":1,""U298"":1,""U94"":1,""U101"":1,""U283"":1,""U108"":1,""U122"":1,""U123"":1,""U134"":1,""U58"":1,""U205"":1,""U172"":1,""U290"":1,""U12"":1,""U169"":2,""U224"":1,""U3"":1,""U266"":1,""U63"":1,""U240"":1,""U136"":1,""U20"":1,""U190"":1,""U277"":1,""U30"":3,""U80"":1,""U171"":1,""U220"":1,""U279"":1,""U206"":1,""U202"":1,""U271"":1,""U97"":1,""U284"":1,""U77"":1,""U247"":2,""U232"":1,""U105"":1,""U114"":1,""U227"":1,""U59"":1,""U56"":1,""U86"":1,""U26"":1,""U236"":1,""U70"":1,""U208"":1,""U140"":1,""U125"":1,""U163"":1,""U89"":1,""U55"":1,""U110"":1,""U159"":3,""U185"":1,""U214"":1,""U120"":1,""U4"":1,""U98"":1,""U146"":1,""U276"":1,""U173"":1,""U245"":1,""U44"":1,""U193"":1,""U137"":1,""U168"":1,""U85"":1,""U53"":1,""U95"":1,""U297"":1,""U234"":1,""U194"":1,""U200"":1,""U25"":1,""U145"":1,""U228"":1,""U174"":1,""U165"":1,""U258"":1,""U288"":1,""U215"":5,""U237"":1,""U42"":1,""U113"":1,""U106"":1,""U150"":1,""U104"":1,""U244"":1,""U36"":1,""U21"":1,""U242"":1,""U88"":1,""U131"":1,""U33"":2,""U66"":1,""U246"":1,""U272"":1,""U79"":1,""U253"":1,""U261"":1,""U99"":1,""U230"":1,""U170"":1,""U15"":5,""U294"":1,""U280"":1,""U14"":1,""U249"":1,""U252"":1,""U256"":1,""U233"":1,""U100"":1,""U278"":1,""U160"":1,""U22"":1,""U65"":1,""U11"":1,""U180"":1,""U162"":1,""U265"":2,""U295"":1,""U197"":1,""U143"":1,""U210"":1,""U38"":1,""U18"":1,""U299"":1,""U211"":1,""U181"":1}",591.6299996376038,,,,,true,300,,,Gurobi,gurobi_10min,true,600.0,20260829,16,16,250,,false,ok,0.031000137329101562,network_balanced,network_balanced_hardness_sweep,16,,591.6299996376038,8.528000116348267
0,,,,,-665.0,Optimal,,MIPSolver,,0.5,karlsruhe_network_balanced_n250_b50_u300_path_no_dominance,karlsruhe,,false,0.0,250,3231,250,250,0.5,500,125,aachen_osm_gtfs_bike_agg250_p250_b50_u300,16726,1000,300,,,7.19700026512146,600.0,labeling,,,path,path_no_dominance,false,"{""U23"":1,""U96"":1,""U10"":4,""U126"":1,""U176"":2,""U111"":4,""U19"":1,""U166"":1,""U91"":1,""U189"":1,""U107"":1,""U212"":1,""U121"":1,""U292"":1,""U16"":1,""U155"":2,""U293"":1,""U264"":1,""U7"":1,""U132"":1,""U219"":1,""U257"":1,""U184"":1,""U129"":1,""U275"":1,""U238"":1,""U142"":1,""U1"":1,""U24"":1,""U263"":1,""U43"":1,""U260"":1,""U87"":1,""U109"":1,""U138"":1,""U229"":2,""U119"":1,""U179"":1,""U282"":1,""U243"":1,""U186"":1,""U48"":1,""U57"":1,""U76"":1,""U9"":1,""U29"":1,""U117"":2,""U285"":1,""U67"":1,""U6"":1,""U13"":1,""U149"":1,""U152"":1,""U289"":1,""U188"":1,""U135"":1,""U144"":1,""U148"":1,""U116"":1,""U274"":1,""U167"":1,""U217"":1,""U118"":1,""U187"":2,""U225"":2,""U115"":1,""U250"":1,""U209"":1,""U241"":1,""U262"":1,""U35"":1,""U90"":1,""U54"":1,""U45"":1,""U49"":1,""U62"":1,""U5"":1,""U74"":1,""U203"":2,""U255"":1,""U82"":1,""U73"":1,""U81"":1,""U213"":1,""U8"":1,""U41"":1,""U300"":1,""U177"":1,""U31"":2,""U75"":1,""U83"":1,""U50"":1,""U93"":1,""U216"":1,""U139"":1,""U270"":1,""U78"":1,""U84"":1,""U269"":8,""U46"":1,""U147"":1,""U39"":1,""U68"":1,""U248"":1,""U71"":1,""U291"":1,""U192"":1,""U259"":1,""U103"":1,""U102"":1,""U222"":1,""U183"":2,""U156"":1,""U287"":1,""U204"":1,""U128"":1,""U235"":2,""U154"":1,""U273"":1,""U198"":1,""U226"":1,""U178"":1,""U27"":1,""U191"":1,""U223"":1,""U124"":1,""U267"":1,""U64"":1,""U127"":1,""U182"":1,""U207"":1,""U161"":1,""U130"":1,""U268"":1,""U61"":1,""U141"":1,""U239"":1,""U51"":1,""U158"":1,""U28"":1,""U52"":1,""U157"":1,""U251"":1,""U17"":1,""U195"":2,""U254"":1,""U69"":1,""U112"":1,""U40"":1,""U164"":1,""U72"":1,""U34"":1,""U133"":1,""U199"":1,""U175"":1,""U201"":1,""U281"":1,""U60"":1,""U2"":1,""U153"":1,""U37"":1,""U92"":1,""U196"":2,""U231"":1,""U296"":1,""U286"":1,""U221"":1,""U32"":1,""U151"":1,""U47"":1,""U218"":1,""U298"":1,""U94"":1,""U101"":2,""U283"":2,""U108"":1,""U122"":1,""U123"":1,""U134"":1,""U58"":1,""U205"":1,""U172"":1,""U290"":1,""U12"":1,""U169"":3,""U224"":1,""U3"":1,""U266"":1,""U63"":1,""U240"":1,""U136"":1,""U20"":1,""U190"":1,""U277"":1,""U30"":3,""U80"":1,""U171"":1,""U220"":1,""U279"":1,""U206"":1,""U202"":1,""U271"":2,""U97"":1,""U284"":1,""U77"":1,""U247"":2,""U232"":1,""U105"":2,""U114"":1,""U227"":1,""U59"":1,""U56"":1,""U86"":1,""U26"":1,""U236"":1,""U70"":2,""U208"":1,""U140"":1,""U125"":1,""U163"":1,""U89"":1,""U55"":1,""U110"":1,""U159"":3,""U185"":1,""U214"":1,""U120"":1,""U4"":1,""U98"":1,""U146"":1,""U276"":1,""U173"":1,""U245"":1,""U44"":1,""U193"":1,""U137"":1,""U168"":1,""U85"":1,""U53"":1,""U95"":1,""U297"":1,""U234"":1,""U194"":2,""U200"":1,""U25"":1,""U145"":1,""U228"":1,""U174"":1,""U165"":1,""U258"":1,""U288"":1,""U215"":6,""U237"":1,""U42"":1,""U113"":1,""U106"":1,""U150"":1,""U104"":1,""U244"":1,""U36"":1,""U21"":1,""U242"":2,""U88"":1,""U131"":1,""U33"":3,""U66"":1,""U246"":1,""U272"":1,""U79"":1,""U253"":1,""U261"":1,""U99"":1,""U230"":1,""U170"":1,""U15"":7,""U294"":1,""U280"":1,""U14"":1,""U249"":1,""U252"":1,""U256"":1,""U233"":1,""U100"":1,""U278"":1,""U160"":1,""U22"":2,""U65"":1,""U11"":1,""U180"":1,""U162"":1,""U265"":2,""U295"":1,""U197"":1,""U143"":1,""U210"":1,""U38"":1,""U18"":1,""U299"":1,""U211"":1,""U181"":1}",592.8029997348785,,,,,false,300,,,Gurobi,gurobi_10min,true,600.0,20260829,16,16,250,,false,ok,0.03900003433227539,network_balanced,network_balanced_hardness_sweep,16,,592.8029997348785,7.369999885559082
1,,,,,,Timelimit,,MIPSolver,,0.5,karlsruhe_network_balanced_n250_b50_u500_sd_fixed_network_path,karlsruhe,,false,1.0e100,250,3231,250,250,0.5,500,125,aachen_osm_gtfs_bike_agg250_p250_b50_u500,16726,1000,500,fixed_network_path,true,,,,false,,sd,sd_fixed_network_path,,,,,,,,,500,,,Gurobi,gurobi_10min,true,600.0,20260829,16,16,250,,false,timeout,600.3839998245239,network_balanced,network_balanced_hardness_sweep,16,,600.0,998.6840000152588
0,,,,,,Memory_Limit,,MIPSolver,,0.5,karlsruhe_network_balanced_n250_b50_u500_sd_n_minus_1,karlsruhe,,false,1.0e100,250,3231,250,250,0.5,500,125,aachen_osm_gtfs_bike_agg250_p250_b50_u500,16726,1000,500,n_minus_one_most_expensive,true,,,,false,,sd,sd_n_minus_1,,,,,,,,,500,,,Gurobi,gurobi_10min,true,600.0,20260829,16,16,250,,false,memory_limit,326.3050000667572,network_balanced,network_balanced_hardness_sweep,16,,600.0,645.4530000686646
,,0,,500,,Memory_Limit,0,BlCSolver,,0.5,karlsruhe_network_balanced_n250_b50_u500_blc_astar_fixed_network_path,karlsruhe,,false,,250,3231,250,250,0.5,500,125,aachen_osm_gtfs_bike_agg250_p250_b50_u500,16726,1000,500,fixed_network_path,,,,,,8380727,blc,blc_astar_fixed_network_path,,,,0,0,astar,null,,500,true,16,Gurobi,gurobi_10min,true,600.0,20260829,16,16,250,,false,memory_limit,,network_balanced,network_balanced_hardness_sweep,16,16,600.0,718.7979998588562
,,0,,500,,Memory_Limit,0,BlCSolver,,0.5,karlsruhe_network_balanced_n250_b50_u500_blc_astar_n_minus_1,karlsruhe,,false,,250,3231,250,250,0.5,500,125,aachen_osm_gtfs_bike_agg250_p250_b50_u500,16726,1000,500,n_minus_one_most_expensive,,,,,,8380727,blc,blc_astar_n_minus_1,,,,0,0,astar,null,,500,true,16,Gurobi,gurobi_10min,true,600.0,20260829,16,16,250,,false,memory_limit,,network_balanced,network_balanced_hardness_sweep,16,16,600.0,581.7149999141693
0,,,,,-1242.0,Optimal,,MIPSolver,,0.5,karlsruhe_network_balanced_n250_b50_u500_path_dominance,karlsruhe,,false,0.0,250,3231,250,250,0.5,500,125,aachen_osm_gtfs_bike_agg250_p250_b50_u500,16726,1000,500,,,14.730999946594238,600.0,labeling,,,path,path_dominance,false,"{""U23"":1,""U96"":1,""U327"":1,""U10"":1,""U396"":1,""U126"":4,""U176"":1,""U448"":1,""U111"":1,""U432"":1,""U381"":1,""U19"":1,""U166"":1,""U91"":1,""U189"":1,""U466"":1,""U107"":1,""U212"":1,""U121"":1,""U292"":1,""U16"":1,""U155"":1,""U363"":1,""U390"":1,""U372"":1,""U293"":1,""U415"":1,""U385"":1,""U431"":1,""U264"":5,""U7"":1,""U132"":1,""U219"":1,""U257"":1,""U184"":1,""U420"":1,""U346"":1,""U129"":1,""U334"":1,""U275"":7,""U238"":1,""U326"":1,""U439"":1,""U142"":1,""U1"":1,""U24"":1,""U263"":1,""U374"":1,""U43"":1,""U345"":1,""U481"":1,""U302"":1,""U260"":1,""U404"":1,""U87"":1,""U109"":1,""U138"":6,""U324"":1,""U229"":1,""U119"":1,""U347"":1,""U179"":1,""U282"":2,""U397"":1,""U357"":1,""U316"":1,""U475"":1,""U491"":1,""U243"":1,""U323"":1,""U485"":1,""U377"":1,""U186"":1,""U371"":1,""U386"":1,""U437"":4,""U359"":3,""U48"":1,""U57"":1,""U76"":1,""U9"":1,""U488"":1,""U29"":1,""U473"":1,""U471"":1,""U117"":1,""U285"":1,""U331"":1,""U413"":1,""U67"":1,""U6"":1,""U13"":1,""U351"":1,""U492"":1,""U149"":1,""U152"":1,""U489"":1,""U289"":1,""U188"":1,""U444"":1,""U456"":1,""U472"":5,""U135"":1,""U144"":1,""U148"":1,""U116"":1,""U399"":1,""U274"":1,""U167"":1,""U341"":1,""U217"":1,""U421"":1,""U428"":1,""U446"":1,""U118"":1,""U187"":1,""U225"":1,""U115"":1,""U250"":1,""U332"":1,""U438"":1,""U209"":1,""U241"":1,""U262"":1,""U35"":1,""U90"":1,""U54"":1,""U305"":1,""U452"":1,""U416"":1,""U45"":1,""U49"":1,""U443"":1,""U321"":1,""U319"":1,""U417"":1,""U469"":1,""U62"":1,""U5"":1,""U435"":1,""U74"":1,""U307"":1,""U203"":1,""U434"":1,""U255"":1,""U82"":1,""U73"":1,""U81"":1,""U445"":3,""U496"":1,""U213"":3,""U8"":1,""U393"":1,""U41"":1,""U403"":1,""U300"":1,""U455"":1,""U450"":1,""U177"":1,""U318"":1,""U31"":1,""U356"":1,""U75"":1,""U83"":1,""U50"":1,""U93"":1,""U216"":1,""U139"":1,""U270"":1,""U430"":1,""U370"":1,""U78"":1,""U84"":1,""U269"":1,""U436"":1,""U46"":2,""U147"":1,""U39"":1,""U68"":1,""U248"":1,""U71"":3,""U291"":1,""U322"":1,""U335"":1,""U192"":1,""U259"":1,""U419"":1,""U103"":1,""U102"":1,""U222"":1,""U462"":1,""U476"":1,""U364"":1,""U369"":1,""U479"":1,""U183"":2,""U156"":1,""U287"":3,""U204"":1,""U355"":1,""U398"":1,""U441"":1,""U373"":1,""U406"":1,""U354"":1,""U128"":1,""U459"":1,""U382"":1,""U235"":1,""U154"":1,""U273"":1,""U198"":1,""U494"":1,""U226"":1,""U340"":1,""U178"":1,""U27"":1,""U191"":1,""U223"":1,""U124"":1,""U267"":1,""U378"":1,""U64"":1,""U495"":1,""U127"":1,""U182"":1,""U344"":1,""U207"":1,""U161"":1,""U130"":1,""U268"":1,""U394"":1,""U454"":1,""U61"":1,""U141"":1,""U464"":1,""U477"":1,""U433"":1,""U497"":1,""U239"":1,""U51"":1,""U498"":1,""U158"":1,""U28"":3,""U52"":1,""U157"":1,""U251"":1,""U17"":1,""U195"":1,""U254"":1,""U314"":1,""U349"":1,""U391"":1,""U69"":1,""U112"":1,""U320"":1,""U411"":1,""U329"":2,""U40"":1,""U164"":1,""U72"":1,""U474"":1,""U34"":1,""U133"":1,""U199"":1,""U425"":1,""U175"":1,""U405"":1,""U361"":1,""U201"":1,""U281"":3,""U304"":1,""U338"":1,""U60"":1,""U2"":2,""U153"":1,""U333"":1,""U37"":1,""U92"":1,""U451"":1,""U449"":1,""U196"":1,""U231"":1,""U493"":1,""U296"":1,""U308"":1,""U286"":1,""U221"":1,""U32"":1,""U151"":1,""U376"":1,""U47"":1,""U218"":1,""U298"":1,""U328"":1,""U94"":1,""U101"":1,""U283"":1,""U108"":1,""U122"":1,""U123"":1,""U134"":1,""U58"":1,""U205"":1,""U172"":1,""U368"":1,""U458"":1,""U290"":1,""U12"":1,""U169"":1,""U483"":1,""U484"":3,""U486"":1,""U224"":1,""U337"":1,""U3"":1,""U266"":1,""U63"":1,""U240"":1,""U136"":1,""U20"":1,""U190"":1,""U277"":1,""U343"":1,""U30"":1,""U409"":1,""U80"":1,""U171"":1,""U330"":1,""U220"":1,""U279"":1,""U315"":1,""U388"":1,""U309"":1,""U447"":1,""U206"":1,""U202"":1,""U271"":1,""U401"":1,""U470"":1,""U383"":1,""U339"":1,""U97"":1,""U408"":1,""U392"":1,""U284"":1,""U77"":1,""U379"":1,""U247"":1,""U457"":1,""U468"":1,""U350"":1,""U232"":1,""U105"":1,""U353"":1,""U482"":1,""U352"":1,""U114"":1,""U227"":1,""U303"":1,""U59"":1,""U56"":1,""U86"":1,""U26"":1,""U236"":1,""U70"":1,""U208"":1,""U140"":1,""U125"":1,""U163"":1,""U414"":1,""U89"":1,""U55"":1,""U110"":1,""U358"":1,""U442"":1,""U490"":1,""U159"":1,""U185"":1,""U214"":1,""U120"":1,""U4"":1,""U98"":2,""U146"":1,""U276"":1,""U173"":1,""U312"":1,""U389"":1,""U245"":6,""U44"":1,""U412"":1,""U193"":1,""U137"":1,""U168"":1,""U85"":1,""U53"":1,""U325"":1,""U418"":1,""U95"":1,""U402"":1,""U297"":1,""U424"":1,""U467"":1,""U400"":1,""U380"":1,""U234"":1,""U194"":1,""U200"":1,""U25"":3,""U145"":1,""U228"":1,""U301"":1,""U174"":1,""U165"":1,""U460"":1,""U500"":1,""U453"":1,""U258"":1,""U288"":1,""U215"":1,""U237"":1,""U465"":1,""U42"":1,""U360"":1,""U113"":1,""U463"":1,""U106"":1,""U150"":1,""U348"":1,""U104"":1,""U440"":1,""U461"":1,""U244"":1,""U426"":1,""U36"":1,""U21"":2,""U242"":1,""U306"":1,""U88"":1,""U375"":1,""U342"":1,""U131"":1,""U33"":1,""U66"":1,""U246"":1,""U272"":1,""U480"":1,""U79"":1,""U253"":1,""U261"":1,""U387"":1,""U99"":1,""U230"":1,""U317"":1,""U170"":1,""U313"":1,""U15"":1,""U384"":1,""U423"":1,""U294"":1,""U280"":1,""U14"":1,""U249"":1,""U252"":1,""U256"":1,""U233"":1,""U422"":1,""U362"":1,""U100"":1,""U278"":1,""U160"":1,""U410"":1,""U22"":1,""U65"":3,""U310"":1,""U11"":1,""U180"":1,""U407"":1,""U427"":1,""U162"":1,""U265"":1,""U365"":1,""U295"":1,""U336"":1,""U197"":1,""U395"":1,""U143"":1,""U210"":1,""U367"":1,""U487"":1,""U38"":1,""U366"":1,""U18"":1,""U299"":1,""U499"":1,""U211"":1,""U311"":1,""U478"":1,""U429"":1,""U181"":1}",585.2690000534058,,,,,true,500,,,Gurobi,gurobi_10min,true,600.0,20260829,16,16,250,,false,ok,0.07299995422363281,network_balanced,network_balanced_hardness_sweep,16,,585.2690000534058,14.936000108718872
0,,,,,-1242.0,Optimal,,MIPSolver,,0.5,karlsruhe_network_balanced_n250_b50_u500_path_no_dominance,karlsruhe,,false,0.0,250,3231,250,250,0.5,500,125,aachen_osm_gtfs_bike_agg250_p250_b50_u500,16726,1000,500,,,12.950000047683716,600.0,labeling,,,path,path_no_dominance,false,"{""U23"":1,""U96"":1,""U327"":1,""U10"":1,""U396"":2,""U126"":5,""U176"":1,""U448"":2,""U111"":1,""U432"":1,""U381"":1,""U19"":1,""U166"":1,""U91"":1,""U189"":1,""U466"":1,""U107"":1,""U212"":1,""U121"":1,""U292"":1,""U16"":1,""U155"":1,""U363"":1,""U390"":2,""U372"":1,""U293"":1,""U415"":1,""U385"":1,""U431"":1,""U264"":9,""U7"":1,""U132"":1,""U219"":1,""U257"":1,""U184"":1,""U420"":2,""U346"":1,""U129"":1,""U334"":1,""U275"":62,""U238"":1,""U326"":1,""U439"":1,""U142"":1,""U1"":1,""U24"":1,""U263"":1,""U374"":1,""U43"":1,""U345"":1,""U481"":1,""U302"":1,""U260"":1,""U404"":1,""U87"":1,""U109"":1,""U138"":11,""U324"":1,""U229"":1,""U119"":1,""U347"":1,""U179"":1,""U282"":2,""U397"":2,""U357"":1,""U316"":1,""U475"":1,""U491"":1,""U243"":1,""U323"":1,""U485"":1,""U377"":1,""U186"":1,""U371"":1,""U386"":1,""U437"":9,""U359"":11,""U48"":2,""U57"":1,""U76"":1,""U9"":1,""U488"":1,""U29"":1,""U473"":2,""U471"":1,""U117"":2,""U285"":3,""U331"":1,""U413"":1,""U67"":1,""U6"":1,""U13"":1,""U351"":1,""U492"":1,""U149"":1,""U152"":1,""U489"":1,""U289"":1,""U188"":1,""U444"":1,""U456"":1,""U472"":11,""U135"":1,""U144"":1,""U148"":1,""U116"":1,""U399"":1,""U274"":1,""U167"":1,""U341"":1,""U217"":1,""U421"":1,""U428"":1,""U446"":1,""U118"":1,""U187"":1,""U225"":1,""U115"":1,""U250"":1,""U332"":1,""U438"":1,""U209"":1,""U241"":1,""U262"":1,""U35"":1,""U90"":1,""U54"":1,""U305"":1,""U452"":1,""U416"":1,""U45"":1,""U49"":1,""U443"":1,""U321"":1,""U319"":1,""U417"":1,""U469"":1,""U62"":1,""U5"":1,""U435"":1,""U74"":1,""U307"":1,""U203"":1,""U434"":1,""U255"":1,""U82"":1,""U73"":1,""U81"":1,""U445"":4,""U496"":1,""U213"":3,""U8"":1,""U393"":1,""U41"":1,""U403"":1,""U300"":1,""U455"":1,""U450"":1,""U177"":1,""U318"":1,""U31"":1,""U356"":1,""U75"":1,""U83"":1,""U50"":1,""U93"":1,""U216"":1,""U139"":1,""U270"":1,""U430"":1,""U370"":1,""U78"":1,""U84"":1,""U269"":1,""U436"":1,""U46"":2,""U147"":1,""U39"":1,""U68"":1,""U248"":1,""U71"":3,""U291"":1,""U322"":2,""U335"":1,""U192"":1,""U259"":1,""U419"":1,""U103"":1,""U102"":1,""U222"":1,""U462"":1,""U476"":1,""U364"":1,""U369"":1,""U479"":1,""U183"":2,""U156"":1,""U287"":3,""U204"":2,""U355"":1,""U398"":1,""U441"":1,""U373"":1,""U406"":1,""U354"":1,""U128"":1,""U459"":1,""U382"":1,""U235"":1,""U154"":1,""U273"":1,""U198"":1,""U494"":1,""U226"":1,""U340"":1,""U178"":1,""U27"":1,""U191"":1,""U223"":1,""U124"":1,""U267"":1,""U378"":1,""U64"":2,""U495"":1,""U127"":1,""U182"":1,""U344"":1,""U207"":1,""U161"":1,""U130"":2,""U268"":1,""U394"":1,""U454"":1,""U61"":1,""U141"":1,""U464"":1,""U477"":1,""U433"":1,""U497"":1,""U239"":1,""U51"":1,""U498"":1,""U158"":1,""U28"":3,""U52"":1,""U157"":1,""U251"":2,""U17"":1,""U195"":1,""U254"":1,""U314"":1,""U349"":1,""U391"":1,""U69"":1,""U112"":1,""U320"":1,""U411"":1,""U329"":3,""U40"":1,""U164"":1,""U72"":1,""U474"":1,""U34"":1,""U133"":1,""U199"":1,""U425"":1,""U175"":1,""U405"":1,""U361"":1,""U201"":1,""U281"":3,""U304"":1,""U338"":1,""U60"":1,""U2"":2,""U153"":1,""U333"":1,""U37"":1,""U92"":1,""U451"":1,""U449"":1,""U196"":1,""U231"":1,""U493"":2,""U296"":1,""U308"":1,""U286"":1,""U221"":1,""U32"":1,""U151"":1,""U376"":1,""U47"":1,""U218"":1,""U298"":1,""U328"":1,""U94"":1,""U101"":1,""U283"":1,""U108"":1,""U122"":1,""U123"":1,""U134"":1,""U58"":1,""U205"":1,""U172"":1,""U368"":1,""U458"":2,""U290"":1,""U12"":1,""U169"":1,""U483"":1,""U484"":4,""U486"":1,""U224"":1,""U337"":1,""U3"":1,""U266"":1,""U63"":1,""U240"":1,""U136"":1,""U20"":1,""U190"":1,""U277"":1,""U343"":1,""U30"":2,""U409"":1,""U80"":1,""U171"":1,""U330"":1,""U220"":1,""U279"":1,""U315"":1,""U388"":1,""U309"":1,""U447"":2,""U206"":1,""U202"":1,""U271"":1,""U401"":1,""U470"":2,""U383"":1,""U339"":1,""U97"":1,""U408"":1,""U392"":1,""U284"":1,""U77"":1,""U379"":1,""U247"":1,""U457"":1,""U468"":2,""U350"":1,""U232"":1,""U105"":1,""U353"":1,""U482"":1,""U352"":1,""U114"":1,""U227"":1,""U303"":2,""U59"":1,""U56"":1,""U86"":1,""U26"":1,""U236"":1,""U70"":1,""U208"":1,""U140"":1,""U125"":1,""U163"":1,""U414"":1,""U89"":1,""U55"":1,""U110"":1,""U358"":1,""U442"":1,""U490"":1,""U159"":1,""U185"":1,""U214"":1,""U120"":1,""U4"":1,""U98"":2,""U146"":1,""U276"":1,""U173"":1,""U312"":1,""U389"":1,""U245"":7,""U44"":1,""U412"":1,""U193"":1,""U137"":1,""U168"":1,""U85"":1,""U53"":1,""U325"":1,""U418"":1,""U95"":1,""U402"":1,""U297"":2,""U424"":1,""U467"":1,""U400"":1,""U380"":1,""U234"":1,""U194"":2,""U200"":1,""U25"":3,""U145"":1,""U228"":1,""U301"":1,""U174"":1,""U165"":1,""U460"":1,""U500"":1,""U453"":2,""U258"":1,""U288"":1,""U215"":1,""U237"":2,""U465"":1,""U42"":1,""U360"":1,""U113"":1,""U463"":1,""U106"":1,""U150"":1,""U348"":1,""U104"":1,""U440"":1,""U461"":1,""U244"":1,""U426"":1,""U36"":1,""U21"":2,""U242"":1,""U306"":1,""U88"":1,""U375"":1,""U342"":1,""U131"":1,""U33"":1,""U66"":1,""U246"":1,""U272"":1,""U480"":1,""U79"":1,""U253"":1,""U261"":1,""U387"":1,""U99"":1,""U230"":1,""U317"":1,""U170"":1,""U313"":1,""U15"":1,""U384"":1,""U423"":1,""U294"":1,""U280"":1,""U14"":1,""U249"":1,""U252"":1,""U256"":1,""U233"":1,""U422"":1,""U362"":1,""U100"":1,""U278"":1,""U160"":1,""U410"":1,""U22"":1,""U65"":3,""U310"":1,""U11"":1,""U180"":1,""U407"":1,""U427"":1,""U162"":1,""U265"":1,""U365"":1,""U295"":1,""U336"":1,""U197"":1,""U395"":1,""U143"":1,""U210"":1,""U367"":1,""U487"":1,""U38"":1,""U366"":1,""U18"":1,""U299"":1,""U499"":1,""U211"":1,""U311"":1,""U478"":1,""U429"":1,""U181"":1}",587.0499999523163,,,,,false,500,,,Gurobi,gurobi_10min,true,600.0,20260829,16,16,250,,false,ok,0.08500003814697266,network_balanced,network_balanced_hardness_sweep,16,,587.0499999523163,13.174000024795532
1,,,,,-402.0,Optimal,,MIPSolver,,0.5,karlsruhe_network_balanced_n300_b50_u100_sd_fixed_network_path,karlsruhe,,false,0.0,300,3766,300,300,0.5,600,150,aachen_osm_gtfs_bike_agg300_p300_b50_u100,20252,1200,100,fixed_network_path,true,,,,false,,sd,sd_fixed_network_path,,,,,,,,,100,,,Gurobi,gurobi_10min,true,600.0,20260829,16,16,300,,false,ok,195.62900018692017,network_balanced,network_balanced_hardness_sweep,16,,600.0,285.2960000038147
1,,,,,-402.0,Timelimit,,MIPSolver,,0.5,karlsruhe_network_balanced_n300_b50_u100_sd_n_minus_1,karlsruhe,,false,0.10105414173704365,300,3766,300,300,0.5,600,150,aachen_osm_gtfs_bike_agg300_p300_b50_u100,20252,1200,100,n_minus_one_most_expensive,true,,,,false,,sd,sd_n_minus_1,,,,,,,,,100,,,Gurobi,gurobi_10min,true,600.0,20260829,16,16,300,,false,timeout,600.9579999446869,network_balanced,network_balanced_hardness_sweep,16,,600.0,662.8159999847412
1,,300,,100,-402.0,Optimal,0.9002479999999999,BlCSolver,,0.5,karlsruhe_network_balanced_n300_b50_u100_blc_astar_fixed_network_path,karlsruhe,,false,0.0,300,3766,300,300,0.5,600,150,aachen_osm_gtfs_bike_agg300_p300_b50_u100,20252,1200,100,fixed_network_path,,,,,,2045653,blc,blc_astar_fixed_network_path,,,,0,0,astar,null,,100,true,16,Gurobi,gurobi_10min,true,600.0,20260829,16,16,300,,false,ok,198.31500005722046,network_balanced,network_balanced_hardness_sweep,16,16,600.0,363.12599992752075
1,,300,,100,-402.0,Optimal,2.4368765,BlCSolver,,0.5,karlsruhe_network_balanced_n300_b50_u100_blc_astar_n_minus_1,karlsruhe,,false,0.0,300,3766,300,300,0.5,600,150,aachen_osm_gtfs_bike_agg300_p300_b50_u100,20252,1200,100,n_minus_one_most_expensive,,,,,,2045653,blc,blc_astar_n_minus_1,,,,0,0,astar,null,,100,true,16,Gurobi,gurobi_10min,true,600.0,20260829,16,16,300,,false,ok,213.3860001564026,network_balanced,network_balanced_hardness_sweep,16,16,600.0,356.4760000705719
1,,,,,-402.0,Optimal,,MIPSolver,,0.5,karlsruhe_network_balanced_n300_b50_u100_path_dominance,karlsruhe,,false,0.0,300,3766,300,300,0.5,600,150,aachen_osm_gtfs_bike_agg300_p300_b50_u100,20252,1200,100,,,3.0209999084472656,600.0,labeling,,,path,path_dominance,false,"{""U45"":1,""U23"":1,""U49"":1,""U96"":1,""U10"":1,""U4"":3,""U60"":1,""U5"":1,""U62"":1,""U98"":1,""U2"":1,""U74"":5,""U19"":1,""U37"":1,""U44"":1,""U91"":1,""U92"":1,""U82"":1,""U73"":1,""U81"":1,""U85"":1,""U53"":1,""U16"":1,""U8"":1,""U41"":1,""U95"":1,""U32"":1,""U31"":1,""U47"":1,""U7"":1,""U25"":1,""U75"":1,""U50"":1,""U83"":1,""U93"":1,""U94"":1,""U78"":1,""U84"":1,""U46"":1,""U39"":2,""U68"":1,""U71"":2,""U58"":1,""U12"":1,""U1"":1,""U24"":1,""U42"":1,""U43"":1,""U87"":1,""U3"":1,""U36"":1,""U21"":1,""U63"":1,""U88"":1,""U20"":1,""U30"":1,""U33"":1,""U80"":1,""U66"":1,""U79"":1,""U27"":1,""U48"":1,""U57"":1,""U76"":1,""U64"":1,""U99"":1,""U9"":1,""U15"":1,""U29"":1,""U97"":1,""U14"":1,""U67"":3,""U6"":1,""U77"":1,""U61"":1,""U13"":1,""U51"":1,""U28"":1,""U100"":1,""U52"":4,""U17"":1,""U22"":1,""U69"":1,""U65"":1,""U59"":1,""U56"":1,""U11"":2,""U86"":1,""U26"":1,""U40"":3,""U72"":1,""U70"":1,""U34"":1,""U38"":1,""U89"":1,""U55"":1,""U18"":1,""U35"":1,""U90"":1,""U54"":1}",596.9790000915527,,,,,true,100,,,Gurobi,gurobi_10min,true,600.0,20260829,16,16,300,,false,ok,0.029999971389770508,network_balanced,network_balanced_hardness_sweep,16,,596.9790000915527,3.190000057220459
1,,,,,-402.0,Optimal,,MIPSolver,,0.5,karlsruhe_network_balanced_n300_b50_u100_path_no_dominance,karlsruhe,,false,0.0,300,3766,300,300,0.5,600,150,aachen_osm_gtfs_bike_agg300_p300_b50_u100,20252,1200,100,,,3.2720000743865967,600.0,labeling,,,path,path_no_dominance,false,"{""U45"":1,""U23"":1,""U49"":1,""U96"":1,""U10"":1,""U4"":4,""U60"":1,""U5"":1,""U62"":1,""U98"":1,""U2"":1,""U74"":9,""U19"":1,""U37"":1,""U44"":1,""U91"":1,""U92"":1,""U82"":1,""U73"":1,""U81"":2,""U85"":2,""U53"":1,""U16"":2,""U8"":1,""U41"":1,""U95"":1,""U32"":1,""U31"":2,""U47"":1,""U7"":1,""U25"":1,""U75"":1,""U50"":1,""U83"":1,""U93"":1,""U94"":1,""U78"":1,""U84"":1,""U46"":1,""U39"":2,""U68"":1,""U71"":2,""U58"":1,""U12"":1,""U1"":1,""U24"":1,""U42"":1,""U43"":1,""U87"":1,""U3"":1,""U36"":1,""U21"":1,""U63"":1,""U88"":1,""U20"":1,""U30"":1,""U33"":1,""U80"":2,""U66"":1,""U79"":1,""U27"":1,""U48"":1,""U57"":1,""U76"":1,""U64"":1,""U99"":1,""U9"":1,""U15"":1,""U29"":1,""U97"":1,""U14"":1,""U67"":5,""U6"":1,""U77"":1,""U61"":1,""U13"":1,""U51"":1,""U28"":1,""U100"":1,""U52"":7,""U17"":1,""U22"":1,""U69"":1,""U65"":1,""U59"":1,""U56"":1,""U11"":2,""U86"":1,""U26"":1,""U40"":4,""U72"":1,""U70"":1,""U34"":1,""U38"":1,""U89"":1,""U55"":1,""U18"":1,""U35"":1,""U90"":1,""U54"":1}",596.7279999256134,,,,,false,100,,,Gurobi,gurobi_10min,true,600.0,20260829,16,16,300,,false,ok,0.03000020980834961,network_balanced,network_balanced_hardness_sweep,16,,596.7279999256134,3.434000015258789
1,,,,,,Timelimit,,MIPSolver,,0.5,karlsruhe_network_balanced_n300_b50_u300_sd_fixed_network_path,karlsruhe,,false,1.0e100,300,3766,300,300,0.5,600,150,aachen_osm_gtfs_bike_agg300_p300_b50_u300,20252,1200,300,fixed_network_path,true,,,,false,,sd,sd_fixed_network_path,,,,,,,,,300,,,Gurobi,gurobi_10min,true,600.0,20260829,16,16,300,,false,timeout,602.0119998455048,network_balanced,network_balanced_hardness_sweep,16,,600.0,887.2450001239777
0,,,,,,Memory_Limit,,MIPSolver,,0.5,karlsruhe_network_balanced_n300_b50_u300_sd_n_minus_1,karlsruhe,,false,1.0e100,300,3766,300,300,0.5,600,150,aachen_osm_gtfs_bike_agg300_p300_b50_u300,20252,1200,300,n_minus_one_most_expensive,true,,,,false,,sd,sd_n_minus_1,,,,,,,,,300,,,Gurobi,gurobi_10min,true,600.0,20260829,16,16,300,,false,memory_limit,330.0939998626709,network_balanced,network_balanced_hardness_sweep,16,,600.0,559.9839999675751
1,,300,,300,,Timelimit,0.8177501,BlCSolver,,0.5,karlsruhe_network_balanced_n300_b50_u300_blc_astar_fixed_network_path,karlsruhe,,false,1.0e100,300,3766,300,300,0.5,600,150,aachen_osm_gtfs_bike_agg300_p300_b50_u300,20252,1200,300,fixed_network_path,,,,,,6096453,blc,blc_astar_fixed_network_path,,,,0,0,astar,null,,300,true,16,Gurobi,gurobi_10min,true,600.0,20260829,16,16,300,,false,timeout,600.4189999103546,network_balanced,network_balanced_hardness_sweep,16,16,600.0,1105.470999956131
1,,300,,300,,Timelimit,0.8282254,BlCSolver,,0.5,karlsruhe_network_balanced_n300_b50_u300_blc_astar_n_minus_1,karlsruhe,,false,1.0e100,300,3766,300,300,0.5,600,150,aachen_osm_gtfs_bike_agg300_p300_b50_u300,20252,1200,300,n_minus_one_most_expensive,,,,,,6096453,blc,blc_astar_n_minus_1,,,,0,0,astar,null,,300,true,16,Gurobi,gurobi_10min,true,600.0,20260829,16,16,300,,false,timeout,600.5049998760223,network_balanced,network_balanced_hardness_sweep,16,16,600.0,1036.0789999961853
1,,,,,-523.0,Optimal,,MIPSolver,,0.5,karlsruhe_network_balanced_n300_b50_u300_path_dominance,karlsruhe,,false,0.0,300,3766,300,300,0.5,600,150,aachen_osm_gtfs_bike_agg300_p300_b50_u300,20252,1200,300,,,9.637000322341919,600.0,labeling,,,path,path_dominance,false,"{""U23"":1,""U96"":1,""U10"":1,""U126"":1,""U176"":1,""U111"":1,""U19"":1,""U166"":1,""U91"":1,""U189"":1,""U107"":1,""U212"":1,""U121"":1,""U292"":1,""U16"":4,""U155"":1,""U293"":1,""U264"":1,""U7"":1,""U132"":1,""U219"":1,""U257"":1,""U184"":1,""U129"":1,""U275"":1,""U238"":1,""U142"":1,""U1"":1,""U24"":1,""U263"":1,""U43"":1,""U260"":4,""U87"":1,""U109"":1,""U138"":1,""U229"":1,""U119"":1,""U179"":1,""U282"":1,""U243"":1,""U186"":1,""U48"":1,""U57"":1,""U76"":1,""U9"":1,""U29"":1,""U117"":1,""U285"":2,""U67"":1,""U6"":1,""U13"":1,""U149"":1,""U152"":1,""U289"":1,""U188"":1,""U135"":1,""U144"":1,""U148"":1,""U116"":1,""U274"":1,""U167"":1,""U217"":1,""U118"":1,""U187"":1,""U225"":1,""U115"":1,""U250"":1,""U209"":1,""U241"":1,""U262"":1,""U35"":1,""U90"":1,""U54"":1,""U45"":1,""U49"":1,""U62"":1,""U5"":1,""U74"":5,""U203"":1,""U255"":1,""U82"":1,""U73"":1,""U81"":1,""U213"":1,""U8"":1,""U41"":1,""U300"":1,""U177"":1,""U31"":1,""U75"":1,""U83"":2,""U50"":1,""U93"":1,""U216"":1,""U139"":1,""U270"":1,""U78"":1,""U84"":1,""U269"":1,""U46"":1,""U147"":1,""U39"":1,""U68"":1,""U248"":1,""U71"":1,""U291"":1,""U192"":1,""U259"":1,""U103"":1,""U102"":1,""U222"":1,""U183"":1,""U156"":1,""U287"":1,""U204"":1,""U128"":1,""U235"":1,""U154"":1,""U273"":1,""U198"":1,""U226"":1,""U178"":1,""U27"":1,""U191"":1,""U223"":1,""U124"":1,""U267"":1,""U64"":1,""U127"":1,""U182"":1,""U207"":1,""U161"":1,""U130"":1,""U268"":1,""U61"":1,""U141"":1,""U239"":1,""U51"":1,""U158"":1,""U28"":2,""U52"":1,""U157"":1,""U251"":1,""U17"":1,""U195"":1,""U254"":1,""U69"":1,""U112"":1,""U40"":1,""U164"":1,""U72"":1,""U34"":1,""U133"":1,""U199"":1,""U175"":1,""U201"":1,""U281"":1,""U60"":1,""U2"":1,""U153"":1,""U37"":1,""U92"":1,""U196"":1,""U231"":1,""U296"":1,""U286"":1,""U221"":2,""U32"":1,""U151"":1,""U47"":1,""U218"":1,""U298"":1,""U94"":2,""U101"":1,""U283"":1,""U108"":1,""U122"":1,""U123"":1,""U134"":1,""U58"":1,""U205"":1,""U172"":1,""U290"":1,""U12"":1,""U169"":1,""U224"":1,""U3"":1,""U266"":1,""U63"":1,""U240"":1,""U136"":1,""U20"":1,""U190"":1,""U277"":1,""U30"":1,""U80"":1,""U171"":1,""U220"":1,""U279"":1,""U206"":1,""U202"":1,""U271"":1,""U97"":1,""U284"":1,""U77"":1,""U247"":1,""U232"":1,""U105"":1,""U114"":1,""U227"":1,""U59"":1,""U56"":1,""U86"":1,""U26"":1,""U236"":1,""U70"":1,""U208"":1,""U140"":1,""U125"":1,""U163"":1,""U89"":1,""U55"":1,""U110"":1,""U159"":1,""U185"":1,""U214"":1,""U120"":1,""U4"":1,""U98"":1,""U146"":1,""U276"":1,""U173"":1,""U245"":1,""U44"":1,""U193"":1,""U137"":1,""U168"":1,""U85"":1,""U53"":1,""U95"":1,""U297"":1,""U234"":1,""U194"":1,""U200"":1,""U25"":1,""U145"":1,""U228"":1,""U174"":1,""U165"":1,""U258"":1,""U288"":1,""U215"":1,""U237"":1,""U42"":1,""U113"":1,""U106"":1,""U150"":1,""U104"":1,""U244"":1,""U36"":1,""U21"":1,""U242"":3,""U88"":1,""U131"":1,""U33"":1,""U66"":1,""U246"":1,""U272"":1,""U79"":1,""U253"":1,""U261"":1,""U99"":1,""U230"":1,""U170"":1,""U15"":1,""U294"":1,""U280"":1,""U14"":1,""U249"":1,""U252"":1,""U256"":1,""U233"":1,""U100"":1,""U278"":1,""U160"":1,""U22"":1,""U65"":1,""U11"":3,""U180"":1,""U162"":1,""U265"":1,""U295"":1,""U197"":1,""U143"":1,""U210"":1,""U38"":1,""U18"":1,""U299"":1,""U211"":1,""U181"":1}",590.3629996776581,,,,,true,300,,,Gurobi,gurobi_10min,true,600.0,20260829,16,16,300,,false,ok,0.03900003433227539,network_balanced,network_balanced_hardness_sweep,16,,590.3629996776581,9.871999979019165
1,,,,,-523.0,Optimal,,MIPSolver,,0.5,karlsruhe_network_balanced_n300_b50_u300_path_no_dominance,karlsruhe,,false,0.0,300,3766,300,300,0.5,600,150,aachen_osm_gtfs_bike_agg300_p300_b50_u300,20252,1200,300,,,9.180999994277954,600.0,labeling,,,path,path_no_dominance,false,"{""U23"":1,""U96"":1,""U10"":1,""U126"":1,""U176"":1,""U111"":1,""U19"":1,""U166"":1,""U91"":1,""U189"":1,""U107"":1,""U212"":1,""U121"":1,""U292"":2,""U16"":42,""U155"":1,""U293"":1,""U264"":1,""U7"":1,""U132"":1,""U219"":1,""U257"":1,""U184"":1,""U129"":1,""U275"":1,""U238"":2,""U142"":1,""U1"":1,""U24"":1,""U263"":1,""U43"":1,""U260"":6,""U87"":1,""U109"":1,""U138"":1,""U229"":1,""U119"":1,""U179"":1,""U282"":1,""U243"":1,""U186"":1,""U48"":1,""U57"":1,""U76"":1,""U9"":1,""U29"":1,""U117"":1,""U285"":2,""U67"":1,""U6"":1,""U13"":1,""U149"":1,""U152"":1,""U289"":1,""U188"":1,""U135"":2,""U144"":1,""U148"":1,""U116"":1,""U274"":1,""U167"":1,""U217"":1,""U118"":1,""U187"":1,""U225"":1,""U115"":1,""U250"":1,""U209"":1,""U241"":1,""U262"":1,""U35"":1,""U90"":1,""U54"":1,""U45"":1,""U49"":1,""U62"":1,""U5"":1,""U74"":8,""U203"":1,""U255"":1,""U82"":1,""U73"":1,""U81"":1,""U213"":1,""U8"":1,""U41"":1,""U300"":1,""U177"":1,""U31"":1,""U75"":1,""U83"":2,""U50"":1,""U93"":1,""U216"":1,""U139"":1,""U270"":1,""U78"":1,""U84"":1,""U269"":1,""U46"":1,""U147"":1,""U39"":1,""U68"":1,""U248"":2,""U71"":2,""U291"":1,""U192"":1,""U259"":1,""U103"":1,""U102"":1,""U222"":1,""U183"":1,""U156"":1,""U287"":1,""U204"":1,""U128"":1,""U235"":1,""U154"":1,""U273"":1,""U198"":2,""U226"":1,""U178"":1,""U27"":1,""U191"":1,""U223"":1,""U124"":1,""U267"":2,""U64"":2,""U127"":1,""U182"":1,""U207"":1,""U161"":1,""U130"":1,""U268"":1,""U61"":1,""U141"":1,""U239"":1,""U51"":1,""U158"":1,""U28"":2,""U52"":1,""U157"":1,""U251"":1,""U17"":1,""U195"":1,""U254"":1,""U69"":1,""U112"":1,""U40"":1,""U164"":1,""U72"":1,""U34"":1,""U133"":1,""U199"":1,""U175"":1,""U201"":2,""U281"":1,""U60"":1,""U2"":1,""U153"":1,""U37"":1,""U92"":1,""U196"":1,""U231"":1,""U296"":1,""U286"":1,""U221"":2,""U32"":1,""U151"":1,""U47"":1,""U218"":1,""U298"":1,""U94"":2,""U101"":1,""U283"":2,""U108"":1,""U122"":1,""U123"":1,""U134"":1,""U58"":1,""U205"":1,""U172"":1,""U290"":1,""U12"":1,""U169"":1,""U224"":1,""U3"":1,""U266"":1,""U63"":1,""U240"":1,""U136"":1,""U20"":1,""U190"":1,""U277"":1,""U30"":1,""U80"":1,""U171"":1,""U220"":1,""U279"":1,""U206"":1,""U202"":1,""U271"":1,""U97"":1,""U284"":1,""U77"":1,""U247"":1,""U232"":1,""U105"":1,""U114"":1,""U227"":1,""U59"":1,""U56"":1,""U86"":1,""U26"":1,""U236"":1,""U70"":1,""U208"":1,""U140"":1,""U125"":1,""U163"":1,""U89"":1,""U55"":1,""U110"":1,""U159"":1,""U185"":1,""U214"":1,""U120"":1,""U4"":1,""U98"":1,""U146"":1,""U276"":2,""U173"":1,""U245"":1,""U44"":1,""U193"":1,""U137"":1,""U168"":1,""U85"":1,""U53"":1,""U95"":1,""U297"":1,""U234"":1,""U194"":1,""U200"":1,""U25"":1,""U145"":1,""U228"":2,""U174"":1,""U165"":1,""U258"":1,""U288"":1,""U215"":1,""U237"":1,""U42"":1,""U113"":1,""U106"":1,""U150"":1,""U104"":1,""U244"":1,""U36"":1,""U21"":1,""U242"":3,""U88"":1,""U131"":1,""U33"":1,""U66"":1,""U246"":1,""U272"":1,""U79"":1,""U253"":1,""U261"":1,""U99"":1,""U230"":1,""U170"":1,""U15"":1,""U294"":1,""U280"":1,""U14"":1,""U249"":1,""U252"":1,""U256"":1,""U233"":1,""U100"":1,""U278"":1,""U160"":1,""U22"":1,""U65"":1,""U11"":3,""U180"":1,""U162"":1,""U265"":1,""U295"":1,""U197"":1,""U143"":1,""U210"":1,""U38"":1,""U18"":1,""U299"":1,""U211"":2,""U181"":1}",590.819000005722,,,,,false,300,,,Gurobi,gurobi_10min,true,600.0,20260829,16,16,300,,false,ok,0.04900002479553223,network_balanced,network_balanced_hardness_sweep,16,,590.819000005722,9.391999959945679
1,,,,,,Timelimit,,MIPSolver,,0.5,karlsruhe_network_balanced_n300_b50_u500_sd_fixed_network_path,karlsruhe,,false,1.0e100,300,3766,300,300,0.5,600,150,aachen_osm_gtfs_bike_agg300_p300_b50_u500,20252,1200,500,fixed_network_path,true,,,,false,,sd,sd_fixed_network_path,,,,,,,,,500,,,Gurobi,gurobi_10min,true,600.0,20260829,16,16,300,,false,timeout,600.5599999427795,network_balanced,network_balanced_hardness_sweep,16,,600.0,1089.7490000724792
Inf,,,,,,Memory_Limit,,MIPSolver,,0.5,karlsruhe_network_balanced_n300_b50_u500_sd_n_minus_1,karlsruhe,,false,Inf,300,3766,300,300,0.5,600,150,aachen_osm_gtfs_bike_agg300_p300_b50_u500,20252,1200,500,n_minus_one_most_expensive,true,,,,false,,sd,sd_n_minus_1,,,,,,,,,500,,,Gurobi,gurobi_10min,true,600.0,20260829,16,16,300,,false,memory_limit,185.6399998664856,network_balanced,network_balanced_hardness_sweep,16,,600.0,572.6710000038147
,,0,,500,,Memory_Limit,0,BlCSolver,,0.5,karlsruhe_network_balanced_n300_b50_u500_blc_astar_fixed_network_path,karlsruhe,,false,,300,3766,300,300,0.5,600,150,aachen_osm_gtfs_bike_agg300_p300_b50_u500,20252,1200,500,fixed_network_path,,,,,,10147253,blc,blc_astar_fixed_network_path,,,,0,0,astar,null,,500,true,16,Gurobi,gurobi_10min,true,600.0,20260829,16,16,300,,false,memory_limit,,network_balanced,network_balanced_hardness_sweep,16,16,600.0,915.1719999313354
,,0,,500,,Memory_Limit,0,BlCSolver,,0.5,karlsruhe_network_balanced_n300_b50_u500_blc_astar_n_minus_1,karlsruhe,,false,,300,3766,300,300,0.5,600,150,aachen_osm_gtfs_bike_agg300_p300_b50_u500,20252,1200,500,n_minus_one_most_expensive,,,,,,10147253,blc,blc_astar_n_minus_1,,,,0,0,astar,null,,500,true,16,Gurobi,gurobi_10min,true,600.0,20260829,16,16,300,,false,memory_limit,,network_balanced,network_balanced_hardness_sweep,16,16,600.0,793.1859998703003
1,,,,,-1225.0,Optimal,,MIPSolver,,0.5,karlsruhe_network_balanced_n300_b50_u500_path_dominance,karlsruhe,,false,0.0,300,3766,300,300,0.5,600,150,aachen_osm_gtfs_bike_agg300_p300_b50_u500,20252,1200,500,,,18.25100016593933,600.0,labeling,,,path,path_dominance,false,"{""U23"":1,""U96"":1,""U327"":1,""U10"":1,""U396"":4,""U126"":1,""U176"":1,""U448"":1,""U111"":1,""U432"":1,""U381"":3,""U19"":1,""U166"":1,""U91"":1,""U189"":1,""U466"":1,""U107"":1,""U212"":1,""U121"":1,""U292"":1,""U16"":1,""U155"":1,""U363"":1,""U390"":1,""U372"":1,""U293"":1,""U415"":1,""U385"":1,""U431"":1,""U264"":4,""U7"":1,""U132"":1,""U219"":1,""U257"":1,""U184"":1,""U420"":1,""U346"":1,""U129"":1,""U334"":8,""U275"":1,""U238"":1,""U326"":1,""U439"":1,""U142"":1,""U1"":1,""U24"":1,""U263"":1,""U374"":1,""U43"":3,""U345"":1,""U481"":1,""U302"":1,""U260"":1,""U404"":1,""U87"":1,""U109"":1,""U138"":1,""U324"":1,""U229"":1,""U119"":1,""U347"":1,""U179"":1,""U282"":1,""U397"":1,""U357"":1,""U316"":3,""U475"":1,""U491"":1,""U243"":1,""U323"":1,""U485"":1,""U377"":1,""U186"":1,""U371"":1,""U386"":1,""U437"":1,""U359"":1,""U48"":1,""U57"":1,""U76"":1,""U9"":1,""U488"":1,""U29"":1,""U473"":1,""U471"":1,""U117"":1,""U285"":1,""U331"":1,""U413"":1,""U67"":1,""U6"":1,""U13"":1,""U351"":1,""U492"":1,""U149"":1,""U152"":1,""U489"":1,""U289"":1,""U188"":1,""U444"":1,""U456"":1,""U472"":3,""U135"":1,""U144"":1,""U148"":1,""U116"":1,""U399"":1,""U274"":1,""U167"":1,""U341"":1,""U217"":1,""U421"":1,""U428"":1,""U446"":2,""U118"":1,""U187"":1,""U225"":1,""U115"":1,""U250"":1,""U332"":1,""U438"":1,""U209"":1,""U241"":1,""U262"":1,""U35"":1,""U90"":1,""U54"":1,""U305"":1,""U452"":1,""U416"":1,""U45"":1,""U49"":1,""U443"":1,""U321"":1,""U319"":1,""U417"":1,""U469"":1,""U62"":1,""U5"":1,""U435"":1,""U74"":1,""U307"":1,""U203"":1,""U434"":1,""U255"":1,""U82"":1,""U73"":1,""U81"":1,""U445"":1,""U496"":1,""U213"":1,""U8"":1,""U393"":1,""U41"":1,""U403"":1,""U300"":1,""U455"":1,""U450"":1,""U177"":1,""U318"":1,""U31"":1,""U356"":1,""U75"":1,""U83"":1,""U50"":1,""U93"":1,""U216"":1,""U139"":1,""U270"":1,""U430"":1,""U370"":1,""U78"":1,""U84"":1,""U269"":1,""U436"":1,""U46"":1,""U147"":1,""U39"":1,""U68"":1,""U248"":1,""U71"":1,""U291"":1,""U322"":1,""U335"":1,""U192"":1,""U259"":1,""U419"":2,""U103"":1,""U102"":1,""U222"":1,""U462"":1,""U476"":1,""U364"":1,""U369"":1,""U479"":1,""U183"":1,""U156"":1,""U287"":1,""U204"":4,""U355"":1,""U398"":1,""U441"":1,""U373"":1,""U406"":1,""U354"":1,""U128"":1,""U459"":1,""U382"":1,""U235"":1,""U154"":1,""U273"":1,""U198"":3,""U494"":1,""U226"":1,""U340"":1,""U178"":1,""U27"":1,""U191"":1,""U223"":1,""U124"":1,""U267"":1,""U378"":1,""U64"":1,""U495"":1,""U127"":1,""U182"":1,""U344"":1,""U207"":1,""U161"":1,""U130"":1,""U268"":1,""U394"":1,""U454"":1,""U61"":1,""U141"":1,""U464"":1,""U477"":1,""U433"":1,""U497"":1,""U239"":1,""U51"":1,""U498"":1,""U158"":8,""U28"":1,""U52"":1,""U157"":1,""U251"":1,""U17"":1,""U195"":1,""U254"":1,""U314"":1,""U349"":1,""U391"":1,""U69"":4,""U112"":1,""U320"":1,""U411"":1,""U329"":1,""U40"":1,""U164"":1,""U72"":1,""U474"":1,""U34"":1,""U133"":1,""U199"":1,""U425"":1,""U175"":1,""U405"":1,""U361"":1,""U201"":1,""U281"":1,""U304"":1,""U338"":1,""U60"":1,""U2"":1,""U153"":1,""U333"":1,""U37"":1,""U92"":1,""U451"":1,""U449"":1,""U196"":1,""U231"":3,""U493"":1,""U296"":1,""U308"":1,""U286"":1,""U221"":1,""U32"":1,""U151"":1,""U376"":1,""U47"":1,""U218"":1,""U298"":1,""U328"":1,""U94"":1,""U101"":1,""U283"":1,""U108"":1,""U122"":1,""U123"":1,""U134"":1,""U58"":1,""U205"":1,""U172"":1,""U368"":1,""U458"":1,""U290"":1,""U12"":1,""U169"":1,""U483"":1,""U484"":1,""U486"":1,""U224"":1,""U337"":1,""U3"":1,""U266"":2,""U63"":1,""U240"":1,""U136"":1,""U20"":1,""U190"":1,""U277"":1,""U343"":1,""U30"":1,""U409"":1,""U80"":1,""U171"":1,""U330"":1,""U220"":1,""U279"":1,""U315"":1,""U388"":1,""U309"":1,""U447"":1,""U206"":1,""U202"":1,""U271"":1,""U401"":1,""U470"":1,""U383"":1,""U339"":1,""U97"":3,""U408"":1,""U392"":1,""U284"":1,""U77"":1,""U379"":1,""U247"":1,""U457"":1,""U468"":1,""U350"":5,""U232"":1,""U105"":2,""U353"":1,""U482"":1,""U352"":3,""U114"":1,""U227"":1,""U303"":2,""U59"":1,""U56"":1,""U86"":1,""U26"":1,""U236"":1,""U70"":1,""U208"":1,""U140"":1,""U125"":1,""U163"":1,""U414"":1,""U89"":1,""U55"":1,""U110"":1,""U358"":1,""U442"":1,""U490"":1,""U159"":1,""U185"":1,""U214"":1,""U120"":1,""U4"":1,""U98"":1,""U146"":1,""U276"":1,""U173"":1,""U312"":1,""U389"":1,""U245"":1,""U44"":1,""U412"":1,""U193"":1,""U137"":1,""U168"":1,""U85"":1,""U53"":1,""U325"":1,""U418"":1,""U95"":1,""U402"":1,""U297"":1,""U424"":1,""U467"":1,""U400"":1,""U380"":1,""U234"":1,""U194"":1,""U200"":1,""U25"":1,""U145"":1,""U228"":1,""U301"":1,""U174"":1,""U165"":1,""U460"":1,""U500"":1,""U453"":1,""U258"":3,""U288"":1,""U215"":1,""U237"":1,""U465"":1,""U42"":1,""U360"":1,""U113"":3,""U463"":1,""U106"":1,""U150"":1,""U348"":1,""U104"":1,""U440"":1,""U461"":1,""U244"":1,""U426"":1,""U36"":1,""U21"":1,""U242"":1,""U306"":1,""U88"":1,""U375"":1,""U342"":1,""U131"":1,""U33"":1,""U66"":1,""U246"":1,""U272"":1,""U480"":1,""U79"":1,""U253"":1,""U261"":1,""U387"":1,""U99"":1,""U230"":1,""U317"":1,""U170"":1,""U313"":1,""U15"":1,""U384"":1,""U423"":1,""U294"":1,""U280"":1,""U14"":1,""U249"":1,""U252"":2,""U256"":1,""U233"":1,""U422"":1,""U362"":1,""U100"":1,""U278"":1,""U160"":1,""U410"":15,""U22"":1,""U65"":1,""U310"":1,""U11"":1,""U180"":1,""U407"":1,""U427"":1,""U162"":1,""U265"":1,""U365"":1,""U295"":1,""U336"":1,""U197"":1,""U395"":1,""U143"":1,""U210"":1,""U367"":1,""U487"":1,""U38"":1,""U366"":1,""U18"":1,""U299"":1,""U499"":1,""U211"":1,""U311"":1,""U478"":1,""U429"":1,""U181"":1}",581.7489998340607,,,,,true,500,,,Gurobi,gurobi_10min,true,600.0,20260829,16,16,300,,false,ok,0.07500004768371582,network_balanced,network_balanced_hardness_sweep,16,,581.7489998340607,18.50600004196167
1,,,,,-1225.0,Optimal,,MIPSolver,,0.5,karlsruhe_network_balanced_n300_b50_u500_path_no_dominance,karlsruhe,,false,0.0,300,3766,300,300,0.5,600,150,aachen_osm_gtfs_bike_agg300_p300_b50_u500,20252,1200,500,,,15.305999755859375,600.0,labeling,,,path,path_no_dominance,false,"{""U23"":1,""U96"":1,""U327"":1,""U10"":1,""U396"":4,""U126"":2,""U176"":2,""U448"":1,""U111"":1,""U432"":1,""U381"":5,""U19"":1,""U166"":1,""U91"":2,""U189"":1,""U466"":1,""U107"":2,""U212"":1,""U121"":1,""U292"":2,""U16"":1,""U155"":1,""U363"":1,""U390"":1,""U372"":1,""U293"":1,""U415"":1,""U385"":1,""U431"":2,""U264"":5,""U7"":1,""U132"":1,""U219"":1,""U257"":1,""U184"":1,""U420"":1,""U346"":2,""U129"":1,""U334"":29,""U275"":1,""U238"":1,""U326"":1,""U439"":1,""U142"":1,""U1"":1,""U24"":1,""U263"":1,""U374"":1,""U43"":4,""U345"":1,""U481"":1,""U302"":1,""U260"":1,""U404"":1,""U87"":1,""U109"":1,""U138"":1,""U324"":1,""U229"":1,""U119"":1,""U347"":1,""U179"":1,""U282"":1,""U397"":1,""U357"":1,""U316"":4,""U475"":1,""U491"":1,""U243"":1,""U323"":1,""U485"":2,""U377"":1,""U186"":1,""U371"":1,""U386"":1,""U437"":1,""U359"":1,""U48"":1,""U57"":1,""U76"":1,""U9"":1,""U488"":1,""U29"":1,""U473"":1,""U471"":1,""U117"":1,""U285"":1,""U331"":1,""U413"":1,""U67"":1,""U6"":1,""U13"":1,""U351"":1,""U492"":1,""U149"":1,""U152"":1,""U489"":1,""U289"":1,""U188"":1,""U444"":1,""U456"":1,""U472"":5,""U135"":1,""U144"":1,""U148"":1,""U116"":1,""U399"":1,""U274"":1,""U167"":1,""U341"":1,""U217"":2,""U421"":1,""U428"":1,""U446"":2,""U118"":1,""U187"":1,""U225"":2,""U115"":2,""U250"":1,""U332"":1,""U438"":1,""U209"":1,""U241"":1,""U262"":1,""U35"":1,""U90"":1,""U54"":1,""U305"":1,""U452"":1,""U416"":1,""U45"":1,""U49"":1,""U443"":1,""U321"":2,""U319"":1,""U417"":1,""U469"":1,""U62"":1,""U5"":1,""U435"":1,""U74"":2,""U307"":1,""U203"":1,""U434"":1,""U255"":1,""U82"":1,""U73"":2,""U81"":1,""U445"":1,""U496"":1,""U213"":1,""U8"":1,""U393"":1,""U41"":1,""U403"":1,""U300"":1,""U455"":1,""U450"":1,""U177"":1,""U318"":1,""U31"":1,""U356"":1,""U75"":1,""U83"":1,""U50"":1,""U93"":1,""U216"":1,""U139"":1,""U270"":1,""U430"":1,""U370"":1,""U78"":1,""U84"":1,""U269"":1,""U436"":1,""U46"":1,""U147"":1,""U39"":1,""U68"":1,""U248"":1,""U71"":1,""U291"":1,""U322"":1,""U335"":2,""U192"":1,""U259"":1,""U419"":2,""U103"":1,""U102"":1,""U222"":1,""U462"":1,""U476"":1,""U364"":1,""U369"":1,""U479"":1,""U183"":1,""U156"":2,""U287"":1,""U204"":15,""U355"":1,""U398"":1,""U441"":1,""U373"":1,""U406"":1,""U354"":1,""U128"":1,""U459"":1,""U382"":2,""U235"":1,""U154"":1,""U273"":1,""U198"":5,""U494"":1,""U226"":1,""U340"":1,""U178"":1,""U27"":1,""U191"":1,""U223"":1,""U124"":1,""U267"":1,""U378"":1,""U64"":1,""U495"":1,""U127"":1,""U182"":1,""U344"":1,""U207"":1,""U161"":1,""U130"":1,""U268"":1,""U394"":1,""U454"":1,""U61"":2,""U141"":1,""U464"":1,""U477"":1,""U433"":1,""U497"":1,""U239"":1,""U51"":1,""U498"":1,""U158"":39,""U28"":1,""U52"":1,""U157"":1,""U251"":1,""U17"":1,""U195"":1,""U254"":1,""U314"":1,""U349"":2,""U391"":1,""U69"":6,""U112"":1,""U320"":1,""U411"":1,""U329"":1,""U40"":1,""U164"":1,""U72"":1,""U474"":1,""U34"":1,""U133"":1,""U199"":1,""U425"":1,""U175"":1,""U405"":1,""U361"":2,""U201"":1,""U281"":1,""U304"":1,""U338"":1,""U60"":2,""U2"":1,""U153"":1,""U333"":1,""U37"":1,""U92"":1,""U451"":1,""U449"":1,""U196"":1,""U231"":3,""U493"":1,""U296"":1,""U308"":1,""U286"":1,""U221"":1,""U32"":1,""U151"":1,""U376"":1,""U47"":1,""U218"":1,""U298"":2,""U328"":1,""U94"":2,""U101"":1,""U283"":1,""U108"":1,""U122"":1,""U123"":1,""U134"":1,""U58"":1,""U205"":1,""U172"":1,""U368"":1,""U458"":1,""U290"":1,""U12"":1,""U169"":1,""U483"":1,""U484"":1,""U486"":1,""U224"":1,""U337"":1,""U3"":1,""U266"":3,""U63"":1,""U240"":1,""U136"":1,""U20"":2,""U190"":1,""U277"":1,""U343"":1,""U30"":1,""U409"":1,""U80"":1,""U171"":1,""U330"":1,""U220"":1,""U279"":1,""U315"":1,""U388"":1,""U309"":1,""U447"":1,""U206"":2,""U202"":1,""U271"":1,""U401"":1,""U470"":1,""U383"":1,""U339"":1,""U97"":3,""U408"":1,""U392"":1,""U284"":1,""U77"":1,""U379"":2,""U247"":1,""U457"":1,""U468"":1,""U350"":9,""U232"":1,""U105"":2,""U353"":1,""U482"":1,""U352"":4,""U114"":1,""U227"":1,""U303"":2,""U59"":1,""U56"":1,""U86"":1,""U26"":1,""U236"":1,""U70"":1,""U208"":1,""U140"":1,""U125"":1,""U163"":1,""U414"":1,""U89"":1,""U55"":1,""U110"":1,""U358"":1,""U442"":1,""U490"":1,""U159"":1,""U185"":1,""U214"":1,""U120"":1,""U4"":1,""U98"":1,""U146"":1,""U276"":1,""U173"":1,""U312"":1,""U389"":2,""U245"":1,""U44"":1,""U412"":1,""U193"":1,""U137"":1,""U168"":1,""U85"":1,""U53"":1,""U325"":1,""U418"":1,""U95"":1,""U402"":1,""U297"":1,""U424"":1,""U467"":1,""U400"":2,""U380"":1,""U234"":1,""U194"":1,""U200"":1,""U25"":1,""U145"":1,""U228"":1,""U301"":1,""U174"":1,""U165"":1,""U460"":1,""U500"":1,""U453"":1,""U258"":14,""U288"":2,""U215"":1,""U237"":1,""U465"":1,""U42"":1,""U360"":1,""U113"":3,""U463"":1,""U106"":1,""U150"":2,""U348"":1,""U104"":1,""U440"":1,""U461"":1,""U244"":1,""U426"":1,""U36"":1,""U21"":1,""U242"":1,""U306"":1,""U88"":3,""U375"":1,""U342"":1,""U131"":1,""U33"":1,""U66"":1,""U246"":1,""U272"":1,""U480"":1,""U79"":1,""U253"":1,""U261"":1,""U387"":1,""U99"":1,""U230"":1,""U317"":1,""U170"":1,""U313"":1,""U15"":1,""U384"":1,""U423"":1,""U294"":1,""U280"":1,""U14"":1,""U249"":1,""U252"":2,""U256"":1,""U233"":1,""U422"":1,""U362"":1,""U100"":1,""U278"":1,""U160"":1,""U410"":25,""U22"":1,""U65"":1,""U310"":2,""U11"":1,""U180"":1,""U407"":1,""U427"":1,""U162"":1,""U265"":1,""U365"":1,""U295"":1,""U336"":1,""U197"":1,""U395"":1,""U143"":1,""U210"":1,""U367"":1,""U487"":1,""U38"":1,""U366"":1,""U18"":1,""U299"":1,""U499"":1,""U211"":1,""U311"":1,""U478"":1,""U429"":1,""U181"":1}",584.6940002441406,,,,,false,500,,,Gurobi,gurobi_10min,true,600.0,20260829,16,16,300,,false,ok,0.10000014305114746,network_balanced,network_balanced_hardness_sweep,16,,584.6940002441406,15.628000020980835
